timestamp_wall,timestamp_mono,state_x,desired_x,output_cmd,error,converged_flag,distance_to_converge,estimated_time_to_converge,fsm_mode
2025-12-04T20:56:11.461781,1704.677716815,-9.545721912110202e-19,0.0,2.3209988380783164e-29,-9.545721912110202e-19,False,9.545721912110202e-19,0.0,INIT
2025-12-04T20:56:11.476802,1704.692732813,1.1571556241020089e-11,0.7853981641806316,0.2,-0.78539816416906,False,0.78539816416906,0.0,INIT
2025-12-04T20:56:11.485082,1704.701030269,1.1571556241020089e-11,0.7853984641805773,0.2,-0.7853984641690058,False,0.7853984641690058,0.0,INIT
2025-12-04T20:56:11.493959,1704.709894174,1.1571556241020089e-11,0.7853984641805773,0.2,-0.7853984641690058,False,0.7853984641690058,0.0,INIT
2025-12-04T20:56:11.510423,1704.726354172,0.1999999999571029,0.7853984641805773,0.2,-0.5853984642234744,False,0.5853984642234744,0.0,INIT
2025-12-04T20:56:11.573129,1704.789058432,0.20000000006312812,0.7826783130115342,0.2,-0.5826783129484061,False,0.5826783129484061,0.0,INIT
2025-12-04T20:56:11.577326,1704.793258096,0.20000000006312812,0.7787429979342724,0.2,-0.5787429978711442,False,0.5787429978711442,0.0,INIT
2025-12-04T20:56:11.578947,1704.794872717,0.20000000006430801,0.7787429979342724,0.2,-0.5787429978699643,False,0.5787429978699643,0.0,INIT
2025-12-04T20:56:11.579757,1704.795682867,0.20000000006430801,0.7748470921629216,0.2,-0.5748470920986135,False,0.5748470920986135,0.0,INIT
2025-12-04T20:56:11.580552,1704.796479985,0.20000000006430801,0.7748470921629216,0.2,-0.5748470920986135,False,0.5748470920986135,0.0,INIT
2025-12-04T20:56:11.669537,1704.885469168,0.20000000006430801,0.7709902964492388,0.2,-0.5709902963849307,False,0.5709902963849307,0.0,INIT
2025-12-04T20:56:11.677075,1704.893014018,0.20000000006904378,0.7709902964492388,0.2,-0.5709902963801949,False,0.5709902963801949,0.0,INIT
2025-12-04T20:56:11.677908,1704.893834017,0.20000000006904378,0.7671723192550517,0.2,-0.5671723191860079,False,0.5671723191860079,0.0,INIT
2025-12-04T20:56:11.678477,1704.89440153,0.20000000006904378,0.7671723192550517,0.2,-0.5671723191860079,False,0.5671723191860079,0.0,INIT
2025-12-04T20:56:11.679074,1704.895009028,0.20000000006904378,0.7633928767630476,0.2,-0.5633928766940037,False,0.5633928766940037,0.0,INIT
2025-12-04T20:56:11.679850,1704.895774385,0.20000000006904378,0.7633928767630476,0.2,-0.5633928766940037,False,0.5633928766940037,0.0,INIT
2025-12-04T20:56:11.680865,1704.896790934,0.20000000006904378,0.759651692887918,0.2,-0.5596516928188742,False,0.5596516928188742,0.0,INIT
2025-12-04T20:56:11.681377,1704.897298057,0.20000000006904378,0.759651692887918,0.2,-0.5596516928188742,False,0.5596516928188742,0.0,INIT
2025-12-04T20:56:11.681979,1704.897903307,0.20000000006904378,0.7559484992880514,0.2,-0.5559484992190076,False,0.5559484992190076,0.0,INIT
2025-12-04T20:56:11.682888,1704.898813997,0.20000000006904378,0.7559484992880514,0.2,-0.5559484992190076,False,0.5559484992190076,0.0,INIT
2025-12-04T20:56:11.688385,1704.904315004,0.2000000000585514,0.7522830353779617,0.2,-0.5522830353194104,False,0.5522830353194104,0.0,INIT
2025-12-04T20:56:11.689717,1704.905644559,0.2000000000585514,0.7522830353779617,0.2,-0.5522830353194104,False,0.5522830353194104,0.0,INIT
2025-12-04T20:56:11.699238,1704.915164989,0.2000000000585514,0.7486547589054893,0.2,-0.5486547588469379,False,0.5486547588469379,0.0,INIT
2025-12-04T20:56:11.751978,1704.967921696,0.20000000001160206,0.7486547589054893,0.2,-0.5486547588938873,False,0.5486547588938873,0.0,INIT
2025-12-04T20:56:11.755263,1704.971198684,0.20000000001161897,0.7450399332510642,0.2,-0.5450399332394452,False,0.5450399332394452,0.0,INIT
2025-12-04T20:56:11.756292,1704.972216096,0.20000000001161897,0.7450399332510642,0.2,-0.5450399332394452,False,0.5450399332394452,0.0,INIT
2025-12-04T20:56:11.757348,1704.973276035,0.20000000001161897,0.7414237607197252,0.2,-0.5414237607081062,False,0.5414237607081062,0.0,INIT
2025-12-04T20:56:11.758478,1704.97440938,0.20000000001161897,0.7414237607197252,0.2,-0.5414237607081062,False,0.5414237607081062,0.0,INIT
2025-12-04T20:56:11.803051,1705.018982255,0.20000000001161897,0.7378062351336139,0.2,-0.5378062351219949,False,0.5378062351219949,0.0,INIT
2025-12-04T20:56:11.822236,1705.038170569,0.20000000001163834,0.7378062351336139,0.2,-0.5378062351219756,False,0.5378062351219756,0.0,INIT
2025-12-04T20:56:11.824570,1705.040496187,0.20000000001163834,0.7341873503111782,0.2,-0.5341873502995399,False,0.5341873502995399,0.0,INIT
2025-12-04T20:56:11.825496,1705.041426687,0.20000000001163834,0.7341873503111782,0.2,-0.5341873502995399,False,0.5341873502995399,0.0,INIT
2025-12-04T20:56:11.826427,1705.042350586,0.20000000001163834,0.7305671000672045,0.2,-0.5305671000555662,False,0.5305671000555662,0.0,INIT
2025-12-04T20:56:11.827220,1705.04314802,0.20000000001163834,0.7305671000672045,0.2,-0.5305671000555662,False,0.5305671000555662,0.0,INIT
2025-12-04T20:56:11.842677,1705.058607766,0.20000000001166493,0.7269454782128526,0.2,-0.5269454782011876,False,0.5269454782011876,0.0,INIT
2025-12-04T20:56:11.843654,1705.059582089,0.20000000001166493,0.7233224785556898,0.2,-0.5233224785440248,False,0.5233224785440248,0.0,INIT
2025-12-04T20:56:11.896366,1705.112298202,0.20000000001166493,0.7233224785556898,0.2,-0.5233224785440248,False,0.5233224785440248,0.0,INIT
2025-12-04T20:56:11.901216,1705.117157446,0.20000000001164073,0.7196980948997274,0.2,-0.5196980948880866,False,0.5196980948880866,0.0,INIT
2025-12-04T20:56:11.902648,1705.118575315,0.20000000001164073,0.7196980948997274,0.2,-0.5196980948880866,False,0.5196980948880866,0.0,INIT
2025-12-04T20:56:11.903586,1705.119512916,0.20000000001164073,0.7160723210454574,0.2,-0.5160723210338166,False,0.5160723210338166,0.0,INIT
2025-12-04T20:56:12.074177,1705.290105999,0.20000000001164073,0.7015551995340701,0.2,-0.5015551995224293,False,0.5015551995224293,0.0,INIT
2025-12-04T20:56:12.156593,1705.372524869,0.20000000001170845,0.6870153380001676,0.2,-0.4870153379884591,False,0.4870153379884591,0.0,INIT
2025-12-04T20:56:12.163494,1705.379424409,0.20000000001170845,0.6870153380001676,0.2,-0.4870153379884591,False,0.4870153379884591,0.0,INIT
2025-12-04T20:56:12.231340,1705.447270942,0.20000000001171325,0.6760952790942656,0.2,-0.47609527908255234,False,0.47609527908255234,0.0,INIT
2025-12-04T20:56:12.239069,1705.454999162,0.20000000001171325,0.6724523380711345,0.2,-0.4724523380594212,False,0.4724523380594212,0.0,INIT
2025-12-04T20:56:12.240046,1705.455971993,0.20000000001171325,0.6688079259539892,0.2,-0.46880792594227594,False,0.46880792594227594,0.0,INIT
2025-12-04T20:56:12.240936,1705.456863884,0.20000000001171325,0.6688079259539892,0.2,-0.46880792594227594,False,0.46880792594227594,0.0,INIT
2025-12-04T20:56:12.334819,1705.550758237,0.2000000000116601,0.6578658005795415,0.2,-0.4578658005678814,False,0.4578658005678814,0.0,INIT
2025-12-04T20:56:12.361785,1705.577724044,0.2000000000116601,0.6505635803025207,0.2,-0.45056358029086063,False,0.45056358029086063,0.0,INIT
2025-12-04T20:56:12.364593,1705.580525531,0.20000000001164073,0.6505635803025207,0.2,-0.45056358029087995,False,0.45056358029087995,0.0,INIT
2025-12-04T20:56:12.373408,1705.589338241,0.2000000000116698,0.6469102103889814,0.2,-0.44691021037731166,False,0.44691021037731166,0.0,INIT
2025-12-04T20:56:12.374651,1705.59058086,0.2000000000116698,0.6469102103889814,0.2,-0.44691021037731166,False,0.44691021037731166,0.0,INIT
2025-12-04T20:56:12.375536,1705.591460272,0.2000000000116698,0.6432553256117735,0.2,-0.44325532560010367,False,0.44325532560010367,0.0,INIT
2025-12-04T20:56:12.376526,1705.592447118,0.2000000000116698,0.6432553256117735,0.2,-0.44325532560010367,False,0.44325532560010367,0.0,INIT
2025-12-04T20:56:12.378263,1705.594192083,0.2000000000116698,0.6395989197074603,0.2,-0.4395989196957905,False,0.4395989196957905,0.0,INIT
2025-12-04T20:56:12.386209,1705.602142036,0.2000000000116698,0.6359409864101124,0.2,-0.43594098639844264,False,0.43594098639844264,0.0,INIT
2025-12-04T20:56:12.388555,1705.60448094,0.20000000001167942,0.6359409864101124,0.2,-0.43594098639843304,False,0.43594098639843304,0.0,INIT
2025-12-04T20:56:12.402082,1705.618038985,0.20000000001167942,0.6322815194513671,0.2,-0.43228151943968773,False,0.43228151943968773,0.0,INIT
2025-12-04T20:56:12.404297,1705.620227525,0.20000000001167942,0.6322815194513671,0.2,-0.43228151943968773,False,0.43228151943968773,0.0,INIT
2025-12-04T20:56:12.406161,1705.622089816,0.20000000001167942,0.6286205125604845,0.2,-0.42862051254880507,False,0.42862051254880507,0.0,INIT
2025-12-04T20:56:12.408634,1705.624563672,0.20000000001162138,0.6286205125604845,0.2,-0.4286205125488631,False,0.4286205125488631,0.0,INIT
2025-12-04T20:56:12.409586,1705.625514978,0.20000000001162138,0.6249579594644077,0.2,-0.4249579594527863,False,0.4249579594527863,0.0,INIT
2025-12-04T20:56:12.422130,1705.638059239,0.20000000001162138,0.6249579594644077,0.2,-0.4249579594527863,False,0.4249579594527863,0.0,INIT
2025-12-04T20:56:12.423382,1705.639312818,0.20000000001162138,0.6212938538878272,0.2,-0.4212938538762058,False,0.4212938538762058,0.0,INIT
2025-12-04T20:56:12.432082,1705.648032598,0.20000000001162138,0.6212938538878272,0.2,-0.4212938538762058,False,0.4212938538762058,0.0,INIT
2025-12-04T20:56:12.442646,1705.65857929,0.20000000001162138,0.6176281895532347,0.2,-0.41762818954161335,False,0.41762818954161335,0.0,INIT
2025-12-04T20:56:12.454317,1705.670244474,0.20000000001162138,0.6176281895532347,0.2,-0.41762818954161335,False,0.41762818954161335,0.0,INIT
2025-12-04T20:56:12.464489,1705.680418697,0.20000000001162138,0.613960960180993,0.2,-0.4139609601693716,False,0.4139609601693716,0.0,INIT
2025-12-04T20:56:12.485918,1705.70184689,0.20000000001162138,0.613960960180993,0.2,-0.4139609601693716,False,0.4139609601693716,0.0,INIT
2025-12-04T20:56:12.487320,1705.703247427,0.20000000001162138,0.6102921594893962,0.2,-0.4102921594777748,False,0.4102921594777748,0.0,INIT
2025-12-04T20:56:12.605711,1705.821640304,0.20000000001160206,0.6066217811947348,0.2,-0.4066217811831327,False,0.4066217811831327,0.0,INIT
2025-12-04T20:56:12.623748,1705.839679262,0.20000000001161172,0.602949819011362,0.2,-0.4029498189997503,False,0.4029498189997503,0.0,INIT
2025-12-04T20:56:12.627955,1705.843892335,0.20000000001161172,0.602949819011362,0.2,-0.4029498189997503,False,0.4029498189997503,0.0,INIT
2025-12-04T20:56:12.628732,1705.844660324,0.20000000001161172,0.5992762666517608,0.2,-0.3992762666401491,False,0.3992762666401491,0.0,INIT
2025-12-04T20:56:12.629613,1705.845539412,0.20000000001161172,0.5992762666517608,0.2,-0.3992762666401491,False,0.3992762666401491,0.0,INIT
2025-12-04T20:56:12.630268,1705.846192132,0.20000000001161172,0.5956011178266114,0.2,-0.3956011178149997,False,0.3956011178149997,0.0,INIT
2025-12-04T20:56:12.630927,1705.846856098,0.20000000001161172,0.5919243662448603,0.2,-0.3919243662332486,False,0.3919243662332486,0.0,INIT
2025-12-04T20:56:12.631653,1705.847578058,0.20000000001161172,0.5919243662448603,0.2,-0.3919243662332486,False,0.3919243662332486,0.0,INIT
2025-12-04T20:56:12.668770,1705.884719015,0.20000000001159238,0.5882460056137901,0.2,-0.3882460056021978,False,0.3882460056021978,0.0,INIT
2025-12-04T20:56:12.672642,1705.888575598,0.20000000001159238,0.5882460056137901,0.2,-0.3882460056021978,False,0.3882460056021978,0.0,INIT
2025-12-04T20:56:12.673734,1705.889663841,0.20000000001159238,0.5845660296390909,0.2,-0.38456602962749853,False,0.38456602962749853,0.0,INIT
2025-12-04T20:56:12.685973,1705.901901339,0.20000000001160206,0.5845660296390909,0.2,-0.3845660296274888,False,0.3845660296274888,0.0,INIT
2025-12-04T20:56:12.687735,1705.903664256,0.20000000001160206,0.5808844320249342,0.2,-0.38088443201333216,False,0.38088443201333216,0.0,INIT
2025-12-04T20:56:12.689624,1705.905554437,0.20000000001160206,0.5808844320249342,0.2,-0.38088443201333216,False,0.38088443201333216,0.0,INIT
2025-12-04T20:56:12.690664,1705.906589725,0.20000000001160206,0.5772012064740446,0.2,-0.37720120646244254,False,0.37720120646244254,0.0,INIT
2025-12-04T20:56:12.691901,1705.907829813,0.20000000001160206,0.5772012064740446,0.2,-0.37720120646244254,False,0.37720120646244254,0.0,INIT
2025-12-04T20:56:12.692923,1705.908851989,0.20000000001160206,0.5735163466877737,0.2,-0.3735163466761717,False,0.3735163466761717,0.0,INIT
2025-12-04T20:56:12.700490,1705.916419717,0.20000000001161172,0.5735163466877737,0.2,-0.373516346676162,False,0.373516346676162,0.0,INIT
2025-12-04T20:56:12.710406,1705.926334971,0.20000000001161172,0.569829846366178,0.2,-0.3698298463545662,False,0.3698298463545662,0.0,INIT
2025-12-04T20:56:12.763954,1705.979885517,0.2000000000116117,0.569829846366178,0.2,-0.3698298463545663,False,0.3698298463545663,0.0,INIT
2025-12-04T20:56:12.788744,1706.004673442,0.2000000000116117,0.5661416992080941,0.2,-0.36614169919648243,False,0.36614169919648243,0.0,INIT
2025-12-04T20:56:12.791472,1706.007403132,0.2000000000116117,0.5661416992080941,0.2,-0.36614169919648243,False,0.36614169919648243,0.0,INIT
2025-12-04T20:56:12.792870,1706.008798531,0.2000000000116117,0.5624518989112195,0.2,-0.3624518988996078,False,0.3624518988996078,0.0,INIT
2025-12-04T20:56:12.793591,1706.00952419,0.2000000000116117,0.5624518989112195,0.2,-0.3624518988996078,False,0.3624518988996078,0.0,INIT
2025-12-04T20:56:12.795071,1706.010999557,0.2000000000116117,0.5587604391721861,0.2,-0.35876043916057443,False,0.35876043916057443,0.0,INIT
2025-12-04T20:56:12.795783,1706.01170804,0.2000000000116117,0.5587604391721861,0.2,-0.35876043916057443,False,0.35876043916057443,0.0,INIT
2025-12-04T20:56:12.844181,1706.060110458,0.2000000000116117,0.5550673136866475,0.2,-0.35506731367503586,False,0.35506731367503586,0.0,INIT
2025-12-04T20:56:12.884080,1706.100018701,0.2000000000116117,0.5550673136866475,0.2,-0.35506731367503586,False,0.35506731367503586,0.0,INIT
2025-12-04T20:56:12.887469,1706.103398492,0.2000000000116117,0.551372516149355,0.2,-0.35137251613774334,False,0.35137251613774334,0.0,INIT
2025-12-04T20:56:12.888169,1706.104096432,0.2000000000116117,0.551372516149355,0.2,-0.35137251613774334,False,0.35137251613774334,0.0,INIT
2025-12-04T20:56:12.889230,1706.105156868,0.2000000000116117,0.5476760402542453,0.2,-0.34767604024263365,False,0.34767604024263365,0.0,INIT
2025-12-04T20:56:12.889819,1706.105749189,0.2000000000116117,0.5439778796945189,0.2,-0.3439778796829073,False,0.3439778796829073,0.0,INIT
2025-12-04T20:56:12.890312,1706.106234087,0.2000000000116117,0.5439778796945189,0.2,-0.3439778796829073,False,0.3439778796829073,0.0,INIT
2025-12-04T20:56:12.890830,1706.106754467,0.2000000000116117,0.5402780281627306,0.2,-0.34027802815111896,False,0.34027802815111896,0.0,INIT
2025-12-04T20:56:12.891436,1706.107368128,0.2000000000116117,0.5402780281627306,0.2,-0.34027802815111896,False,0.34027802815111896,0.0,INIT
2025-12-04T20:56:12.894368,1706.110294584,0.2000000000116117,0.5365764793508712,0.2,-0.3365764793392595,False,0.3365764793392595,0.0,INIT
2025-12-04T20:56:13.036421,1706.252354241,0.2000000000116117,0.5291682646526308,0.2,-0.3291682646410191,False,0.3291682646410191,0.0,INIT
2025-12-04T20:56:13.044149,1706.260080286,0.2000000000116117,0.5291682646526308,0.2,-0.3291682646410191,False,0.3291682646410191,0.0,INIT
2025-12-04T20:56:13.044799,1706.260726884,0.2000000000116117,0.5254615861482193,0.2,-0.3254615861366076,False,0.3254615861366076,0.0,INIT
2025-12-04T20:56:13.131643,1706.347574277,0.20000000001163104,0.5143311903013768,0.2,-0.3143311902897457,False,0.3143311902897457,0.0,INIT
2025-12-04T20:56:13.235263,1706.451211958,0.20000000001163104,0.4957456175527106,0.2,-0.2957456175410796,False,0.2957456175410796,0.0,INIT
2025-12-04T20:56:13.245442,1706.461375008,0.2000000000117665,0.4920232092743233,0.2,-0.2920232092625568,False,0.2920232092625568,0.0,INIT
2025-12-04T20:56:13.247302,1706.463230693,0.2000000000117665,0.4920232092743233,0.2,-0.2920232092625568,False,0.2920232092625568,0.0,INIT
2025-12-04T20:56:13.248356,1706.464283193,0.2000000000117665,0.48829902170224004,0.2,-0.28829902169047356,False,0.28829902169047356,0.0,INIT
2025-12-04T20:56:13.249713,1706.465639874,0.2000000000117665,0.48829902170224004,0.2,-0.28829902169047356,False,0.28829902169047356,0.0,INIT
2025-12-04T20:56:13.250992,1706.466918896,0.2000000000117665,0.48457304853036476,0.2,-0.28457304851859827,False,0.28457304851859827,0.0,INIT
2025-12-04T20:56:13.253801,1706.469733587,0.2000000000117665,0.48457304853036476,0.2,-0.28457304851859827,False,0.28457304851859827,0.0,INIT
2025-12-04T20:56:13.254910,1706.470840157,0.2000000000117665,0.48084528345349087,0.2,-0.2808452834417244,False,0.2808452834417244,0.0,INIT
2025-12-04T20:56:13.255820,1706.471749893,0.2000000000117665,0.48084528345349087,0.2,-0.2808452834417244,False,0.2808452834417244,0.0,INIT
2025-12-04T20:56:13.256900,1706.472829416,0.2000000000117665,0.4771157201674048,0.2,-0.2771157201556383,False,0.2771157201556383,0.0,INIT
2025-12-04T20:56:13.257724,1706.473653371,0.2000000000117665,0.4771157201674048,0.2,-0.2771157201556383,False,0.2771157201556383,0.0,INIT
2025-12-04T20:56:13.258435,1706.474364654,0.2000000000117665,0.47338435236899645,0.2,-0.27338435235722996,False,0.27338435235722996,0.0,INIT
2025-12-04T20:56:13.370544,1706.586479515,0.20000000001180512,0.4696511737563682,0.2,-0.2696511737445631,False,0.2696511737445631,0.0,INIT
2025-12-04T20:56:13.381360,1706.597291314,0.20000000001180512,0.4696511737563682,0.2,-0.2696511737445631,False,0.2696511737445631,0.0,INIT
2025-12-04T20:56:13.382352,1706.59827926,0.20000000001180512,0.46591617802894625,0.2,-0.2659161780171411,False,0.2659161780171411,0.0,INIT
2025-12-04T20:56:13.383657,1706.599584463,0.20000000001180512,0.46591617802894625,0.2,-0.2659161780171411,False,0.2659161780171411,0.0,INIT
2025-12-04T20:56:13.385127,1706.601060111,0.20000000001180512,0.46217935888759243,0.2,-0.2621793588757873,False,0.2621793588757873,0.0,INIT
2025-12-04T20:56:13.386370,1706.602300641,0.20000000001180512,0.46217935888759243,0.2,-0.2621793588757873,False,0.2621793588757873,0.0,INIT
2025-12-04T20:56:13.387990,1706.603919482,0.20000000001176646,0.4584407100347203,0.2,-0.2584407100229539,False,0.2584407100229539,0.0,INIT
2025-12-04T20:56:13.389067,1706.604992708,0.20000000001176646,0.4584407100347203,0.2,-0.2584407100229539,False,0.2584407100229539,0.0,INIT
2025-12-04T20:56:13.389790,1706.605715838,0.20000000001176646,0.4547002251744101,0.2,-0.2547002251626437,False,0.2547002251626437,0.0,INIT
2025-12-04T20:56:13.390556,1706.60647899,0.20000000001176646,0.4547002251744101,0.2,-0.2547002251626437,False,0.2547002251626437,0.0,INIT
2025-12-04T20:56:13.391231,1706.607155478,0.20000000001176646,0.45095789801252417,0.2,-0.25095789800075774,False,0.25095789800075774,0.0,INIT
2025-12-04T20:56:13.391905,1706.607830675,0.20000000001176646,0.45095789801252417,0.2,-0.25095789800075774,False,0.25095789800075774,0.0,INIT
2025-12-04T20:56:13.403672,1706.619610064,0.20000000001176646,0.4472137222568273,0.2,-0.24721372224506086,False,0.24721372224506086,0.0,INIT
2025-12-04T20:56:13.412836,1706.628764597,0.20000000001176646,0.4472137222568273,0.2,-0.24721372224506086,False,0.24721372224506086,0.0,INIT
2025-12-04T20:56:13.470994,1706.686945954,0.20000000001176646,0.4434676916171072,0.2,-0.24346769160534074,False,0.24346769160534074,0.0,INIT
2025-12-04T20:56:13.476552,1706.692486581,0.20000000001176646,0.4434676916171072,0.2,-0.24346769160534074,False,0.24346769160534074,0.0,INIT
2025-12-04T20:56:13.478668,1706.69459743,0.20000000001178578,0.4397197998052924,0.2,-0.23971979979350663,False,0.23971979979350663,0.0,INIT
2025-12-04T20:56:13.479857,1706.695784952,0.20000000001178578,0.4397197998052924,0.2,-0.23971979979350663,False,0.23971979979350663,0.0,INIT
2025-12-04T20:56:13.481211,1706.697138785,0.20000000001178578,0.43597004053557953,0.2,-0.23597004052379375,False,0.23597004052379375,0.0,INIT
2025-12-04T20:56:13.482277,1706.698203777,0.20000000001178578,0.43597004053557953,0.2,-0.23597004052379375,False,0.23597004052379375,0.0,INIT
2025-12-04T20:56:13.542867,1706.758813719,0.20000000001178578,0.43597004053557953,0.2,-0.23597004052379375,False,0.23597004052379375,0.0,INIT
2025-12-04T20:56:13.548162,1706.764092881,0.20000000001180512,0.4322184075245543,0.2,-0.2322184075127492,False,0.2322184075127492,0.0,INIT
2025-12-04T20:56:13.549338,1706.765261996,0.20000000001180512,0.42846489449131875,0.2,-0.22846489447951362,False,0.22846489447951362,0.0,INIT
2025-12-04T20:56:13.550419,1706.76634687,0.20000000001180512,0.42846489449131875,0.2,-0.22846489447951362,False,0.22846489447951362,0.0,INIT
2025-12-04T20:56:13.551321,1706.767250394,0.20000000001180512,0.42470949515761847,0.2,-0.22470949514581334,False,0.22470949514581334,0.0,INIT
2025-12-04T20:56:13.552209,1706.76813784,0.20000000001180512,0.42470949515761847,0.2,-0.22470949514581334,False,0.22470949514581334,0.0,INIT
2025-12-04T20:56:13.598683,1706.814613821,0.20000000001180512,0.42095220324797067,0.2,-0.22095220323616555,False,0.22095220323616555,0.0,INIT
2025-12-04T20:56:13.612530,1706.828465802,0.20000000001180512,0.42095220324797067,0.2,-0.22095220323616555,False,0.22095220323616555,0.0,INIT
2025-12-04T20:56:13.615570,1706.831501501,0.20000000001180512,0.417193012489796,0.2,-0.2171930124779909,False,0.2171930124779909,0.0,INIT
2025-12-04T20:56:13.616792,1706.832725052,0.20000000001180512,0.417193012489796,0.2,-0.2171930124779909,False,0.2171930124779909,0.0,INIT
2025-12-04T20:56:13.623441,1706.839374638,0.20000000001180512,0.41343191661354917,0.2,-0.21343191660174404,False,0.21343191660174404,0.0,INIT
2025-12-04T20:56:13.672613,1706.888544235,0.2000000000117665,0.41343191661354917,0.2,-0.21343191660178268,False,0.21343191660178268,0.0,INIT
2025-12-04T20:56:13.699902,1706.915834573,0.2000000000117665,0.4059039844446306,0.2,-0.20590398443286412,False,0.20590398443286412,0.0,INIT
2025-12-04T20:56:13.745652,1706.961584139,0.20000000001178578,0.4059039844446306,0.2,-0.20590398443284483,False,0.20590398443284483,0.0,INIT
2025-12-04T20:56:13.760431,1706.976361428,0.20000000001178578,0.40213713562924847,0.2,-0.2021371356174627,False,0.2021371356174627,0.0,INIT
2025-12-04T20:56:13.795241,1707.011169463,0.20000000001182444,0.3983683566506482,0.2,-0.19836835663882374,False,0.19836835663882374,0.0,INIT
2025-12-04T20:56:13.798057,1707.013995261,0.20000000001182444,0.3983683566506482,0.2,-0.19836835663882374,False,0.19836835663882374,0.0,INIT
2025-12-04T20:56:13.798985,1707.014918318,0.20000000001182444,0.39459764125648844,0.2,-0.194597641244664,False,0.194597641244664,0.0,INIT
2025-12-04T20:56:13.799883,1707.015808473,0.20000000001182444,0.39459764125648844,0.2,-0.194597641244664,False,0.194597641244664,0.0,INIT
2025-12-04T20:56:13.800621,1707.016545601,0.20000000001182444,0.3908249831982866,0.2,-0.19082498318646218,False,0.19082498318646218,0.0,INIT
2025-12-04T20:56:13.879018,1707.094949078,0.20000000001182444,0.3832738141159746,0.2,-0.18327381410415017,False,0.18327381410415017,0.0,INIT
2025-12-04T20:56:13.903522,1707.119464228,0.20000000001184381,0.3794952906154836,0.2,-0.17949529060363978,False,0.17949529060363978,0.0,INIT
2025-12-04T20:56:13.966996,1707.182933539,0.20000000001184381,0.3681478895116266,0.2,-0.16814788949978277,False,0.16814788949978277,0.0,INIT
2025-12-04T20:56:13.974553,1707.190483658,0.20000000001182444,0.36436145820210797,0.2,-0.16436145819028353,False,0.16436145819028353,0.0,INIT
2025-12-04T20:56:13.975271,1707.191199204,0.20000000001182444,0.36436145820210797,0.2,-0.16436145819028353,False,0.16436145819028353,0.0,INIT
2025-12-04T20:56:13.976667,1707.192599006,0.20000000001182444,0.36057303439706256,0.2,-0.16057303438523812,False,0.16057303438523812,0.0,INIT
2025-12-04T20:56:13.977358,1707.193284295,0.20000000001182444,0.36057303439706256,0.2,-0.16057303438523812,False,0.16057303438523812,0.0,INIT
2025-12-04T20:56:13.977957,1707.193883889,0.20000000001182444,0.3567826118893551,0.2,-0.15678261187753068,False,0.15678261187753068,0.0,INIT
2025-12-04T20:56:13.978547,1707.194470736,0.20000000001182444,0.3567826118893551,0.2,-0.15678261187753068,False,0.15678261187753068,0.0,INIT
2025-12-04T20:56:13.979385,1707.195312305,0.20000000001182444,0.35299018447720876,0.2,-0.15299018446538432,False,0.15299018446538432,0.0,INIT
2025-12-04T20:56:13.980022,1707.195948589,0.20000000001182444,0.35299018447720876,0.2,-0.15299018446538432,False,0.15299018446538432,0.0,INIT
2025-12-04T20:56:13.980734,1707.19666098,0.20000000001182444,0.349195745964368,0.2,-0.14919574595254353,False,0.14919574595254353,0.0,INIT
2025-12-04T20:56:13.981271,1707.19719691,0.20000000001182444,0.349195745964368,0.2,-0.14919574595254353,False,0.14919574595254353,0.0,INIT
2025-12-04T20:56:14.202426,1707.418371574,0.20000000001182444,0.32638653551874075,0.2,-0.1263865355069163,False,0.1263865355069163,0.0,INIT
2025-12-04T20:56:14.219206,1707.435139804,0.20000000001174714,0.32638653551874075,0.2,-0.1263865355069936,False,0.1263865355069936,0.0,INIT
2025-12-04T20:56:14.224473,1707.440403459,0.2000000000117858,0.3225778463037239,0.2,-0.12257784629193808,False,0.12257784629193808,0.0,INIT
2025-12-04T20:56:14.225844,1707.441773686,0.2000000000117858,0.3225778463037239,0.2,-0.12257784629193808,False,0.12257784629193808,0.0,INIT
2025-12-04T20:56:14.227476,1707.443404636,0.2000000000117858,0.3225778463037239,0.2,-0.12257784629193808,False,0.12257784629193808,0.0,INIT
2025-12-04T20:56:14.228693,1707.444621433,0.2000000000117858,0.3187670966363392,0.2,-0.11876709662455337,False,0.11876709662455337,0.0,INIT
2025-12-04T20:56:14.230258,1707.446187646,0.2000000000117858,0.3187670966363392,0.2,-0.11876709662455337,False,0.11876709662455337,0.0,INIT
2025-12-04T20:56:14.236528,1707.452465402,0.2000000000117858,0.31495428037745654,0.2,-0.11495428036567074,False,0.11495428036567074,0.0,INIT
2025-12-04T20:56:14.237772,1707.453700912,0.2000000000117858,0.31495428037745654,0.2,-0.11495428036567074,False,0.11495428036567074,0.0,INIT
2025-12-04T20:56:14.239163,1707.455089314,0.2000000000117858,0.31113939139515434,0.19710163948084128,-0.11113939138336854,False,0.11113939138336854,0.0,INIT
2025-12-04T20:56:14.240447,1707.456373984,0.2000000000117858,0.31113939139515434,0.19710163948084128,-0.11113939138336854,False,0.11113939138336854,0.0,INIT
2025-12-04T20:56:14.277251,1707.49318813,0.2000000000117858,0.3073224235648948,0.19177534626453166,-0.107322423553109,False,0.107322423553109,0.0,INIT
2025-12-04T20:56:14.281405,1707.497335529,0.20000000001170842,0.3035033707697088,0.18638625396527683,-0.10350337075800037,False,0.10350337075800037,0.0,INIT
2025-12-04T20:56:14.282537,1707.498465819,0.20000000001170842,0.3035033707697088,0.18638625396527683,-0.10350337075800037,False,0.10350337075800037,0.0,INIT
2025-12-04T20:56:14.674793,1707.890730947,0.20000000001170842,0.24981430441857366,0.10202271177880583,-0.04981430440686524,False,0.04981430440686524,0.0,INIT
2025-12-04T20:56:14.689523,1707.905453358,0.20000000001174714,0.2459632488311203,0.09510323776407999,-0.045963248819373165,False,0.045963248819373165,0.0,INIT
2025-12-04T20:56:14.756904,1707.972836371,0.20000000001174714,0.2343969683247975,0.07323707112671984,-0.03439696831305036,False,0.03439696831305036,0.0,INIT
2025-12-04T20:56:14.823675,1708.039606872,0.20000000001170842,0.2228108924192327,0.04929737864956899,-0.022810892407524264,False,0.022810892407524264,0.0,INIT
2025-12-04T20:56:14.939111,1708.155044291,0.20000000001170842,0.19957871680478867,-0.00017532944287192335,0.00042128320691975363,False,0.00042128320691975363,0.0,INIT
2025-12-04T20:56:15.025073,1708.241010305,0.2000000000115924,0.1840456303443414,-0.03393789642909949,0.015954369667251,False,0.015954369667251,0.0,INIT
2025-12-04T20:56:15.031763,1708.247693472,0.2000000000115924,0.1840456303443414,-0.03393789642909949,0.015954369667251,False,0.015954369667251,0.0,INIT
2025-12-04T20:56:15.402228,1708.618158366,0.2000000000115924,0.11761942743609755,-0.15535367124514643,0.08238057257549486,False,0.08238057257549486,0.0,INIT
2025-12-04T20:56:15.520632,1708.736572711,0.20000000001170845,0.0,-0.2,0.20000000001170845,False,0.20000000001170845,0.0,INIT
2025-12-04T20:56:15.812829,1709.028772501,0.2000000000116698,0.0,-0.2,0.2000000000116698,False,0.2000000000116698,0.0,INIT
2025-12-04T20:56:15.834027,1709.049960506,0.2000000000116698,0.0,-0.2,0.2000000000116698,False,0.2000000000116698,0.0,INIT
2025-12-04T20:56:15.869580,1709.085511867,0.2000000000116311,0.0,-0.2,0.2000000000116311,False,0.2000000000116311,0.0,INIT
2025-12-04T20:56:15.876984,1709.092914277,0.2000000000116311,0.0,-0.2,0.2000000000116311,False,0.2000000000116311,0.0,INIT
2025-12-04T20:56:15.939626,1709.155560914,0.2000000000116311,0.0,-0.2,0.2000000000116311,False,0.2000000000116311,0.0,INIT
2025-12-04T20:56:15.950485,1709.166413556,0.20000000001163104,0.0,-0.2,0.20000000001163104,False,0.20000000001163104,0.0,INIT
2025-12-04T20:56:15.956816,1709.172741829,0.20000000001163104,0.0,-0.2,0.20000000001163104,False,0.20000000001163104,0.0,INIT
2025-12-04T20:56:15.962424,1709.178349945,0.20000000001163104,0.0,-0.2,0.20000000001163104,False,0.20000000001163104,0.0,INIT
2025-12-04T20:56:15.971586,1709.18751652,0.1991304930015681,0.0,-0.2,0.1991304930015681,False,0.1991304930015681,0.0,INIT
2025-12-04T20:56:15.974817,1709.190746984,0.1991304930015681,0.0,-0.2,0.1991304930015681,False,0.1991304930015681,0.0,INIT
2025-12-04T20:56:15.977201,1709.193131805,0.1991304930015681,0.0,-0.2,0.1991304930015681,False,0.1991304930015681,0.0,INIT
2025-12-04T20:56:15.979351,1709.195280179,0.1991304930015681,0.0,-0.2,0.1991304930015681,False,0.1991304930015681,0.0,INIT
2025-12-04T20:56:16.002907,1709.218839093,0.1991304930015681,0.0,-0.2,0.1991304930015681,False,0.1991304930015681,0.0,INIT
2025-12-04T20:56:16.023259,1709.239188443,0.10202271178452901,0.0,-0.1842801620353255,0.10202271178452901,False,0.10202271178452901,0.0,INIT
2025-12-04T20:56:16.078796,1709.294726383,0.07323707113110459,0.0,-0.14116461729169602,0.07323707113110459,False,0.07323707113110459,0.0,INIT
2025-12-04T20:56:16.308644,1709.524574589,0.07323707113110459,0.0,-0.14116461729169602,0.07323707113110459,False,0.07323707113110459,0.0,INIT
2025-12-04T20:56:16.380675,1709.596607185,-0.00017532944310486492,0.0,4.045803368033009e-05,-0.00017532944310486492,False,0.00017532944310486492,0.0,INIT
2025-12-04T20:56:16.398370,1709.614299696,-0.00017532944310486492,0.0,4.045803368033009e-05,-0.00017532944310486492,False,0.00017532944310486492,0.0,INIT
2025-12-04T20:56:16.425836,1709.641762072,-0.033937896430998496,0.0,0.07233110555148146,-0.033937896430998496,False,0.033937896430998496,0.0,INIT
2025-12-04T20:56:16.428659,1709.644586589,-0.033937896430998496,0.0,0.07233110555148146,-0.033937896430998496,False,0.033937896430998496,0.0,INIT
2025-12-04T20:56:16.429506,1709.645428566,-0.033937896430998496,0.0,0.07233110555148146,-0.033937896430998496,False,0.033937896430998496,0.0,INIT
2025-12-04T20:56:16.430522,1709.646448256,-0.033937896430998496,0.0,0.07233110555148146,-0.033937896430998496,False,0.033937896430998496,0.0,INIT
2025-12-04T20:56:16.431241,1709.647163978,-0.033937896430998496,0.0,0.07233110555148146,-0.033937896430998496,False,0.033937896430998496,0.0,INIT
2025-12-04T20:56:16.432193,1709.64811857,-0.033937896430998496,0.0,0.07233110555148146,-0.033937896430998496,False,0.033937896430998496,0.0,INIT
2025-12-04T20:56:16.433451,1709.649377216,-0.033937896430998496,0.0,0.07233110555148146,-0.033937896430998496,False,0.033937896430998496,0.0,INIT
2025-12-04T20:56:16.448184,1709.664111917,-0.033937896430998496,0.0,0.07233110555148146,-0.033937896430998496,False,0.033937896430998496,0.0,INIT
2025-12-04T20:56:16.451730,1709.667662005,-0.1462321139937023,0.0,0.2,-0.1462321139937023,False,0.1462321139937023,0.0,INIT
2025-12-04T20:56:16.453881,1709.669806538,-0.1462321139937023,0.0,0.2,-0.1462321139937023,False,0.1462321139937023,0.0,INIT
2025-12-04T20:56:16.455356,1709.671286135,-0.1462321139937023,0.0,0.2,-0.1462321139937023,False,0.1462321139937023,0.0,INIT
2025-12-04T20:56:16.485975,1709.701902721,-0.2000000000118632,0.0,0.2,-0.2000000000118632,False,0.2000000000118632,0.0,INIT
2025-12-04T20:56:16.489501,1709.705429016,-0.2000000000118632,0.0,0.2,-0.2000000000118632,False,0.2000000000118632,0.0,INIT
2025-12-04T20:56:16.490750,1709.70667737,-0.2000000000118632,0.0,0.2,-0.2000000000118632,False,0.2000000000118632,0.0,INIT
2025-12-04T20:56:16.491875,1709.707802744,-0.2000000000118632,0.0,0.2,-0.2000000000118632,False,0.2000000000118632,0.0,INIT
2025-12-04T20:56:16.492664,1709.708588218,-0.2000000000118632,0.0,0.2,-0.2000000000118632,False,0.2000000000118632,0.0,INIT
2025-12-04T20:56:16.502057,1709.717983863,-0.1828957768529877,0.0,0.2,-0.1828957768529877,False,0.1828957768529877,0.0,INIT
2025-12-04T20:56:16.585643,1709.801592195,-0.1828957768529877,0.0,0.2,-0.1828957768529877,False,0.1828957768529877,0.0,INIT
2025-12-04T20:56:16.591762,1709.807691996,0.20000000001159238,0.0,-0.2,0.20000000001159238,False,0.20000000001159238,0.0,INIT
2025-12-04T20:56:16.592783,1709.808708421,0.20000000001159238,0.0,-0.2,0.20000000001159238,False,0.20000000001159238,0.0,INIT
2025-12-04T20:56:16.594284,1709.810210592,0.20000000001159238,0.0,-0.2,0.20000000001159238,False,0.20000000001159238,0.0,INIT
2025-12-04T20:56:16.595045,1709.810970362,0.20000000001159238,0.0,-0.2,0.20000000001159238,False,0.20000000001159238,0.0,INIT
2025-12-04T20:56:16.596244,1709.812169763,0.20000000001159238,0.0,-0.2,0.20000000001159238,False,0.20000000001159238,0.0,INIT
2025-12-04T20:56:16.597032,1709.812958792,0.20000000001159238,0.0,-0.2,0.20000000001159238,False,0.20000000001159238,0.0,INIT
2025-12-04T20:56:16.598028,1709.813953591,0.20000000001159238,0.0,-0.2,0.20000000001159238,False,0.20000000001159238,0.0,INIT
2025-12-04T20:56:16.607325,1709.823256039,0.19425532031913814,0.0,-0.2,0.19425532031913814,False,0.19425532031913814,0.0,INIT
2025-12-04T20:56:16.683923,1709.899853571,0.19425532031913814,0.0,-0.2,0.19425532031913814,False,0.19425532031913814,0.0,INIT
2025-12-04T20:56:16.691227,1709.90715842,-0.20000000001194054,0.0,0.2,-0.20000000001194054,False,0.20000000001194054,0.0,INIT
2025-12-04T20:56:16.693390,1709.909315384,-0.20000000001194054,0.0,0.2,-0.20000000001194054,False,0.20000000001194054,0.0,INIT
2025-12-04T20:56:16.694104,1709.910031965,-0.20000000001194054,0.0,0.2,-0.20000000001194054,False,0.20000000001194054,0.0,INIT
2025-12-04T20:56:16.694613,1709.910537313,-0.20000000001194054,0.0,0.2,-0.20000000001194054,False,0.20000000001194054,0.0,INIT
2025-12-04T20:56:16.695263,1709.911189879,-0.20000000001194054,0.0,0.2,-0.20000000001194054,False,0.20000000001194054,0.0,INIT
2025-12-04T20:56:16.695787,1709.911713959,-0.20000000001194054,0.0,0.2,-0.20000000001194054,False,0.20000000001194054,0.0,INIT
2025-12-04T20:56:16.696422,1709.912345862,-0.20000000001194054,0.0,0.2,-0.20000000001194054,False,0.20000000001194054,0.0,INIT
2025-12-04T20:56:16.723583,1709.939516239,-0.20000000001194054,0.0,0.2,-0.20000000001194054,False,0.20000000001194054,0.0,INIT
2025-12-04T20:56:16.743488,1709.959421831,0.20000000001163104,0.0,-0.2,0.20000000001163104,False,0.20000000001163104,0.0,INIT
2025-12-04T20:56:16.745421,1709.961348644,0.20000000001163104,0.0,-0.2,0.20000000001163104,False,0.20000000001163104,0.0,INIT
2025-12-04T20:56:16.746059,1709.961983901,0.20000000001163104,0.0,-0.2,0.20000000001163104,False,0.20000000001163104,0.0,INIT
2025-12-04T20:56:16.746769,1709.962690925,0.20000000001163104,0.0,-0.2,0.20000000001163104,False,0.20000000001163104,0.0,INIT
2025-12-04T20:56:16.757326,1709.973259788,0.20000000001163104,0.0,-0.2,0.20000000001163104,False,0.20000000001163104,0.0,INIT
2025-12-04T20:56:16.769470,1709.985404031,-0.18164787433852497,0.0,0.2,-0.18164787433852497,False,0.18164787433852497,0.0,INIT
2025-12-04T20:56:16.787655,1710.003600029,-0.18164787433852497,0.0,0.2,-0.18164787433852497,False,0.18164787433852497,0.0,INIT
2025-12-04T20:56:16.791251,1710.007184122,0.18164982440809266,0.0,-0.2,0.18164982440809266,False,0.18164982440809266,0.0,INIT
2025-12-04T20:56:16.801276,1710.01720715,0.18164982440809266,0.0,-0.2,0.18164982440809266,False,0.18164982440809266,0.0,INIT
2025-12-04T20:56:16.873148,1710.089081013,-0.18164756026436146,0.0,0.2,-0.18164756026436146,False,0.18164756026436146,0.0,INIT
2025-12-04T20:56:16.882692,1710.098621774,-0.2000000000120566,0.0,0.2,-0.2000000000120566,False,0.2000000000120566,0.0,INIT
2025-12-04T20:56:16.883890,1710.099819361,-0.2000000000120566,0.0,0.2,-0.2000000000120566,False,0.2000000000120566,0.0,INIT
2025-12-04T20:56:16.884498,1710.100425204,-0.2000000000120566,0.0,0.2,-0.2000000000120566,False,0.2000000000120566,0.0,INIT
2025-12-04T20:56:16.885284,1710.101212382,-0.2000000000120566,0.0,0.2,-0.2000000000120566,False,0.2000000000120566,0.0,INIT
2025-12-04T20:56:16.885969,1710.101894307,-0.2000000000120566,0.0,0.2,-0.2000000000120566,False,0.2000000000120566,0.0,INIT
2025-12-04T20:56:16.886872,1710.102799449,-0.2000000000120566,0.0,0.2,-0.2000000000120566,False,0.2000000000120566,0.0,INIT
2025-12-04T20:56:16.889390,1710.105317586,-0.2000000000120566,0.0,0.2,-0.2000000000120566,False,0.2000000000120566,0.0,INIT
2025-12-04T20:56:16.900467,1710.116397585,0.1642941061993445,0.0,-0.2,0.1642941061993445,False,0.1642941061993445,0.0,INIT
2025-12-04T20:56:16.911391,1710.1273263,0.1642941061993445,0.0,-0.2,0.1642941061993445,False,0.1642941061993445,0.0,INIT
2025-12-04T20:56:17.090714,1710.306649577,-0.1642915894523324,0.0,0.2,-0.1642915894523324,False,0.1642915894523324,0.0,INIT
2025-12-04T20:56:17.097821,1710.313753119,-0.20000000001190185,0.0,0.2,-0.20000000001190185,False,0.20000000001190185,0.0,INIT
2025-12-04T20:56:17.099003,1710.314930681,-0.20000000001190185,0.0,0.2,-0.20000000001190185,False,0.20000000001190185,0.0,INIT
2025-12-04T20:56:17.099655,1710.315579384,-0.20000000001190185,0.0,0.2,-0.20000000001190185,False,0.20000000001190185,0.0,INIT
2025-12-04T20:56:17.100530,1710.316461552,-0.20000000001190185,0.0,0.2,-0.20000000001190185,False,0.20000000001190185,0.0,INIT
2025-12-04T20:56:17.103601,1710.319535389,-0.20000000001190185,0.0,0.2,-0.20000000001190185,False,0.20000000001190185,0.0,INIT
2025-12-04T20:56:17.104448,1710.320375285,-0.20000000001190185,0.0,0.2,-0.20000000001190185,False,0.20000000001190185,0.0,INIT
2025-12-04T20:56:17.105546,1710.321471774,-0.20000000001190185,0.0,0.2,-0.20000000001190185,False,0.20000000001190185,0.0,INIT
2025-12-04T20:56:17.106108,1710.322032786,-0.20000000001190185,0.0,0.2,-0.20000000001190185,False,0.20000000001190185,0.0,INIT
2025-12-04T20:56:17.107396,1710.323326609,-0.20000000001190185,0.0,0.2,-0.20000000001190185,False,0.20000000001190185,0.0,INIT
2025-12-04T20:56:17.108062,1710.323987849,-0.20000000001190185,0.0,0.2,-0.20000000001190185,False,0.20000000001190185,0.0,INIT
2025-12-04T20:56:17.112483,1710.328412841,-0.20000000001190185,0.0,0.2,-0.20000000001190185,False,0.20000000001190185,0.0,INIT
2025-12-04T20:56:17.124151,1710.340086039,0.18165092172537423,0.0,-0.2,0.18165092172537423,False,0.18165092172537423,0.0,INIT
2025-12-04T20:56:17.138195,1710.354124844,0.001575100389992762,0.0,-0.0014855909327769518,0.001575100389992762,False,0.001575100389992762,0.0,INIT
2025-12-04T20:56:17.146575,1710.362508158,0.001575100389992762,0.0,-0.0014855909327769518,0.001575100389992762,False,0.001575100389992762,0.0,INIT
2025-12-04T20:56:17.159306,1710.375234926,-0.001485591313071161,0.0,0.0013554251451080661,-0.001485591313071161,False,0.001485591313071161,0.0,INIT
2025-12-04T20:56:17.168854,1710.384793585,-0.001485591313071161,0.0,0.0013554251451080661,-0.001485591313071161,False,0.001485591313071161,0.0,INIT
2025-12-04T20:56:17.255053,1710.471013634,0.0013554251454860051,0.0,-0.0011730729387879931,0.0013554251454860051,False,0.0013554251454860051,0.0,INIT
2025-12-04T20:56:17.262734,1710.478661945,0.001355425145524689,0.0,-0.0011730729388409115,0.001355425145524689,False,0.001355425145524689,0.0,INIT
2025-12-04T20:56:17.283586,1710.499520921,0.0013554251454473215,0.0,-0.001173072938735074,0.0013554251454473215,False,0.0013554251454473215,0.0,INIT
2025-12-04T20:56:17.293285,1710.509213467,0.0013554251454473215,0.0,-0.001173072938735074,0.0013554251454473215,False,0.0013554251454473215,0.0,INIT
2025-12-04T20:56:17.304952,1710.520883586,-0.0011730729392513055,0.0,0.0009325666795458055,-0.0011730729392513055,False,0.0011730729392513055,0.0,INIT
2025-12-04T20:56:17.310637,1710.526566771,-0.0011730729392513055,0.0,0.0009325666795458055,-0.0011730729392513055,False,0.0011730729392513055,0.0,INIT
2025-12-04T20:56:17.421817,1710.637754032,-0.0011730729392513055,0.0,0.0009325666795458055,-0.0011730729392513055,False,0.0011730729392513055,0.0,INIT
2025-12-04T20:56:17.523794,1710.739729506,-0.001173072939212622,0.0,0.0009325666794967552,-0.001173072939212622,False,0.001173072939212622,0.0,INIT
2025-12-04T20:56:17.532774,1710.748703775,-0.001173072939212622,0.0,0.0009325666794967552,-0.001173072939212622,False,0.001173072939212622,0.0,INIT
2025-12-04T20:56:17.533697,1710.749628105,-0.001173072939212622,0.0,0.0009325666794967552,-0.001173072939212622,False,0.001173072939212622,0.0,INIT
2025-12-04T20:56:17.534634,1710.750565078,-0.001173072939212622,0.0,0.0009325666794967552,-0.001173072939212622,False,0.001173072939212622,0.0,INIT
2025-12-04T20:56:17.535991,1710.751919376,-0.001173072939212622,0.0,0.0009325666794967552,-0.001173072939212622,False,0.001173072939212622,0.0,INIT
2025-12-04T20:56:17.537363,1710.753288681,-0.001173072939212622,0.0,0.0009325666794967552,-0.001173072939212622,False,0.001173072939212622,0.0,INIT
2025-12-04T20:56:17.539201,1710.755128437,-0.001173072939212622,0.0,0.0009325666794967552,-0.001173072939212622,False,0.001173072939212622,0.0,INIT
2025-12-04T20:56:17.540342,1710.756270786,-0.001173072939212622,0.0,0.0009325666794967552,-0.001173072939212622,False,0.001173072939212622,0.0,INIT
2025-12-04T20:56:17.542322,1710.758247596,-0.001173072939212622,0.0,0.0009325666794967552,-0.001173072939212622,False,0.001173072939212622,0.0,INIT
2025-12-04T20:56:17.543308,1710.759236513,-0.001173072939212622,0.0,0.0009325666794967552,-0.001173072939212622,False,0.001173072939212622,0.0,INIT
2025-12-04T20:56:17.544623,1710.760552377,-0.001173072939212622,0.0,0.0009325666794967552,-0.001173072939212622,False,0.001173072939212622,0.0,INIT
2025-12-04T20:56:17.549422,1710.765358027,9.030999989646147e-05,0.0,-1.3208284716235654e-05,9.030999989646147e-05,False,9.030999989646147e-05,0.0,INIT
2025-12-04T20:56:17.646626,1710.862557631,9.030999989646147e-05,0.0,-1.3208284716235654e-05,9.030999989646147e-05,False,9.030999989646147e-05,0.0,INIT
2025-12-04T20:56:17.651758,1710.867689737,0.0009325666797827968,0.0,-0.0006452584273615434,0.0009325666797827968,False,0.0009325666797827968,0.0,INIT
2025-12-04T20:56:17.653249,1710.869177904,0.0009325666797827968,0.0,-0.0006452584273615434,0.0009325666797827968,False,0.0009325666797827968,0.0,INIT
2025-12-04T20:56:17.665503,1710.881431252,0.0009325666797827968,0.0,-0.0006452584273615434,0.0009325666797827968,True,0.0009325666797827968,0.0,INIT
2025-12-04T20:56:17.667278,1710.883203531,0.0009325666798601643,0.0,-0.0006452584274479812,0.0009325666798601643,True,0.0009325666798601643,0.0,INIT
2025-12-04T20:56:17.668791,1710.884723891,0.0009325666798601643,0.0,-0.0006452584274479812,0.0009325666798601643,True,0.0009325666798601643,0.0,INIT
2025-12-04T20:56:17.670361,1710.886291098,0.0009325666798601643,0.0,-0.0006452584274479812,0.0009325666798601643,True,0.0009325666798601643,0.0,INIT
2025-12-04T20:56:17.672001,1710.887930895,0.0009325666798601643,0.0,-0.0006452584274479812,0.0009325666798601643,True,0.0009325666798601643,0.0,INIT
2025-12-04T20:56:17.673214,1710.889159352,0.0009325666798601643,0.0,-0.0006452584274479812,0.0009325666798601643,True,0.0009325666798601643,0.0,INIT
2025-12-04T20:56:17.674800,1710.890729548,0.0009325666798601643,0.0,-0.0006452584274479812,0.0009325666798601643,True,0.0009325666798601643,0.0,INIT
2025-12-04T20:56:17.676197,1710.892125346,0.0009325666798601643,0.0,-0.0006452584274479812,0.0009325666798601643,True,0.0009325666798601643,0.0,INIT
2025-12-04T20:56:17.677135,1710.893062796,0.0009325666798601643,0.0,-0.0006452584274479812,0.0009325666798601643,True,0.0009325666798601643,0.0,INIT
2025-12-04T20:56:17.864867,1711.080794104,-1.3208284717603863e-05,0.0,5.068339140747862e-07,-1.3208284717603863e-05,True,1.3208284717603863e-05,0.0,INIT
2025-12-04T20:56:17.877254,1711.093186895,-1.3208284717603863e-05,0.0,5.068339140747862e-07,-1.3208284717603863e-05,True,1.3208284717603863e-05,0.0,INIT
2025-12-04T20:56:17.878854,1711.094783699,-1.3208284717603863e-05,0.0,5.068339140747862e-07,-1.3208284717603863e-05,True,1.3208284717603863e-05,0.0,INIT
2025-12-04T20:56:17.879527,1711.095448499,-1.3208284717603863e-05,0.0,5.068339140747862e-07,-1.3208284717603863e-05,True,1.3208284717603863e-05,0.0,INIT
2025-12-04T20:56:17.880250,1711.096178601,-1.3208284717603863e-05,0.0,5.068339140747862e-07,-1.3208284717603863e-05,True,1.3208284717603863e-05,0.0,INIT
2025-12-04T20:56:17.881103,1711.097028745,-1.3208284717603863e-05,0.0,5.068339140747862e-07,-1.3208284717603863e-05,True,1.3208284717603863e-05,0.0,INIT
2025-12-04T20:56:17.881743,1711.097668798,-1.3208284717603863e-05,0.0,5.068339140747862e-07,-1.3208284717603863e-05,True,1.3208284717603863e-05,0.0,INIT
2025-12-04T20:56:17.882522,1711.098448923,-1.3208284717603863e-05,0.0,5.068339140747862e-07,-1.3208284717603863e-05,True,1.3208284717603863e-05,0.0,INIT
2025-12-04T20:56:17.886248,1711.102176923,-0.0002028230776515811,0.0,5.168674350397338e-05,-0.0002028230776515811,True,0.0002028230776515811,0.0,INIT
2025-12-04T20:56:17.952312,1711.16824845,-0.0002028230776515811,0.0,5.168674350397338e-05,-0.0002028230776515811,True,0.0002028230776515811,0.0,INIT
2025-12-04T20:56:18.094330,1711.310261054,-0.0006452584277966308,0.0,0.0003543162383770404,-0.0006452584277966308,True,0.0006452584277966308,0.0,INIT
2025-12-04T20:56:18.101610,1711.317551778,-0.0006452584277966308,0.0,0.0003543162383770404,-0.0006452584277966308,True,0.0006452584277966308,0.0,INIT
2025-12-04T20:56:18.104579,1711.32050704,-0.0006452584277966308,0.0,0.0003543162383770404,-0.0006452584277966308,True,0.0006452584277966308,0.0,INIT
2025-12-04T20:56:18.105668,1711.321596046,-0.0006452584277966308,0.0,0.0003543162383770404,-0.0006452584277966308,True,0.0006452584277966308,0.0,INIT
2025-12-04T20:56:18.106631,1711.322556845,-0.0006452584277966308,0.0,0.0003543162383770404,-0.0006452584277966308,True,0.0006452584277966308,0.0,INIT
2025-12-04T20:56:18.107615,1711.323541805,-0.0006452584277966308,0.0,0.0003543162383770404,-0.0006452584277966308,True,0.0006452584277966308,0.0,INIT
2025-12-04T20:56:18.197856,1711.413782477,-0.0006452584277966308,0.0,0.0003543162383770404,-0.0006452584277966308,True,0.0006452584277966308,0.0,INIT
2025-12-04T20:56:18.340533,1711.556464889,-0.0006452584277192633,0.0,0.00035431623830739424,-0.0006452584277192633,True,0.0006452584277192633,0.0,INIT
2025-12-04T20:56:18.402060,1711.617992783,-0.0006452584277192633,0.0,0.00035431623830739424,-0.0006452584277192633,True,0.0006452584277192633,0.0,INIT
2025-12-04T20:56:18.450775,1711.666706389,-0.0006452584277192633,0.0,0.00035431623830739424,-0.0006452584277192633,True,0.0006452584277192633,0.0,INIT
2025-12-04T20:56:18.556858,1711.772786836,-0.0006452584277192633,0.0,0.00035431623830739424,-0.0006452584277192633,True,0.0006452584277192633,0.0,INIT
2025-12-04T20:56:18.593599,1711.809543727,5.06828802697399e-07,0.0,-1.98720274351344e-09,5.06828802697399e-07,True,5.06828802697399e-07,0.0,INIT
2025-12-04T20:56:18.620211,1711.836139326,5.06828802697399e-07,0.0,-1.98720274351344e-09,5.06828802697399e-07,True,5.06828802697399e-07,0.0,INIT
2025-12-04T20:56:18.623547,1711.839474677,5.068344505218448e-07,0.0,-1.9872403878586223e-09,5.068344505218448e-07,True,5.068344505218448e-07,0.0,INIT
2025-12-04T20:56:18.625538,1711.841466963,5.068344505218448e-07,0.0,-1.9872403878586223e-09,5.068344505218448e-07,True,5.068344505218448e-07,0.0,INIT
2025-12-04T20:56:18.626882,1711.842810445,5.068344505218448e-07,0.0,-1.9872403878586223e-09,5.068344505218448e-07,True,5.068344505218448e-07,0.0,INIT
2025-12-04T20:56:18.631525,1711.847454218,5.068342957869285e-07,0.0,-1.987239356502788e-09,5.068342957869285e-07,True,5.068342957869285e-07,0.0,INIT
2025-12-04T20:56:18.638192,1711.854119589,5.068342957869285e-07,0.0,-1.987239356502788e-09,5.068342957869285e-07,True,5.068342957869285e-07,0.0,INIT
2025-12-04T20:56:18.640171,1711.856104161,5.068342957869285e-07,0.0,-1.987239356502788e-09,5.068342957869285e-07,True,5.068342957869285e-07,0.0,INIT
2025-12-04T20:56:18.641248,1711.857171033,5.068342957869285e-07,0.0,-1.987239356502788e-09,5.068342957869285e-07,True,5.068342957869285e-07,0.0,INIT
2025-12-04T20:56:18.642242,1711.858166058,5.068342957869285e-07,0.0,-1.987239356502788e-09,5.068342957869285e-07,True,5.068342957869285e-07,0.0,INIT
2025-12-04T20:56:18.644953,1711.860877998,5.068342957869285e-07,0.0,-1.987239356502788e-09,5.068342957869285e-07,True,5.068342957869285e-07,0.0,INIT
2025-12-04T20:56:18.646200,1711.862123568,5.068342957869285e-07,0.0,-1.987239356502788e-09,5.068342957869285e-07,True,5.068342957869285e-07,0.0,INIT
2025-12-04T20:56:18.647470,1711.863395888,5.068342957869285e-07,0.0,-1.987239356502788e-09,5.068342957869285e-07,True,5.068342957869285e-07,0.0,INIT
2025-12-04T20:56:18.648757,1711.864682705,5.068342957869285e-07,0.0,-1.987239356502788e-09,5.068342957869285e-07,True,5.068342957869285e-07,0.0,INIT
2025-12-04T20:56:18.655585,1711.871516736,0.00022302831877099127,0.0,-6.06223062521197e-05,0.00022302831877099127,True,0.00022302831877099127,0.0,INIT
2025-12-04T20:56:18.666776,1711.882704357,0.00022302831877099127,0.0,-6.06223062521197e-05,0.00022302831877099127,True,0.00022302831877099127,0.0,INIT
2025-12-04T20:56:18.677243,1711.893173306,3.5429975484611886e-05,0.0,-2.7064154449433984e-06,3.5429975484611886e-05,True,3.5429975484611886e-05,0.0,INIT
2025-12-04T20:56:18.693855,1711.909790114,3.5429975484611886e-05,0.0,-2.7064154449433984e-06,3.5429975484611886e-05,True,3.5429975484611886e-05,0.0,INIT
2025-12-04T20:56:18.701467,1711.917400346,-2.706438712320263e-06,0.0,3.427357534559028e-08,-2.706438712320263e-06,True,2.706438712320263e-06,0.0,INIT
2025-12-04T20:56:18.710344,1711.926284603,-2.706438712320263e-06,0.0,3.427357534559028e-08,-2.706438712320263e-06,True,2.706438712320263e-06,0.0,INIT
2025-12-04T20:56:18.720613,1711.936543642,3.427215924915869e-08,0.0,-2.038914459235618e-11,3.427215924915869e-08,True,3.427215924915869e-08,0.0,INIT
2025-12-04T20:56:18.732749,1711.948681307,3.427215924915869e-08,0.0,-2.038914459235618e-11,3.427215924915869e-08,True,3.427215924915869e-08,0.0,INIT
2025-12-04T20:56:18.743895,1711.959822371,-2.04250089547764e-11,0.0,6.718554332854463e-17,-2.04250089547764e-11,True,2.04250089547764e-11,0.0,INIT
2025-12-04T20:56:18.755683,1711.97161968,-2.04250089547764e-11,0.0,6.718554332854463e-17,-2.04250089547764e-11,True,2.04250089547764e-11,0.0,INIT
2025-12-04T20:56:18.765609,1711.981538597,7.736745816203182e-14,0.0,-5.1351029969817835e-21,7.736745816203182e-14,True,7.736745816203182e-14,0.0,INIT
2025-12-04T20:56:18.776483,1711.992412953,7.736745816203182e-14,0.0,-5.1351029969817835e-21,7.736745816203182e-14,True,7.736745816203182e-14,0.0,INIT
2025-12-04T20:56:18.787270,1712.003198596,7.736745816203182e-14,0.0,-5.1351029969817835e-21,7.736745816203182e-14,True,7.736745816203182e-14,0.0,INIT
2025-12-04T20:56:18.798895,1712.014827,7.736745816203182e-14,0.0,-5.1351029969817835e-21,7.736745816203182e-14,True,7.736745816203182e-14,0.0,INIT
2025-12-04T20:56:18.821648,1712.0375799,0.0,0.0,0.0,0.0,True,0.0,0.0,INIT
2025-12-04T20:56:18.823606,1712.039536667,0.0,0.0,0.0,0.0,True,0.0,0.0,INIT
2025-12-04T20:56:18.872307,1712.088238218,0.0,0.0,0.0,0.0,True,0.0,0.0,INIT
2025-12-04T20:56:19.029105,1712.245037253,-7.736745816203182e-14,0.0,5.1351029969817835e-21,-7.736745816203182e-14,True,7.736745816203182e-14,0.0,INIT
2025-12-04T20:56:19.038030,1712.253969625,-7.736745816203182e-14,0.0,5.1351029969817835e-21,-7.736745816203182e-14,True,7.736745816203182e-14,0.0,INIT
2025-12-04T20:56:19.039496,1712.255423876,-7.736745816203182e-14,0.0,5.1351029969817835e-21,-7.736745816203182e-14,True,7.736745816203182e-14,0.0,INIT
2025-12-04T20:56:19.040337,1712.256264566,-7.736745816203182e-14,0.0,5.1351029969817835e-21,-7.736745816203182e-14,True,7.736745816203182e-14,0.0,INIT
2025-12-04T20:56:19.040954,1712.25687906,-7.736745816203182e-14,0.0,5.1351029969817835e-21,-7.736745816203182e-14,True,7.736745816203182e-14,0.0,INIT
2025-12-04T20:56:19.041611,1712.257536203,-7.736745816203182e-14,0.0,5.1351029969817835e-21,-7.736745816203182e-14,True,7.736745816203182e-14,0.0,INIT
2025-12-04T20:56:19.042221,1712.258148941,-7.736745816203182e-14,0.0,5.1351029969817835e-21,-7.736745816203182e-14,True,7.736745816203182e-14,0.0,INIT
2025-12-04T20:56:19.186484,1712.402411075,-7.736745816203182e-14,0.0,5.1351029969817835e-21,-7.736745816203182e-14,True,7.736745816203182e-14,0.0,INIT
2025-12-04T20:56:19.260030,1712.47596728,-7.736745816203182e-14,0.0,5.1351029969817835e-21,-7.736745816203182e-14,True,7.736745816203182e-14,0.0,INIT
2025-12-04T20:56:19.267781,1712.483711547,-7.736745816203182e-14,0.0,5.1351029969817835e-21,-7.736745816203182e-14,True,7.736745816203182e-14,0.0,INIT
2025-12-04T20:56:19.269657,1712.485595483,-7.736745816203182e-14,0.0,5.1351029969817835e-21,-7.736745816203182e-14,True,7.736745816203182e-14,0.0,INIT
2025-12-04T20:56:19.270780,1712.486705517,-7.736745816203182e-14,0.0,5.1351029969817835e-21,-7.736745816203182e-14,True,7.736745816203182e-14,0.0,INIT
2025-12-04T20:56:19.271670,1712.487595463,-7.736745816203182e-14,0.0,5.1351029969817835e-21,-7.736745816203182e-14,True,7.736745816203182e-14,0.0,INIT
2025-12-04T20:56:19.277679,1712.493603968,-7.736745816203182e-14,0.0,5.1351029969817835e-21,-7.736745816203182e-14,True,7.736745816203182e-14,0.0,INIT
2025-12-04T20:56:19.287135,1712.503068194,0.0,0.0,0.0,0.0,True,0.0,0.0,INIT
2025-12-04T20:56:19.289200,1712.505126763,0.0,0.0,0.0,0.0,True,0.0,0.0,INIT
2025-12-04T20:56:19.289942,1712.505870166,0.0,0.0,0.0,0.0,True,0.0,0.0,INIT
2025-12-04T20:56:19.290542,1712.506465898,0.0,0.0,0.0,0.0,True,0.0,0.0,INIT
2025-12-04T20:56:19.291391,1712.507316228,0.0,0.0,0.0,0.0,True,0.0,0.0,INIT
2025-12-04T20:56:19.292689,1712.508619374,0.0,0.0,0.0,0.0,True,0.0,0.0,INIT
2025-12-04T20:56:19.294031,1712.509962486,0.0,0.0,0.0,0.0,True,0.0,0.0,INIT
2025-12-04T20:56:19.361430,1712.577365436,0.0,0.0,0.0,0.0,True,0.0,0.0,INIT
2025-12-04T20:56:19.366375,1712.582306765,0.0,0.0,0.0,0.0,True,0.0,0.0,INIT
2025-12-04T20:56:19.367788,1712.583714545,0.0,0.0,0.0,0.0,True,0.0,0.0,INIT
2025-12-04T20:56:19.368576,1712.584500191,0.0,0.0,0.0,0.0,True,0.0,0.0,INIT
2025-12-04T20:56:19.369890,1712.585820233,0.0,0.0,0.0,0.0,True,0.0,0.0,INIT
2025-12-04T20:56:19.371264,1712.587192848,0.0,0.0,0.0,0.0,True,0.0,0.0,INIT
2025-12-04T20:56:19.372101,1712.588028278,0.0,0.0,0.0,0.0,True,0.0,0.0,INIT
2025-12-04T20:56:19.380455,1712.596385243,0.0,0.0,0.0,0.0,True,0.0,0.0,INIT
2025-12-04T20:56:19.462716,1712.678645593,7.736745816203182e-14,0.0,-5.1351029969817835e-21,7.736745816203182e-14,True,7.736745816203182e-14,0.0,INIT
2025-12-04T20:56:19.527192,1712.743126927,7.736745816203182e-14,0.0,-5.1351029969817835e-21,7.736745816203182e-14,True,7.736745816203182e-14,0.0,INIT
2025-12-04T20:56:19.585547,1712.801476271,7.736745816203182e-14,0.0,-5.1351029969817835e-21,7.736745816203182e-14,True,7.736745816203182e-14,0.0,INIT
2025-12-04T20:56:19.671433,1712.887364327,0.0,0.0,0.0,0.0,True,0.0,0.0,INIT
2025-12-04T20:56:19.678836,1712.894767364,0.0,0.0,0.0,0.0,True,0.0,0.0,INIT
2025-12-04T20:56:19.681202,1712.897128428,0.0,0.0,0.0,0.0,True,0.0,0.0,INIT
2025-12-04T20:56:19.682627,1712.898553879,0.0,0.0,0.0,0.0,True,0.0,0.0,INIT
2025-12-04T20:56:19.710161,1712.92609321,0.0,0.0,0.0,0.0,True,0.0,0.0,INIT
2025-12-04T20:56:19.719405,1712.935337956,0.0,0.0,0.0,0.0,True,0.0,0.0,INIT
2025-12-04T20:56:19.722033,1712.93796109,0.0,0.0,0.0,0.0,True,0.0,0.0,INIT
2025-12-04T20:56:19.723336,1712.939266917,0.0,0.0,0.0,0.0,True,0.0,0.0,INIT
2025-12-04T20:56:19.724326,1712.940253928,0.0,0.0,0.0,0.0,True,0.0,0.0,INIT
2025-12-04T20:56:19.725346,1712.941270131,0.0,0.0,0.0,0.0,True,0.0,0.0,INIT
2025-12-04T20:56:19.729026,1712.944954668,-7.736745816203182e-14,0.0,5.1351029969817835e-21,-7.736745816203182e-14,True,7.736745816203182e-14,0.0,INIT
2025-12-04T20:56:19.730688,1712.946617323,-7.736745816203182e-14,0.0,5.1351029969817835e-21,-7.736745816203182e-14,True,7.736745816203182e-14,0.0,INIT
2025-12-04T20:56:19.731431,1712.947358468,-7.736745816203182e-14,0.0,5.1351029969817835e-21,-7.736745816203182e-14,True,7.736745816203182e-14,0.0,INIT
2025-12-04T20:56:19.732143,1712.948066659,-7.736745816203182e-14,0.0,5.1351029969817835e-21,-7.736745816203182e-14,True,7.736745816203182e-14,0.0,INIT
2025-12-04T20:56:19.733066,1712.94898863,-7.736745816203182e-14,0.0,5.1351029969817835e-21,-7.736745816203182e-14,True,7.736745816203182e-14,0.0,INIT
2025-12-04T20:56:19.734056,1712.94998069,-7.736745816203182e-14,0.0,5.1351029969817835e-21,-7.736745816203182e-14,True,7.736745816203182e-14,0.0,INIT
2025-12-04T20:56:19.787884,1713.003815732,-7.736745816203182e-14,0.0,5.1351029969817835e-21,-7.736745816203182e-14,True,7.736745816203182e-14,0.0,INIT
2025-12-04T20:56:19.791836,1713.007769891,0.0,0.0,0.0,0.0,True,0.0,0.0,INIT
2025-12-04T20:56:19.792586,1713.008510308,0.0,0.0,0.0,0.0,True,0.0,0.0,INIT
2025-12-04T20:56:19.793160,1713.009085769,0.0,0.0,0.0,0.0,True,0.0,0.0,INIT
2025-12-04T20:56:19.793988,1713.009911309,0.0,0.0,0.0,0.0,True,0.0,0.0,INIT
2025-12-04T20:56:20.072648,1713.288590911,0.0,0.0,0.0,0.0,True,0.0,0.0,INIT
2025-12-04T20:56:20.089831,1713.30575912,7.736745816203182e-14,0.0,-5.1351029969817835e-21,7.736745816203182e-14,True,7.736745816203182e-14,0.0,INIT
2025-12-04T20:56:20.121183,1713.33711365,7.736745816203182e-14,0.0,-5.1351029969817835e-21,7.736745816203182e-14,True,7.736745816203182e-14,0.0,INIT
2025-12-04T20:56:20.127176,1713.34310781,7.736745816203182e-14,0.0,-5.1351029969817835e-21,7.736745816203182e-14,True,7.736745816203182e-14,0.0,INIT
2025-12-04T20:56:20.128311,1713.344237639,7.736745816203182e-14,0.0,-5.1351029969817835e-21,7.736745816203182e-14,True,7.736745816203182e-14,0.0,INIT
2025-12-04T20:56:20.129583,1713.345512271,7.736745816203182e-14,0.0,-5.1351029969817835e-21,7.736745816203182e-14,True,7.736745816203182e-14,0.0,INIT
2025-12-04T20:56:20.131405,1713.347335581,7.736745816203182e-14,0.0,-5.1351029969817835e-21,7.736745816203182e-14,True,7.736745816203182e-14,0.0,INIT
2025-12-04T20:56:20.132265,1713.348191274,7.736745816203182e-14,0.0,-5.1351029969817835e-21,7.736745816203182e-14,True,7.736745816203182e-14,0.0,INIT
2025-12-04T20:56:20.133152,1713.349075465,7.736745816203182e-14,0.0,-5.1351029969817835e-21,7.736745816203182e-14,True,7.736745816203182e-14,0.0,INIT
2025-12-04T20:56:20.134541,1713.350471076,7.736745816203182e-14,0.0,-5.1351029969817835e-21,7.736745816203182e-14,True,7.736745816203182e-14,0.0,INIT
2025-12-04T20:56:20.135728,1713.351654925,7.736745816203182e-14,0.0,-5.1351029969817835e-21,7.736745816203182e-14,True,7.736745816203182e-14,0.0,INIT
2025-12-04T20:56:20.137473,1713.353401936,7.736745816203182e-14,0.0,-5.1351029969817835e-21,7.736745816203182e-14,True,7.736745816203182e-14,0.0,INIT
2025-12-04T20:56:20.278332,1713.494257333,7.736745816203182e-14,0.0,-5.1351029969817835e-21,7.736745816203182e-14,True,7.736745816203182e-14,0.0,INIT
2025-12-04T20:56:20.375186,1713.591115599,7.736745816203182e-14,0.0,-5.1351029969817835e-21,7.736745816203182e-14,True,7.736745816203182e-14,0.0,INIT
2025-12-04T20:56:20.488133,1713.704067775,7.736745816203182e-14,0.0,-5.1351029969817835e-21,7.736745816203182e-14,True,7.736745816203182e-14,0.0,INIT
2025-12-04T20:56:20.631856,1713.847793068,7.736745816203182e-14,0.0,-5.1351029969817835e-21,7.736745816203182e-14,True,7.736745816203182e-14,0.0,INIT
2025-12-04T20:56:20.740229,1713.956162234,7.736745816203182e-14,0.0,-5.1351029969817835e-21,7.736745816203182e-14,True,7.736745816203182e-14,0.0,INIT
2025-12-04T20:56:21.043741,1714.259673612,7.736745816203182e-14,0.0,-5.1351029969817835e-21,7.736745816203182e-14,True,7.736745816203182e-14,0.0,INIT
2025-12-04T20:56:21.374206,1714.590140395,0.0,0.0,0.0,0.0,True,0.0,0.0,INIT
2025-12-04T20:56:21.424372,1714.640300927,7.736745816203182e-14,0.0,-5.1351029969817835e-21,7.736745816203182e-14,True,7.736745816203182e-14,0.0,INIT
2025-12-04T20:56:21.427044,1714.642968897,7.736745816203182e-14,0.0,-5.1351029969817835e-21,7.736745816203182e-14,True,7.736745816203182e-14,0.0,INIT
2025-12-04T20:56:21.428470,1714.644393542,7.736745816203182e-14,0.0,-5.1351029969817835e-21,7.736745816203182e-14,True,7.736745816203182e-14,0.0,INIT
2025-12-04T20:56:21.977917,1715.193849047,7.736745816203182e-14,0.0,-5.1351029969817835e-21,7.736745816203182e-14,True,7.736745816203182e-14,0.0,INIT
2025-12-04T20:56:22.200710,1715.416638642,7.736745816203182e-14,0.0,-5.1351029969817835e-21,7.736745816203182e-14,True,7.736745816203182e-14,0.0,INIT
2025-12-04T20:56:22.312471,1715.528400857,-9.284094979443819e-13,0.0,3.508789196067397e-19,-9.284094979443819e-13,True,9.284094979443819e-13,0.0,INIT
2025-12-04T20:56:22.318303,1715.534231565,-9.284094979443819e-13,0.0,3.508789196067397e-19,-9.284094979443819e-13,True,9.284094979443819e-13,0.0,INIT
2025-12-04T20:56:22.319861,1715.535789045,-9.284094979443819e-13,0.0,3.508789196067397e-19,-9.284094979443819e-13,True,9.284094979443819e-13,0.0,INIT
2025-12-04T20:56:22.432165,1715.648092393,2.862595951995178e-12,0.0,-2.3795349590847976e-18,2.862595951995178e-12,True,2.862595951995178e-12,0.0,INIT
2025-12-04T20:56:22.458468,1715.674398636,2.862595951995178e-12,0.0,-2.3795349590847976e-18,2.862595951995178e-12,True,2.862595951995178e-12,0.0,INIT
2025-12-04T20:56:22.468606,1715.684547484,-8.510420397823501e-13,0.0,3.026333069995265e-19,-8.510420397823501e-13,True,8.510420397823501e-13,0.0,INIT
2025-12-04T20:56:22.472613,1715.688544697,-8.510420397823501e-13,0.0,3.026333069995265e-19,-8.510420397823501e-13,True,8.510420397823501e-13,0.0,INIT
2025-12-04T20:56:22.475134,1715.691063529,-8.510420397823501e-13,0.0,3.026333069995265e-19,-8.510420397823501e-13,True,8.510420397823501e-13,0.0,INIT
2025-12-04T20:56:22.476658,1715.69258489,-8.510420397823501e-13,0.0,3.026333069995265e-19,-8.510420397823501e-13,True,8.510420397823501e-13,0.0,INIT
2025-12-04T20:56:22.608567,1715.82449432,-8.510420397823501e-13,0.0,3.026333069995265e-19,-8.510420397823501e-13,True,8.510420397823501e-13,0.0,INIT
2025-12-04T20:56:22.771352,1715.987283262,-8.510420397823501e-13,0.0,3.026333069995265e-19,-8.510420397823501e-13,True,8.510420397823501e-13,0.0,INIT
2025-12-04T20:56:22.799191,1716.015118674,-8.510420397823501e-13,0.0,3.026333069995265e-19,-8.510420397823501e-13,True,8.510420397823501e-13,0.0,INIT
2025-12-04T20:56:22.808254,1716.024186672,-9.284094979443819e-13,0.0,3.508789196067397e-19,-9.284094979443819e-13,True,9.284094979443819e-13,0.0,INIT
2025-12-04T20:56:22.833876,1716.049803051,-9.284094979443819e-13,0.0,3.508789196067397e-19,-9.284094979443819e-13,True,9.284094979443819e-13,0.0,INIT
2025-12-04T20:56:22.883381,1716.099310055,-7.736745816203181e-13,0.0,2.5736480652692093e-19,-7.736745816203181e-13,True,7.736745816203181e-13,0.0,INIT
2025-12-04T20:56:22.892851,1716.1087784,-7.736745816203181e-13,0.0,2.5736480652692093e-19,-7.736745816203181e-13,True,7.736745816203181e-13,0.0,INIT
2025-12-04T20:56:22.894672,1716.110597666,-7.736745816203181e-13,0.0,2.5736480652692093e-19,-7.736745816203181e-13,True,7.736745816203181e-13,0.0,INIT
2025-12-04T20:56:22.896266,1716.112192495,-7.736745816203181e-13,0.0,2.5736480652692093e-19,-7.736745816203181e-13,True,7.736745816203181e-13,0.0,INIT
2025-12-04T20:56:22.906176,1716.122102021,-7.736745816203181e-13,0.0,2.5736480652692093e-19,-7.736745816203181e-13,True,7.736745816203181e-13,0.0,INIT
2025-12-04T20:56:22.914215,1716.130152482,-9.284094979443819e-13,0.0,3.508789196067397e-19,-9.284094979443819e-13,True,9.284094979443819e-13,0.0,INIT
2025-12-04T20:56:22.917122,1716.133054573,-9.284094979443819e-13,0.0,3.508789196067397e-19,-9.284094979443819e-13,True,9.284094979443819e-13,0.0,INIT
2025-12-04T20:56:22.925416,1716.141341758,-9.284094979443819e-13,0.0,3.508789196067397e-19,-9.284094979443819e-13,True,9.284094979443819e-13,0.0,INIT
2025-12-04T20:56:22.952293,1716.168222677,-7.736745816203181e-13,0.0,2.5736480652692093e-19,-7.736745816203181e-13,True,7.736745816203181e-13,0.0,INIT
2025-12-04T20:56:22.954848,1716.170775964,-7.736745816203181e-13,0.0,2.5736480652692093e-19,-7.736745816203181e-13,True,7.736745816203181e-13,0.0,INIT
2025-12-04T20:56:22.956118,1716.172046648,-7.736745816203181e-13,0.0,2.5736480652692093e-19,-7.736745816203181e-13,True,7.736745816203181e-13,0.0,INIT
2025-12-04T20:56:22.956978,1716.172902249,-7.736745816203181e-13,0.0,2.5736480652692093e-19,-7.736745816203181e-13,True,7.736745816203181e-13,0.0,INIT
2025-12-04T20:56:22.958165,1716.174088773,-7.736745816203181e-13,0.0,2.5736480652692093e-19,-7.736745816203181e-13,True,7.736745816203181e-13,0.0,INIT
2025-12-04T20:56:22.958924,1716.174847893,-7.736745816203181e-13,0.0,2.5736480652692093e-19,-7.736745816203181e-13,True,7.736745816203181e-13,0.0,INIT
2025-12-04T20:56:23.035046,1716.250973255,-7.736745816203181e-13,0.0,2.5736480652692093e-19,-7.736745816203181e-13,True,7.736745816203181e-13,0.0,INIT
2025-12-04T20:56:23.137431,1716.3533602,-6.189396652962546e-13,0.0,1.7611734781624315e-19,-6.189396652962546e-13,True,6.189396652962546e-13,0.0,INIT
2025-12-04T20:56:23.368836,1716.584766456,-6.189396652962546e-13,0.0,1.7611734781624315e-19,-6.189396652962546e-13,True,6.189396652962546e-13,0.0,INIT
2025-12-04T20:56:23.395964,1716.61189636,-9.284094979443819e-13,0.0,3.508789196067397e-19,-9.284094979443819e-13,True,9.284094979443819e-13,0.0,INIT
2025-12-04T20:56:23.471944,1716.687871768,9.284094979443819e-13,0.0,-3.508789196067397e-19,9.284094979443819e-13,True,9.284094979443819e-13,0.0,INIT
2025-12-04T20:56:23.538222,1716.754152484,9.284094979443819e-13,0.0,-3.508789196067397e-19,9.284094979443819e-13,True,9.284094979443819e-13,0.0,INIT
2025-12-04T20:56:23.727545,1716.943475991,1.5473491632406364e-13,0.0,-1.668399885920908e-20,1.5473491632406364e-13,True,1.5473491632406364e-13,0.0,INIT
2025-12-04T20:56:23.772066,1716.987997913,1.5473491632406364e-13,0.0,-1.668399885920908e-20,1.5473491632406364e-13,True,1.5473491632406364e-13,0.0,INIT
2025-12-04T20:56:23.789312,1717.005246334,-1.5473491632406364e-13,0.0,1.668399885920908e-20,-1.5473491632406364e-13,True,1.5473491632406364e-13,0.0,INIT
2025-12-04T20:56:23.801655,1717.017597763,-1.5473491632406364e-13,0.0,1.668399885920908e-20,-1.5473491632406364e-13,True,1.5473491632406364e-13,0.0,INIT
2025-12-04T20:56:23.821548,1717.037478194,1.5473491632406364e-13,0.0,-1.668399885920908e-20,1.5473491632406364e-13,True,1.5473491632406364e-13,0.0,INIT
2025-12-04T20:56:23.825312,1717.041241985,1.5473491632406364e-13,0.0,-1.668399885920908e-20,1.5473491632406364e-13,True,1.5473491632406364e-13,0.0,INIT
2025-12-04T20:56:23.827213,1717.043143272,1.5473491632406364e-13,0.0,-1.668399885920908e-20,1.5473491632406364e-13,True,1.5473491632406364e-13,0.0,INIT
2025-12-04T20:56:23.829014,1717.044939221,1.5473491632406364e-13,0.0,-1.668399885920908e-20,1.5473491632406364e-13,True,1.5473491632406364e-13,0.0,INIT
2025-12-04T20:56:23.831068,1717.046996116,1.5473491632406364e-13,0.0,-1.668399885920908e-20,1.5473491632406364e-13,True,1.5473491632406364e-13,0.0,INIT
2025-12-04T20:56:23.835288,1717.051216714,1.5473491632406364e-13,0.0,-1.668399885920908e-20,1.5473491632406364e-13,True,1.5473491632406364e-13,0.0,INIT
2025-12-04T20:56:23.841221,1717.057147684,1.5473491632406364e-13,0.0,-1.668399885920908e-20,1.5473491632406364e-13,True,1.5473491632406364e-13,0.0,INIT
2025-12-04T20:56:23.843339,1717.059265925,1.5473491632406364e-13,0.0,-1.668399885920908e-20,1.5473491632406364e-13,True,1.5473491632406364e-13,0.0,INIT
2025-12-04T20:56:23.844777,1717.06070105,1.5473491632406364e-13,0.0,-1.668399885920908e-20,1.5473491632406364e-13,True,1.5473491632406364e-13,0.0,INIT
2025-12-04T20:56:23.846375,1717.062302526,1.5473491632406364e-13,0.0,-1.668399885920908e-20,1.5473491632406364e-13,True,1.5473491632406364e-13,0.0,INIT
2025-12-04T20:56:23.855856,1717.071788422,1.5473491632406364e-13,0.0,-1.668399885920908e-20,1.5473491632406364e-13,True,1.5473491632406364e-13,0.0,INIT
2025-12-04T20:56:23.906163,1717.122090261,0.0,0.0,0.0,0.0,True,0.0,0.0,INIT
2025-12-04T20:56:23.910926,1717.126854841,0.0,0.0,0.0,0.0,True,0.0,0.0,INIT
2025-12-04T20:56:23.911982,1717.127905026,0.0,0.0,0.0,0.0,True,0.0,0.0,INIT
2025-12-04T20:56:23.913060,1717.128989766,0.0,0.0,0.0,0.0,True,0.0,0.0,INIT
2025-12-04T20:56:23.935735,1717.151665921,0.0,0.0,0.0,0.0,True,0.0,0.0,INIT
2025-12-04T20:56:23.996042,1717.211975101,-1.5473491632406364e-13,0.0,1.668399885920908e-20,-1.5473491632406364e-13,True,1.5473491632406364e-13,0.0,INIT
2025-12-04T20:56:24.001168,1717.21710665,-1.5473491632406364e-13,0.0,1.668399885920908e-20,-1.5473491632406364e-13,True,1.5473491632406364e-13,0.0,INIT
2025-12-04T20:56:24.161473,1717.377399237,-1.5473491632406364e-13,0.0,1.668399885920908e-20,-1.5473491632406364e-13,True,1.5473491632406364e-13,0.0,INIT
2025-12-04T20:56:24.275122,1717.491049449,1.5473491632406364e-13,0.0,-1.668399885920908e-20,1.5473491632406364e-13,True,1.5473491632406364e-13,0.0,INIT
2025-12-04T20:56:24.288075,1717.504018449,1.5473491632406364e-13,0.0,-1.668399885920908e-20,1.5473491632406364e-13,True,1.5473491632406364e-13,0.0,INIT
2025-12-04T20:56:24.453924,1717.669854812,-1.5473491632406364e-13,0.0,1.668399885920908e-20,-1.5473491632406364e-13,True,1.5473491632406364e-13,0.0,INIT
2025-12-04T20:56:24.504100,1717.720028557,-1.5473491632406364e-13,0.0,1.668399885920908e-20,-1.5473491632406364e-13,True,1.5473491632406364e-13,0.0,INIT
2025-12-04T20:56:24.622520,1717.838457421,3.5589030754534637e-12,0.0,-3.4453827306139417e-18,3.5589030754534637e-12,True,3.5589030754534637e-12,0.0,INIT
2025-12-04T20:56:24.643586,1717.859518221,3.5589030754534637e-12,0.0,-3.4453827306139417e-18,3.5589030754534637e-12,True,3.5589030754534637e-12,0.0,INIT
2025-12-04T20:56:24.753696,1717.969624907,-1.5473491632406364e-13,0.0,1.668399885920908e-20,-1.5473491632406364e-13,True,1.5473491632406364e-13,0.0,INIT
2025-12-04T20:56:24.763851,1717.979783541,-1.5473491632406364e-13,0.0,1.668399885920908e-20,-1.5473491632406364e-13,True,1.5473491632406364e-13,0.0,INIT
2025-12-04T20:56:24.765507,1717.981438017,-1.5473491632406364e-13,0.0,1.668399885920908e-20,-1.5473491632406364e-13,True,1.5473491632406364e-13,0.0,INIT
2025-12-04T20:56:24.766876,1717.982806173,-1.5473491632406364e-13,0.0,1.668399885920908e-20,-1.5473491632406364e-13,True,1.5473491632406364e-13,0.0,INIT
2025-12-04T20:56:24.768998,1717.984936085,-1.5473491632406364e-13,0.0,1.668399885920908e-20,-1.5473491632406364e-13,True,1.5473491632406364e-13,0.0,INIT
2025-12-04T20:56:25.002571,1718.2184998,0.0,0.0,0.0,0.0,True,0.0,0.0,INIT
2025-12-04T20:56:25.029419,1718.245351672,0.0,0.0,0.0,0.0,True,0.0,0.0,INIT
2025-12-04T20:56:25.059071,1718.274999673,0.0,0.0,0.0,0.0,True,0.0,0.0,INIT
2025-12-04T20:56:25.062433,1718.278365366,0.0,0.0,0.0,0.0,True,0.0,0.0,INIT
2025-12-04T20:56:25.285920,1718.501847241,0.0,0.0,0.0,0.0,True,0.0,0.0,INIT
2025-12-04T20:56:25.339001,1718.55493445,1.5473491632406364e-13,0.0,-1.668399885920908e-20,1.5473491632406364e-13,True,1.5473491632406364e-13,0.0,INIT
2025-12-04T20:56:25.350708,1718.566640031,1.5473491632406364e-13,0.0,-1.668399885920908e-20,1.5473491632406364e-13,True,1.5473491632406364e-13,0.0,INIT
2025-12-04T20:56:25.537126,1718.753053679,0.0,0.0,0.0,0.0,True,0.0,0.0,INIT
2025-12-04T20:56:25.571800,1718.787736516,0.0,0.0,0.0,0.0,True,0.0,0.0,INIT
2025-12-04T20:56:25.607783,1718.823712465,0.0,0.0,0.0,0.0,True,0.0,0.0,INIT
2025-12-04T20:56:25.706568,1718.922496721,0.0,0.0,0.0,0.0,True,0.0,0.0,INIT
2025-12-04T20:56:25.721458,1718.937392128,0.0,0.0,0.0,0.0,True,0.0,0.0,INIT
2025-12-04T20:56:25.771279,1718.98721719,0.0,0.0,0.0,0.0,True,0.0,0.0,INIT
2025-12-04T20:56:25.777068,1718.992996142,0.0,0.0,0.0,0.0,True,0.0,0.0,INIT
2025-12-04T20:56:25.836474,1719.052406865,0.0,0.0,0.0,0.0,True,0.0,0.0,INIT
2025-12-04T20:56:25.866208,1719.0821407,0.0,0.0,0.0,0.0,True,0.0,0.0,INIT
2025-12-04T20:56:25.889977,1719.105910456,0.0,0.0,0.0,0.0,True,0.0,0.0,INIT
2025-12-04T20:56:26.021401,1719.237333901,0.0,0.0,0.0,0.0,True,0.0,0.0,INIT
2025-12-04T20:56:26.224061,1719.439997388,-1.5473491632406364e-13,0.0,1.668399885920908e-20,-1.5473491632406364e-13,True,1.5473491632406364e-13,0.0,INIT
2025-12-04T20:56:26.301057,1719.516994397,-1.5473491632406364e-13,0.0,1.668399885920908e-20,-1.5473491632406364e-13,True,1.5473491632406364e-13,0.0,INIT
2025-12-04T20:56:26.411546,1719.627475866,0.0,0.0,0.0,0.0,True,0.0,0.0,INIT
2025-12-04T20:56:26.425167,1719.641098318,0.0,0.0,0.0,0.0,True,0.0,0.0,INIT
2025-12-04T20:56:26.453704,1719.669634456,0.0,0.0,0.0,0.0,True,0.0,0.0,INIT
2025-12-04T20:56:26.456472,1719.672397079,0.0,0.0,0.0,0.0,True,0.0,0.0,INIT
2025-12-04T20:56:26.457780,1719.673707075,0.0,0.0,0.0,0.0,True,0.0,0.0,INIT
2025-12-04T20:56:26.459682,1719.67561012,0.0,0.0,0.0,0.0,True,0.0,0.0,INIT
2025-12-04T20:56:26.461021,1719.676944278,0.0,0.0,0.0,0.0,True,0.0,0.0,INIT
2025-12-04T20:56:26.462500,1719.678427879,0.0,0.0,0.0,0.0,True,0.0,0.0,INIT
2025-12-04T20:56:26.487609,1719.703538665,-1.5473491632406364e-13,0.0,1.668399885920908e-20,-1.5473491632406364e-13,True,1.5473491632406364e-13,0.0,INIT
2025-12-04T20:56:26.490596,1719.706523729,-1.5473491632406364e-13,0.0,1.668399885920908e-20,-1.5473491632406364e-13,True,1.5473491632406364e-13,0.0,INIT
2025-12-04T20:56:26.492165,1719.708094179,-1.5473491632406364e-13,0.0,1.668399885920908e-20,-1.5473491632406364e-13,True,1.5473491632406364e-13,0.0,INIT
2025-12-04T20:56:26.493316,1719.709242576,-1.5473491632406364e-13,0.0,1.668399885920908e-20,-1.5473491632406364e-13,True,1.5473491632406364e-13,0.0,INIT
2025-12-04T20:56:26.494707,1719.710634107,-1.5473491632406364e-13,0.0,1.668399885920908e-20,-1.5473491632406364e-13,True,1.5473491632406364e-13,0.0,INIT
2025-12-04T20:56:26.496127,1719.712055552,-1.5473491632406364e-13,0.0,1.668399885920908e-20,-1.5473491632406364e-13,True,1.5473491632406364e-13,0.0,INIT
2025-12-04T20:56:26.497436,1719.713361277,-1.5473491632406364e-13,0.0,1.668399885920908e-20,-1.5473491632406364e-13,True,1.5473491632406364e-13,0.0,INIT
2025-12-04T20:56:26.499010,1719.714939997,-1.5473491632406364e-13,0.0,1.668399885920908e-20,-1.5473491632406364e-13,True,1.5473491632406364e-13,0.0,INIT
2025-12-04T20:56:26.515563,1719.731493134,-1.5473491632406364e-13,0.0,1.668399885920908e-20,-1.5473491632406364e-13,True,1.5473491632406364e-13,0.0,INIT
2025-12-04T20:56:26.517551,1719.733479154,1.5473491632406364e-13,0.0,-1.668399885920908e-20,1.5473491632406364e-13,True,1.5473491632406364e-13,0.0,INIT
2025-12-04T20:56:26.524733,1719.74066265,1.5473491632406364e-13,0.0,-1.668399885920908e-20,1.5473491632406364e-13,True,1.5473491632406364e-13,0.0,INIT
2025-12-04T20:56:26.535748,1719.751684664,1.5473491632406364e-13,0.0,-1.668399885920908e-20,1.5473491632406364e-13,True,1.5473491632406364e-13,0.0,INIT
2025-12-04T20:56:26.546001,1719.761928772,0.0,0.0,0.0,0.0,True,0.0,0.0,INIT
2025-12-04T20:56:26.556319,1719.772251439,0.0,0.0,0.0,0.0,True,0.0,0.0,INIT
2025-12-04T20:56:26.566938,1719.782866815,0.0,0.0,0.0,0.0,True,0.0,0.0,INIT
2025-12-04T20:56:26.577864,1719.79379194,-1.5473491632406364e-13,0.0,1.668399885920908e-20,-1.5473491632406364e-13,True,1.5473491632406364e-13,0.0,INIT
2025-12-04T20:56:26.603814,1719.819760944,-1.5473491632406364e-13,0.0,1.668399885920908e-20,-1.5473491632406364e-13,True,1.5473491632406364e-13,0.0,INIT
2025-12-04T20:56:26.606486,1719.822420528,-1.5473491632406364e-13,0.0,1.668399885920908e-20,-1.5473491632406364e-13,True,1.5473491632406364e-13,0.0,INIT
2025-12-04T20:56:26.624845,1719.840777834,1.5473491632406364e-13,0.0,-1.668399885920908e-20,1.5473491632406364e-13,True,1.5473491632406364e-13,0.0,INIT
2025-12-04T20:56:26.626815,1719.842744293,1.5473491632406364e-13,0.0,-1.668399885920908e-20,1.5473491632406364e-13,True,1.5473491632406364e-13,0.0,INIT
2025-12-04T20:56:26.643997,1719.859932742,1.5473491632406364e-13,0.0,-1.668399885920908e-20,1.5473491632406364e-13,True,1.5473491632406364e-13,0.0,INIT
2025-12-04T20:56:26.646258,1719.862191113,1.5473491632406364e-13,0.0,-1.668399885920908e-20,1.5473491632406364e-13,True,1.5473491632406364e-13,0.0,INIT
2025-12-04T20:56:26.719379,1719.935309892,0.0,0.0,0.0,0.0,True,0.0,0.0,INIT
2025-12-04T20:56:26.755468,1719.971395474,1.5473491632406364e-13,0.0,-1.668399885920908e-20,1.5473491632406364e-13,True,1.5473491632406364e-13,0.0,INIT
2025-12-04T20:56:26.810194,1720.026125836,1.8568189958887637e-12,0.0,-1.1400089730200058e-18,1.8568189958887637e-12,True,1.8568189958887637e-12,0.0,INIT
2025-12-04T20:56:26.849037,1720.064971251,1.8568189958887637e-12,0.0,-1.1400089730200058e-18,1.8568189958887637e-12,True,1.8568189958887637e-12,0.0,INIT
2025-12-04T20:56:26.853881,1720.069823259,0.0,0.0,0.0,0.0,True,0.0,0.0,INIT
2025-12-04T20:56:26.858401,1720.074332175,0.0,0.0,0.0,0.0,True,0.0,0.0,INIT
2025-12-04T20:56:26.859727,1720.075651994,0.0,0.0,0.0,0.0,True,0.0,0.0,INIT
2025-12-04T20:56:26.865210,1720.081139597,0.0,0.0,0.0,0.0,True,0.0,0.0,INIT
2025-12-04T20:56:26.876271,1720.092206401,0.0,0.0,0.0,0.0,True,0.0,0.0,INIT
2025-12-04T20:56:26.878323,1720.094260898,0.0,0.0,0.0,0.0,True,0.0,0.0,INIT
2025-12-04T20:56:26.879617,1720.095546598,0.0,0.0,0.0,0.0,True,0.0,0.0,INIT
2025-12-04T20:56:26.909267,1720.125202035,0.0,0.0,0.0,0.0,True,0.0,0.0,INIT
2025-12-04T20:56:26.919039,1720.134975667,0.0,0.0,0.0,0.0,True,0.0,0.0,INIT
2025-12-04T20:56:26.920050,1720.135983148,0.0,0.0,0.0,0.0,True,0.0,0.0,INIT
2025-12-04T20:56:26.920958,1720.136887937,0.0,0.0,0.0,0.0,True,0.0,0.0,INIT
2025-12-04T20:56:26.926581,1720.142518475,0.0,0.0,0.0,0.0,True,0.0,0.0,INIT
2025-12-04T20:56:26.928373,1720.144307772,0.0,0.0,0.0,0.0,True,0.0,0.0,INIT
2025-12-04T20:56:26.930555,1720.146488042,0.0,0.0,0.0,0.0,True,0.0,0.0,INIT
2025-12-04T20:56:26.932019,1720.147948018,0.0,0.0,0.0,0.0,True,0.0,0.0,INIT
2025-12-04T20:56:26.933557,1720.149490415,0.0,0.0,0.0,0.0,True,0.0,0.0,INIT
2025-12-04T20:56:26.935509,1720.151440776,0.0,0.0,0.0,0.0,True,0.0,0.0,INIT
2025-12-04T20:56:26.944308,1720.160239742,0.0,0.0,0.0,0.0,True,0.0,0.0,INIT
2025-12-04T20:56:26.958289,1720.174222768,0.0,0.0,0.0,0.0,True,0.0,0.0,INIT
2025-12-04T20:56:26.970586,1720.186517246,0.0,0.0,0.0,0.0,True,0.0,0.0,INIT
2025-12-04T20:56:26.993128,1720.209059094,0.0,0.0,0.0,0.0,True,0.0,0.0,INIT
2025-12-04T20:56:26.997854,1720.213785334,0.0,0.0,0.0,0.0,True,0.0,0.0,INIT
2025-12-04T20:56:27.003079,1720.2190192,1.5473491632406364e-13,0.0,-1.668399885920908e-20,1.5473491632406364e-13,True,1.5473491632406364e-13,0.0,INIT
2025-12-04T20:56:27.012582,1720.22851411,1.5473491632406364e-13,0.0,-1.668399885920908e-20,1.5473491632406364e-13,True,1.5473491632406364e-13,0.0,INIT
2025-12-04T20:56:27.023080,1720.239019669,0.0,0.0,0.0,0.0,True,0.0,0.0,INIT
2025-12-04T20:56:27.033693,1720.249623935,0.0,0.0,0.0,0.0,True,0.0,0.0,INIT
2025-12-04T20:56:27.044998,1720.260927125,0.0,0.0,0.0,0.0,True,0.0,0.0,INIT
2025-12-04T20:56:27.056294,1720.272221871,0.0,0.0,0.0,0.0,True,0.0,0.0,INIT
2025-12-04T20:56:27.076251,1720.292188577,0.0,0.0,0.0,0.0,True,0.0,0.0,INIT
2025-12-04T20:56:27.080859,1720.296791515,0.0,0.0,0.0,0.0,True,0.0,0.0,INIT
2025-12-04T20:56:27.091349,1720.307280921,0.0,0.0,0.0,0.0,True,0.0,0.0,INIT
2025-12-04T20:56:27.111723,1720.327748918,0.0,0.0,0.0,0.0,True,0.0,0.0,INIT
2025-12-04T20:56:27.114633,1720.337780061,0.0,0.0,0.0,0.0,True,0.0,0.0,INIT
2025-12-04T20:56:27.126126,1720.342059198,0.0,0.0,0.0,0.0,True,0.0,0.0,INIT
2025-12-04T20:56:27.136783,1720.352715813,0.0,0.0,0.0,0.0,True,0.0,0.0,INIT
2025-12-04T20:56:27.149512,1720.365446553,0.0,0.0,0.0,0.0,True,0.0,0.0,INIT
2025-12-04T20:56:27.169582,1720.38551173,0.0,0.0,0.0,0.0,True,0.0,0.0,INIT
2025-12-04T20:56:27.171180,1720.387111375,0.0,0.0,0.0,0.0,True,0.0,0.0,INIT
2025-12-04T20:56:27.181536,1720.397472285,0.0,0.0,0.0,0.0,True,0.0,0.0,INIT
2025-12-04T20:56:27.204371,1720.420301842,0.0,0.0,0.0,0.0,True,0.0,0.0,INIT
2025-12-04T20:56:27.206563,1720.422499772,0.0,0.0,0.0,0.0,True,0.0,0.0,INIT
2025-12-04T20:56:27.225436,1720.441365076,0.0,0.0,0.0,0.0,True,0.0,0.0,INIT
2025-12-04T20:56:27.226915,1720.442842825,0.0,0.0,0.0,0.0,True,0.0,0.0,INIT
2025-12-04T20:56:27.244069,1720.460012463,0.0,0.0,0.0,0.0,True,0.0,0.0,INIT
2025-12-04T20:56:27.249534,1720.465467183,0.0,0.0,0.0,0.0,True,0.0,0.0,INIT
2025-12-04T20:56:27.260103,1720.476032359,0.0,0.0,0.0,0.0,True,0.0,0.0,INIT
2025-12-04T20:56:27.271415,1720.487346273,0.0,0.0,0.0,0.0,True,0.0,0.0,INIT
2025-12-04T20:56:27.282395,1720.498324733,0.0,0.0,0.0,0.0,True,0.0,0.0,INIT
2025-12-04T20:56:27.305268,1720.521204801,0.0,0.0,0.0,0.0,True,0.0,0.0,INIT
2025-12-04T20:56:27.320346,1720.536282413,0.0,0.0,0.0,0.0,True,0.0,0.0,INIT
2025-12-04T20:56:27.322473,1720.538410852,0.0,0.0,0.0,0.0,True,0.0,0.0,INIT
2025-12-04T20:56:27.333022,1720.548951673,0.0,0.0,0.0,0.0,True,0.0,0.0,INIT
2025-12-04T20:56:27.341078,1720.557028781,0.0,0.0,0.0,0.0,True,0.0,0.0,INIT
2025-12-04T20:56:27.347278,1720.563206275,0.0,0.0,0.0,0.0,True,0.0,0.0,INIT
2025-12-04T20:56:27.357155,1720.573086519,0.0,0.0,0.0,0.0,True,0.0,0.0,INIT
2025-12-04T20:56:27.377299,1720.59323568,0.0,0.0,0.0,0.0,True,0.0,0.0,INIT
2025-12-04T20:56:27.388224,1720.604160384,0.0,0.0,0.0,0.0,True,0.0,0.0,INIT
2025-12-04T20:56:27.392075,1720.608015294,0.0,0.0,0.0,0.0,True,0.0,0.0,INIT
2025-12-04T20:56:27.464001,1720.679930873,0.0,0.0,0.0,0.0,True,0.0,0.0,INIT
2025-12-04T20:56:27.467109,1720.683047746,1.5473491632406364e-13,0.0,-1.668399885920908e-20,1.5473491632406364e-13,True,1.5473491632406364e-13,0.0,INIT
2025-12-04T20:56:27.469107,1720.68504019,1.5473491632406364e-13,0.0,-1.668399885920908e-20,1.5473491632406364e-13,True,1.5473491632406364e-13,0.0,INIT
2025-12-04T20:56:27.470455,1720.686381868,1.5473491632406364e-13,0.0,-1.668399885920908e-20,1.5473491632406364e-13,True,1.5473491632406364e-13,0.0,INIT
2025-12-04T20:56:27.471595,1720.687531209,1.5473491632406364e-13,0.0,-1.668399885920908e-20,1.5473491632406364e-13,True,1.5473491632406364e-13,0.0,INIT
2025-12-04T20:56:27.472952,1720.688887199,1.5473491632406364e-13,0.0,-1.668399885920908e-20,1.5473491632406364e-13,True,1.5473491632406364e-13,0.0,INIT
2025-12-04T20:56:27.474257,1720.690190004,1.5473491632406364e-13,0.0,-1.668399885920908e-20,1.5473491632406364e-13,True,1.5473491632406364e-13,0.0,INIT
2025-12-04T20:56:27.509642,1720.725583382,1.5473491632406364e-13,0.0,-1.668399885920908e-20,1.5473491632406364e-13,True,1.5473491632406364e-13,0.0,INIT
2025-12-04T20:56:27.522739,1720.73867232,0.0,0.0,0.0,0.0,True,0.0,0.0,INIT
2025-12-04T20:56:27.524832,1720.740758414,0.0,0.0,0.0,0.0,True,0.0,0.0,INIT
2025-12-04T20:56:27.526102,1720.742029004,0.0,0.0,0.0,0.0,True,0.0,0.0,INIT
2025-12-04T20:56:27.527504,1720.743435105,0.0,0.0,0.0,0.0,True,0.0,0.0,INIT
2025-12-04T20:56:27.539627,1720.75555859,-1.0367239393712264e-11,0.0,2.1214232078957327e-17,-1.0367239393712264e-11,True,1.0367239393712264e-11,0.0,INIT
2025-12-04T20:56:27.549501,1720.765433384,-1.0367239393712264e-11,0.0,2.1214232078957327e-17,-1.0367239393712264e-11,True,1.0367239393712264e-11,0.0,INIT
2025-12-04T20:56:27.560690,1720.776619924,-1.5473491632406364e-13,0.0,1.668399885920908e-20,-1.5473491632406364e-13,True,1.5473491632406364e-13,0.0,INIT
2025-12-04T20:56:27.574324,1720.790259731,-1.5473491632406364e-13,0.0,1.668399885920908e-20,-1.5473491632406364e-13,True,1.5473491632406364e-13,0.0,INIT
2025-12-04T20:56:27.584069,1720.800015852,0.0,0.0,0.0,0.0,True,0.0,0.0,INIT
2025-12-04T20:56:27.619015,1720.834964873,0.0,0.0,0.0,0.0,True,0.0,0.0,INIT
2025-12-04T20:56:27.655286,1720.871217071,0.0,0.0,0.0,0.0,True,0.0,0.0,INIT
2025-12-04T20:56:27.658774,1720.874702205,0.0,0.0,0.0,0.0,True,0.0,0.0,INIT
2025-12-04T20:56:27.659379,1720.875306847,0.0,0.0,0.0,0.0,True,0.0,0.0,INIT
2025-12-04T20:56:27.659806,1720.875729598,0.0,0.0,0.0,0.0,True,0.0,0.0,INIT
2025-12-04T20:56:27.660321,1720.876242297,0.0,0.0,0.0,0.0,True,0.0,0.0,INIT
2025-12-04T20:56:27.672751,1720.888685817,0.0,0.0,0.0,0.0,True,0.0,0.0,INIT
2025-12-04T20:56:27.673956,1720.88988776,0.0,0.0,0.0,0.0,True,0.0,0.0,INIT
2025-12-04T20:56:27.683564,1720.899494513,-1.5473491632406364e-13,0.0,1.668399885920908e-20,-1.5473491632406364e-13,True,1.5473491632406364e-13,0.0,INIT
2025-12-04T20:56:27.695146,1720.911078462,-1.5473491632406364e-13,0.0,1.668399885920908e-20,-1.5473491632406364e-13,True,1.5473491632406364e-13,0.0,INIT
2025-12-04T20:56:27.706982,1720.922913153,0.0,0.0,0.0,0.0,True,0.0,0.0,INIT
2025-12-04T20:56:27.719018,1720.934981453,0.0,0.0,0.0,0.0,True,0.0,0.0,INIT
2025-12-04T20:56:27.728289,1720.944217086,0.0,0.0,0.0,0.0,True,0.0,0.0,INIT
2025-12-04T20:56:27.739406,1720.955338845,0.0,0.0,0.0,0.0,True,0.0,0.0,INIT
2025-12-04T20:56:27.777156,1720.993092114,0.0,0.0,0.0,0.0,True,0.0,0.0,INIT
2025-12-04T20:56:27.778770,1720.994698428,0.0,0.0,0.0,0.0,True,0.0,0.0,INIT
2025-12-04T20:56:27.779529,1720.995455189,0.0,0.0,0.0,0.0,True,0.0,0.0,INIT
2025-12-04T20:56:27.789205,1721.005147916,0.0,0.0,0.0,0.0,True,0.0,0.0,INIT
2025-12-04T20:56:27.797044,1721.012972491,-1.5473491632406364e-13,0.0,1.668399885920908e-20,-1.5473491632406364e-13,True,1.5473491632406364e-13,0.0,INIT
2025-12-04T20:56:27.808053,1721.023985781,-1.5473491632406364e-13,0.0,1.668399885920908e-20,-1.5473491632406364e-13,True,1.5473491632406364e-13,0.0,INIT
2025-12-04T20:56:27.821079,1721.03704944,0.0,0.0,0.0,0.0,True,0.0,0.0,INIT
2025-12-04T20:56:27.830764,1721.04669528,0.0,0.0,0.0,0.0,True,0.0,0.0,INIT
2025-12-04T20:56:27.842749,1721.058683283,0.0,0.0,0.0,0.0,True,0.0,0.0,INIT
2025-12-04T20:56:27.853498,1721.069429023,0.0,0.0,0.0,0.0,True,0.0,0.0,INIT
2025-12-04T20:56:27.863318,1721.07924565,0.0,0.0,0.0,0.0,True,0.0,0.0,INIT
2025-12-04T20:56:27.874595,1721.090533858,1.5473491632406364e-13,0.0,-1.668399885920908e-20,1.5473491632406364e-13,True,1.5473491632406364e-13,0.0,INIT
2025-12-04T20:56:27.886568,1721.102500789,1.5473491632406364e-13,0.0,-1.668399885920908e-20,1.5473491632406364e-13,True,1.5473491632406364e-13,0.0,INIT
2025-12-04T20:56:27.899661,1721.11559098,0.0,0.0,0.0,0.0,True,0.0,0.0,INIT
2025-12-04T20:56:27.910514,1721.126445124,0.0,0.0,0.0,0.0,True,0.0,0.0,INIT
2025-12-04T20:56:27.919874,1721.135806017,-1.5473491632406364e-13,0.0,1.668399885920908e-20,-1.5473491632406364e-13,True,1.5473491632406364e-13,0.0,INIT
2025-12-04T20:56:27.935642,1721.15157618,0.0,0.0,0.0,0.0,True,0.0,0.0,INIT
2025-12-04T20:56:27.942765,1721.158703962,0.0,0.0,0.0,0.0,True,0.0,0.0,INIT
2025-12-04T20:56:27.954886,1721.170822655,0.0,0.0,0.0,0.0,True,0.0,0.0,INIT
2025-12-04T20:56:27.964558,1721.180487701,0.0,0.0,0.0,0.0,True,0.0,0.0,INIT
2025-12-04T20:56:27.976767,1721.192708116,0.0,0.0,0.0,0.0,True,0.0,0.0,INIT
2025-12-04T20:56:28.035622,1721.251561876,2.1662888285368908e-12,0.0,-1.4815551144392716e-18,2.1662888285368908e-12,True,2.1662888285368908e-12,0.0,INIT
2025-12-04T20:56:28.039563,1721.255505426,-1.5473491632406364e-13,0.0,1.668399885920908e-20,-1.5473491632406364e-13,True,1.5473491632406364e-13,0.0,INIT
2025-12-04T20:56:28.040363,1721.256290063,-1.5473491632406364e-13,0.0,1.668399885920908e-20,-1.5473491632406364e-13,True,1.5473491632406364e-13,0.0,INIT
2025-12-04T20:56:28.051623,1721.267583051,0.0,0.0,0.0,0.0,True,0.0,0.0,INIT
2025-12-04T20:56:28.054594,1721.270531025,0.0,0.0,0.0,0.0,True,0.0,0.0,INIT
2025-12-04T20:56:28.055583,1721.271512874,0.0,0.0,0.0,0.0,True,0.0,0.0,INIT
2025-12-04T20:56:28.056379,1721.272308157,0.0,0.0,0.0,0.0,True,0.0,0.0,INIT
2025-12-04T20:56:28.067317,1721.283254254,0.0,0.0,0.0,0.0,True,0.0,0.0,INIT
2025-12-04T20:56:28.081077,1721.297027737,0.0,0.0,0.0,0.0,True,0.0,0.0,INIT
2025-12-04T20:56:28.111073,1721.329073562,1.5473491632406364e-13,0.0,-1.668399885920908e-20,1.5473491632406364e-13,True,1.5473491632406364e-13,0.0,INIT
2025-12-04T20:56:28.120258,1721.336194984,0.0,0.0,0.0,0.0,True,0.0,0.0,INIT
2025-12-04T20:56:28.122309,1721.338250469,0.0,0.0,0.0,0.0,True,0.0,0.0,INIT
2025-12-04T20:56:28.151444,1721.36738244,0.0,0.0,0.0,0.0,True,0.0,0.0,INIT
2025-12-04T20:56:28.154806,1721.370745145,0.0,0.0,0.0,0.0,True,0.0,0.0,INIT
2025-12-04T20:56:28.156865,1721.372798861,1.1295648891656646e-11,0.0,-2.454420746221631e-17,1.1295648891656646e-11,True,1.1295648891656646e-11,0.0,INIT
2025-12-04T20:56:28.172642,1721.388578466,1.1295648891656646e-11,0.0,-2.454420746221631e-17,1.1295648891656646e-11,True,1.1295648891656646e-11,0.0,INIT
2025-12-04T20:56:28.174527,1721.390460333,-1.5473491632406364e-13,0.0,1.668399885920908e-20,-1.5473491632406364e-13,True,1.5473491632406364e-13,0.0,INIT
2025-12-04T20:56:28.182217,1721.398145674,-1.5473491632406364e-13,0.0,1.668399885920908e-20,-1.5473491632406364e-13,True,1.5473491632406364e-13,0.0,INIT
2025-12-04T20:56:28.193535,1721.409467817,-1.5473491632406364e-13,0.0,1.668399885920908e-20,-1.5473491632406364e-13,True,1.5473491632406364e-13,0.0,INIT
2025-12-04T20:56:28.205793,1721.421723684,-1.5473491632406364e-13,0.0,1.668399885920908e-20,-1.5473491632406364e-13,True,1.5473491632406364e-13,0.0,INIT
2025-12-04T20:56:28.215515,1721.431445012,0.0,0.0,0.0,0.0,True,0.0,0.0,INIT
2025-12-04T20:56:28.227017,1721.442944218,0.0,0.0,0.0,0.0,True,0.0,0.0,INIT
2025-12-04T20:56:28.238977,1721.454909625,1.5473491632406364e-13,0.0,-1.668399885920908e-20,1.5473491632406364e-13,True,1.5473491632406364e-13,0.0,INIT
2025-12-04T20:56:28.250501,1721.466438373,1.5473491632406364e-13,0.0,-1.668399885920908e-20,1.5473491632406364e-13,True,1.5473491632406364e-13,0.0,INIT
2025-12-04T20:56:28.266925,1721.482859323,0.0,0.0,0.0,0.0,True,0.0,0.0,INIT
2025-12-04T20:56:28.277191,1721.493129878,0.0,0.0,0.0,0.0,True,0.0,0.0,INIT
2025-12-04T20:56:28.282616,1721.498547664,0.0,0.0,0.0,0.0,True,0.0,0.0,INIT
2025-12-04T20:56:28.293372,1721.509301786,0.0,0.0,0.0,0.0,True,0.0,0.0,INIT
2025-12-04T20:56:28.305538,1721.521472026,-1.5473491632406364e-13,0.0,1.668399885920908e-20,-1.5473491632406364e-13,True,1.5473491632406364e-13,0.0,INIT
2025-12-04T20:56:28.317994,1721.533946379,-1.5473491632406364e-13,0.0,1.668399885920908e-20,-1.5473491632406364e-13,True,1.5473491632406364e-13,0.0,INIT
2025-12-04T20:56:28.326009,1721.541939202,-1.5473491632406364e-13,0.0,1.668399885920908e-20,-1.5473491632406364e-13,True,1.5473491632406364e-13,0.0,INIT
2025-12-04T20:56:28.352603,1721.568537861,0.0,0.0,0.0,0.0,True,0.0,0.0,INIT
2025-12-04T20:56:28.356030,1721.571990981,1.5473491632406364e-13,0.0,-1.668399885920908e-20,1.5473491632406364e-13,True,1.5473491632406364e-13,0.0,INIT
2025-12-04T20:56:28.359873,1721.575803077,1.5473491632406364e-13,0.0,-1.668399885920908e-20,1.5473491632406364e-13,True,1.5473491632406364e-13,0.0,INIT
2025-12-04T20:56:28.370499,1721.58642961,1.5473491632406364e-13,0.0,-1.668399885920908e-20,1.5473491632406364e-13,True,1.5473491632406364e-13,0.0,INIT
2025-12-04T20:56:28.382718,1721.598648778,0.0,0.0,0.0,0.0,True,0.0,0.0,INIT
2025-12-04T20:56:28.393585,1721.609519931,0.0,0.0,0.0,0.0,True,0.0,0.0,INIT
2025-12-04T20:56:28.405223,1721.621160909,0.0,0.0,0.0,0.0,True,0.0,0.0,INIT
2025-12-04T20:56:28.416497,1721.632427819,0.0,0.0,0.0,0.0,True,0.0,0.0,INIT
2025-12-04T20:56:28.459898,1721.675830631,-1.5473491632406364e-13,0.0,1.668399885920908e-20,-1.5473491632406364e-13,True,1.5473491632406364e-13,0.0,INIT
2025-12-04T20:56:28.455698,1721.67162873,-1.5473491632406364e-13,0.0,1.668399885920908e-20,-1.5473491632406364e-13,True,1.5473491632406364e-13,0.0,INIT
2025-12-04T20:56:28.480303,1721.696240016,0.0,0.0,0.0,0.0,True,0.0,0.0,INIT
2025-12-04T20:56:28.483188,1721.699120694,1.5473491632406364e-13,0.0,-1.668399885920908e-20,1.5473491632406364e-13,True,1.5473491632406364e-13,0.0,INIT
2025-12-04T20:56:28.484103,1721.700029552,1.5473491632406364e-13,0.0,-1.668399885920908e-20,1.5473491632406364e-13,True,1.5473491632406364e-13,0.0,INIT
2025-12-04T20:56:28.485518,1721.701451273,1.5473491632406364e-13,0.0,-1.668399885920908e-20,1.5473491632406364e-13,True,1.5473491632406364e-13,0.0,INIT
2025-12-04T20:56:28.501035,1721.716982642,1.5473491632406364e-13,0.0,-1.668399885920908e-20,1.5473491632406364e-13,True,1.5473491632406364e-13,0.0,INIT
2025-12-04T20:56:28.508951,1721.724883761,0.0,0.0,0.0,0.0,True,0.0,0.0,INIT
2025-12-04T20:56:28.522097,1721.738043584,0.0,0.0,0.0,0.0,True,0.0,0.0,INIT
2025-12-04T20:56:28.651735,1721.867705239,0.0,0.0,0.0,0.0,True,0.0,0.0,INIT
2025-12-04T20:56:28.660974,1721.876911971,-1.0212504477388201e-11,0.0,2.0678776602738355e-17,-1.0212504477388201e-11,True,1.0212504477388201e-11,0.0,INIT
2025-12-04T20:56:28.662351,1721.878285843,-1.0212504477388201e-11,0.0,2.0678776602738355e-17,-1.0212504477388201e-11,True,1.0212504477388201e-11,0.0,INIT
2025-12-04T20:56:28.663598,1721.879528668,-1.0212504477388201e-11,0.0,2.0678776602738355e-17,-1.0212504477388201e-11,True,1.0212504477388201e-11,0.0,INIT
2025-12-04T20:56:28.670986,1721.88691453,-1.0212504477388201e-11,0.0,2.0678776602738355e-17,-1.0212504477388201e-11,True,1.0212504477388201e-11,0.0,INIT
2025-12-04T20:56:28.665097,1721.881021301,-1.0212504477388201e-11,0.0,2.0678776602738355e-17,-1.0212504477388201e-11,True,1.0212504477388201e-11,0.0,INIT
2025-12-04T20:56:28.669001,1721.88493282,-1.0212504477388201e-11,0.0,2.0678776602738355e-17,-1.0212504477388201e-11,True,1.0212504477388201e-11,0.0,INIT
2025-12-04T20:56:28.669844,1721.885773709,-1.0212504477388201e-11,0.0,2.0678776602738355e-17,-1.0212504477388201e-11,True,1.0212504477388201e-11,0.0,INIT
2025-12-04T20:56:28.664589,1721.88051688,-1.0212504477388201e-11,0.0,2.0678776602738355e-17,-1.0212504477388201e-11,True,1.0212504477388201e-11,0.0,INIT
2025-12-04T20:56:28.671759,1721.88768791,-1.0212504477388201e-11,0.0,2.0678776602738355e-17,-1.0212504477388201e-11,True,1.0212504477388201e-11,0.0,INIT
2025-12-04T20:56:28.672984,1721.888913004,-1.0212504477388201e-11,0.0,2.0678776602738355e-17,-1.0212504477388201e-11,True,1.0212504477388201e-11,0.0,INIT
2025-12-04T20:56:28.674309,1721.890238298,-1.0212504477388201e-11,0.0,2.0678776602738355e-17,-1.0212504477388201e-11,True,1.0212504477388201e-11,0.0,INIT
2025-12-04T20:56:28.678115,1721.894044122,-1.5473491632406364e-13,0.0,1.668399885920908e-20,-1.5473491632406364e-13,True,1.5473491632406364e-13,0.0,INIT
2025-12-04T20:56:28.689513,1721.905448209,-1.5473491632406364e-13,0.0,1.668399885920908e-20,-1.5473491632406364e-13,True,1.5473491632406364e-13,0.0,INIT
2025-12-04T20:56:28.701054,1721.916990266,-1.5473491632406364e-13,0.0,1.668399885920908e-20,-1.5473491632406364e-13,True,1.5473491632406364e-13,0.0,INIT
2025-12-04T20:56:28.711245,1721.927175831,-1.5473491632406364e-13,0.0,1.668399885920908e-20,-1.5473491632406364e-13,True,1.5473491632406364e-13,0.0,INIT
2025-12-04T20:56:28.723033,1721.938964823,0.0,0.0,0.0,0.0,True,0.0,0.0,INIT
2025-12-04T20:56:28.734035,1721.949968881,0.0,0.0,0.0,0.0,True,0.0,0.0,INIT
2025-12-04T20:56:28.765424,1721.981356781,1.5473491632406364e-13,0.0,-1.668399885920908e-20,1.5473491632406364e-13,True,1.5473491632406364e-13,0.0,INIT
2025-12-04T20:56:28.777282,1721.993219235,0.0,0.0,0.0,0.0,True,0.0,0.0,INIT
2025-12-04T20:56:28.794565,1722.010498654,-2.1817623201692974e-11,0.0,7.515755477738808e-17,-2.1817623201692974e-11,True,2.1817623201692974e-11,0.0,INIT
2025-12-04T20:56:28.796915,1722.012843884,-2.1817623201692974e-11,0.0,7.515755477738808e-17,-2.1817623201692974e-11,True,2.1817623201692974e-11,0.0,INIT
2025-12-04T20:56:28.802021,1722.017951192,0.0,0.0,0.0,0.0,True,0.0,0.0,INIT
2025-12-04T20:56:28.803448,1722.019378786,0.0,0.0,0.0,0.0,True,0.0,0.0,INIT
2025-12-04T20:56:28.812280,1722.028210001,0.0,0.0,0.0,0.0,True,0.0,0.0,INIT
2025-12-04T20:56:28.823449,1722.03938921,0.0,0.0,0.0,0.0,True,0.0,0.0,INIT
2025-12-04T20:56:28.834773,1722.050722431,-1.5473491632406364e-13,0.0,1.668399885920908e-20,-1.5473491632406364e-13,True,1.5473491632406364e-13,0.0,INIT
2025-12-04T20:56:28.846164,1722.062099147,-1.5473491632406364e-13,0.0,1.668399885920908e-20,-1.5473491632406364e-13,True,1.5473491632406364e-13,0.0,INIT
2025-12-04T20:56:28.859095,1722.075042651,0.0,0.0,0.0,0.0,True,0.0,0.0,INIT
2025-12-04T20:56:28.870733,1722.08667615,0.0,0.0,0.0,0.0,True,0.0,0.0,INIT
2025-12-04T20:56:28.880275,1722.096208683,0.0,0.0,0.0,0.0,True,0.0,0.0,INIT
2025-12-04T20:56:28.904046,1722.119974245,0.0,0.0,0.0,0.0,True,0.0,0.0,INIT
2025-12-04T20:56:28.920303,1722.136238607,0.0,0.0,0.0,0.0,True,0.0,0.0,INIT
2025-12-04T20:56:28.922720,1722.138661588,0.0,0.0,0.0,0.0,True,0.0,0.0,INIT
2025-12-04T20:56:28.926553,1722.142489128,0.0,0.0,0.0,0.0,True,0.0,0.0,INIT
2025-12-04T20:56:28.936115,1722.152043077,0.0,0.0,0.0,0.0,True,0.0,0.0,INIT
2025-12-04T20:56:28.947206,1722.163140271,-1.5473491632406364e-13,0.0,1.668399885920908e-20,-1.5473491632406364e-13,True,1.5473491632406364e-13,0.0,INIT
2025-12-04T20:56:28.993756,1722.209684728,-1.5473491632406364e-13,0.0,1.668399885920908e-20,-1.5473491632406364e-13,True,1.5473491632406364e-13,0.0,INIT
2025-12-04T20:56:29.006282,1722.222214393,0.0,0.0,0.0,0.0,True,0.0,0.0,INIT
2025-12-04T20:56:29.019063,1722.235027568,0.0,0.0,0.0,0.0,True,0.0,0.0,INIT
2025-12-04T20:56:29.114700,1722.330632354,0.0,0.0,0.0,0.0,True,0.0,0.0,INIT
2025-12-04T20:56:29.129587,1722.345515761,0.0,0.0,0.0,0.0,True,0.0,0.0,INIT
2025-12-04T20:56:29.124329,1722.340256376,0.0,0.0,0.0,0.0,True,0.0,0.0,INIT
2025-12-04T20:56:29.124985,1722.340910216,0.0,0.0,0.0,0.0,True,0.0,0.0,INIT
2025-12-04T20:56:29.126624,1722.342559606,0.0,0.0,0.0,0.0,True,0.0,0.0,INIT
2025-12-04T20:56:29.128614,1722.344543063,0.0,0.0,0.0,0.0,True,0.0,0.0,INIT
2025-12-04T20:56:29.123397,1722.339328768,0.0,0.0,0.0,0.0,True,0.0,0.0,INIT
2025-12-04T20:56:29.130432,1722.346360861,0.0,0.0,0.0,0.0,True,0.0,0.0,INIT
2025-12-04T20:56:29.131339,1722.347264503,0.0,0.0,0.0,0.0,True,0.0,0.0,INIT
2025-12-04T20:56:29.132140,1722.348068437,0.0,0.0,0.0,0.0,True,0.0,0.0,INIT
2025-12-04T20:56:29.137971,1722.35390988,0.0,0.0,0.0,0.0,True,0.0,0.0,INIT
2025-12-04T20:56:29.142160,1722.358095788,1.5473491632406364e-13,0.0,-1.668399885920908e-20,1.5473491632406364e-13,True,1.5473491632406364e-13,0.0,INIT
2025-12-04T20:56:29.142859,1722.358786278,1.5473491632406364e-13,0.0,-1.668399885920908e-20,1.5473491632406364e-13,True,1.5473491632406364e-13,0.0,INIT
2025-12-04T20:56:29.150910,1722.366844414,1.5473491632406364e-13,0.0,-1.668399885920908e-20,1.5473491632406364e-13,True,1.5473491632406364e-13,0.0,INIT
2025-12-04T20:56:29.162250,1722.378180309,0.0,0.0,0.0,0.0,True,0.0,0.0,INIT
2025-12-04T20:56:29.173460,1722.389391421,0.0,0.0,0.0,0.0,True,0.0,0.0,INIT
2025-12-04T20:56:29.185720,1722.401650481,-1.5473491632406364e-13,0.0,1.668399885920908e-20,-1.5473491632406364e-13,True,1.5473491632406364e-13,0.0,INIT
2025-12-04T20:56:29.198451,1722.414382166,-1.5473491632406364e-13,0.0,1.668399885920908e-20,-1.5473491632406364e-13,True,1.5473491632406364e-13,0.0,INIT
2025-12-04T20:56:29.208781,1722.424708733,0.0,0.0,0.0,0.0,True,0.0,0.0,INIT
2025-12-04T20:56:29.220620,1722.436561737,0.0,0.0,0.0,0.0,True,0.0,0.0,INIT
2025-12-04T20:56:29.234506,1722.450438666,4.487312573397846e-12,0.0,-5.109480519812077e-18,4.487312573397846e-12,True,4.487312573397846e-12,0.0,INIT
2025-12-04T20:56:29.243212,1722.459144462,4.487312573397846e-12,0.0,-5.109480519812077e-18,4.487312573397846e-12,True,4.487312573397846e-12,0.0,INIT
2025-12-04T20:56:29.254117,1722.470048365,7.427275983555053e-12,0.0,-1.2034006859312348e-17,7.427275983555053e-12,True,7.427275983555053e-12,0.0,INIT
2025-12-04T20:56:29.269546,1722.485482305,7.427275983555053e-12,0.0,-1.2034006859312348e-17,7.427275983555053e-12,True,7.427275983555053e-12,0.0,INIT
2025-12-04T20:56:29.276118,1722.492046974,-1.5473491632406364e-13,0.0,1.668399885920908e-20,-1.5473491632406364e-13,True,1.5473491632406364e-13,0.0,INIT
2025-12-04T20:56:29.287944,1722.503878825,-1.5473491632406364e-13,0.0,1.668399885920908e-20,-1.5473491632406364e-13,True,1.5473491632406364e-13,0.0,INIT
2025-12-04T20:56:29.297537,1722.51346445,-1.5473491632406364e-13,0.0,1.668399885920908e-20,-1.5473491632406364e-13,True,1.5473491632406364e-13,0.0,INIT
2025-12-04T20:56:29.308595,1722.524525101,-1.5473491632406364e-13,0.0,1.668399885920908e-20,-1.5473491632406364e-13,True,1.5473491632406364e-13,0.0,INIT
2025-12-04T20:56:29.321126,1722.537061454,1.5473491632406364e-13,0.0,-1.668399885920908e-20,1.5473491632406364e-13,True,1.5473491632406364e-13,0.0,INIT
2025-12-04T20:56:29.330708,1722.546636542,1.5473491632406364e-13,0.0,-1.668399885920908e-20,1.5473491632406364e-13,True,1.5473491632406364e-13,0.0,INIT
2025-12-04T20:56:29.353220,1722.569169685,1.5473491632406364e-13,0.0,-1.668399885920908e-20,1.5473491632406364e-13,True,1.5473491632406364e-13,0.0,INIT
2025-12-04T20:56:29.357140,1722.573072912,1.5473491632406364e-13,0.0,-1.668399885920908e-20,1.5473491632406364e-13,True,1.5473491632406364e-13,0.0,INIT
2025-12-04T20:56:29.364736,1722.580667914,0.0,0.0,0.0,0.0,True,0.0,0.0,INIT
2025-12-04T20:56:29.378201,1722.594132897,0.0,0.0,0.0,0.0,True,0.0,0.0,INIT
2025-12-04T20:56:29.388265,1722.604211652,-1.5473491632406364e-13,0.0,1.668399885920908e-20,-1.5473491632406364e-13,True,1.5473491632406364e-13,0.0,INIT
2025-12-04T20:56:29.401522,1722.61746286,-1.5473491632406364e-13,0.0,1.668399885920908e-20,-1.5473491632406364e-13,True,1.5473491632406364e-13,0.0,INIT
2025-12-04T20:56:29.411726,1722.627654471,-1.5473491632406364e-13,0.0,1.668399885920908e-20,-1.5473491632406364e-13,True,1.5473491632406364e-13,0.0,INIT
2025-12-04T20:56:29.423938,1722.639877032,1.2224058389601027e-11,0.0,-2.807153790169307e-17,1.2224058389601027e-11,True,1.2224058389601027e-11,0.0,INIT
2025-12-04T20:56:29.434239,1722.650180864,1.2224058389601027e-11,0.0,-2.807153790169307e-17,1.2224058389601027e-11,True,1.2224058389601027e-11,0.0,INIT
2025-12-04T20:56:29.444354,1722.660281483,1.5473491632406364e-13,0.0,-1.668399885920908e-20,1.5473491632406364e-13,True,1.5473491632406364e-13,0.0,INIT
2025-12-04T20:56:29.462546,1722.678481584,1.5473491632406364e-13,0.0,-1.668399885920908e-20,1.5473491632406364e-13,True,1.5473491632406364e-13,0.0,INIT
2025-12-04T20:56:29.478945,1722.694877527,1.5473491632406364e-13,0.0,-1.668399885920908e-20,1.5473491632406364e-13,True,1.5473491632406364e-13,0.0,INIT
2025-12-04T20:56:29.492394,1722.708324095,0.0,0.0,0.0,0.0,True,0.0,0.0,INIT
2025-12-04T20:56:29.494976,1722.710907885,0.0,0.0,0.0,0.0,True,0.0,0.0,INIT
2025-12-04T20:56:29.502588,1722.718518518,-1.5473491632406364e-13,0.0,1.668399885920908e-20,-1.5473491632406364e-13,True,1.5473491632406364e-13,0.0,INIT
2025-12-04T20:56:29.513549,1722.729482295,-1.5473491632406364e-13,0.0,1.668399885920908e-20,-1.5473491632406364e-13,True,1.5473491632406364e-13,0.0,INIT
2025-12-04T20:56:29.525226,1722.741158119,-1.5473491632406364e-13,0.0,1.668399885920908e-20,-1.5473491632406364e-13,True,1.5473491632406364e-13,0.0,INIT
2025-12-04T20:56:29.551385,1722.767317719,-1.5473491632406364e-13,0.0,1.668399885920908e-20,-1.5473491632406364e-13,True,1.5473491632406364e-13,0.0,INIT
2025-12-04T20:56:29.552878,1722.768805984,-1.5473491632406364e-13,0.0,1.668399885920908e-20,-1.5473491632406364e-13,True,1.5473491632406364e-13,0.0,INIT
2025-12-04T20:56:29.561907,1722.777839174,1.5473491632406364e-13,0.0,-1.668399885920908e-20,1.5473491632406364e-13,True,1.5473491632406364e-13,0.0,INIT
2025-12-04T20:56:29.572171,1722.788104265,1.5473491632406364e-13,0.0,-1.668399885920908e-20,1.5473491632406364e-13,True,1.5473491632406364e-13,0.0,INIT
2025-12-04T20:56:29.582668,1722.798602426,1.5473491632406364e-13,0.0,-1.668399885920908e-20,1.5473491632406364e-13,True,1.5473491632406364e-13,0.0,INIT
2025-12-04T20:56:29.592242,1722.808169626,1.5473491632406364e-13,0.0,-1.668399885920908e-20,1.5473491632406364e-13,True,1.5473491632406364e-13,0.0,INIT
2025-12-04T20:56:29.618684,1722.834622666,-1.5473491632406364e-13,0.0,1.668399885920908e-20,-1.5473491632406364e-13,True,1.5473491632406364e-13,0.0,INIT
2025-12-04T20:56:29.621529,1722.837467175,-1.5473491632406364e-13,0.0,1.668399885920908e-20,-1.5473491632406364e-13,True,1.5473491632406364e-13,0.0,INIT
2025-12-04T20:56:29.643317,1722.859249552,-1.5473491632406364e-13,0.0,1.668399885920908e-20,-1.5473491632406364e-13,True,1.5473491632406364e-13,0.0,INIT
2025-12-04T20:56:29.645574,1722.861504226,-1.5473491632406364e-13,0.0,1.668399885920908e-20,-1.5473491632406364e-13,True,1.5473491632406364e-13,0.0,INIT
2025-12-04T20:56:29.648896,1722.864826642,-1.5473491632406364e-13,0.0,1.668399885920908e-20,-1.5473491632406364e-13,True,1.5473491632406364e-13,0.0,INIT
2025-12-04T20:56:29.659360,1722.875299195,-1.5473491632406364e-13,0.0,1.668399885920908e-20,-1.5473491632406364e-13,True,1.5473491632406364e-13,0.0,INIT
2025-12-04T20:56:29.683319,1722.899256569,1.5473491632406364e-13,0.0,-1.668399885920908e-20,1.5473491632406364e-13,True,1.5473491632406364e-13,0.0,INIT
2025-12-04T20:56:29.685946,1722.901882591,1.5473491632406364e-13,0.0,-1.668399885920908e-20,1.5473491632406364e-13,True,1.5473491632406364e-13,0.0,INIT
2025-12-04T20:56:29.693322,1722.909256802,1.5473491632406364e-13,0.0,-1.668399885920908e-20,1.5473491632406364e-13,True,1.5473491632406364e-13,0.0,INIT
2025-12-04T20:56:29.704227,1722.920155239,1.5473491632406364e-13,0.0,-1.668399885920908e-20,1.5473491632406364e-13,True,1.5473491632406364e-13,0.0,INIT
2025-12-04T20:56:29.714609,1722.930536354,0.0,0.0,0.0,0.0,True,0.0,0.0,INIT
2025-12-04T20:56:29.730982,1722.946920751,0.0,0.0,0.0,0.0,True,0.0,0.0,INIT
2025-12-04T20:56:29.737609,1722.953538295,-1.5473491632406364e-13,0.0,1.668399885920908e-20,-1.5473491632406364e-13,True,1.5473491632406364e-13,0.0,INIT
2025-12-04T20:56:29.756873,1722.97281336,-1.5473491632406364e-13,0.0,1.668399885920908e-20,-1.5473491632406364e-13,True,1.5473491632406364e-13,0.0,INIT
2025-12-04T20:56:29.759793,1722.975726558,-1.5473491632406364e-13,0.0,1.668399885920908e-20,-1.5473491632406364e-13,True,1.5473491632406364e-13,0.0,INIT
2025-12-04T20:56:29.774309,1722.990238375,-1.5473491632406364e-13,0.0,1.668399885920908e-20,-1.5473491632406364e-13,True,1.5473491632406364e-13,0.0,INIT
2025-12-04T20:56:29.781291,1722.99721959,1.5473491632406364e-13,0.0,-1.668399885920908e-20,1.5473491632406364e-13,True,1.5473491632406364e-13,0.0,INIT
2025-12-04T20:56:29.827266,1723.043196203,1.5473491632406364e-13,0.0,-1.668399885920908e-20,1.5473491632406364e-13,True,1.5473491632406364e-13,0.0,INIT
2025-12-04T20:56:29.829577,1723.045508449,-1.8568189958887637e-12,0.0,1.1400089730200058e-18,-1.8568189958887637e-12,True,1.8568189958887637e-12,0.0,INIT
2025-12-04T20:56:29.830666,1723.046592917,-1.8568189958887637e-12,0.0,1.1400089730200058e-18,-1.8568189958887637e-12,True,1.8568189958887637e-12,0.0,INIT
2025-12-04T20:56:29.831203,1723.047127009,-1.8568189958887637e-12,0.0,1.1400089730200058e-18,-1.8568189958887637e-12,True,1.8568189958887637e-12,0.0,INIT
2025-12-04T20:56:29.838058,1723.053988259,-7.891480732527246e-12,0.0,1.3340418393602282e-17,-7.891480732527246e-12,True,7.891480732527246e-12,0.0,INIT
2025-12-04T20:56:29.859196,1723.075150056,-7.891480732527246e-12,0.0,1.3340418393602282e-17,-7.891480732527246e-12,True,7.891480732527246e-12,0.0,INIT
2025-12-04T20:56:29.869176,1723.085110496,-1.5473491632406364e-13,0.0,1.668399885920908e-20,-1.5473491632406364e-13,True,1.5473491632406364e-13,0.0,INIT
2025-12-04T20:56:29.873451,1723.089381359,-1.5473491632406364e-13,0.0,1.668399885920908e-20,-1.5473491632406364e-13,True,1.5473491632406364e-13,0.0,INIT
2025-12-04T20:56:29.883611,1723.099542402,0.0,0.0,0.0,0.0,True,0.0,0.0,INIT
2025-12-04T20:56:29.895251,1723.111186457,0.0,0.0,0.0,0.0,True,0.0,0.0,INIT
2025-12-04T20:56:29.906922,1723.122855948,1.5473491632406364e-13,0.0,-1.668399885920908e-20,1.5473491632406364e-13,True,1.5473491632406364e-13,0.0,INIT
2025-12-04T20:56:29.918741,1723.134674587,1.5473491632406364e-13,0.0,-1.668399885920908e-20,1.5473491632406364e-13,True,1.5473491632406364e-13,0.0,INIT
2025-12-04T20:56:29.929684,1723.145615053,0.0,0.0,0.0,0.0,True,0.0,0.0,INIT
2025-12-04T20:56:29.940373,1723.156305239,0.0,0.0,0.0,0.0,True,0.0,0.0,INIT
2025-12-04T20:56:29.952626,1723.168562333,0.0,0.0,0.0,0.0,True,0.0,0.0,INIT
2025-12-04T20:56:29.963330,1723.179260946,0.0,0.0,0.0,0.0,True,0.0,0.0,INIT
2025-12-04T20:56:29.995435,1723.211368511,-2.290076761596142e-11,0.0,8.161031735085086e-17,-2.290076761596142e-11,True,2.290076761596142e-11,0.0,INIT
2025-12-04T20:56:29.998174,1723.21411334,-1.5473491632406364e-13,0.0,1.668399885920908e-20,-1.5473491632406364e-13,True,1.5473491632406364e-13,0.0,INIT
2025-12-04T20:56:29.999140,1723.215067197,-1.5473491632406364e-13,0.0,1.668399885920908e-20,-1.5473491632406364e-13,True,1.5473491632406364e-13,0.0,INIT
2025-12-04T20:56:30.035352,1723.251303412,0.0,0.0,0.0,0.0,True,0.0,0.0,INIT
2025-12-04T20:56:30.038188,1723.254122996,0.0,0.0,0.0,0.0,True,0.0,0.0,INIT
2025-12-04T20:56:30.039864,1723.255797138,0.0,0.0,0.0,0.0,True,0.0,0.0,INIT
2025-12-04T20:56:30.040972,1723.256900643,0.0,0.0,0.0,0.0,True,0.0,0.0,INIT
2025-12-04T20:56:30.050471,1723.266406549,1.5473491632406364e-13,0.0,-1.668399885920908e-20,1.5473491632406364e-13,True,1.5473491632406364e-13,0.0,INIT
2025-12-04T20:56:30.066326,1723.282255942,1.5473491632406364e-13,0.0,-1.668399885920908e-20,1.5473491632406364e-13,True,1.5473491632406364e-13,0.0,INIT
2025-12-04T20:56:30.089554,1723.305494017,1.5473491632406364e-13,0.0,-1.668399885920908e-20,1.5473491632406364e-13,True,1.5473491632406364e-13,0.0,INIT
2025-12-04T20:56:30.094011,1723.309950869,0.0,0.0,0.0,0.0,True,0.0,0.0,INIT
2025-12-04T20:56:30.103536,1723.319468572,0.0,0.0,0.0,0.0,True,0.0,0.0,INIT
2025-12-04T20:56:30.107692,1723.323626642,-1.5473491632406364e-13,0.0,1.668399885920908e-20,-1.5473491632406364e-13,True,1.5473491632406364e-13,0.0,INIT
2025-12-04T20:56:30.124435,1723.340382144,-1.5473491632406364e-13,0.0,1.668399885920908e-20,-1.5473491632406364e-13,True,1.5473491632406364e-13,0.0,INIT
2025-12-04T20:56:30.129718,1723.345649267,0.0,0.0,0.0,0.0,True,0.0,0.0,INIT
2025-12-04T20:56:30.140384,1723.356313528,0.0,0.0,0.0,0.0,True,0.0,0.0,INIT
2025-12-04T20:56:30.152373,1723.3683085,0.0,0.0,0.0,0.0,True,0.0,0.0,INIT
2025-12-04T20:56:30.163945,1723.379875812,0.0,0.0,0.0,0.0,True,0.0,0.0,INIT
2025-12-04T20:56:30.185482,1723.401413626,1.5473491632406364e-13,0.0,-1.668399885920908e-20,1.5473491632406364e-13,True,1.5473491632406364e-13,0.0,INIT
2025-12-04T20:56:30.187762,1723.40369484,0.0,0.0,0.0,0.0,True,0.0,0.0,INIT
2025-12-04T20:56:30.197686,1723.413616242,0.0,0.0,0.0,0.0,True,0.0,0.0,INIT
2025-12-04T20:56:30.208662,1723.424590807,-1.5473491632406364e-13,0.0,1.668399885920908e-20,-1.5473491632406364e-13,True,1.5473491632406364e-13,0.0,INIT
2025-12-04T20:56:30.220304,1723.436244919,-1.5473491632406364e-13,0.0,1.668399885920908e-20,-1.5473491632406364e-13,True,1.5473491632406364e-13,0.0,INIT
2025-12-04T20:56:30.232861,1723.448794317,0.0,0.0,0.0,0.0,True,0.0,0.0,INIT
2025-12-04T20:56:30.243783,1723.459712447,0.0,0.0,0.0,0.0,True,0.0,0.0,INIT
2025-12-04T20:56:30.254817,1723.47075013,0.0,0.0,0.0,0.0,True,0.0,0.0,INIT
2025-12-04T20:56:30.268002,1723.483949998,0.0,0.0,0.0,0.0,True,0.0,0.0,INIT
2025-12-04T20:56:30.288342,1723.504275858,1.5473491632406364e-13,0.0,-1.668399885920908e-20,1.5473491632406364e-13,True,1.5473491632406364e-13,0.0,INIT
2025-12-04T20:56:30.289844,1723.505773146,1.5473491632406364e-13,0.0,-1.668399885920908e-20,1.5473491632406364e-13,True,1.5473491632406364e-13,0.0,INIT
2025-12-04T20:56:30.319279,1723.535212286,0.0,0.0,0.0,0.0,True,0.0,0.0,INIT
2025-12-04T20:56:30.326890,1723.542827419,-1.5473491632406364e-13,0.0,1.668399885920908e-20,-1.5473491632406364e-13,True,1.5473491632406364e-13,0.0,INIT
2025-12-04T20:56:30.327847,1723.543776803,-1.5473491632406364e-13,0.0,1.668399885920908e-20,-1.5473491632406364e-13,True,1.5473491632406364e-13,0.0,INIT
2025-12-04T20:56:30.358720,1723.57465714,-1.5473491632406364e-13,0.0,1.668399885920908e-20,-1.5473491632406364e-13,True,1.5473491632406364e-13,0.0,INIT
2025-12-04T20:56:30.362204,1723.578137715,0.0,0.0,0.0,0.0,True,0.0,0.0,INIT
2025-12-04T20:56:30.363219,1723.579149446,0.0,0.0,0.0,0.0,True,0.0,0.0,INIT
2025-12-04T20:56:30.367700,1723.583638634,0.0,0.0,0.0,0.0,True,0.0,0.0,INIT
2025-12-04T20:56:30.378725,1723.594665533,0.0,0.0,0.0,0.0,True,0.0,0.0,INIT
2025-12-04T20:56:30.389726,1723.605659672,1.5473491632406364e-13,0.0,-1.668399885920908e-20,1.5473491632406364e-13,True,1.5473491632406364e-13,0.0,INIT
2025-12-04T20:56:30.400890,1723.616825688,6.6536014019347365e-12,0.0,-9.981516423322214e-18,6.6536014019347365e-12,True,6.6536014019347365e-12,0.0,INIT
2025-12-04T20:56:30.411044,1723.626971842,6.6536014019347365e-12,0.0,-9.981516423322214e-18,6.6536014019347365e-12,True,6.6536014019347365e-12,0.0,INIT
2025-12-04T20:56:30.425627,1723.641563886,0.0,0.0,0.0,0.0,True,0.0,0.0,INIT
2025-12-04T20:56:30.442468,1723.658398638,0.0,0.0,0.0,0.0,True,0.0,0.0,INIT
2025-12-04T20:56:30.447609,1723.663541643,1.5473491632406364e-13,0.0,-1.668399885920908e-20,1.5473491632406364e-13,True,1.5473491632406364e-13,0.0,INIT
2025-12-04T20:56:30.454580,1723.670509925,1.5473491632406364e-13,0.0,-1.668399885920908e-20,1.5473491632406364e-13,True,1.5473491632406364e-13,0.0,INIT
2025-12-04T20:56:30.486734,1723.702679221,0.0,0.0,0.0,0.0,True,0.0,0.0,INIT
2025-12-04T20:56:30.492250,1723.708187057,0.0,0.0,0.0,0.0,True,0.0,0.0,INIT
2025-12-04T20:56:30.493877,1723.7098086,0.0,0.0,0.0,0.0,True,0.0,0.0,INIT
2025-12-04T20:56:30.498898,1723.714831292,0.0,0.0,0.0,0.0,True,0.0,0.0,INIT
2025-12-04T20:56:30.509953,1723.725882168,0.0,0.0,0.0,0.0,True,0.0,0.0,INIT
2025-12-04T20:56:30.521048,1723.736981075,-1.5473491632406364e-13,0.0,1.668399885920908e-20,-1.5473491632406364e-13,True,1.5473491632406364e-13,0.0,INIT
2025-12-04T20:56:30.532062,1723.747990612,-1.5473491632406364e-13,0.0,1.668399885920908e-20,-1.5473491632406364e-13,True,1.5473491632406364e-13,0.0,INIT
2025-12-04T20:56:30.543755,1723.759687134,0.0,0.0,0.0,0.0,True,0.0,0.0,INIT
2025-12-04T20:56:30.554908,1723.770839919,0.0,0.0,0.0,0.0,True,0.0,0.0,INIT
2025-12-04T20:56:30.580832,1723.796765841,1.0521974310036326e-11,0.0,-2.1755311328595957e-17,1.0521974310036326e-11,True,1.0521974310036326e-11,0.0,INIT
2025-12-04T20:56:30.582696,1723.798622719,0.0,0.0,0.0,0.0,True,0.0,0.0,INIT
2025-12-04T20:56:30.588220,1723.804155536,0.0,0.0,0.0,0.0,True,0.0,0.0,INIT
2025-12-04T20:56:30.603464,1723.819396509,0.0,0.0,0.0,0.0,True,0.0,0.0,INIT
2025-12-04T20:56:30.609682,1723.825609932,0.0,0.0,0.0,0.0,True,0.0,0.0,INIT
2025-12-04T20:56:30.621374,1723.837316874,-1.5473491632406364e-13,0.0,1.668399885920908e-20,-1.5473491632406364e-13,True,1.5473491632406364e-13,0.0,INIT
2025-12-04T20:56:30.633853,1723.849793012,-1.5473491632406364e-13,0.0,1.668399885920908e-20,-1.5473491632406364e-13,True,1.5473491632406364e-13,0.0,INIT
2025-12-04T20:56:30.642645,1723.858573895,0.0,0.0,0.0,0.0,True,0.0,0.0,INIT
2025-12-04T20:56:30.659151,1723.875090969,0.0,0.0,0.0,0.0,True,0.0,0.0,INIT
2025-12-04T20:56:30.665116,1723.881046501,0.0,0.0,0.0,0.0,True,0.0,0.0,INIT
2025-12-04T20:56:30.676332,1723.892259642,1.5473491632406364e-13,0.0,-1.668399885920908e-20,1.5473491632406364e-13,True,1.5473491632406364e-13,0.0,INIT
2025-12-04T20:56:30.687592,1723.90351979,0.0,0.0,0.0,0.0,True,0.0,0.0,INIT
2025-12-04T20:56:30.699424,1723.915355227,0.0,0.0,0.0,0.0,True,0.0,0.0,INIT
2025-12-04T20:56:30.711290,1723.927218552,0.0,0.0,0.0,0.0,True,0.0,0.0,INIT
2025-12-04T20:56:30.721891,1723.937822384,0.0,0.0,0.0,0.0,True,0.0,0.0,INIT
2025-12-04T20:56:30.756756,1723.972696672,-1.5473491632406364e-13,0.0,1.668399885920908e-20,-1.5473491632406364e-13,True,1.5473491632406364e-13,0.0,INIT
2025-12-04T20:56:30.760173,1723.976106346,0.0,0.0,0.0,0.0,True,0.0,0.0,INIT
2025-12-04T20:56:30.761061,1723.976992075,0.0,0.0,0.0,0.0,True,0.0,0.0,INIT
2025-12-04T20:56:30.765882,1723.98181261,0.0,0.0,0.0,0.0,True,0.0,0.0,INIT
2025-12-04T20:56:30.777041,1723.992972102,1.5473491632406364e-13,0.0,-1.668399885920908e-20,1.5473491632406364e-13,True,1.5473491632406364e-13,0.0,INIT
2025-12-04T20:56:30.788158,1724.004094447,1.5473491632406364e-13,0.0,-1.668399885920908e-20,1.5473491632406364e-13,True,1.5473491632406364e-13,0.0,INIT
2025-12-04T20:56:30.799271,1724.015208294,0.0,0.0,0.0,0.0,True,0.0,0.0,INIT
2025-12-04T20:56:30.810062,1724.02599346,0.0,0.0,0.0,0.0,True,0.0,0.0,INIT
2025-12-04T20:56:30.822012,1724.037947154,0.0,0.0,0.0,0.0,True,0.0,0.0,INIT
2025-12-04T20:56:30.834622,1724.050568326,-1.5473491632406364e-13,0.0,1.668399885920908e-20,-1.5473491632406364e-13,True,1.5473491632406364e-13,0.0,INIT
2025-12-04T20:56:30.868741,1724.084699811,-1.5473491632406364e-13,0.0,1.668399885920908e-20,-1.5473491632406364e-13,True,1.5473491632406364e-13,0.0,INIT
2025-12-04T20:56:30.872092,1724.088024613,0.0,0.0,0.0,0.0,True,0.0,0.0,INIT
2025-12-04T20:56:30.872934,1724.088864229,0.0,0.0,0.0,0.0,True,0.0,0.0,INIT
2025-12-04T20:56:30.878631,1724.094566209,1.5473491632406364e-13,0.0,-1.668399885920908e-20,1.5473491632406364e-13,True,1.5473491632406364e-13,0.0,INIT
2025-12-04T20:56:30.889933,1724.105870994,1.5473491632406364e-13,0.0,-1.668399885920908e-20,1.5473491632406364e-13,True,1.5473491632406364e-13,0.0,INIT
2025-12-04T20:56:30.903179,1724.119114098,0.0,0.0,0.0,0.0,True,0.0,0.0,INIT
2025-12-04T20:56:30.911011,1724.12694362,0.0,0.0,0.0,0.0,True,0.0,0.0,INIT
2025-12-04T20:56:30.925122,1724.141058825,0.0,0.0,0.0,0.0,True,0.0,0.0,INIT
2025-12-04T20:56:30.932720,1724.148647311,0.0,0.0,0.0,0.0,True,0.0,0.0,INIT
2025-12-04T20:56:30.952949,1724.16888843,-2.1662888285368908e-12,0.0,1.4815551144392716e-18,-2.1662888285368908e-12,True,2.1662888285368908e-12,0.0,INIT
2025-12-04T20:56:30.954766,1724.170707452,-2.1662888285368908e-12,0.0,1.4815551144392716e-18,-2.1662888285368908e-12,True,2.1662888285368908e-12,0.0,INIT
2025-12-04T20:56:30.967307,1724.183238391,1.5473491632406364e-13,0.0,-1.668399885920908e-20,1.5473491632406364e-13,True,1.5473491632406364e-13,0.0,INIT
2025-12-04T20:56:30.985589,1724.20152431,1.5473491632406364e-13,0.0,-1.668399885920908e-20,1.5473491632406364e-13,True,1.5473491632406364e-13,0.0,INIT
2025-12-04T20:56:30.990904,1724.206841553,0.0,0.0,0.0,0.0,True,0.0,0.0,INIT
2025-12-04T20:56:30.999957,1724.215887483,0.0,0.0,0.0,0.0,True,0.0,0.0,INIT
2025-12-04T20:56:31.010898,1724.226826001,-1.5473491632406364e-13,0.0,1.668399885920908e-20,-1.5473491632406364e-13,True,1.5473491632406364e-13,0.0,INIT
2025-12-04T20:56:31.021918,1724.237851356,-1.5473491632406364e-13,0.0,1.668399885920908e-20,-1.5473491632406364e-13,True,1.5473491632406364e-13,0.0,INIT
2025-12-04T20:56:31.057231,1724.273172631,0.0,0.0,0.0,0.0,True,0.0,0.0,INIT
2025-12-04T20:56:31.059844,1724.275776022,0.0,0.0,0.0,0.0,True,0.0,0.0,INIT
2025-12-04T20:56:31.060552,1724.276483691,0.0,0.0,0.0,0.0,True,0.0,0.0,INIT
2025-12-04T20:56:31.068106,1724.284043134,0.0,0.0,0.0,0.0,True,0.0,0.0,INIT
2025-12-04T20:56:31.079246,1724.295175876,1.5473491632406364e-13,0.0,-1.668399885920908e-20,1.5473491632406364e-13,True,1.5473491632406364e-13,0.0,INIT
2025-12-04T20:56:31.090322,1724.306254793,1.5473491632406364e-13,0.0,-1.668399885920908e-20,1.5473491632406364e-13,True,1.5473491632406364e-13,0.0,INIT
2025-12-04T20:56:31.102821,1724.318755283,-1.1450383807980711e-11,0.0,2.5118521598213108e-17,-1.1450383807980711e-11,True,1.1450383807980711e-11,0.0,INIT
2025-12-04T20:56:31.112466,1724.32839947,-1.1450383807980711e-11,0.0,2.5118521598213108e-17,-1.1450383807980711e-11,True,1.1450383807980711e-11,0.0,INIT
2025-12-04T20:56:31.125560,1724.341494571,-1.5473491632406364e-13,0.0,1.668399885920908e-20,-1.5473491632406364e-13,True,1.5473491632406364e-13,0.0,INIT
2025-12-04T20:56:31.135152,1724.351099592,-1.5473491632406364e-13,0.0,1.668399885920908e-20,-1.5473491632406364e-13,True,1.5473491632406364e-13,0.0,INIT
2025-12-04T20:56:31.149817,1724.365749363,1.5473491632406364e-13,0.0,-1.668399885920908e-20,1.5473491632406364e-13,True,1.5473491632406364e-13,0.0,INIT
2025-12-04T20:56:31.170771,1724.386705097,1.5473491632406364e-13,0.0,-1.668399885920908e-20,1.5473491632406364e-13,True,1.5473491632406364e-13,0.0,INIT
2025-12-04T20:56:31.172995,1724.388932526,1.5473491632406364e-13,0.0,-1.668399885920908e-20,1.5473491632406364e-13,True,1.5473491632406364e-13,0.0,INIT
2025-12-04T20:56:31.202736,1724.418671431,1.5473491632406364e-13,0.0,-1.668399885920908e-20,1.5473491632406364e-13,True,1.5473491632406364e-13,0.0,INIT
2025-12-04T20:56:31.205786,1724.421736243,1.5473491632406364e-13,0.0,-1.668399885920908e-20,1.5473491632406364e-13,True,1.5473491632406364e-13,0.0,INIT
2025-12-04T20:56:31.207906,1724.423839348,-1.5473491632406364e-13,0.0,1.668399885920908e-20,-1.5473491632406364e-13,True,1.5473491632406364e-13,0.0,INIT
2025-12-04T20:56:31.230592,1724.446530632,-1.5473491632406364e-13,0.0,1.668399885920908e-20,-1.5473491632406364e-13,True,1.5473491632406364e-13,0.0,INIT
2025-12-04T20:56:31.233733,1724.449680727,-1.5473491632406364e-13,0.0,1.668399885920908e-20,-1.5473491632406364e-13,True,1.5473491632406364e-13,0.0,INIT
2025-12-04T20:56:31.236618,1724.452553595,-1.5473491632406364e-13,0.0,1.668399885920908e-20,-1.5473491632406364e-13,True,1.5473491632406364e-13,0.0,INIT
2025-12-04T20:56:31.258068,1724.47399978,1.5473491632406364e-13,0.0,-1.668399885920908e-20,1.5473491632406364e-13,True,1.5473491632406364e-13,0.0,INIT
2025-12-04T20:56:31.259663,1724.475590759,1.5473491632406364e-13,0.0,-1.668399885920908e-20,1.5473491632406364e-13,True,1.5473491632406364e-13,0.0,INIT
2025-12-04T20:56:31.270429,1724.48635916,1.5473491632406364e-13,0.0,-1.668399885920908e-20,1.5473491632406364e-13,True,1.5473491632406364e-13,0.0,INIT
2025-12-04T20:56:31.307941,1724.523871184,1.5473491632406364e-13,0.0,-1.668399885920908e-20,1.5473491632406364e-13,True,1.5473491632406364e-13,0.0,INIT
2025-12-04T20:56:31.310130,1724.526062352,0.0,0.0,0.0,0.0,True,0.0,0.0,INIT
2025-12-04T20:56:31.311054,1724.526980091,0.0,0.0,0.0,0.0,True,0.0,0.0,INIT
2025-12-04T20:56:31.327222,1724.54315952,-1.5473491632406364e-13,0.0,1.668399885920908e-20,-1.5473491632406364e-13,True,1.5473491632406364e-13,0.0,INIT
2025-12-04T20:56:31.328726,1724.544660573,-1.5473491632406364e-13,0.0,1.668399885920908e-20,-1.5473491632406364e-13,True,1.5473491632406364e-13,0.0,INIT
2025-12-04T20:56:31.337872,1724.553802093,-1.5473491632406364e-13,0.0,1.668399885920908e-20,-1.5473491632406364e-13,True,1.5473491632406364e-13,0.0,INIT
2025-12-04T20:56:31.350622,1724.566558828,-1.5473491632406364e-13,0.0,1.668399885920908e-20,-1.5473491632406364e-13,True,1.5473491632406364e-13,0.0,INIT
2025-12-04T20:56:31.360804,1724.576734254,1.5473491632406364e-13,0.0,-1.668399885920908e-20,1.5473491632406364e-13,True,1.5473491632406364e-13,0.0,INIT
2025-12-04T20:56:31.371813,1724.587759818,1.5473491632406364e-13,0.0,-1.668399885920908e-20,1.5473491632406364e-13,True,1.5473491632406364e-13,0.0,INIT
2025-12-04T20:56:31.388803,1724.604752457,1.5473491632406364e-13,0.0,-1.668399885920908e-20,1.5473491632406364e-13,True,1.5473491632406364e-13,0.0,INIT
2025-12-04T20:56:31.392772,1724.608704594,1.5473491632406364e-13,0.0,-1.668399885920908e-20,1.5473491632406364e-13,True,1.5473491632406364e-13,0.0,INIT
2025-12-04T20:56:31.425041,1724.640980914,1.5473491632406364e-13,0.0,-1.668399885920908e-20,1.5473491632406364e-13,True,1.5473491632406364e-13,0.0,INIT
2025-12-04T20:56:31.427660,1724.643592991,0.0,0.0,0.0,0.0,True,0.0,0.0,INIT
2025-12-04T20:56:31.429292,1724.645222313,0.0,0.0,0.0,0.0,True,0.0,0.0,INIT
2025-12-04T20:56:31.438265,1724.654195691,-1.5473491632406364e-13,0.0,1.668399885920908e-20,-1.5473491632406364e-13,True,1.5473491632406364e-13,0.0,INIT
2025-12-04T20:56:31.449197,1724.665129575,-1.5473491632406364e-13,0.0,1.668399885920908e-20,-1.5473491632406364e-13,True,1.5473491632406364e-13,0.0,INIT
2025-12-04T20:56:31.460414,1724.676351328,-1.5473491632406364e-13,0.0,1.668399885920908e-20,-1.5473491632406364e-13,True,1.5473491632406364e-13,0.0,INIT
2025-12-04T20:56:31.471835,1724.68776336,1.5473491632406364e-13,0.0,-1.668399885920908e-20,1.5473491632406364e-13,True,1.5473491632406364e-13,0.0,INIT
2025-12-04T20:56:31.494457,1724.710393065,1.5473491632406364e-13,0.0,-1.668399885920908e-20,1.5473491632406364e-13,True,1.5473491632406364e-13,0.0,INIT
2025-12-04T20:56:31.496305,1724.712237722,1.5473491632406364e-13,0.0,-1.668399885920908e-20,1.5473491632406364e-13,True,1.5473491632406364e-13,0.0,INIT
2025-12-04T20:56:31.525950,1724.741885535,1.5473491632406364e-13,0.0,-1.668399885920908e-20,1.5473491632406364e-13,True,1.5473491632406364e-13,0.0,INIT
2025-12-04T20:56:31.528395,1724.744330616,0.0,0.0,0.0,0.0,True,0.0,0.0,INIT
2025-12-04T20:56:31.529660,1724.745586856,0.0,0.0,0.0,0.0,True,0.0,0.0,INIT
2025-12-04T20:56:31.540462,1724.75639394,0.0,0.0,0.0,0.0,True,0.0,0.0,INIT
2025-12-04T20:56:31.552075,1724.768027659,-1.5473491632406364e-13,0.0,1.668399885920908e-20,-1.5473491632406364e-13,True,1.5473491632406364e-13,0.0,INIT
2025-12-04T20:56:31.562633,1724.778569073,-1.5473491632406364e-13,0.0,1.668399885920908e-20,-1.5473491632406364e-13,True,1.5473491632406364e-13,0.0,INIT
2025-12-04T20:56:31.585442,1724.80137382,-1.5473491632406364e-13,0.0,1.668399885920908e-20,-1.5473491632406364e-13,True,1.5473491632406364e-13,0.0,INIT
2025-12-04T20:56:31.586720,1724.802650081,-1.5473491632406364e-13,0.0,1.668399885920908e-20,-1.5473491632406364e-13,True,1.5473491632406364e-13,0.0,INIT
2025-12-04T20:56:31.597898,1724.813827424,0.0,0.0,0.0,0.0,True,0.0,0.0,INIT
2025-12-04T20:56:31.607907,1724.82384944,0.0,0.0,0.0,0.0,True,0.0,0.0,INIT
2025-12-04T20:56:31.621868,1724.837801566,1.5473491632406364e-13,0.0,-1.668399885920908e-20,1.5473491632406364e-13,True,1.5473491632406364e-13,0.0,INIT
2025-12-04T20:56:31.630401,1724.84633491,1.5473491632406364e-13,0.0,-1.668399885920908e-20,1.5473491632406364e-13,True,1.5473491632406364e-13,0.0,INIT
2025-12-04T20:56:31.641994,1724.857921825,1.5473491632406364e-13,0.0,-1.668399885920908e-20,1.5473491632406364e-13,True,1.5473491632406364e-13,0.0,INIT
2025-12-04T20:56:31.653004,1724.868933449,1.5473491632406364e-13,0.0,-1.668399885920908e-20,1.5473491632406364e-13,True,1.5473491632406364e-13,0.0,INIT
2025-12-04T20:56:31.679744,1724.895676369,-1.5473491632406364e-13,0.0,1.668399885920908e-20,-1.5473491632406364e-13,True,1.5473491632406364e-13,0.0,INIT
2025-12-04T20:56:31.712516,1724.9284475,0.0,0.0,0.0,0.0,True,0.0,0.0,INIT
2025-12-04T20:56:31.715477,1724.931406075,0.0,0.0,0.0,0.0,True,0.0,0.0,INIT
2025-12-04T20:56:31.717123,1724.933056801,0.0,0.0,0.0,0.0,True,0.0,0.0,INIT
2025-12-04T20:56:31.719072,1724.935013266,0.0,0.0,0.0,0.0,True,0.0,0.0,INIT
2025-12-04T20:56:31.722640,1724.938569098,0.0,0.0,0.0,0.0,True,0.0,0.0,INIT
2025-12-04T20:56:31.732944,1724.948877,1.5473491632406364e-13,0.0,-1.668399885920908e-20,1.5473491632406364e-13,True,1.5473491632406364e-13,0.0,INIT
2025-12-04T20:56:31.744898,1724.960832612,1.5473491632406364e-13,0.0,-1.668399885920908e-20,1.5473491632406364e-13,True,1.5473491632406364e-13,0.0,INIT
2025-12-04T20:56:31.754831,1724.97076993,0.0,0.0,0.0,0.0,True,0.0,0.0,INIT
2025-12-04T20:56:31.766803,1724.982734271,-1.5473491632406364e-13,0.0,1.668399885920908e-20,-1.5473491632406364e-13,True,1.5473491632406364e-13,0.0,INIT
2025-12-04T20:56:31.778096,1724.994025188,-1.5473491632406364e-13,0.0,1.668399885920908e-20,-1.5473491632406364e-13,True,1.5473491632406364e-13,0.0,INIT
2025-12-04T20:56:31.791685,1725.007620182,0.0,0.0,0.0,0.0,True,0.0,0.0,INIT
2025-12-04T20:56:31.802668,1725.018603067,0.0,0.0,0.0,0.0,True,0.0,0.0,INIT
2025-12-04T20:56:31.818623,1725.034585701,0.0,0.0,0.0,0.0,True,0.0,0.0,INIT
2025-12-04T20:56:31.823740,1725.039669784,0.0,0.0,0.0,0.0,True,0.0,0.0,INIT
2025-12-04T20:56:31.838523,1725.054471122,1.5473491632406364e-13,0.0,-1.668399885920908e-20,1.5473491632406364e-13,True,1.5473491632406364e-13,0.0,INIT
2025-12-04T20:56:31.847492,1725.063419903,1.5473491632406364e-13,0.0,-1.668399885920908e-20,1.5473491632406364e-13,True,1.5473491632406364e-13,0.0,INIT
2025-12-04T20:56:31.868225,1725.084157857,0.0,0.0,0.0,0.0,True,0.0,0.0,INIT
2025-12-04T20:56:31.879844,1725.095774228,0.0,0.0,0.0,0.0,True,0.0,0.0,INIT
2025-12-04T20:56:31.886711,1725.102641665,-1.5473491632406364e-13,0.0,1.668399885920908e-20,-1.5473491632406364e-13,True,1.5473491632406364e-13,0.0,INIT
2025-12-04T20:56:31.892612,1725.108549419,-1.5473491632406364e-13,0.0,1.668399885920908e-20,-1.5473491632406364e-13,True,1.5473491632406364e-13,0.0,INIT
2025-12-04T20:56:31.904969,1725.120905064,0.0,0.0,0.0,0.0,True,0.0,0.0,INIT
2025-12-04T20:56:31.914562,1725.130492161,0.0,0.0,0.0,0.0,True,0.0,0.0,INIT
2025-12-04T20:56:31.932465,1725.148403164,0.0,0.0,0.0,0.0,True,0.0,0.0,INIT
2025-12-04T20:56:31.938054,1725.153990941,0.0,0.0,0.0,0.0,True,0.0,0.0,INIT
2025-12-04T20:56:31.952180,1725.16811158,0.0,0.0,0.0,0.0,True,0.0,0.0,INIT
2025-12-04T20:56:31.997407,1725.21334144,1.5473491632406364e-13,0.0,-1.668399885920908e-20,1.5473491632406364e-13,True,1.5473491632406364e-13,0.0,INIT
2025-12-04T20:56:32.000425,1725.216389026,1.5473491632406364e-13,0.0,-1.668399885920908e-20,1.5473491632406364e-13,True,1.5473491632406364e-13,0.0,INIT
2025-12-04T20:56:32.003788,1725.219716879,-1.5473491632406364e-13,0.0,1.668399885920908e-20,-1.5473491632406364e-13,True,1.5473491632406364e-13,0.0,INIT
2025-12-04T20:56:32.002543,1725.218476405,-1.5473491632406364e-13,0.0,1.668399885920908e-20,-1.5473491632406364e-13,True,1.5473491632406364e-13,0.0,INIT
2025-12-04T20:56:32.006878,1725.222821672,-1.5473491632406364e-13,0.0,1.668399885920908e-20,-1.5473491632406364e-13,True,1.5473491632406364e-13,0.0,INIT
2025-12-04T20:56:32.039562,1725.255494901,-1.5473491632406364e-13,0.0,1.668399885920908e-20,-1.5473491632406364e-13,True,1.5473491632406364e-13,0.0,INIT
2025-12-04T20:56:32.042996,1725.25892439,0.0,0.0,0.0,0.0,True,0.0,0.0,INIT
2025-12-04T20:56:32.044285,1725.260210829,0.0,0.0,0.0,0.0,True,0.0,0.0,INIT
2025-12-04T20:56:32.047349,1725.263279696,0.0,0.0,0.0,0.0,True,0.0,0.0,INIT
2025-12-04T20:56:32.058450,1725.274383438,0.0,0.0,0.0,0.0,True,0.0,0.0,INIT
2025-12-04T20:56:32.069693,1725.285630025,0.0,0.0,0.0,0.0,True,0.0,0.0,INIT
2025-12-04T20:56:32.086746,1725.30267925,1.5473491632406364e-13,0.0,-1.668399885920908e-20,1.5473491632406364e-13,True,1.5473491632406364e-13,0.0,INIT
2025-12-04T20:56:32.093828,1725.309758356,1.5473491632406364e-13,0.0,-1.668399885920908e-20,1.5473491632406364e-13,True,1.5473491632406364e-13,0.0,INIT
2025-12-04T20:56:32.131041,1725.34697934,-1.5473491632406364e-13,0.0,1.668399885920908e-20,-1.5473491632406364e-13,True,1.5473491632406364e-13,0.0,INIT
2025-12-04T20:56:32.134807,1725.350751968,-1.5473491632406364e-13,0.0,1.668399885920908e-20,-1.5473491632406364e-13,True,1.5473491632406364e-13,0.0,INIT
2025-12-04T20:56:32.136032,1725.351960845,-1.5473491632406364e-13,0.0,1.668399885920908e-20,-1.5473491632406364e-13,True,1.5473491632406364e-13,0.0,INIT
2025-12-04T20:56:32.250473,1725.46640511,-1.5473491632406364e-13,0.0,1.668399885920908e-20,-1.5473491632406364e-13,True,1.5473491632406364e-13,0.0,INIT
2025-12-04T20:56:32.332579,1725.548515141,-1.5473491632406364e-13,0.0,1.668399885920908e-20,-1.5473491632406364e-13,True,1.5473491632406364e-13,0.0,INIT
2025-12-04T20:56:32.337530,1725.55345925,-1.5473491632406364e-13,0.0,1.668399885920908e-20,-1.5473491632406364e-13,True,1.5473491632406364e-13,0.0,INIT
2025-12-04T20:56:32.372727,1725.588668541,1.5473491632406364e-13,0.0,-1.668399885920908e-20,1.5473491632406364e-13,True,1.5473491632406364e-13,0.0,INIT
2025-12-04T20:56:32.378445,1725.594377247,1.5473491632406364e-13,0.0,-1.668399885920908e-20,1.5473491632406364e-13,True,1.5473491632406364e-13,0.0,INIT
2025-12-04T20:56:32.380422,1725.596350455,1.5473491632406364e-13,0.0,-1.668399885920908e-20,1.5473491632406364e-13,True,1.5473491632406364e-13,0.0,INIT
2025-12-04T20:56:32.383158,1725.599087948,1.5473491632406364e-13,0.0,-1.668399885920908e-20,1.5473491632406364e-13,True,1.5473491632406364e-13,0.0,INIT
2025-12-04T20:56:32.384327,1725.60025522,1.5473491632406364e-13,0.0,-1.668399885920908e-20,1.5473491632406364e-13,True,1.5473491632406364e-13,0.0,INIT
2025-12-04T20:56:32.386663,1725.602597769,1.5473491632406364e-13,0.0,-1.668399885920908e-20,1.5473491632406364e-13,True,1.5473491632406364e-13,0.0,INIT
2025-12-04T20:56:32.387774,1725.603701988,1.5473491632406364e-13,0.0,-1.668399885920908e-20,1.5473491632406364e-13,True,1.5473491632406364e-13,0.0,INIT
2025-12-04T20:56:32.389178,1725.605113156,1.5473491632406364e-13,0.0,-1.668399885920908e-20,1.5473491632406364e-13,True,1.5473491632406364e-13,0.0,INIT
2025-12-04T20:56:32.390626,1725.606556804,1.5473491632406364e-13,0.0,-1.668399885920908e-20,1.5473491632406364e-13,True,1.5473491632406364e-13,0.0,INIT
2025-12-04T20:56:32.391500,1725.60743041,1.5473491632406364e-13,0.0,-1.668399885920908e-20,1.5473491632406364e-13,True,1.5473491632406364e-13,0.0,INIT
2025-12-04T20:56:32.392718,1725.608646267,1.5473491632406364e-13,0.0,-1.668399885920908e-20,1.5473491632406364e-13,True,1.5473491632406364e-13,0.0,INIT
2025-12-04T20:56:32.393870,1725.609801851,1.5473491632406364e-13,0.0,-1.668399885920908e-20,1.5473491632406364e-13,True,1.5473491632406364e-13,0.0,INIT
2025-12-04T20:56:32.405484,1725.621417609,0.0,0.0,0.0,0.0,True,0.0,0.0,INIT
2025-12-04T20:56:32.415993,1725.631920521,0.0,0.0,0.0,0.0,True,0.0,0.0,INIT
2025-12-04T20:56:32.427057,1725.642987515,0.0,0.0,0.0,0.0,True,0.0,0.0,INIT
2025-12-04T20:56:32.492190,1725.708120083,1.5473491632406364e-13,0.0,-1.668399885920908e-20,1.5473491632406364e-13,True,1.5473491632406364e-13,0.0,INIT
2025-12-04T20:56:32.502854,1725.718803442,1.5473491632406364e-13,0.0,-1.668399885920908e-20,1.5473491632406364e-13,True,1.5473491632406364e-13,0.0,INIT
2025-12-04T20:56:32.505801,1725.72172957,1.5473491632406364e-13,0.0,-1.668399885920908e-20,1.5473491632406364e-13,True,1.5473491632406364e-13,0.0,INIT
2025-12-04T20:56:32.507138,1725.723064227,1.5473491632406364e-13,0.0,-1.668399885920908e-20,1.5473491632406364e-13,True,1.5473491632406364e-13,0.0,INIT
2025-12-04T20:56:32.508173,1725.724100716,1.5473491632406364e-13,0.0,-1.668399885920908e-20,1.5473491632406364e-13,True,1.5473491632406364e-13,0.0,INIT
2025-12-04T20:56:32.509209,1725.725135313,1.5473491632406364e-13,0.0,-1.668399885920908e-20,1.5473491632406364e-13,True,1.5473491632406364e-13,0.0,INIT
2025-12-04T20:56:32.510685,1725.726614518,1.5473491632406364e-13,0.0,-1.668399885920908e-20,1.5473491632406364e-13,True,1.5473491632406364e-13,0.0,INIT
2025-12-04T20:56:32.524209,1725.74014532,0.0,0.0,0.0,0.0,True,0.0,0.0,INIT
2025-12-04T20:56:32.529541,1725.745482054,0.0,0.0,0.0,0.0,True,0.0,0.0,INIT
2025-12-04T20:56:32.570484,1725.786426436,0.0,0.0,0.0,0.0,True,0.0,0.0,INIT
2025-12-04T20:56:32.575347,1725.791281102,-1.5473491632406364e-13,0.0,1.668399885920908e-20,-1.5473491632406364e-13,True,1.5473491632406364e-13,0.0,INIT
2025-12-04T20:56:32.576628,1725.792556009,-1.5473491632406364e-13,0.0,1.668399885920908e-20,-1.5473491632406364e-13,True,1.5473491632406364e-13,0.0,INIT
2025-12-04T20:56:32.577948,1725.793884269,-1.5473491632406364e-13,0.0,1.668399885920908e-20,-1.5473491632406364e-13,True,1.5473491632406364e-13,0.0,INIT
2025-12-04T20:56:32.583214,1725.799141469,-1.5473491632406364e-13,0.0,1.668399885920908e-20,-1.5473491632406364e-13,True,1.5473491632406364e-13,0.0,INIT
2025-12-04T20:56:32.594654,1725.810585288,1.5473491632406364e-13,0.0,-1.668399885920908e-20,1.5473491632406364e-13,True,1.5473491632406364e-13,0.0,INIT
2025-12-04T20:56:32.606707,1725.822641376,1.5473491632406364e-13,0.0,-1.668399885920908e-20,1.5473491632406364e-13,True,1.5473491632406364e-13,0.0,INIT
2025-12-04T20:56:32.616373,1725.832303491,1.5473491632406364e-13,0.0,-1.668399885920908e-20,1.5473491632406364e-13,True,1.5473491632406364e-13,0.0,INIT
2025-12-04T20:56:32.635700,1725.851648004,1.5473491632406364e-13,0.0,-1.668399885920908e-20,1.5473491632406364e-13,True,1.5473491632406364e-13,0.0,INIT
2025-12-04T20:56:32.639572,1725.855503268,0.0,0.0,0.0,0.0,True,0.0,0.0,INIT
2025-12-04T20:56:32.650742,1725.866671318,0.0,0.0,0.0,0.0,True,0.0,0.0,INIT
2025-12-04T20:56:32.681923,1725.897859096,-1.5473491632406364e-13,0.0,1.668399885920908e-20,-1.5473491632406364e-13,True,1.5473491632406364e-13,0.0,INIT
2025-12-04T20:56:32.683574,1725.899507881,-1.5473491632406364e-13,0.0,1.668399885920908e-20,-1.5473491632406364e-13,True,1.5473491632406364e-13,0.0,INIT
2025-12-04T20:56:32.701096,1725.917040148,-1.5473491632406364e-13,0.0,1.668399885920908e-20,-1.5473491632406364e-13,True,1.5473491632406364e-13,0.0,INIT
2025-12-04T20:56:32.704056,1725.919990078,-1.5473491632406364e-13,0.0,1.668399885920908e-20,-1.5473491632406364e-13,True,1.5473491632406364e-13,0.0,INIT
2025-12-04T20:56:32.716709,1725.932640259,0.0,0.0,0.0,0.0,True,0.0,0.0,INIT
2025-12-04T20:56:32.722721,1725.938649311,0.0,0.0,0.0,0.0,True,0.0,0.0,INIT
2025-12-04T20:56:32.736311,1725.952252281,1.8568189958887637e-12,0.0,-1.1400089730200058e-18,1.8568189958887637e-12,True,1.8568189958887637e-12,0.0,INIT
2025-12-04T20:56:32.745880,1725.961812278,1.8568189958887637e-12,0.0,-1.1400089730200058e-18,1.8568189958887637e-12,True,1.8568189958887637e-12,0.0,INIT
2025-12-04T20:56:32.757860,1725.973791373,8.665155314147563e-12,0.0,-1.563938953982544e-17,8.665155314147563e-12,True,8.665155314147563e-12,0.0,INIT
2025-12-04T20:56:32.768696,1725.984642894,8.665155314147563e-12,0.0,-1.563938953982544e-17,8.665155314147563e-12,True,8.665155314147563e-12,0.0,INIT
2025-12-04T20:56:32.780198,1725.996125625,-1.5473491632406364e-13,0.0,1.668399885920908e-20,-1.5473491632406364e-13,True,1.5473491632406364e-13,0.0,INIT
2025-12-04T20:56:32.791265,1726.007196439,-1.5473491632406364e-13,0.0,1.668399885920908e-20,-1.5473491632406364e-13,True,1.5473491632406364e-13,0.0,INIT
2025-12-04T20:56:32.803163,1726.019097776,-1.5473491632406364e-13,0.0,1.668399885920908e-20,-1.5473491632406364e-13,True,1.5473491632406364e-13,0.0,INIT
2025-12-04T20:56:32.813805,1726.029734632,-1.5473491632406364e-13,0.0,1.668399885920908e-20,-1.5473491632406364e-13,True,1.5473491632406364e-13,0.0,INIT
2025-12-04T20:56:32.830630,1726.046567905,3.094698326481273e-13,0.0,-5.420647221595034e-20,3.094698326481273e-13,True,3.094698326481273e-13,0.0,INIT
2025-12-04T20:56:32.838288,1726.054219109,3.094698326481273e-13,0.0,-5.420647221595034e-20,3.094698326481273e-13,True,3.094698326481273e-13,0.0,INIT
2025-12-04T20:56:32.872169,1726.088108633,0.0,0.0,0.0,0.0,True,0.0,0.0,INIT
2025-12-04T20:56:32.875170,1726.091103986,0.0,0.0,0.0,0.0,True,0.0,0.0,INIT
2025-12-04T20:56:32.876644,1726.092570758,0.0,0.0,0.0,0.0,True,0.0,0.0,INIT
2025-12-04T20:56:32.883627,1726.099558887,0.0,0.0,0.0,0.0,True,0.0,0.0,INIT
2025-12-04T20:56:32.893027,1726.10895676,-1.5473491632406364e-13,0.0,1.668399885920908e-20,-1.5473491632406364e-13,True,1.5473491632406364e-13,0.0,INIT
2025-12-04T20:56:32.905130,1726.121059137,-1.5473491632406364e-13,0.0,1.668399885920908e-20,-1.5473491632406364e-13,True,1.5473491632406364e-13,0.0,INIT
2025-12-04T20:56:32.915534,1726.131465578,2.321023744860955e-11,0.0,-8.349400447917789e-17,2.321023744860955e-11,True,2.321023744860955e-11,0.0,INIT
2025-12-04T20:56:32.926903,1726.142833911,2.321023744860955e-11,0.0,-8.349400447917789e-17,2.321023744860955e-11,True,2.321023744860955e-11,0.0,INIT
2025-12-04T20:56:32.943985,1726.159919378,3.094698326481273e-13,0.0,-5.420647221595034e-20,3.094698326481273e-13,True,3.094698326481273e-13,0.0,INIT
2025-12-04T20:56:32.951161,1726.167104445,3.094698326481273e-13,0.0,-5.420647221595034e-20,3.094698326481273e-13,True,3.094698326481273e-13,0.0,INIT
2025-12-04T20:56:32.960062,1726.175993378,0.0,0.0,0.0,0.0,True,0.0,0.0,INIT
2025-12-04T20:56:32.972435,1726.188367745,0.0,0.0,0.0,0.0,True,0.0,0.0,INIT
2025-12-04T20:56:32.982673,1726.198601001,0.0,0.0,0.0,0.0,True,0.0,0.0,INIT
2025-12-04T20:56:32.993907,1726.2098358,0.0,0.0,0.0,0.0,True,0.0,0.0,INIT
2025-12-04T20:56:33.006610,1726.222541755,-1.5473491632406364e-13,0.0,1.668399885920908e-20,-1.5473491632406364e-13,True,1.5473491632406364e-13,0.0,INIT
2025-12-04T20:56:33.017962,1726.233914142,-1.5473491632406364e-13,0.0,1.668399885920908e-20,-1.5473491632406364e-13,True,1.5473491632406364e-13,0.0,INIT
2025-12-04T20:56:33.032580,1726.248512795,-1.5473491632406364e-13,0.0,1.668399885920908e-20,-1.5473491632406364e-13,True,1.5473491632406364e-13,0.0,INIT
2025-12-04T20:56:33.040748,1726.256679018,-1.5473491632406364e-13,0.0,1.668399885920908e-20,-1.5473491632406364e-13,True,1.5473491632406364e-13,0.0,INIT
2025-12-04T20:56:33.051992,1726.26792223,3.094698326481273e-13,0.0,-5.420647221595034e-20,3.094698326481273e-13,True,3.094698326481273e-13,0.0,INIT
2025-12-04T20:56:33.062205,1726.278132462,3.094698326481273e-13,0.0,-5.420647221595034e-20,3.094698326481273e-13,True,3.094698326481273e-13,0.0,INIT
2025-12-04T20:56:33.073979,1726.289915352,0.0,0.0,0.0,0.0,True,0.0,0.0,INIT
2025-12-04T20:56:33.084785,1726.300732419,0.0,0.0,0.0,0.0,True,0.0,0.0,INIT
2025-12-04T20:56:33.094926,1726.310855394,0.0,0.0,0.0,0.0,True,0.0,0.0,INIT
2025-12-04T20:56:33.110244,1726.326178813,0.0,0.0,0.0,0.0,True,0.0,0.0,INIT
2025-12-04T20:56:33.116812,1726.332743374,-1.5473491632406364e-13,0.0,1.668399885920908e-20,-1.5473491632406364e-13,True,1.5473491632406364e-13,0.0,INIT
2025-12-04T20:56:33.128150,1726.344082442,-1.5473491632406364e-13,0.0,1.668399885920908e-20,-1.5473491632406364e-13,True,1.5473491632406364e-13,0.0,INIT
2025-12-04T20:56:33.139931,1726.355865113,-1.5473491632406364e-13,0.0,1.668399885920908e-20,-1.5473491632406364e-13,True,1.5473491632406364e-13,0.0,INIT
2025-12-04T20:56:33.152279,1726.368212323,-1.5473491632406364e-13,0.0,1.668399885920908e-20,-1.5473491632406364e-13,True,1.5473491632406364e-13,0.0,INIT
2025-12-04T20:56:33.169790,1726.385744027,3.094698326481273e-13,0.0,-5.420647221595034e-20,3.094698326481273e-13,True,3.094698326481273e-13,0.0,INIT
2025-12-04T20:56:33.193459,1726.409389483,3.094698326481273e-13,0.0,-5.420647221595034e-20,3.094698326481273e-13,True,3.094698326481273e-13,0.0,INIT
2025-12-04T20:56:33.205043,1726.420983446,0.0,0.0,0.0,0.0,True,0.0,0.0,INIT
2025-12-04T20:56:33.210236,1726.426180384,0.0,0.0,0.0,0.0,True,0.0,0.0,INIT
2025-12-04T20:56:33.211031,1726.426962382,0.0,0.0,0.0,0.0,True,0.0,0.0,INIT
2025-12-04T20:56:33.217296,1726.43322615,0.0,0.0,0.0,0.0,True,0.0,0.0,INIT
2025-12-04T20:56:33.227693,1726.44362054,-1.5473491632406364e-13,0.0,1.668399885920908e-20,-1.5473491632406364e-13,True,1.5473491632406364e-13,0.0,INIT
2025-12-04T20:56:33.240885,1726.456816935,-1.5473491632406364e-13,0.0,1.668399885920908e-20,-1.5473491632406364e-13,True,1.5473491632406364e-13,0.0,INIT
2025-12-04T20:56:33.249374,1726.465303738,-1.5473491632406364e-13,0.0,1.668399885920908e-20,-1.5473491632406364e-13,True,1.5473491632406364e-13,0.0,INIT
2025-12-04T20:56:33.261069,1726.47701082,-1.5473491632406364e-13,0.0,1.668399885920908e-20,-1.5473491632406364e-13,True,1.5473491632406364e-13,0.0,INIT
2025-12-04T20:56:33.273715,1726.489653162,3.094698326481273e-13,0.0,-5.420647221595034e-20,3.094698326481273e-13,True,3.094698326481273e-13,0.0,INIT
2025-12-04T20:56:33.281809,1726.497741771,3.094698326481273e-13,0.0,-5.420647221595034e-20,3.094698326481273e-13,True,3.094698326481273e-13,0.0,INIT
2025-12-04T20:56:33.299586,1726.515522291,-1.3926142469165727e-12,0.0,6.990567241050232e-19,-1.3926142469165727e-12,True,1.3926142469165727e-12,0.0,INIT
2025-12-04T20:56:33.316456,1726.532393585,-1.3926142469165727e-12,0.0,6.990567241050232e-19,-1.3926142469165727e-12,True,1.3926142469165727e-12,0.0,INIT
2025-12-04T20:56:33.319444,1726.535372754,0.0,0.0,0.0,0.0,True,0.0,0.0,INIT
2025-12-04T20:56:33.350777,1726.566716063,0.0,0.0,0.0,0.0,True,0.0,0.0,INIT
2025-12-04T20:56:33.353774,1726.569707688,-6.344131569286609e-12,0.0,9.205188953614604e-18,-6.344131569286609e-12,True,6.344131569286609e-12,0.0,INIT
2025-12-04T20:56:33.354648,1726.570576456,-6.344131569286609e-12,0.0,9.205188953614604e-18,-6.344131569286609e-12,True,6.344131569286609e-12,0.0,INIT
2025-12-04T20:56:33.360469,1726.576395101,-6.344131569286609e-12,0.0,9.205188953614604e-18,-6.344131569286609e-12,True,6.344131569286609e-12,0.0,INIT
2025-12-04T20:56:33.373940,1726.589870514,1.5473491632406364e-13,0.0,-1.668399885920908e-20,1.5473491632406364e-13,True,1.5473491632406364e-13,0.0,INIT
2025-12-04T20:56:33.405850,1726.621782733,1.5473491632406364e-13,0.0,-1.668399885920908e-20,1.5473491632406364e-13,True,1.5473491632406364e-13,0.0,INIT
2025-12-04T20:56:33.414803,1726.630740922,-1.5473491632406364e-13,0.0,1.668399885920908e-20,-1.5473491632406364e-13,True,1.5473491632406364e-13,0.0,INIT
2025-12-04T20:56:33.424186,1726.640120869,0.0,0.0,0.0,0.0,True,0.0,0.0,INIT
2025-12-04T20:56:33.425523,1726.641455009,0.0,0.0,0.0,0.0,True,0.0,0.0,INIT
2025-12-04T20:56:33.428739,1726.644668374,0.0,0.0,0.0,0.0,True,0.0,0.0,INIT
2025-12-04T20:56:33.472910,1726.688857191,-2.04250089547764e-11,0.0,6.718554332854463e-17,-2.04250089547764e-11,True,2.04250089547764e-11,0.0,INIT
2025-12-04T20:56:33.475670,1726.691600841,0.0,0.0,0.0,0.0,True,0.0,0.0,INIT
2025-12-04T20:56:33.476780,1726.692714684,0.0,0.0,0.0,0.0,True,0.0,0.0,INIT
2025-12-04T20:56:33.478539,1726.694469236,0.0,0.0,0.0,0.0,True,0.0,0.0,INIT
2025-12-04T20:56:33.577390,1726.793321626,0.0,0.0,0.0,0.0,True,0.0,0.0,INIT
2025-12-04T20:56:33.585910,1726.801840676,0.0,0.0,0.0,0.0,True,0.0,0.0,INIT
2025-12-04T20:56:33.587698,1726.803626266,0.0,0.0,0.0,0.0,True,0.0,0.0,INIT
2025-12-04T20:56:33.589683,1726.805610518,0.0,0.0,0.0,0.0,True,0.0,0.0,INIT
2025-12-04T20:56:33.590711,1726.806637861,0.0,0.0,0.0,0.0,True,0.0,0.0,INIT
2025-12-04T20:56:33.592022,1726.807950827,0.0,0.0,0.0,0.0,True,0.0,0.0,INIT
2025-12-04T20:56:33.593090,1726.809019289,0.0,0.0,0.0,0.0,True,0.0,0.0,INIT
2025-12-04T20:56:33.594394,1726.810323569,0.0,0.0,0.0,0.0,True,0.0,0.0,INIT
2025-12-04T20:56:33.595550,1726.811476843,0.0,0.0,0.0,0.0,True,0.0,0.0,INIT
2025-12-04T20:56:33.596242,1726.812170147,0.0,0.0,0.0,0.0,True,0.0,0.0,INIT
2025-12-04T20:56:33.605288,1726.821228611,1.5473491632406364e-13,0.0,-1.668399885920908e-20,1.5473491632406364e-13,True,1.5473491632406364e-13,0.0,INIT
2025-12-04T20:56:33.611617,1726.827552121,1.5473491632406364e-13,0.0,-1.668399885920908e-20,1.5473491632406364e-13,True,1.5473491632406364e-13,0.0,INIT
2025-12-04T20:56:33.621628,1726.837559143,-1.5473491632406364e-13,0.0,1.668399885920908e-20,-1.5473491632406364e-13,True,1.5473491632406364e-13,0.0,INIT
2025-12-04T20:56:33.632563,1726.848492686,-1.5473491632406364e-13,0.0,1.668399885920908e-20,-1.5473491632406364e-13,True,1.5473491632406364e-13,0.0,INIT
2025-12-04T20:56:33.643754,1726.859688317,0.0,0.0,0.0,0.0,True,0.0,0.0,INIT
2025-12-04T20:56:33.655708,1726.871645287,0.0,0.0,0.0,0.0,True,0.0,0.0,INIT
2025-12-04T20:56:33.665801,1726.881730851,0.0,0.0,0.0,0.0,True,0.0,0.0,INIT
2025-12-04T20:56:33.681365,1726.897307359,0.0,0.0,0.0,0.0,True,0.0,0.0,INIT
2025-12-04T20:56:33.693415,1726.909348378,0.0,0.0,0.0,0.0,True,0.0,0.0,INIT
2025-12-04T20:56:33.700496,1726.916436753,0.0,0.0,0.0,0.0,True,0.0,0.0,INIT
2025-12-04T20:56:33.719856,1726.935787554,1.5473491632406364e-13,0.0,-1.668399885920908e-20,1.5473491632406364e-13,True,1.5473491632406364e-13,0.0,INIT
2025-12-04T20:56:33.739751,1726.955719107,1.5473491632406364e-13,0.0,-1.668399885920908e-20,1.5473491632406364e-13,True,1.5473491632406364e-13,0.0,INIT
2025-12-04T20:56:33.742276,1726.958209231,-1.5473491632406364e-13,0.0,1.668399885920908e-20,-1.5473491632406364e-13,True,1.5473491632406364e-13,0.0,INIT
2025-12-04T20:56:33.745098,1726.961033827,-1.5473491632406364e-13,0.0,1.668399885920908e-20,-1.5473491632406364e-13,True,1.5473491632406364e-13,0.0,INIT
2025-12-04T20:56:33.755660,1726.971588766,0.0,0.0,0.0,0.0,True,0.0,0.0,INIT
2025-12-04T20:56:33.770372,1726.986304447,0.0,0.0,0.0,0.0,True,0.0,0.0,INIT
2025-12-04T20:56:33.780428,1726.996364215,0.0,0.0,0.0,0.0,True,0.0,0.0,INIT
2025-12-04T20:56:33.795615,1727.011544355,0.0,0.0,0.0,0.0,True,0.0,0.0,INIT
2025-12-04T20:56:33.800599,1727.016546173,0.0,0.0,0.0,0.0,True,0.0,0.0,INIT
2025-12-04T20:56:33.825105,1727.041043241,1.5473491632406364e-13,0.0,-1.668399885920908e-20,1.5473491632406364e-13,True,1.5473491632406364e-13,0.0,INIT
2025-12-04T20:56:33.827263,1727.043195516,1.5473491632406364e-13,0.0,-1.668399885920908e-20,1.5473491632406364e-13,True,1.5473491632406364e-13,0.0,INIT
2025-12-04T20:56:33.841895,1727.057828878,-1.5473491632406364e-13,0.0,1.668399885920908e-20,-1.5473491632406364e-13,True,1.5473491632406364e-13,0.0,INIT
2025-12-04T20:56:33.870117,1727.086064987,-1.5473491632406364e-13,0.0,1.668399885920908e-20,-1.5473491632406364e-13,True,1.5473491632406364e-13,0.0,INIT
2025-12-04T20:56:33.878253,1727.094181389,3.0946983264812724e-12,0.0,-2.7167591847038943e-18,3.0946983264812724e-12,True,3.0946983264812724e-12,0.0,INIT
2025-12-04T20:56:33.880235,1727.096163058,3.0946983264812724e-12,0.0,-2.7167591847038943e-18,3.0946983264812724e-12,True,3.0946983264812724e-12,0.0,INIT
2025-12-04T20:56:33.881424,1727.097346505,3.0946983264812724e-12,0.0,-2.7167591847038943e-18,3.0946983264812724e-12,True,3.0946983264812724e-12,0.0,INIT
2025-12-04T20:56:33.890134,1727.106065034,3.0946983264812724e-12,0.0,-2.7167591847038943e-18,3.0946983264812724e-12,True,3.0946983264812724e-12,0.0,INIT
2025-12-04T20:56:33.900969,1727.116902955,0.0,0.0,0.0,0.0,True,0.0,0.0,INIT
2025-12-04T20:56:33.913447,1727.129393333,-1.5473491632406364e-13,0.0,1.668399885920908e-20,-1.5473491632406364e-13,True,1.5473491632406364e-13,0.0,INIT
2025-12-04T20:56:33.923695,1727.139627204,-1.5473491632406364e-13,0.0,1.668399885920908e-20,-1.5473491632406364e-13,True,1.5473491632406364e-13,0.0,INIT
2025-12-04T20:56:33.933803,1727.149731077,1.5473491632406364e-13,0.0,-1.668399885920908e-20,1.5473491632406364e-13,True,1.5473491632406364e-13,0.0,INIT
2025-12-04T20:56:33.945326,1727.161261487,1.5473491632406364e-13,0.0,-1.668399885920908e-20,1.5473491632406364e-13,True,1.5473491632406364e-13,0.0,INIT
2025-12-04T20:56:33.959417,1727.175366876,1.5473491632406364e-13,0.0,-1.668399885920908e-20,1.5473491632406364e-13,True,1.5473491632406364e-13,0.0,INIT
2025-12-04T20:56:33.968574,1727.18451311,-3.094698326481273e-13,0.0,5.420647221595034e-20,-3.094698326481273e-13,True,3.094698326481273e-13,0.0,INIT
2025-12-04T20:56:33.985172,1727.201115406,0.0,0.0,0.0,0.0,True,0.0,0.0,INIT
2025-12-04T20:56:33.999263,1727.215193729,0.0,0.0,0.0,0.0,True,0.0,0.0,INIT
2025-12-04T20:56:34.009576,1727.225509253,0.0,0.0,0.0,0.0,True,0.0,0.0,INIT
2025-12-04T20:56:34.014548,1727.230482059,0.0,0.0,0.0,0.0,True,0.0,0.0,INIT
2025-12-04T20:56:34.025926,1727.241856898,1.1759853640628836e-11,0.0,-2.6283503690927605e-17,1.1759853640628836e-11,True,1.1759853640628836e-11,0.0,INIT
2025-12-04T20:56:34.036434,1727.252364566,1.1759853640628836e-11,0.0,-2.6283503690927605e-17,1.1759853640628836e-11,True,1.1759853640628836e-11,0.0,INIT
2025-12-04T20:56:34.070521,1727.286453447,0.0,0.0,0.0,0.0,True,0.0,0.0,INIT
2025-12-04T20:56:34.072505,1727.288439421,0.0,0.0,0.0,0.0,True,0.0,0.0,INIT
2025-12-04T20:56:34.073601,1727.289527025,0.0,0.0,0.0,0.0,True,0.0,0.0,INIT
2025-12-04T20:56:34.082221,1727.298156055,0.0,0.0,0.0,0.0,True,0.0,0.0,INIT
2025-12-04T20:56:34.093098,1727.309031351,-3.094698326481273e-13,0.0,5.420647221595034e-20,-3.094698326481273e-13,True,3.094698326481273e-13,0.0,INIT
2025-12-04T20:56:34.105054,1727.320986766,-3.094698326481273e-13,0.0,5.420647221595034e-20,-3.094698326481273e-13,True,3.094698326481273e-13,0.0,INIT
2025-12-04T20:56:34.115023,1727.330951995,0.0,0.0,0.0,0.0,True,0.0,0.0,INIT
2025-12-04T20:56:34.125531,1727.341460505,0.0,0.0,0.0,0.0,True,0.0,0.0,INIT
2025-12-04T20:56:34.137099,1727.353034694,0.0,0.0,0.0,0.0,True,0.0,0.0,INIT
2025-12-04T20:56:34.176902,1727.392835332,0.0,0.0,0.0,0.0,True,0.0,0.0,INIT
2025-12-04T20:56:34.180570,1727.396501136,0.0,0.0,0.0,0.0,True,0.0,0.0,INIT
2025-12-04T20:56:34.181876,1727.397812662,0.0,0.0,0.0,0.0,True,0.0,0.0,INIT
2025-12-04T20:56:34.186897,1727.402840727,0.0,0.0,0.0,0.0,True,0.0,0.0,INIT
2025-12-04T20:56:34.198896,1727.414827522,-3.094698326481273e-13,0.0,5.420647221595034e-20,-3.094698326481273e-13,True,3.094698326481273e-13,0.0,INIT
2025-12-04T20:56:34.209786,1727.425729574,-3.094698326481273e-13,0.0,5.420647221595034e-20,-3.094698326481273e-13,True,3.094698326481273e-13,0.0,INIT
2025-12-04T20:56:34.220433,1727.436365139,0.0,0.0,0.0,0.0,True,0.0,0.0,INIT
2025-12-04T20:56:34.228301,1727.44423088,0.0,0.0,0.0,0.0,True,0.0,0.0,INIT
2025-12-04T20:56:34.239276,1727.455211972,0.0,0.0,0.0,0.0,True,0.0,0.0,INIT
2025-12-04T20:56:34.249944,1727.46587765,0.0,0.0,0.0,0.0,True,0.0,0.0,INIT
2025-12-04T20:56:34.261625,1727.477552998,3.094698326481273e-13,0.0,-5.420647221595034e-20,3.094698326481273e-13,True,3.094698326481273e-13,0.0,INIT
2025-12-04T20:56:34.315193,1727.531129167,3.094698326481273e-13,0.0,-5.420647221595034e-20,3.094698326481273e-13,True,3.094698326481273e-13,0.0,INIT
2025-12-04T20:56:34.344471,1727.560408439,-3.094698326481273e-13,0.0,5.420647221595034e-20,-3.094698326481273e-13,True,3.094698326481273e-13,0.0,INIT
2025-12-04T20:56:34.346508,1727.562438247,0.0,0.0,0.0,0.0,True,0.0,0.0,INIT
2025-12-04T20:56:34.351177,1727.5671176,0.0,0.0,0.0,0.0,True,0.0,0.0,INIT
2025-12-04T20:56:34.353018,1727.568948594,0.0,0.0,0.0,0.0,True,0.0,0.0,INIT
2025-12-04T20:56:34.353899,1727.569839006,0.0,0.0,0.0,0.0,True,0.0,0.0,INIT
2025-12-04T20:56:34.355345,1727.571277022,0.0,0.0,0.0,0.0,True,0.0,0.0,INIT
2025-12-04T20:56:34.356131,1727.572063579,0.0,0.0,0.0,0.0,True,0.0,0.0,INIT
2025-12-04T20:56:34.434589,1727.650545914,0.0,0.0,0.0,0.0,True,0.0,0.0,INIT
2025-12-04T20:56:34.473734,1727.689677674,-9.903034644740073e-12,0.0,1.9624839194279297e-17,-9.903034644740073e-12,True,9.903034644740073e-12,0.0,INIT
2025-12-04T20:56:34.480300,1727.696233261,-9.903034644740073e-12,0.0,1.9624839194279297e-17,-9.903034644740073e-12,True,9.903034644740073e-12,0.0,INIT
2025-12-04T20:56:34.482995,1727.69892565,3.094698326481273e-13,0.0,-5.420647221595034e-20,3.094698326481273e-13,True,3.094698326481273e-13,0.0,INIT
2025-12-04T20:56:34.484640,1727.700571094,3.094698326481273e-13,0.0,-5.420647221595034e-20,3.094698326481273e-13,True,3.094698326481273e-13,0.0,INIT
2025-12-04T20:56:34.486190,1727.702120253,3.094698326481273e-13,0.0,-5.420647221595034e-20,3.094698326481273e-13,True,3.094698326481273e-13,0.0,INIT
2025-12-04T20:56:34.486984,1727.702912417,3.094698326481273e-13,0.0,-5.420647221595034e-20,3.094698326481273e-13,True,3.094698326481273e-13,0.0,INIT
2025-12-04T20:56:34.487914,1727.703843774,3.094698326481273e-13,0.0,-5.420647221595034e-20,3.094698326481273e-13,True,3.094698326481273e-13,0.0,INIT
2025-12-04T20:56:34.489121,1727.705057256,3.094698326481273e-13,0.0,-5.420647221595034e-20,3.094698326481273e-13,True,3.094698326481273e-13,0.0,INIT
2025-12-04T20:56:34.489896,1727.705821804,3.094698326481273e-13,0.0,-5.420647221595034e-20,3.094698326481273e-13,True,3.094698326481273e-13,0.0,INIT
2025-12-04T20:56:34.490972,1727.706897906,3.094698326481273e-13,0.0,-5.420647221595034e-20,3.094698326481273e-13,True,3.094698326481273e-13,0.0,INIT
2025-12-04T20:56:34.492172,1727.708100272,3.094698326481273e-13,0.0,-5.420647221595034e-20,3.094698326481273e-13,True,3.094698326481273e-13,0.0,INIT
2025-12-04T20:56:34.497120,1727.713048905,3.094698326481273e-13,0.0,-5.420647221595034e-20,3.094698326481273e-13,True,3.094698326481273e-13,0.0,INIT
2025-12-04T20:56:34.509550,1727.725485387,-3.094698326481273e-13,0.0,5.420647221595034e-20,-3.094698326481273e-13,True,3.094698326481273e-13,0.0,INIT
2025-12-04T20:56:34.520024,1727.735966038,-3.094698326481273e-13,0.0,5.420647221595034e-20,-3.094698326481273e-13,True,3.094698326481273e-13,0.0,INIT
2025-12-04T20:56:34.532593,1727.748526031,0.0,0.0,0.0,0.0,True,0.0,0.0,INIT
2025-12-04T20:56:34.542969,1727.758903999,0.0,0.0,0.0,0.0,True,0.0,0.0,INIT
2025-12-04T20:56:34.553167,1727.769098089,0.0,0.0,0.0,0.0,True,0.0,0.0,INIT
2025-12-04T20:56:34.564216,1727.780144218,0.0,0.0,0.0,0.0,True,0.0,0.0,INIT
2025-12-04T20:56:34.576113,1727.792047187,-2.1972358118017038e-11,0.0,7.606595742108186e-17,-2.1972358118017038e-11,True,2.1972358118017038e-11,0.0,INIT
2025-12-04T20:56:34.590594,1727.806526012,0.0,0.0,0.0,0.0,True,0.0,0.0,INIT
2025-12-04T20:56:34.598570,1727.814500342,0.0,0.0,0.0,0.0,True,0.0,0.0,INIT
2025-12-04T20:56:34.609781,1727.825711488,-3.094698326481273e-13,0.0,5.420647221595034e-20,-3.094698326481273e-13,True,3.094698326481273e-13,0.0,INIT
2025-12-04T20:56:34.620814,1727.836745875,-3.094698326481273e-13,0.0,5.420647221595034e-20,-3.094698326481273e-13,True,3.094698326481273e-13,0.0,INIT
2025-12-04T20:56:34.635634,1727.851588776,3.094698326481273e-13,0.0,-5.420647221595034e-20,3.094698326481273e-13,True,3.094698326481273e-13,0.0,INIT
2025-12-04T20:56:34.643874,1727.859810392,3.094698326481273e-13,0.0,-5.420647221595034e-20,3.094698326481273e-13,True,3.094698326481273e-13,0.0,INIT
2025-12-04T20:56:34.668227,1727.884159039,0.0,0.0,0.0,0.0,True,0.0,0.0,INIT
2025-12-04T20:56:34.669468,1727.885398056,0.0,0.0,0.0,0.0,True,0.0,0.0,INIT
2025-12-04T20:56:34.681207,1727.897143356,0.0,0.0,0.0,0.0,True,0.0,0.0,INIT
2025-12-04T20:56:34.692235,1727.908165541,0.0,0.0,0.0,0.0,True,0.0,0.0,INIT
2025-12-04T20:56:34.703575,1727.919510973,0.0,0.0,0.0,0.0,True,0.0,0.0,INIT
2025-12-04T20:56:34.710842,1727.926770726,0.0,0.0,0.0,0.0,True,0.0,0.0,INIT
2025-12-04T20:56:34.722669,1727.93859791,-3.094698326481273e-13,0.0,5.420647221595034e-20,-3.094698326481273e-13,True,3.094698326481273e-13,0.0,INIT
2025-12-04T20:56:34.733696,1727.949626407,-3.094698326481273e-13,0.0,5.420647221595034e-20,-3.094698326481273e-13,True,3.094698326481273e-13,0.0,INIT
2025-12-04T20:56:34.751962,1727.96789889,3.094698326481273e-13,0.0,-5.420647221595034e-20,3.094698326481273e-13,True,3.094698326481273e-13,0.0,INIT
2025-12-04T20:56:34.757105,1727.973043811,3.094698326481273e-13,0.0,-5.420647221595034e-20,3.094698326481273e-13,True,3.094698326481273e-13,0.0,INIT
2025-12-04T20:56:34.776590,1727.99252922,0.0,0.0,0.0,0.0,True,0.0,0.0,INIT
2025-12-04T20:56:34.782850,1727.998785583,0.0,0.0,0.0,0.0,True,0.0,0.0,INIT
2025-12-04T20:56:34.790266,1728.006194368,0.0,0.0,0.0,0.0,True,0.0,0.0,INIT
2025-12-04T20:56:34.801282,1728.01721385,0.0,0.0,0.0,0.0,True,0.0,0.0,INIT
2025-12-04T20:56:34.814300,1728.030235197,0.0,0.0,0.0,0.0,True,0.0,0.0,INIT
2025-12-04T20:56:34.823310,1728.039242026,0.0,0.0,0.0,0.0,True,0.0,0.0,INIT
2025-12-04T20:56:34.833694,1728.049622462,-3.094698326481273e-13,0.0,5.420647221595034e-20,-3.094698326481273e-13,True,3.094698326481273e-13,0.0,INIT
2025-12-04T20:56:34.845000,1728.060931834,-3.094698326481273e-13,0.0,5.420647221595034e-20,-3.094698326481273e-13,True,3.094698326481273e-13,0.0,INIT
2025-12-04T20:56:34.879127,1728.095060608,0.0,0.0,0.0,0.0,True,0.0,0.0,INIT
2025-12-04T20:56:34.881185,1728.097114402,0.0,0.0,0.0,0.0,True,0.0,0.0,INIT
2025-12-04T20:56:34.882353,1728.098284915,0.0,0.0,0.0,0.0,True,0.0,0.0,INIT
2025-12-04T20:56:34.890054,1728.105987204,0.0,0.0,0.0,0.0,True,0.0,0.0,INIT
2025-12-04T20:56:34.902147,1728.118082864,0.0,0.0,0.0,0.0,True,0.0,0.0,INIT
2025-12-04T20:56:34.961781,1728.177712919,0.0,0.0,0.0,0.0,True,0.0,0.0,INIT
2025-12-04T20:56:34.964029,1728.179962751,-3.094698326481273e-13,0.0,5.420647221595034e-20,-3.094698326481273e-13,True,3.094698326481273e-13,0.0,INIT
2025-12-04T20:56:34.975349,1728.191284726,3.094698326481273e-13,0.0,-5.420647221595034e-20,3.094698326481273e-13,True,3.094698326481273e-13,0.0,INIT
2025-12-04T20:56:34.977082,1728.1930216,3.094698326481273e-13,0.0,-5.420647221595034e-20,3.094698326481273e-13,True,3.094698326481273e-13,0.0,INIT
2025-12-04T20:56:34.977924,1728.193850314,3.094698326481273e-13,0.0,-5.420647221595034e-20,3.094698326481273e-13,True,3.094698326481273e-13,0.0,INIT
2025-12-04T20:56:34.978957,1728.194882103,3.094698326481273e-13,0.0,-5.420647221595034e-20,3.094698326481273e-13,True,3.094698326481273e-13,0.0,INIT
2025-12-04T20:56:34.980647,1728.196577065,3.094698326481273e-13,0.0,-5.420647221595034e-20,3.094698326481273e-13,True,3.094698326481273e-13,0.0,INIT
2025-12-04T20:56:35.003002,1728.21893462,0.0,0.0,0.0,0.0,True,0.0,0.0,INIT
2025-12-04T20:56:35.005331,1728.221262893,0.0,0.0,0.0,0.0,True,0.0,0.0,INIT
2025-12-04T20:56:35.015301,1728.231233297,6.189396652962545e-12,0.0,-8.826776629662582e-18,6.189396652962545e-12,True,6.189396652962545e-12,0.0,INIT
2025-12-04T20:56:35.026068,1728.241998395,6.189396652962545e-12,0.0,-8.826776629662582e-18,6.189396652962545e-12,True,6.189396652962545e-12,0.0,INIT
2025-12-04T20:56:35.038923,1728.254859879,0.0,0.0,0.0,0.0,True,0.0,0.0,INIT
2025-12-04T20:56:35.048265,1728.264198901,0.0,0.0,0.0,0.0,True,0.0,0.0,INIT
2025-12-04T20:56:35.058351,1728.274282138,0.0,0.0,0.0,0.0,True,0.0,0.0,INIT
2025-12-04T20:56:35.069609,1728.285555953,0.0,0.0,0.0,0.0,True,0.0,0.0,INIT
2025-12-04T20:56:35.079840,1728.295769305,0.0,0.0,0.0,0.0,True,0.0,0.0,INIT
2025-12-04T20:56:35.091550,1728.307483598,0.0,0.0,0.0,0.0,True,0.0,0.0,INIT
2025-12-04T20:56:35.102987,1728.318914869,0.0,0.0,0.0,0.0,True,0.0,0.0,INIT
2025-12-04T20:56:35.113370,1728.32929918,0.0,0.0,0.0,0.0,True,0.0,0.0,INIT
2025-12-04T20:56:35.124881,1728.340813617,0.0,0.0,0.0,0.0,True,0.0,0.0,INIT
2025-12-04T20:56:35.141689,1728.357620345,0.0,0.0,0.0,0.0,True,0.0,0.0,INIT
2025-12-04T20:56:35.150554,1728.366488208,0.0,0.0,0.0,0.0,True,0.0,0.0,INIT
2025-12-04T20:56:35.158787,1728.374718493,0.0,0.0,0.0,0.0,True,0.0,0.0,INIT
2025-12-04T20:56:35.170222,1728.386150246,0.0,0.0,0.0,0.0,True,0.0,0.0,INIT
2025-12-04T20:56:35.186137,1728.402073385,3.094698326481273e-13,0.0,-5.420647221595034e-20,3.094698326481273e-13,True,3.094698326481273e-13,0.0,INIT
2025-12-04T20:56:35.192765,1728.408694838,3.094698326481273e-13,0.0,-5.420647221595034e-20,3.094698326481273e-13,True,3.094698326481273e-13,0.0,INIT
2025-12-04T20:56:35.237193,1728.453135654,0.0,0.0,0.0,0.0,True,0.0,0.0,INIT
2025-12-04T20:56:35.241305,1728.457245738,0.0,0.0,0.0,0.0,True,0.0,0.0,INIT
2025-12-04T20:56:35.243775,1728.459707975,0.0,0.0,0.0,0.0,True,0.0,0.0,INIT
2025-12-04T20:56:35.245880,1728.461814781,-3.094698326481273e-13,0.0,5.420647221595034e-20,-3.094698326481273e-13,True,3.094698326481273e-13,0.0,INIT
2025-12-04T20:56:35.254366,1728.470306566,-3.094698326481273e-13,0.0,5.420647221595034e-20,-3.094698326481273e-13,True,3.094698326481273e-13,0.0,INIT
2025-12-04T20:56:35.270062,1728.485991841,-3.094698326481273e-13,0.0,5.420647221595034e-20,-3.094698326481273e-13,True,3.094698326481273e-13,0.0,INIT
2025-12-04T20:56:35.272124,1728.488057815,0.0,0.0,0.0,0.0,True,0.0,0.0,INIT
2025-12-04T20:56:35.283312,1728.49924724,0.0,0.0,0.0,0.0,True,0.0,0.0,INIT
2025-12-04T20:56:35.303778,1728.519711684,3.094698326481273e-13,0.0,-5.420647221595034e-20,3.094698326481273e-13,True,3.094698326481273e-13,0.0,INIT
2025-12-04T20:56:35.305062,1728.520991234,3.094698326481273e-13,0.0,-5.420647221595034e-20,3.094698326481273e-13,True,3.094698326481273e-13,0.0,INIT
2025-12-04T20:56:35.315637,1728.531575434,3.094698326481273e-13,0.0,-5.420647221595034e-20,3.094698326481273e-13,True,3.094698326481273e-13,0.0,INIT
2025-12-04T20:56:35.332763,1728.548695136,0.0,0.0,0.0,0.0,True,0.0,0.0,INIT
2025-12-04T20:56:35.345760,1728.561691323,0.0,0.0,0.0,0.0,True,0.0,0.0,INIT
2025-12-04T20:56:35.352391,1728.56832241,0.0,0.0,0.0,0.0,True,0.0,0.0,INIT
2025-12-04T20:56:35.370628,1728.586558884,0.0,0.0,0.0,0.0,True,0.0,0.0,INIT
2025-12-04T20:56:35.374100,1728.590030282,-3.094698326481273e-13,0.0,5.420647221595034e-20,-3.094698326481273e-13,True,3.094698326481273e-13,0.0,INIT
2025-12-04T20:56:35.380236,1728.59616763,-3.094698326481273e-13,0.0,5.420647221595034e-20,-3.094698326481273e-13,True,3.094698326481273e-13,0.0,INIT
2025-12-04T20:56:35.420808,1728.636748723,0.0,0.0,0.0,0.0,True,0.0,0.0,INIT
2025-12-04T20:56:35.424680,1728.640611732,3.094698326481273e-13,0.0,-5.420647221595034e-20,3.094698326481273e-13,True,3.094698326481273e-13,0.0,INIT
2025-12-04T20:56:35.432721,1728.648650102,0.0,0.0,0.0,0.0,True,0.0,0.0,INIT
2025-12-04T20:56:35.434934,1728.650872328,0.0,0.0,0.0,0.0,True,0.0,0.0,INIT
2025-12-04T20:56:35.436298,1728.652227851,0.0,0.0,0.0,0.0,True,0.0,0.0,INIT
2025-12-04T20:56:35.447792,1728.663722573,0.0,0.0,0.0,0.0,True,0.0,0.0,INIT
2025-12-04T20:56:35.458411,1728.674340936,0.0,0.0,0.0,0.0,True,0.0,0.0,INIT
2025-12-04T20:56:35.470182,1728.686115898,0.0,0.0,0.0,0.0,True,0.0,0.0,INIT
2025-12-04T20:56:35.481563,1728.69749458,-3.094698326481273e-13,0.0,5.420647221595034e-20,-3.094698326481273e-13,True,3.094698326481273e-13,0.0,INIT
2025-12-04T20:56:35.492767,1728.708698395,-3.094698326481273e-13,0.0,5.420647221595034e-20,-3.094698326481273e-13,True,3.094698326481273e-13,0.0,INIT
2025-12-04T20:56:35.504505,1728.720432724,0.0,0.0,0.0,0.0,True,0.0,0.0,INIT
2025-12-04T20:56:35.515430,1728.731358732,0.0,0.0,0.0,0.0,True,0.0,0.0,INIT
2025-12-04T20:56:35.527719,1728.743647412,3.094698326481273e-13,0.0,-5.420647221595034e-20,3.094698326481273e-13,True,3.094698326481273e-13,0.0,INIT
2025-12-04T20:56:35.540234,1728.756161506,0.0,0.0,0.0,0.0,True,0.0,0.0,INIT
2025-12-04T20:56:35.551216,1728.767155972,0.0,0.0,0.0,0.0,True,0.0,0.0,INIT
2025-12-04T20:56:35.561954,1728.777885921,0.0,0.0,0.0,0.0,True,0.0,0.0,INIT
2025-12-04T20:56:35.573781,1728.789814886,0.0,0.0,0.0,0.0,True,0.0,0.0,INIT
2025-12-04T20:56:35.586619,1728.802558738,0.0,0.0,0.0,0.0,True,0.0,0.0,INIT
2025-12-04T20:56:35.602394,1728.818328865,-5.5704569876662915e-12,0.0,7.379287017201553e-18,-5.5704569876662915e-12,True,5.5704569876662915e-12,0.0,INIT
2025-12-04T20:56:35.606047,1728.821979495,-3.4041681591293995e-12,0.0,3.1946163403782694e-18,-3.4041681591293995e-12,True,3.4041681591293995e-12,0.0,INIT
2025-12-04T20:56:35.617110,1728.833047408,-3.4041681591293995e-12,0.0,3.1946163403782694e-18,-3.4041681591293995e-12,True,3.4041681591293995e-12,0.0,INIT
2025-12-04T20:56:35.668993,1728.884924122,-6.498866485610672e-12,0.0,9.590117866889585e-18,-6.498866485610672e-12,True,6.498866485610672e-12,0.0,INIT
2025-12-04T20:56:35.673989,1728.889921095,-6.498866485610672e-12,0.0,9.590117866889585e-18,-6.498866485610672e-12,True,6.498866485610672e-12,0.0,INIT
2025-12-04T20:56:35.674913,1728.890838251,-6.498866485610672e-12,0.0,9.590117866889585e-18,-6.498866485610672e-12,True,6.498866485610672e-12,0.0,INIT
2025-12-04T20:56:35.675506,1728.89143404,-6.498866485610672e-12,0.0,9.590117866889585e-18,-6.498866485610672e-12,True,6.498866485610672e-12,0.0,INIT
2025-12-04T20:56:35.676324,1728.892249789,-6.498866485610672e-12,0.0,9.590117866889585e-18,-6.498866485610672e-12,True,6.498866485610672e-12,0.0,INIT
2025-12-04T20:56:35.683695,1728.899629692,0.0,0.0,0.0,0.0,True,0.0,0.0,INIT
2025-12-04T20:56:35.695007,1728.910938213,0.0,0.0,0.0,0.0,True,0.0,0.0,INIT
2025-12-04T20:56:35.709181,1728.925117048,0.0,0.0,0.0,0.0,True,0.0,0.0,INIT
2025-12-04T20:56:35.720275,1728.936227226,0.0,0.0,0.0,0.0,True,0.0,0.0,INIT
2025-12-04T20:56:35.732469,1728.948402667,-3.094698326481273e-13,0.0,5.420647221595034e-20,-3.094698326481273e-13,True,3.094698326481273e-13,0.0,INIT
2025-12-04T20:56:35.741562,1728.957500653,-3.094698326481273e-13,0.0,5.420647221595034e-20,-3.094698326481273e-13,True,3.094698326481273e-13,0.0,INIT
2025-12-04T20:56:35.753167,1728.969107041,-2.1043948620072656e-11,0.0,7.068321496613942e-17,-2.1043948620072656e-11,True,2.1043948620072656e-11,0.0,INIT
2025-12-04T20:56:35.764268,1728.980201111,-2.1043948620072656e-11,0.0,7.068321496613942e-17,-2.1043948620072656e-11,True,2.1043948620072656e-11,0.0,INIT
2025-12-04T20:56:35.775575,1728.991508441,-2.1043948620072656e-11,0.0,7.068321496613942e-17,-2.1043948620072656e-11,True,2.1043948620072656e-11,0.0,INIT
2025-12-04T20:56:35.787220,1729.003163642,-2.1043948620072656e-11,0.0,7.068321496613942e-17,-2.1043948620072656e-11,True,2.1043948620072656e-11,0.0,INIT
2025-12-04T20:56:35.801954,1729.017901094,3.094698326481273e-13,0.0,-5.420647221595034e-20,3.094698326481273e-13,True,3.094698326481273e-13,0.0,INIT
2025-12-04T20:56:35.807095,1729.023025562,3.094698326481273e-13,0.0,-5.420647221595034e-20,3.094698326481273e-13,True,3.094698326481273e-13,0.0,INIT
2025-12-04T20:56:35.819249,1729.035187131,0.0,0.0,0.0,0.0,True,0.0,0.0,INIT
2025-12-04T20:56:35.829913,1729.045839837,0.0,0.0,0.0,0.0,True,0.0,0.0,INIT
2025-12-04T20:56:35.841186,1729.057114881,0.0,0.0,0.0,0.0,True,0.0,0.0,INIT
2025-12-04T20:56:35.889737,1729.105684633,0.0,0.0,0.0,0.0,True,0.0,0.0,INIT
2025-12-04T20:56:35.892501,1729.108439076,0.0,0.0,0.0,0.0,True,0.0,0.0,INIT
2025-12-04T20:56:35.893369,1729.109299014,0.0,0.0,0.0,0.0,True,0.0,0.0,INIT
2025-12-04T20:56:35.894173,1729.110099922,0.0,0.0,0.0,0.0,True,0.0,0.0,INIT
2025-12-04T20:56:35.900069,1729.115998664,0.0,0.0,0.0,0.0,True,0.0,0.0,INIT
2025-12-04T20:56:35.907744,1729.123673089,0.0,0.0,0.0,0.0,True,0.0,0.0,INIT
2025-12-04T20:56:35.918806,1729.134753162,3.094698326481273e-13,0.0,-5.420647221595034e-20,3.094698326481273e-13,True,3.094698326481273e-13,0.0,INIT
2025-12-04T20:56:35.930458,1729.146392489,3.094698326481273e-13,0.0,-5.420647221595034e-20,3.094698326481273e-13,True,3.094698326481273e-13,0.0,INIT
2025-12-04T20:56:35.950519,1729.166461264,0.0,0.0,0.0,0.0,True,0.0,0.0,INIT
2025-12-04T20:56:35.954291,1729.170223554,0.0,0.0,0.0,0.0,True,0.0,0.0,INIT
2025-12-04T20:56:35.965021,1729.180951509,0.0,0.0,0.0,0.0,True,0.0,0.0,INIT
2025-12-04T20:56:35.986562,1729.202504904,-3.094698326481273e-13,0.0,5.420647221595034e-20,-3.094698326481273e-13,True,3.094698326481273e-13,0.0,INIT
2025-12-04T20:56:35.992418,1729.208350769,-3.094698326481273e-13,0.0,5.420647221595034e-20,-3.094698326481273e-13,True,3.094698326481273e-13,0.0,INIT
2025-12-04T20:56:36.001113,1729.217055912,0.0,0.0,0.0,0.0,True,0.0,0.0,INIT
2025-12-04T20:56:36.010231,1729.226166653,0.0,0.0,0.0,0.0,True,0.0,0.0,INIT
2025-12-04T20:56:36.022058,1729.237997429,0.0,0.0,0.0,0.0,True,0.0,0.0,INIT
2025-12-04T20:56:36.033859,1729.249787978,0.0,0.0,0.0,0.0,True,0.0,0.0,INIT
2025-12-04T20:56:36.045179,1729.261112987,3.094698326481273e-13,0.0,-5.420647221595034e-20,3.094698326481273e-13,True,3.094698326481273e-13,0.0,INIT
2025-12-04T20:56:36.103770,1729.319711095,3.094698326481273e-13,0.0,-5.420647221595034e-20,3.094698326481273e-13,True,3.094698326481273e-13,0.0,INIT
2025-12-04T20:56:36.120148,1729.336078957,-3.094698326481273e-13,0.0,5.420647221595034e-20,-3.094698326481273e-13,True,3.094698326481273e-13,0.0,INIT
2025-12-04T20:56:36.115324,1729.331260922,-3.094698326481273e-13,0.0,5.420647221595034e-20,-3.094698326481273e-13,True,3.094698326481273e-13,0.0,INIT
2025-12-04T20:56:36.110183,1729.326112846,-3.094698326481273e-13,0.0,5.420647221595034e-20,-3.094698326481273e-13,True,3.094698326481273e-13,0.0,INIT
2025-12-04T20:56:36.122306,1729.338237293,-3.094698326481273e-13,0.0,5.420647221595034e-20,-3.094698326481273e-13,True,3.094698326481273e-13,0.0,INIT
2025-12-04T20:56:36.126310,1729.3422432,0.0,0.0,0.0,0.0,True,0.0,0.0,INIT
2025-12-04T20:56:36.128144,1729.344074977,0.0,0.0,0.0,0.0,True,0.0,0.0,INIT
2025-12-04T20:56:36.133391,1729.3493198,0.0,0.0,0.0,0.0,True,0.0,0.0,INIT
2025-12-04T20:56:36.144870,1729.360806513,0.0,0.0,0.0,0.0,True,0.0,0.0,INIT
2025-12-04T20:56:36.156249,1729.372181099,0.0,0.0,0.0,0.0,True,0.0,0.0,INIT
2025-12-04T20:56:36.221456,1729.437394277,3.094698326481273e-13,0.0,-5.420647221595034e-20,3.094698326481273e-13,True,3.094698326481273e-13,0.0,INIT
2025-12-04T20:56:36.226105,1729.442039635,0.0,0.0,0.0,0.0,True,0.0,0.0,INIT
2025-12-04T20:56:36.226646,1729.442566125,0.0,0.0,0.0,0.0,True,0.0,0.0,INIT
2025-12-04T20:56:36.228755,1729.444679416,2.1662888285368908e-12,0.0,-1.4815551144392716e-18,2.1662888285368908e-12,True,2.1662888285368908e-12,0.0,INIT
2025-12-04T20:56:36.229794,1729.445721321,2.1662888285368908e-12,0.0,-1.4815551144392716e-18,2.1662888285368908e-12,True,2.1662888285368908e-12,0.0,INIT
2025-12-04T20:56:36.230831,1729.446760975,2.1662888285368908e-12,0.0,-1.4815551144392716e-18,2.1662888285368908e-12,True,2.1662888285368908e-12,0.0,INIT
2025-12-04T20:56:36.282724,1729.498668648,2.1662888285368908e-12,0.0,-1.4815551144392716e-18,2.1662888285368908e-12,True,2.1662888285368908e-12,0.0,INIT
2025-12-04T20:56:36.287967,1729.503900934,0.0,0.0,0.0,0.0,True,0.0,0.0,INIT
2025-12-04T20:56:36.289134,1729.505063552,0.0,0.0,0.0,0.0,True,0.0,0.0,INIT
2025-12-04T20:56:36.290243,1729.50617871,0.0,0.0,0.0,0.0,True,0.0,0.0,INIT
2025-12-04T20:56:36.291563,1729.507492272,0.0,0.0,0.0,0.0,True,0.0,0.0,INIT
2025-12-04T20:56:36.292229,1729.508154035,0.0,0.0,0.0,0.0,True,0.0,0.0,INIT
2025-12-04T20:56:36.300496,1729.516424715,0.0,0.0,0.0,0.0,True,0.0,0.0,INIT
2025-12-04T20:56:36.320383,1729.536314981,0.0,0.0,0.0,0.0,True,0.0,0.0,INIT
2025-12-04T20:56:36.322552,1729.538487401,0.0,0.0,0.0,0.0,True,0.0,0.0,INIT
2025-12-04T20:56:36.333825,1729.549759763,0.0,0.0,0.0,0.0,True,0.0,0.0,INIT
2025-12-04T20:56:36.343577,1729.559507575,0.0,0.0,0.0,0.0,True,0.0,0.0,INIT
2025-12-04T20:56:36.355755,1729.571684495,-3.094698326481273e-13,0.0,5.420647221595034e-20,-3.094698326481273e-13,True,3.094698326481273e-13,0.0,INIT
2025-12-04T20:56:36.368218,1729.584159905,3.094698326481273e-13,0.0,-5.420647221595034e-20,3.094698326481273e-13,True,3.094698326481273e-13,0.0,INIT
2025-12-04T20:56:36.377848,1729.593781526,3.094698326481273e-13,0.0,-5.420647221595034e-20,3.094698326481273e-13,True,3.094698326481273e-13,0.0,INIT
2025-12-04T20:56:36.406183,1729.62211422,3.094698326481273e-13,0.0,-5.420647221595034e-20,3.094698326481273e-13,True,3.094698326481273e-13,0.0,INIT
2025-12-04T20:56:36.408308,1729.624232894,0.0,0.0,0.0,0.0,True,0.0,0.0,INIT
2025-12-04T20:56:36.417153,1729.633095755,0.0,0.0,0.0,0.0,True,0.0,0.0,INIT
2025-12-04T20:56:36.422965,1729.638897677,0.0,0.0,0.0,0.0,True,0.0,0.0,INIT
2025-12-04T20:56:36.433814,1729.649751212,0.0,0.0,0.0,0.0,True,0.0,0.0,INIT
2025-12-04T20:56:36.450222,1729.666172522,0.0,0.0,0.0,0.0,True,0.0,0.0,INIT
2025-12-04T20:56:36.456152,1729.672087443,0.0,0.0,0.0,0.0,True,0.0,0.0,INIT
2025-12-04T20:56:36.467126,1729.683057211,0.0,0.0,0.0,0.0,True,0.0,0.0,INIT
2025-12-04T20:56:36.477965,1729.693893883,0.0,0.0,0.0,0.0,True,0.0,0.0,INIT
2025-12-04T20:56:36.489142,1729.705080386,3.094698326481273e-13,0.0,-5.420647221595034e-20,3.094698326481273e-13,True,3.094698326481273e-13,0.0,INIT
2025-12-04T20:56:36.499757,1729.715684874,3.094698326481273e-13,0.0,-5.420647221595034e-20,3.094698326481273e-13,True,3.094698326481273e-13,0.0,INIT
2025-12-04T20:56:36.518998,1729.734963162,0.0,0.0,0.0,0.0,True,0.0,0.0,INIT
2025-12-04T20:56:36.552782,1729.768718219,0.0,0.0,0.0,0.0,True,0.0,0.0,INIT
2025-12-04T20:56:36.555785,1729.771715381,0.0,0.0,0.0,0.0,True,0.0,0.0,INIT
2025-12-04T20:56:36.570571,1729.786503342,0.0,0.0,0.0,0.0,True,0.0,0.0,INIT
2025-12-04T20:56:36.572645,1729.788576692,0.0,0.0,0.0,0.0,True,0.0,0.0,INIT
2025-12-04T20:56:36.574022,1729.789950507,0.0,0.0,0.0,0.0,True,0.0,0.0,INIT
2025-12-04T20:56:36.584756,1729.800700693,0.0,0.0,0.0,0.0,True,0.0,0.0,INIT
2025-12-04T20:56:36.597111,1729.813043617,0.0,0.0,0.0,0.0,True,0.0,0.0,INIT
2025-12-04T20:56:36.606623,1729.822555131,3.094698326481273e-13,0.0,-5.420647221595034e-20,3.094698326481273e-13,True,3.094698326481273e-13,0.0,INIT
2025-12-04T20:56:36.611729,1729.827657391,3.094698326481273e-13,0.0,-5.420647221595034e-20,3.094698326481273e-13,True,3.094698326481273e-13,0.0,INIT
2025-12-04T20:56:36.624286,1729.840217186,3.094698326481273e-13,0.0,-5.420647221595034e-20,3.094698326481273e-13,True,3.094698326481273e-13,0.0,INIT
2025-12-04T20:56:36.650011,1729.865947538,-3.094698326481273e-13,0.0,5.420647221595034e-20,-3.094698326481273e-13,True,3.094698326481273e-13,0.0,INIT
2025-12-04T20:56:36.652485,1729.868431994,-3.094698326481273e-13,0.0,5.420647221595034e-20,-3.094698326481273e-13,True,3.094698326481273e-13,0.0,INIT
2025-12-04T20:56:36.679873,1729.89580201,-3.094698326481273e-13,0.0,5.420647221595034e-20,-3.094698326481273e-13,True,3.094698326481273e-13,0.0,INIT
2025-12-04T20:56:36.683901,1729.899836947,0.0,0.0,0.0,0.0,True,0.0,0.0,INIT
2025-12-04T20:56:36.686673,1729.902613566,0.0,0.0,0.0,0.0,True,0.0,0.0,INIT
2025-12-04T20:56:36.690344,1729.906276632,0.0,0.0,0.0,0.0,True,0.0,0.0,INIT
2025-12-04T20:56:36.727111,1729.943044266,3.094698326481273e-13,0.0,-5.420647221595034e-20,3.094698326481273e-13,True,3.094698326481273e-13,0.0,INIT
2025-12-04T20:56:36.730163,1729.946089465,3.094698326481273e-13,0.0,-5.420647221595034e-20,3.094698326481273e-13,True,3.094698326481273e-13,0.0,INIT
2025-12-04T20:56:36.731016,1729.946936915,3.094698326481273e-13,0.0,-5.420647221595034e-20,3.094698326481273e-13,True,3.094698326481273e-13,0.0,INIT
2025-12-04T20:56:36.733410,1729.949337564,3.094698326481273e-13,0.0,-5.420647221595034e-20,3.094698326481273e-13,True,3.094698326481273e-13,0.0,INIT
2025-12-04T20:56:36.743379,1729.959307668,0.0,0.0,0.0,0.0,True,0.0,0.0,INIT
2025-12-04T20:56:36.833208,1730.04913988,0.0,0.0,0.0,0.0,True,0.0,0.0,INIT
2025-12-04T20:56:36.878674,1730.094603615,-4.9515173223700366e-12,0.0,6.040252787198169e-18,-4.9515173223700366e-12,True,4.9515173223700366e-12,0.0,INIT
2025-12-04T20:56:36.882171,1730.098100697,-4.9515173223700366e-12,0.0,6.040252787198169e-18,-4.9515173223700366e-12,True,4.9515173223700366e-12,0.0,INIT
2025-12-04T20:56:36.883456,1730.099385106,-4.9515173223700366e-12,0.0,6.040252787198169e-18,-4.9515173223700366e-12,True,4.9515173223700366e-12,0.0,INIT
2025-12-04T20:56:36.884029,1730.099958844,-4.9515173223700366e-12,0.0,6.040252787198169e-18,-4.9515173223700366e-12,True,4.9515173223700366e-12,0.0,INIT
2025-12-04T20:56:36.884514,1730.100438562,-4.9515173223700366e-12,0.0,6.040252787198169e-18,-4.9515173223700366e-12,True,4.9515173223700366e-12,0.0,INIT
2025-12-04T20:56:36.885109,1730.101033428,-4.9515173223700366e-12,0.0,6.040252787198169e-18,-4.9515173223700366e-12,True,4.9515173223700366e-12,0.0,INIT
2025-12-04T20:56:36.886130,1730.102062923,-4.9515173223700366e-12,0.0,6.040252787198169e-18,-4.9515173223700366e-12,True,4.9515173223700366e-12,0.0,INIT
2025-12-04T20:56:36.888309,1730.104238503,-4.9515173223700366e-12,0.0,6.040252787198169e-18,-4.9515173223700366e-12,True,4.9515173223700366e-12,0.0,INIT
2025-12-04T20:56:36.889889,1730.105818143,-4.9515173223700366e-12,0.0,6.040252787198169e-18,-4.9515173223700366e-12,True,4.9515173223700366e-12,0.0,INIT
2025-12-04T20:56:36.890999,1730.106936776,-4.9515173223700366e-12,0.0,6.040252787198169e-18,-4.9515173223700366e-12,True,4.9515173223700366e-12,0.0,INIT
2025-12-04T20:56:36.892191,1730.108122232,-4.9515173223700366e-12,0.0,6.040252787198169e-18,-4.9515173223700366e-12,True,4.9515173223700366e-12,0.0,INIT
2025-12-04T20:56:36.904286,1730.120222284,0.0,0.0,0.0,0.0,True,0.0,0.0,INIT
2025-12-04T20:56:36.911373,1730.127303935,0.0,0.0,0.0,0.0,True,0.0,0.0,INIT
2025-12-04T20:56:36.924138,1730.14007071,-3.094698326481273e-13,0.0,5.420647221595034e-20,-3.094698326481273e-13,True,3.094698326481273e-13,0.0,INIT
2025-12-04T20:56:36.935279,1730.151222627,-3.094698326481273e-13,0.0,5.420647221595034e-20,-3.094698326481273e-13,True,3.094698326481273e-13,0.0,INIT
2025-12-04T20:56:36.944907,1730.1608413,3.094698326481273e-13,0.0,-5.420647221595034e-20,3.094698326481273e-13,True,3.094698326481273e-13,0.0,INIT
2025-12-04T20:56:36.957234,1730.173172229,3.094698326481273e-13,0.0,-5.420647221595034e-20,3.094698326481273e-13,True,3.094698326481273e-13,0.0,INIT
2025-12-04T20:56:36.982256,1730.198189921,0.0,0.0,0.0,0.0,True,0.0,0.0,INIT
2025-12-04T20:56:36.984395,1730.200330503,0.0,0.0,0.0,0.0,True,0.0,0.0,INIT
2025-12-04T20:56:37.042455,1730.258388256,-3.094698326481273e-13,0.0,5.420647221595034e-20,-3.094698326481273e-13,True,3.094698326481273e-13,0.0,INIT
2025-12-04T20:56:37.044456,1730.260384839,-3.094698326481273e-13,0.0,5.420647221595034e-20,-3.094698326481273e-13,True,3.094698326481273e-13,0.0,INIT
2025-12-04T20:56:37.045524,1730.26144802,-3.094698326481273e-13,0.0,5.420647221595034e-20,-3.094698326481273e-13,True,3.094698326481273e-13,0.0,INIT
2025-12-04T20:56:37.046258,1730.262184973,-3.094698326481273e-13,0.0,5.420647221595034e-20,-3.094698326481273e-13,True,3.094698326481273e-13,0.0,INIT
2025-12-04T20:56:37.047114,1730.263041828,-3.094698326481273e-13,0.0,5.420647221595034e-20,-3.094698326481273e-13,True,3.094698326481273e-13,0.0,INIT
2025-12-04T20:56:37.049959,1730.265900622,-3.094698326481273e-13,0.0,5.420647221595034e-20,-3.094698326481273e-13,True,3.094698326481273e-13,0.0,INIT
2025-12-04T20:56:37.064511,1730.280444997,0.0,0.0,0.0,0.0,True,0.0,0.0,INIT
2025-12-04T20:56:37.071181,1730.287122292,0.0,0.0,0.0,0.0,True,0.0,0.0,INIT
2025-12-04T20:56:37.082157,1730.298088808,0.0,0.0,0.0,0.0,True,0.0,0.0,INIT
2025-12-04T20:56:37.093533,1730.309464738,0.0,0.0,0.0,0.0,True,0.0,0.0,INIT
2025-12-04T20:56:37.104385,1730.320314154,3.094698326481273e-13,0.0,-5.420647221595034e-20,3.094698326481273e-13,True,3.094698326481273e-13,0.0,INIT
2025-12-04T20:56:37.122191,1730.338140144,0.0,0.0,0.0,0.0,True,0.0,0.0,INIT
2025-12-04T20:56:37.127416,1730.343349185,0.0,0.0,0.0,0.0,True,0.0,0.0,INIT
2025-12-04T20:56:37.151968,1730.367900347,-3.094698326481273e-13,0.0,5.420647221595034e-20,-3.094698326481273e-13,True,3.094698326481273e-13,0.0,INIT
2025-12-04T20:56:37.154906,1730.370835936,-3.094698326481273e-13,0.0,5.420647221595034e-20,-3.094698326481273e-13,True,3.094698326481273e-13,0.0,INIT
2025-12-04T20:56:37.164692,1730.380625529,0.0,0.0,0.0,0.0,True,0.0,0.0,INIT
2025-12-04T20:56:37.173038,1730.388967269,0.0,0.0,0.0,0.0,True,0.0,0.0,INIT
2025-12-04T20:56:37.184232,1730.400168508,0.0,0.0,0.0,0.0,True,0.0,0.0,INIT
2025-12-04T20:56:37.196285,1730.412217294,0.0,0.0,0.0,0.0,True,0.0,0.0,INIT
2025-12-04T20:56:37.207228,1730.423158338,3.094698326481273e-13,0.0,-5.420647221595034e-20,3.094698326481273e-13,True,3.094698326481273e-13,0.0,INIT
2025-12-04T20:56:37.226246,1730.442179295,3.094698326481273e-13,0.0,-5.420647221595034e-20,3.094698326481273e-13,True,3.094698326481273e-13,0.0,INIT
2025-12-04T20:56:37.230890,1730.446821598,0.0,0.0,0.0,0.0,True,0.0,0.0,INIT
2025-12-04T20:56:37.240692,1730.456620996,0.0,0.0,0.0,0.0,True,0.0,0.0,INIT
2025-12-04T20:56:37.252145,1730.468089343,-3.094698326481273e-13,0.0,5.420647221595034e-20,-3.094698326481273e-13,True,3.094698326481273e-13,0.0,INIT
2025-12-04T20:56:37.262924,1730.478857178,-3.094698326481273e-13,0.0,5.420647221595034e-20,-3.094698326481273e-13,True,3.094698326481273e-13,0.0,INIT
2025-12-04T20:56:37.302008,1730.517969923,0.0,0.0,0.0,0.0,True,0.0,0.0,INIT
2025-12-04T20:56:37.306067,1730.522011744,0.0,0.0,0.0,0.0,True,0.0,0.0,INIT
2025-12-04T20:56:37.307045,1730.522980508,0.0,0.0,0.0,0.0,True,0.0,0.0,INIT
2025-12-04T20:56:37.309643,1730.525569586,0.0,0.0,0.0,0.0,True,0.0,0.0,INIT
2025-12-04T20:56:37.320948,1730.536880269,3.094698326481273e-13,0.0,-5.420647221595034e-20,3.094698326481273e-13,True,3.094698326481273e-13,0.0,INIT
2025-12-04T20:56:37.352439,1730.568375911,0.0,0.0,0.0,0.0,True,0.0,0.0,INIT
2025-12-04T20:56:37.355017,1730.570949879,-3.094698326481273e-13,0.0,5.420647221595034e-20,-3.094698326481273e-13,True,3.094698326481273e-13,0.0,INIT
2025-12-04T20:56:37.358600,1730.574549254,-3.094698326481273e-13,0.0,5.420647221595034e-20,-3.094698326481273e-13,True,3.094698326481273e-13,0.0,INIT
2025-12-04T20:56:37.367830,1730.583787317,-3.094698326481273e-13,0.0,5.420647221595034e-20,-3.094698326481273e-13,True,3.094698326481273e-13,0.0,INIT
2025-12-04T20:56:37.378759,1730.594689925,0.0,0.0,0.0,0.0,True,0.0,0.0,INIT
2025-12-04T20:56:37.390072,1730.606018826,0.0,0.0,0.0,0.0,True,0.0,0.0,INIT
2025-12-04T20:56:37.402137,1730.618071202,2.1662888285368908e-12,0.0,-1.4815551144392716e-18,2.1662888285368908e-12,True,2.1662888285368908e-12,0.0,INIT
2025-12-04T20:56:37.412370,1730.628297499,2.1662888285368908e-12,0.0,-1.4815551144392716e-18,2.1662888285368908e-12,True,2.1662888285368908e-12,0.0,INIT
2025-12-04T20:56:37.423720,1730.639661223,0.0,0.0,0.0,0.0,True,0.0,0.0,INIT
2025-12-04T20:56:37.440331,1730.656263356,0.0,0.0,0.0,0.0,True,0.0,0.0,INIT
2025-12-04T20:56:37.446116,1730.662046597,0.0,0.0,0.0,0.0,True,0.0,0.0,INIT
2025-12-04T20:56:37.457766,1730.673712193,0.0,0.0,0.0,0.0,True,0.0,0.0,INIT
2025-12-04T20:56:37.486034,1730.701971715,0.0,0.0,0.0,0.0,True,0.0,0.0,INIT
2025-12-04T20:56:37.493300,1730.709238449,0.0,0.0,0.0,0.0,True,0.0,0.0,INIT
2025-12-04T20:56:37.494339,1730.71027124,0.0,0.0,0.0,0.0,True,0.0,0.0,INIT
2025-12-04T20:56:37.503686,1730.719615462,0.0,0.0,0.0,0.0,True,0.0,0.0,INIT
2025-12-04T20:56:37.514318,1730.730247018,0.0,0.0,0.0,0.0,True,0.0,0.0,INIT
2025-12-04T20:56:37.526049,1730.74197901,0.0,0.0,0.0,0.0,True,0.0,0.0,INIT
2025-12-04T20:56:37.539312,1730.755246487,0.0,0.0,0.0,0.0,True,0.0,0.0,INIT
2025-12-04T20:56:37.548407,1730.764334971,0.0,0.0,0.0,0.0,True,0.0,0.0,INIT
2025-12-04T20:56:37.559982,1730.775912059,0.0,0.0,0.0,0.0,True,0.0,0.0,INIT
2025-12-04T20:56:37.572432,1730.788369097,0.0,0.0,0.0,0.0,True,0.0,0.0,INIT
2025-12-04T20:56:37.582812,1730.798742533,0.0,0.0,0.0,0.0,True,0.0,0.0,INIT
2025-12-04T20:56:37.594124,1730.810056495,0.0,0.0,0.0,0.0,True,0.0,0.0,INIT
2025-12-04T20:56:37.605693,1730.821624829,0.0,0.0,0.0,0.0,True,0.0,0.0,INIT
2025-12-04T20:56:37.618396,1730.834352332,0.0,0.0,0.0,0.0,True,0.0,0.0,INIT
2025-12-04T20:56:37.629824,1730.845754751,3.094698326481273e-13,0.0,-5.420647221595034e-20,3.094698326481273e-13,True,3.094698326481273e-13,0.0,INIT
2025-12-04T20:56:37.640738,1730.856672309,3.094698326481273e-13,0.0,-5.420647221595034e-20,3.094698326481273e-13,True,3.094698326481273e-13,0.0,INIT
2025-12-04T20:56:37.655279,1730.871208777,0.0,0.0,0.0,0.0,True,0.0,0.0,INIT
2025-12-04T20:56:37.664292,1730.88023178,0.0,0.0,0.0,0.0,True,0.0,0.0,INIT
2025-12-04T20:56:37.673917,1730.889847186,0.0,0.0,0.0,0.0,True,0.0,0.0,INIT
2025-12-04T20:56:37.686245,1730.902174626,0.0,0.0,0.0,0.0,True,0.0,0.0,INIT
2025-12-04T20:56:37.703945,1730.919904245,-3.094698326481273e-13,0.0,5.420647221595034e-20,-3.094698326481273e-13,True,3.094698326481273e-13,0.0,INIT
2025-12-04T20:56:37.708201,1730.924133188,-3.094698326481273e-13,0.0,5.420647221595034e-20,-3.094698326481273e-13,True,3.094698326481273e-13,0.0,INIT
2025-12-04T20:56:37.721295,1730.93723011,0.0,0.0,0.0,0.0,True,0.0,0.0,INIT
2025-12-04T20:56:37.733049,1730.948985479,0.0,0.0,0.0,0.0,True,0.0,0.0,INIT
2025-12-04T20:56:37.745007,1730.960937831,3.094698326481273e-13,0.0,-5.420647221595034e-20,3.094698326481273e-13,True,3.094698326481273e-13,0.0,INIT
2025-12-04T20:56:37.785376,1731.001323762,3.094698326481273e-13,0.0,-5.420647221595034e-20,3.094698326481273e-13,True,3.094698326481273e-13,0.0,INIT
2025-12-04T20:56:37.803857,1731.019793411,0.0,0.0,0.0,0.0,True,0.0,0.0,INIT
2025-12-04T20:56:37.807350,1731.02328375,-3.094698326481273e-13,0.0,5.420647221595034e-20,-3.094698326481273e-13,True,3.094698326481273e-13,0.0,INIT
2025-12-04T20:56:37.808269,1731.024199219,-3.094698326481273e-13,0.0,5.420647221595034e-20,-3.094698326481273e-13,True,3.094698326481273e-13,0.0,INIT
2025-12-04T20:56:37.810282,1731.026223081,-3.094698326481273e-13,0.0,5.420647221595034e-20,-3.094698326481273e-13,True,3.094698326481273e-13,0.0,INIT
2025-12-04T20:56:37.811239,1731.027168605,-3.094698326481273e-13,0.0,5.420647221595034e-20,-3.094698326481273e-13,True,3.094698326481273e-13,0.0,INIT
2025-12-04T20:56:37.831635,1731.047567166,-3.094698326481273e-13,0.0,5.420647221595034e-20,-3.094698326481273e-13,True,3.094698326481273e-13,0.0,INIT
2025-12-04T20:56:37.834045,1731.049979748,0.0,0.0,0.0,0.0,True,0.0,0.0,INIT
2025-12-04T20:56:37.842449,1731.058381374,0.0,0.0,0.0,0.0,True,0.0,0.0,INIT
2025-12-04T20:56:37.853718,1731.06965332,0.0,0.0,0.0,0.0,True,0.0,0.0,INIT
2025-12-04T20:56:37.865679,1731.081613288,3.094698326481273e-13,0.0,-5.420647221595034e-20,3.094698326481273e-13,True,3.094698326481273e-13,0.0,INIT
2025-12-04T20:56:37.877300,1731.093230869,3.094698326481273e-13,0.0,-5.420647221595034e-20,3.094698326481273e-13,True,3.094698326481273e-13,0.0,INIT
2025-12-04T20:56:37.889508,1731.105436029,0.0,0.0,0.0,0.0,True,0.0,0.0,INIT
2025-12-04T20:56:37.911589,1731.127518746,0.0,0.0,0.0,0.0,True,0.0,0.0,INIT
2025-12-04T20:56:37.913267,1731.129195786,0.0,0.0,0.0,0.0,True,0.0,0.0,INIT
2025-12-04T20:56:37.927451,1731.143388344,-3.094698326481273e-13,0.0,5.420647221595034e-20,-3.094698326481273e-13,True,3.094698326481273e-13,0.0,INIT
2025-12-04T20:56:37.978046,1731.193982392,-3.094698326481273e-13,0.0,5.420647221595034e-20,-3.094698326481273e-13,True,3.094698326481273e-13,0.0,INIT
2025-12-04T20:56:38.008722,1731.224652296,3.094698326481273e-13,0.0,-5.420647221595034e-20,3.094698326481273e-13,True,3.094698326481273e-13,0.0,INIT
2025-12-04T20:56:38.037228,1731.253158135,0.0,0.0,0.0,0.0,True,0.0,0.0,INIT
2025-12-04T20:56:38.042654,1731.258582536,0.0,0.0,0.0,0.0,True,0.0,0.0,INIT
2025-12-04T20:56:38.052150,1731.268103834,0.0,0.0,0.0,0.0,True,0.0,0.0,INIT
2025-12-04T20:56:38.045960,1731.261895288,0.0,0.0,0.0,0.0,True,0.0,0.0,INIT
2025-12-04T20:56:38.047210,1731.26313875,0.0,0.0,0.0,0.0,True,0.0,0.0,INIT
2025-12-04T20:56:38.047950,1731.263879053,0.0,0.0,0.0,0.0,True,0.0,0.0,INIT
2025-12-04T20:56:38.044186,1731.260115768,0.0,0.0,0.0,0.0,True,0.0,0.0,INIT
2025-12-04T20:56:38.053890,1731.269818514,0.0,0.0,0.0,0.0,True,0.0,0.0,INIT
2025-12-04T20:56:38.055047,1731.27098081,0.0,0.0,0.0,0.0,True,0.0,0.0,INIT
2025-12-04T20:56:38.060880,1731.276815053,0.0,0.0,0.0,0.0,True,0.0,0.0,INIT
2025-12-04T20:56:38.070382,1731.286310862,0.0,0.0,0.0,0.0,True,0.0,0.0,INIT
2025-12-04T20:56:38.081082,1731.297020083,0.0,0.0,0.0,0.0,True,0.0,0.0,INIT
2025-12-04T20:56:38.103724,1731.319654885,0.0,0.0,0.0,0.0,True,0.0,0.0,INIT
2025-12-04T20:56:38.107979,1731.323907805,0.0,0.0,0.0,0.0,True,0.0,0.0,INIT
2025-12-04T20:56:38.115536,1731.33146358,0.0,0.0,0.0,0.0,True,0.0,0.0,INIT
2025-12-04T20:56:38.128102,1731.344034949,0.0,0.0,0.0,0.0,True,0.0,0.0,INIT
2025-12-04T20:56:38.138823,1731.354762774,0.0,0.0,0.0,0.0,True,0.0,0.0,INIT
2025-12-04T20:56:38.194539,1731.410478189,-2.0734478787424525e-11,0.0,6.89252433005052e-17,-2.0734478787424525e-11,True,2.0734478787424525e-11,0.0,INIT
2025-12-04T20:56:38.206744,1731.42267646,0.0,0.0,0.0,0.0,True,0.0,0.0,INIT
2025-12-04T20:56:38.209306,1731.425234812,0.0,0.0,0.0,0.0,True,0.0,0.0,INIT
2025-12-04T20:56:38.216772,1731.43270412,0.0,0.0,0.0,0.0,True,0.0,0.0,INIT
2025-12-04T20:56:38.218226,1731.434159478,0.0,0.0,0.0,0.0,True,0.0,0.0,INIT
2025-12-04T20:56:38.219292,1731.435222096,0.0,0.0,0.0,0.0,True,0.0,0.0,INIT
2025-12-04T20:56:38.220741,1731.436670784,0.0,0.0,0.0,0.0,True,0.0,0.0,INIT
2025-12-04T20:56:38.234778,1731.450731732,0.0,0.0,0.0,0.0,True,0.0,0.0,INIT
2025-12-04T20:56:38.241565,1731.457497086,0.0,0.0,0.0,0.0,True,0.0,0.0,INIT
2025-12-04T20:56:38.266839,1731.482772128,0.0,0.0,0.0,0.0,True,0.0,0.0,INIT
2025-12-04T20:56:38.271314,1731.487250091,0.0,0.0,0.0,0.0,True,0.0,0.0,INIT
2025-12-04T20:56:38.301494,1731.517436963,0.0,0.0,0.0,0.0,True,0.0,0.0,INIT
2025-12-04T20:56:38.307371,1731.523301738,0.0,0.0,0.0,0.0,True,0.0,0.0,INIT
2025-12-04T20:56:38.308435,1731.524362834,0.0,0.0,0.0,0.0,True,0.0,0.0,INIT
2025-12-04T20:56:38.309768,1731.525690504,0.0,0.0,0.0,0.0,True,0.0,0.0,INIT
2025-12-04T20:56:38.330436,1731.546368995,0.0,0.0,0.0,0.0,True,0.0,0.0,INIT
2025-12-04T20:56:38.333212,1731.549145141,0.0,0.0,0.0,0.0,True,0.0,0.0,INIT
2025-12-04T20:56:38.343191,1731.559136404,0.0,0.0,0.0,0.0,True,0.0,0.0,INIT
2025-12-04T20:56:38.363271,1731.579211559,0.0,0.0,0.0,0.0,True,0.0,0.0,INIT
2025-12-04T20:56:38.365706,1731.581634094,0.0,0.0,0.0,0.0,True,0.0,0.0,INIT
2025-12-04T20:56:38.376515,1731.592443181,0.0,0.0,0.0,0.0,True,0.0,0.0,INIT
2025-12-04T20:56:38.399341,1731.61527044,0.0,0.0,0.0,0.0,True,0.0,0.0,INIT
2025-12-04T20:56:38.400446,1731.616378036,0.0,0.0,0.0,0.0,True,0.0,0.0,INIT
2025-12-04T20:56:38.409542,1731.625470699,0.0,0.0,0.0,0.0,True,0.0,0.0,INIT
2025-12-04T20:56:38.420769,1731.636701083,0.0,0.0,0.0,0.0,True,0.0,0.0,INIT
2025-12-04T20:56:38.435625,1731.65156463,0.0,0.0,0.0,0.0,True,0.0,0.0,INIT
2025-12-04T20:56:38.449128,1731.665063633,0.0,0.0,0.0,0.0,True,0.0,0.0,INIT
2025-12-04T20:56:38.454360,1731.670296307,0.0,0.0,0.0,0.0,True,0.0,0.0,INIT
2025-12-04T20:56:38.464989,1731.680918694,0.0,0.0,0.0,0.0,True,0.0,0.0,INIT
2025-12-04T20:56:38.475882,1731.69181084,0.0,0.0,0.0,0.0,True,0.0,0.0,INIT
2025-12-04T20:56:38.487448,1731.703380344,0.0,0.0,0.0,0.0,True,0.0,0.0,INIT
2025-12-04T20:56:38.506260,1731.722190269,0.0,0.0,0.0,0.0,True,0.0,0.0,INIT
2025-12-04T20:56:38.509290,1731.725233699,0.0,0.0,0.0,0.0,True,0.0,0.0,INIT
2025-12-04T20:56:38.521077,1731.737027846,0.0,0.0,0.0,0.0,True,0.0,0.0,INIT
2025-12-04T20:56:38.531853,1731.747784032,0.0,0.0,0.0,0.0,True,0.0,0.0,INIT
2025-12-04T20:56:38.542378,1731.758308627,0.0,0.0,0.0,0.0,True,0.0,0.0,INIT
2025-12-04T20:56:38.555893,1731.771829156,0.0,0.0,0.0,0.0,True,0.0,0.0,INIT
2025-12-04T20:56:38.564728,1731.780658738,0.0,0.0,0.0,0.0,True,0.0,0.0,INIT
2025-12-04T20:56:38.587505,1731.803438537,0.0,0.0,0.0,0.0,True,0.0,0.0,INIT
2025-12-04T20:56:38.590023,1731.805960666,0.0,0.0,0.0,0.0,True,0.0,0.0,INIT
2025-12-04T20:56:38.598811,1731.814743607,0.0,0.0,0.0,0.0,True,0.0,0.0,INIT
2025-12-04T20:56:38.611517,1731.827447239,0.0,0.0,0.0,0.0,True,0.0,0.0,INIT
2025-12-04T20:56:38.620708,1731.836638091,0.0,0.0,0.0,0.0,True,0.0,0.0,INIT
2025-12-04T20:56:38.632387,1731.848324934,0.0,0.0,0.0,0.0,True,0.0,0.0,INIT
2025-12-04T20:56:38.643525,1731.859456115,0.0,0.0,0.0,0.0,True,0.0,0.0,INIT
2025-12-04T20:56:38.654794,1731.870727889,0.0,0.0,0.0,0.0,True,0.0,0.0,INIT
2025-12-04T20:56:38.666317,1731.882260586,0.0,0.0,0.0,0.0,True,0.0,0.0,INIT
2025-12-04T20:56:38.677256,1731.893189764,0.0,0.0,0.0,0.0,True,0.0,0.0,INIT
2025-12-04T20:56:38.688545,1731.904476368,1.0521974310036326e-11,0.0,-2.1755311328595957e-17,1.0521974310036326e-11,True,1.0521974310036326e-11,0.0,INIT
2025-12-04T20:56:38.699115,1731.915044737,1.0521974310036326e-11,0.0,-2.1755311328595957e-17,1.0521974310036326e-11,True,1.0521974310036326e-11,0.0,INIT
2025-12-04T20:56:38.726480,1731.942410557,1.0831444142684455e-11,0.0,-2.2854241857572687e-17,1.0831444142684455e-11,True,1.0831444142684455e-11,0.0,INIT
2025-12-04T20:56:38.727870,1731.943803604,1.0831444142684455e-11,0.0,-2.2854241857572687e-17,1.0831444142684455e-11,True,1.0831444142684455e-11,0.0,INIT
2025-12-04T20:56:38.732947,1731.948880661,1.0831444142684455e-11,0.0,-2.2854241857572687e-17,1.0831444142684455e-11,True,1.0831444142684455e-11,0.0,INIT
2025-12-04T20:56:38.767202,1731.983135054,2.3210237448609548e-11,0.0,-8.349400447917788e-17,2.3210237448609548e-11,True,2.3210237448609548e-11,0.0,INIT
2025-12-04T20:56:38.773302,1731.989242891,0.0,0.0,0.0,0.0,True,0.0,0.0,INIT
2025-12-04T20:56:38.775535,1731.991466973,0.0,0.0,0.0,0.0,True,0.0,0.0,INIT
2025-12-04T20:56:38.783316,1731.999246214,0.0,0.0,0.0,0.0,True,0.0,0.0,INIT
2025-12-04T20:56:38.790876,1732.006813125,-3.094698326481273e-13,0.0,5.420647221595034e-20,-3.094698326481273e-13,True,3.094698326481273e-13,0.0,INIT
2025-12-04T20:56:38.799147,1732.015079429,-3.094698326481273e-13,0.0,5.420647221595034e-20,-3.094698326481273e-13,True,3.094698326481273e-13,0.0,INIT
2025-12-04T20:56:38.844098,1732.060027499,3.094698326481273e-13,0.0,-5.420647221595034e-20,3.094698326481273e-13,True,3.094698326481273e-13,0.0,INIT
2025-12-04T20:56:38.866290,1732.082224799,0.0,0.0,0.0,0.0,True,0.0,0.0,INIT
2025-12-04T20:56:38.869161,1732.08508738,0.0,0.0,0.0,0.0,True,0.0,0.0,INIT
2025-12-04T20:56:38.869866,1732.085790093,0.0,0.0,0.0,0.0,True,0.0,0.0,INIT
2025-12-04T20:56:38.870989,1732.086918843,0.0,0.0,0.0,0.0,True,0.0,0.0,INIT
2025-12-04T20:56:38.871640,1732.087565259,0.0,0.0,0.0,0.0,True,0.0,0.0,INIT
2025-12-04T20:56:38.884509,1732.10046667,0.0,0.0,0.0,0.0,True,0.0,0.0,INIT
2025-12-04T20:56:38.888649,1732.104578941,0.0,0.0,0.0,0.0,True,0.0,0.0,INIT
2025-12-04T20:56:38.899565,1732.115516086,0.0,0.0,0.0,0.0,True,0.0,0.0,INIT
2025-12-04T20:56:38.910660,1732.126587051,-3.094698326481273e-13,0.0,5.420647221595034e-20,-3.094698326481273e-13,True,3.094698326481273e-13,0.0,INIT
2025-12-04T20:56:38.934272,1732.150216088,3.094698326481273e-13,0.0,-5.420647221595034e-20,3.094698326481273e-13,True,3.094698326481273e-13,0.0,INIT
2025-12-04T20:56:38.936896,1732.152845119,3.094698326481273e-13,0.0,-5.420647221595034e-20,3.094698326481273e-13,True,3.094698326481273e-13,0.0,INIT
2025-12-04T20:56:38.945301,1732.161236314,0.0,0.0,0.0,0.0,True,0.0,0.0,INIT
2025-12-04T20:56:38.957431,1732.17336215,0.0,0.0,0.0,0.0,True,0.0,0.0,INIT
2025-12-04T20:56:38.968602,1732.184539305,0.0,0.0,0.0,0.0,True,0.0,0.0,INIT
2025-12-04T20:56:38.982527,1732.198462029,0.0,0.0,0.0,0.0,True,0.0,0.0,INIT
2025-12-04T20:56:38.990476,1732.206407571,0.0,0.0,0.0,0.0,True,0.0,0.0,INIT
2025-12-04T20:56:39.001724,1732.21767821,0.0,0.0,0.0,0.0,True,0.0,0.0,INIT
2025-12-04T20:56:39.012464,1732.228392903,0.0,0.0,0.0,0.0,True,0.0,0.0,INIT
2025-12-04T20:56:39.023549,1732.239479733,-3.094698326481273e-13,0.0,5.420647221595034e-20,-3.094698326481273e-13,True,3.094698326481273e-13,0.0,INIT
2025-12-04T20:56:39.035287,1732.25123774,-3.094698326481273e-13,0.0,5.420647221595034e-20,-3.094698326481273e-13,True,3.094698326481273e-13,0.0,INIT
2025-12-04T20:56:39.046052,1732.261982581,3.094698326481273e-13,0.0,-5.420647221595034e-20,3.094698326481273e-13,True,3.094698326481273e-13,0.0,INIT
2025-12-04T20:56:39.056724,1732.272654058,3.094698326481273e-13,0.0,-5.420647221595034e-20,3.094698326481273e-13,True,3.094698326481273e-13,0.0,INIT
2025-12-04T20:56:39.083740,1732.299672486,0.0,0.0,0.0,0.0,True,0.0,0.0,INIT
2025-12-04T20:56:39.084843,1732.300777214,0.0,0.0,0.0,0.0,True,0.0,0.0,INIT
2025-12-04T20:56:39.101967,1732.317912171,0.0,0.0,0.0,0.0,True,0.0,0.0,INIT
2025-12-04T20:56:39.104113,1732.320048639,0.0,0.0,0.0,0.0,True,0.0,0.0,INIT
2025-12-04T20:56:39.118963,1732.334898105,0.0,0.0,0.0,0.0,True,0.0,0.0,INIT
2025-12-04T20:56:39.125675,1732.3416105,0.0,0.0,0.0,0.0,True,0.0,0.0,INIT
2025-12-04T20:56:39.149463,1732.365396529,-3.094698326481273e-13,0.0,5.420647221595034e-20,-3.094698326481273e-13,True,3.094698326481273e-13,0.0,INIT
2025-12-04T20:56:39.156075,1732.372019108,-2.1662888285368908e-12,0.0,1.4815551144392716e-18,-2.1662888285368908e-12,True,2.1662888285368908e-12,0.0,INIT
2025-12-04T20:56:39.158803,1732.374735881,-2.1662888285368908e-12,0.0,1.4815551144392716e-18,-2.1662888285368908e-12,True,2.1662888285368908e-12,0.0,INIT
2025-12-04T20:56:39.172245,1732.388177056,-2.1662888285368908e-12,0.0,1.4815551144392716e-18,-2.1662888285368908e-12,True,2.1662888285368908e-12,0.0,INIT
2025-12-04T20:56:39.182911,1732.398837893,-4.64204748972191e-12,0.0,5.412604375789215e-18,-4.64204748972191e-12,True,4.64204748972191e-12,0.0,INIT
2025-12-04T20:56:39.193948,1732.409876363,-4.64204748972191e-12,0.0,5.412604375789215e-18,-4.64204748972191e-12,True,4.64204748972191e-12,0.0,INIT
2025-12-04T20:56:39.234867,1732.450806064,0.0,0.0,0.0,0.0,True,0.0,0.0,INIT
2025-12-04T20:56:39.239339,1732.45527604,0.0,0.0,0.0,0.0,True,0.0,0.0,INIT
2025-12-04T20:56:39.250385,1732.466321413,-3.094698326481273e-13,0.0,5.420647221595034e-20,-3.094698326481273e-13,True,3.094698326481273e-13,0.0,INIT
2025-12-04T20:56:39.252149,1732.468079499,-3.094698326481273e-13,0.0,5.420647221595034e-20,-3.094698326481273e-13,True,3.094698326481273e-13,0.0,INIT
2025-12-04T20:56:39.253185,1732.469112903,-3.094698326481273e-13,0.0,5.420647221595034e-20,-3.094698326481273e-13,True,3.094698326481273e-13,0.0,INIT
2025-12-04T20:56:39.266565,1732.4825131,3.094698326481273e-13,0.0,-5.420647221595034e-20,3.094698326481273e-13,True,3.094698326481273e-13,0.0,INIT
2025-12-04T20:56:39.275155,1732.491084051,3.094698326481273e-13,0.0,-5.420647221595034e-20,3.094698326481273e-13,True,3.094698326481273e-13,0.0,INIT
2025-12-04T20:56:39.285786,1732.501714547,0.0,0.0,0.0,0.0,True,0.0,0.0,INIT
2025-12-04T20:56:39.335067,1732.551025068,0.0,0.0,0.0,0.0,True,0.0,0.0,INIT
2025-12-04T20:56:39.340752,1732.556687442,0.0,0.0,0.0,0.0,True,0.0,0.0,INIT
2025-12-04T20:56:39.342950,1732.558879457,0.0,0.0,0.0,0.0,True,0.0,0.0,INIT
2025-12-04T20:56:39.344647,1732.560578942,0.0,0.0,0.0,0.0,True,0.0,0.0,INIT
2025-12-04T20:56:39.345956,1732.561887809,0.0,0.0,0.0,0.0,True,0.0,0.0,INIT
2025-12-04T20:56:39.354235,1732.570166515,-3.094698326481273e-13,0.0,5.420647221595034e-20,-3.094698326481273e-13,True,3.094698326481273e-13,0.0,INIT
2025-12-04T20:56:39.387612,1732.603542542,-3.094698326481273e-13,0.0,5.420647221595034e-20,-3.094698326481273e-13,True,3.094698326481273e-13,0.0,INIT
2025-12-04T20:56:39.390296,1732.606231023,0.0,0.0,0.0,0.0,True,0.0,0.0,INIT
2025-12-04T20:56:39.391861,1732.607789269,0.0,0.0,0.0,0.0,True,0.0,0.0,INIT
2025-12-04T20:56:39.397642,1732.613577541,0.0,0.0,0.0,0.0,True,0.0,0.0,INIT
2025-12-04T20:56:39.423128,1732.639061851,0.0,0.0,0.0,0.0,True,0.0,0.0,INIT
2025-12-04T20:56:39.424064,1732.639995894,0.0,0.0,0.0,0.0,True,0.0,0.0,INIT
2025-12-04T20:56:39.436847,1732.652781327,3.094698326481273e-13,0.0,-5.420647221595034e-20,3.094698326481273e-13,True,3.094698326481273e-13,0.0,INIT
2025-12-04T20:56:39.442482,1732.658422011,3.094698326481273e-13,0.0,-5.420647221595034e-20,3.094698326481273e-13,True,3.094698326481273e-13,0.0,INIT
2025-12-04T20:56:39.485801,1732.701734075,0.0,0.0,0.0,0.0,True,0.0,0.0,INIT
2025-12-04T20:56:39.489541,1732.70546828,0.0,0.0,0.0,0.0,True,0.0,0.0,INIT
2025-12-04T20:56:39.490336,1732.70626465,0.0,0.0,0.0,0.0,True,0.0,0.0,INIT
2025-12-04T20:56:39.491523,1732.707453288,0.0,0.0,0.0,0.0,True,0.0,0.0,INIT
2025-12-04T20:56:39.497920,1732.713847441,0.0,0.0,0.0,0.0,True,0.0,0.0,INIT
2025-12-04T20:56:39.509499,1732.725429948,0.0,0.0,0.0,0.0,True,0.0,0.0,INIT
2025-12-04T20:56:39.521116,1732.737061149,0.0,0.0,0.0,0.0,True,0.0,0.0,INIT
2025-12-04T20:56:39.531896,1732.747829108,0.0,0.0,0.0,0.0,True,0.0,0.0,INIT
2025-12-04T20:56:39.542964,1732.758894958,0.0,0.0,0.0,0.0,True,0.0,0.0,INIT
2025-12-04T20:56:39.570230,1732.786170716,0.0,0.0,0.0,0.0,True,0.0,0.0,INIT
2025-12-04T20:56:39.573280,1732.78921096,0.0,0.0,0.0,0.0,True,0.0,0.0,INIT
2025-12-04T20:56:39.577806,1732.793740679,0.0,0.0,0.0,0.0,True,0.0,0.0,INIT
2025-12-04T20:56:39.602432,1732.818370171,0.0,0.0,0.0,0.0,True,0.0,0.0,INIT
2025-12-04T20:56:39.605103,1732.821032296,0.0,0.0,0.0,0.0,True,0.0,0.0,INIT
2025-12-04T20:56:39.625962,1732.841893114,0.0,0.0,0.0,0.0,True,0.0,0.0,INIT
2025-12-04T20:56:39.627114,1732.843041307,0.0,0.0,0.0,0.0,True,0.0,0.0,INIT
2025-12-04T20:56:39.702620,1732.918552101,0.0,0.0,0.0,0.0,True,0.0,0.0,INIT
2025-12-04T20:56:39.709794,1732.925724877,0.0,0.0,0.0,0.0,True,0.0,0.0,INIT
2025-12-04T20:56:39.710682,1732.926614703,0.0,0.0,0.0,0.0,True,0.0,0.0,INIT
2025-12-04T20:56:39.712223,1732.928151198,0.0,0.0,0.0,0.0,True,0.0,0.0,INIT
2025-12-04T20:56:39.712949,1732.928872281,0.0,0.0,0.0,0.0,True,0.0,0.0,INIT
2025-12-04T20:56:39.714288,1732.930214037,0.0,0.0,0.0,0.0,True,0.0,0.0,INIT
2025-12-04T20:56:39.715054,1732.93097822,0.0,0.0,0.0,0.0,True,0.0,0.0,INIT
2025-12-04T20:56:39.715915,1732.931843197,0.0,0.0,0.0,0.0,True,0.0,0.0,INIT
2025-12-04T20:56:39.719110,1732.935039143,0.0,0.0,0.0,0.0,True,0.0,0.0,INIT
2025-12-04T20:56:39.771411,1732.987342914,0.0,0.0,0.0,0.0,True,0.0,0.0,INIT
2025-12-04T20:56:39.806595,1733.022526609,3.094698326481273e-13,0.0,-5.420647221595034e-20,3.094698326481273e-13,True,3.094698326481273e-13,0.0,INIT
2025-12-04T20:56:39.810616,1733.026548005,3.094698326481273e-13,0.0,-5.420647221595034e-20,3.094698326481273e-13,True,3.094698326481273e-13,0.0,INIT
2025-12-04T20:56:39.811821,1733.027749584,3.094698326481273e-13,0.0,-5.420647221595034e-20,3.094698326481273e-13,True,3.094698326481273e-13,0.0,INIT
2025-12-04T20:56:39.843094,1733.059024209,3.094698326481273e-13,0.0,-5.420647221595034e-20,3.094698326481273e-13,True,3.094698326481273e-13,0.0,INIT
2025-12-04T20:56:39.942419,1733.158347007,1.145038380798071e-11,0.0,-2.5118521598213104e-17,1.145038380798071e-11,True,1.145038380798071e-11,0.0,INIT
2025-12-04T20:56:39.948182,1733.164112909,1.145038380798071e-11,0.0,-2.5118521598213104e-17,1.145038380798071e-11,True,1.145038380798071e-11,0.0,INIT
2025-12-04T20:56:40.006631,1733.222563135,0.0,0.0,0.0,0.0,True,0.0,0.0,INIT
2025-12-04T20:56:40.010746,1733.226677129,0.0,0.0,0.0,0.0,True,0.0,0.0,INIT
2025-12-04T20:56:40.011644,1733.227574323,0.0,0.0,0.0,0.0,True,0.0,0.0,INIT
2025-12-04T20:56:40.076894,1733.292820897,0.0,0.0,0.0,0.0,True,0.0,0.0,INIT
2025-12-04T20:56:40.081893,1733.297820374,0.0,0.0,0.0,0.0,True,0.0,0.0,INIT
2025-12-04T20:56:40.083018,1733.298945483,0.0,0.0,0.0,0.0,True,0.0,0.0,INIT
2025-12-04T20:56:40.084473,1733.300399026,0.0,0.0,0.0,0.0,True,0.0,0.0,INIT
2025-12-04T20:56:40.085878,1733.301806273,0.0,0.0,0.0,0.0,True,0.0,0.0,INIT
2025-12-04T20:56:40.087631,1733.303559047,0.0,0.0,0.0,0.0,True,0.0,0.0,INIT
2025-12-04T20:56:40.088981,1733.304906183,0.0,0.0,0.0,0.0,True,0.0,0.0,INIT
2025-12-04T20:56:40.090394,1733.306323741,0.0,0.0,0.0,0.0,True,0.0,0.0,INIT
2025-12-04T20:56:40.091478,1733.307408437,0.0,0.0,0.0,0.0,True,0.0,0.0,INIT
2025-12-04T20:56:40.092727,1733.308654162,0.0,0.0,0.0,0.0,True,0.0,0.0,INIT
2025-12-04T20:56:40.094046,1733.309969621,0.0,0.0,0.0,0.0,True,0.0,0.0,INIT
2025-12-04T20:56:40.094841,1733.310767364,0.0,0.0,0.0,0.0,True,0.0,0.0,INIT
2025-12-04T20:56:40.105245,1733.321179189,0.0,0.0,0.0,0.0,True,0.0,0.0,INIT
2025-12-04T20:56:40.118531,1733.33446529,0.0,0.0,0.0,0.0,True,0.0,0.0,INIT
2025-12-04T20:56:40.126623,1733.342555415,0.0,0.0,0.0,0.0,True,0.0,0.0,INIT
2025-12-04T20:56:40.144706,1733.36063525,3.094698326481273e-13,0.0,-5.420647221595034e-20,3.094698326481273e-13,True,3.094698326481273e-13,0.0,INIT
2025-12-04T20:56:40.149108,1733.365039546,3.094698326481273e-13,0.0,-5.420647221595034e-20,3.094698326481273e-13,True,3.094698326481273e-13,0.0,INIT
2025-12-04T20:56:40.163449,1733.379377704,-3.094698326481273e-13,0.0,5.420647221595034e-20,-3.094698326481273e-13,True,3.094698326481273e-13,0.0,INIT
2025-12-04T20:56:40.170379,1733.386308858,-3.094698326481273e-13,0.0,5.420647221595034e-20,-3.094698326481273e-13,True,3.094698326481273e-13,0.0,INIT
2025-12-04T20:56:40.190774,1733.406704948,0.0,0.0,0.0,0.0,True,0.0,0.0,INIT
2025-12-04T20:56:40.194199,1733.410129496,0.0,0.0,0.0,0.0,True,0.0,0.0,INIT
2025-12-04T20:56:40.207167,1733.42310735,0.0,0.0,0.0,0.0,True,0.0,0.0,INIT
2025-12-04T20:56:40.215109,1733.431038416,0.0,0.0,0.0,0.0,True,0.0,0.0,INIT
2025-12-04T20:56:40.226208,1733.442134905,0.0,0.0,0.0,0.0,True,0.0,0.0,INIT
2025-12-04T20:56:40.236863,1733.452794146,0.0,0.0,0.0,0.0,True,0.0,0.0,INIT
2025-12-04T20:56:40.272144,1733.488080504,-3.094698326481273e-13,0.0,5.420647221595034e-20,-3.094698326481273e-13,True,3.094698326481273e-13,0.0,INIT
2025-12-04T20:56:40.275564,1733.491494515,-3.094698326481273e-13,0.0,5.420647221595034e-20,-3.094698326481273e-13,True,3.094698326481273e-13,0.0,INIT
2025-12-04T20:56:40.276623,1733.492552338,-3.094698326481273e-13,0.0,5.420647221595034e-20,-3.094698326481273e-13,True,3.094698326481273e-13,0.0,INIT
2025-12-04T20:56:40.281232,1733.497159518,0.0,0.0,0.0,0.0,True,0.0,0.0,INIT
2025-12-04T20:56:40.291998,1733.507925969,0.0,0.0,0.0,0.0,True,0.0,0.0,INIT
2025-12-04T20:56:40.305965,1733.521901835,-3.094698326481273e-13,0.0,5.420647221595034e-20,-3.094698326481273e-13,True,3.094698326481273e-13,0.0,INIT
2025-12-04T20:56:40.315399,1733.53132705,-3.094698326481273e-13,0.0,5.420647221595034e-20,-3.094698326481273e-13,True,3.094698326481273e-13,0.0,INIT
2025-12-04T20:56:40.326908,1733.542841698,-6.189396652962545e-12,0.0,8.826776629662582e-18,-6.189396652962545e-12,True,6.189396652962545e-12,0.0,INIT
2025-12-04T20:56:40.337202,1733.55313673,-6.189396652962545e-12,0.0,8.826776629662582e-18,-6.189396652962545e-12,True,6.189396652962545e-12,0.0,INIT
2025-12-04T20:56:40.347481,1733.563411598,-6.189396652962545e-12,0.0,8.826776629662582e-18,-6.189396652962545e-12,True,6.189396652962545e-12,0.0,INIT
2025-12-04T20:56:40.358880,1733.574808517,3.094698326481273e-13,0.0,-5.420647221595034e-20,3.094698326481273e-13,True,3.094698326481273e-13,0.0,INIT
2025-12-04T20:56:40.370451,1733.586381756,-5.260987155018163e-12,0.0,6.695982504217818e-18,-5.260987155018163e-12,True,5.260987155018163e-12,0.0,INIT
2025-12-04T20:56:40.397291,1733.613220076,-5.260987155018163e-12,0.0,6.695982504217818e-18,-5.260987155018163e-12,True,5.260987155018163e-12,0.0,INIT
2025-12-04T20:56:40.516791,1733.732729309,0.0,0.0,0.0,0.0,True,0.0,0.0,INIT
2025-12-04T20:56:40.527386,1733.743315133,0.0,0.0,0.0,0.0,True,0.0,0.0,INIT
2025-12-04T20:56:40.528394,1733.744321204,0.0,0.0,0.0,0.0,True,0.0,0.0,INIT
2025-12-04T20:56:40.529344,1733.745270325,0.0,0.0,0.0,0.0,True,0.0,0.0,INIT
2025-12-04T20:56:40.530678,1733.746603872,0.0,0.0,0.0,0.0,True,0.0,0.0,INIT
2025-12-04T20:56:40.531847,1733.747771694,0.0,0.0,0.0,0.0,True,0.0,0.0,INIT
2025-12-04T20:56:40.532761,1733.748693793,0.0,0.0,0.0,0.0,True,0.0,0.0,INIT
2025-12-04T20:56:40.533593,1733.749516392,0.0,0.0,0.0,0.0,True,0.0,0.0,INIT
2025-12-04T20:56:40.536790,1733.752721599,0.0,0.0,0.0,0.0,True,0.0,0.0,INIT
2025-12-04T20:56:40.767967,1733.983905774,0.0,0.0,0.0,0.0,True,0.0,0.0,INIT
2025-12-04T20:56:40.835664,1734.051595606,0.0,0.0,0.0,0.0,True,0.0,0.0,INIT
2025-12-04T20:56:40.840939,1734.056869038,0.0,0.0,0.0,0.0,True,0.0,0.0,INIT
2025-12-04T20:56:40.969201,1734.185150387,0.0,0.0,0.0,0.0,True,0.0,0.0,INIT
2025-12-04T20:56:41.005139,1734.221076184,0.0,0.0,0.0,0.0,True,0.0,0.0,INIT
2025-12-04T20:56:41.018280,1734.234230499,0.0,0.0,0.0,0.0,True,0.0,0.0,INIT
2025-12-04T20:56:41.021105,1734.237035022,2.2281827950665166e-11,0.0,-7.789622063031406e-17,2.2281827950665166e-11,True,2.2281827950665166e-11,0.0,INIT
2025-12-04T20:56:41.023459,1734.239387776,2.2281827950665166e-11,0.0,-7.789622063031406e-17,2.2281827950665166e-11,True,2.2281827950665166e-11,0.0,INIT
2025-12-04T20:56:41.025007,1734.240938689,2.2281827950665166e-11,0.0,-7.789622063031406e-17,2.2281827950665166e-11,True,2.2281827950665166e-11,0.0,INIT
2025-12-04T20:56:41.026028,1734.241957978,2.2281827950665166e-11,0.0,-7.789622063031406e-17,2.2281827950665166e-11,True,2.2281827950665166e-11,0.0,INIT
2025-12-04T20:56:41.027441,1734.243368942,2.2281827950665166e-11,0.0,-7.789622063031406e-17,2.2281827950665166e-11,True,2.2281827950665166e-11,0.0,INIT
2025-12-04T20:56:41.028674,1734.244600707,2.2281827950665166e-11,0.0,-7.789622063031406e-17,2.2281827950665166e-11,True,2.2281827950665166e-11,0.0,INIT
2025-12-04T20:56:41.029572,1734.245499452,2.2281827950665166e-11,0.0,-7.789622063031406e-17,2.2281827950665166e-11,True,2.2281827950665166e-11,0.0,INIT
2025-12-04T20:56:41.030102,1734.246028263,2.2281827950665166e-11,0.0,-7.789622063031406e-17,2.2281827950665166e-11,True,2.2281827950665166e-11,0.0,INIT
2025-12-04T20:56:41.030667,1734.2465921,2.2281827950665166e-11,0.0,-7.789622063031406e-17,2.2281827950665166e-11,True,2.2281827950665166e-11,0.0,INIT
2025-12-04T20:56:41.031403,1734.247334265,2.2281827950665166e-11,0.0,-7.789622063031406e-17,2.2281827950665166e-11,True,2.2281827950665166e-11,0.0,INIT
2025-12-04T20:56:41.037686,1734.253618353,2.2281827950665166e-11,0.0,-7.789622063031406e-17,2.2281827950665166e-11,True,2.2281827950665166e-11,0.0,INIT
2025-12-04T20:56:41.099416,1734.315342819,1.1140913975332583e-11,0.0,-2.3975374239134293e-17,1.1140913975332583e-11,True,1.1140913975332583e-11,0.0,INIT
2025-12-04T20:56:41.105014,1734.320950845,-3.094698326481273e-13,0.0,5.420647221595034e-20,-3.094698326481273e-13,True,3.094698326481273e-13,0.0,INIT
2025-12-04T20:56:41.106355,1734.322285214,-3.094698326481273e-13,0.0,5.420647221595034e-20,-3.094698326481273e-13,True,3.094698326481273e-13,0.0,INIT
2025-12-04T20:56:41.107259,1734.323186676,-3.094698326481273e-13,0.0,5.420647221595034e-20,-3.094698326481273e-13,True,3.094698326481273e-13,0.0,INIT
2025-12-04T20:56:41.108004,1734.323935188,-3.094698326481273e-13,0.0,5.420647221595034e-20,-3.094698326481273e-13,True,3.094698326481273e-13,0.0,INIT
2025-12-04T20:56:41.108963,1734.324895551,-3.094698326481273e-13,0.0,5.420647221595034e-20,-3.094698326481273e-13,True,3.094698326481273e-13,0.0,INIT
2025-12-04T20:56:41.112289,1734.328216281,-3.094698326481273e-13,0.0,5.420647221595034e-20,-3.094698326481273e-13,True,3.094698326481273e-13,0.0,INIT
2025-12-04T20:56:41.124200,1734.340131488,3.094698326481273e-13,0.0,-5.420647221595034e-20,3.094698326481273e-13,True,3.094698326481273e-13,0.0,INIT
2025-12-04T20:56:41.138863,1734.354797423,3.094698326481273e-13,0.0,-5.420647221595034e-20,3.094698326481273e-13,True,3.094698326481273e-13,0.0,INIT
2025-12-04T20:56:41.157627,1734.373558162,0.0,0.0,0.0,0.0,True,0.0,0.0,INIT
2025-12-04T20:56:41.159330,1734.375260903,0.0,0.0,0.0,0.0,True,0.0,0.0,INIT
2025-12-04T20:56:41.167571,1734.38351082,0.0,0.0,0.0,0.0,True,0.0,0.0,INIT
2025-12-04T20:56:41.190057,1734.405986319,0.0,0.0,0.0,0.0,True,0.0,0.0,INIT
2025-12-04T20:56:41.191807,1734.407738514,0.0,0.0,0.0,0.0,True,0.0,0.0,INIT
2025-12-04T20:56:41.206289,1734.422222268,-3.094698326481273e-13,0.0,5.420647221595034e-20,-3.094698326481273e-13,True,3.094698326481273e-13,0.0,INIT
2025-12-04T20:56:41.220516,1734.436457194,-3.094698326481273e-13,0.0,5.420647221595034e-20,-3.094698326481273e-13,True,3.094698326481273e-13,0.0,INIT
2025-12-04T20:56:41.269712,1734.485642115,0.0,0.0,0.0,0.0,True,0.0,0.0,INIT
2025-12-04T20:56:41.274359,1734.490290262,0.0,0.0,0.0,0.0,True,0.0,0.0,INIT
2025-12-04T20:56:41.275300,1734.491229635,0.0,0.0,0.0,0.0,True,0.0,0.0,INIT
2025-12-04T20:56:41.276339,1734.492266597,0.0,0.0,0.0,0.0,True,0.0,0.0,INIT
2025-12-04T20:56:41.276934,1734.49285915,0.0,0.0,0.0,0.0,True,0.0,0.0,INIT
2025-12-04T20:56:41.325550,1734.541484546,0.0,0.0,0.0,0.0,True,0.0,0.0,INIT
2025-12-04T20:56:41.641214,1734.857147988,0.0,0.0,0.0,0.0,True,0.0,0.0,INIT
2025-12-04T20:56:41.651461,1734.867410364,0.0,0.0,0.0,0.0,True,0.0,0.0,INIT
2025-12-04T20:56:41.657989,1734.873917651,0.0,0.0,0.0,0.0,True,0.0,0.0,INIT
2025-12-04T20:56:41.659678,1734.875609078,0.0,0.0,0.0,0.0,True,0.0,0.0,INIT
2025-12-04T20:56:41.661101,1734.877031231,0.0,0.0,0.0,0.0,True,0.0,0.0,INIT
2025-12-04T20:56:41.662860,1734.878789166,0.0,0.0,0.0,0.0,True,0.0,0.0,INIT
2025-12-04T20:56:41.663838,1734.879768137,0.0,0.0,0.0,0.0,True,0.0,0.0,INIT
2025-12-04T20:56:41.664875,1734.880804743,0.0,0.0,0.0,0.0,True,0.0,0.0,INIT
2025-12-04T20:56:41.666219,1734.882143671,0.0,0.0,0.0,0.0,True,0.0,0.0,INIT
2025-12-04T20:56:41.667670,1734.883597209,0.0,0.0,0.0,0.0,True,0.0,0.0,INIT
2025-12-04T20:56:41.668851,1734.884778941,0.0,0.0,0.0,0.0,True,0.0,0.0,INIT
2025-12-04T20:56:41.669414,1734.885339552,0.0,0.0,0.0,0.0,True,0.0,0.0,INIT
2025-12-04T20:56:41.670343,1734.886264796,0.0,0.0,0.0,0.0,True,0.0,0.0,INIT
2025-12-04T20:56:41.677956,1734.893884683,0.0,0.0,0.0,0.0,True,0.0,0.0,INIT
2025-12-04T20:56:41.689212,1734.905139798,0.0,0.0,0.0,0.0,True,0.0,0.0,INIT
2025-12-04T20:56:41.727266,1734.94320025,0.0,0.0,0.0,0.0,True,0.0,0.0,INIT
2025-12-04T20:56:41.730000,1734.945933252,0.0,0.0,0.0,0.0,True,0.0,0.0,INIT
2025-12-04T20:56:41.730864,1734.94679318,0.0,0.0,0.0,0.0,True,0.0,0.0,INIT
2025-12-04T20:56:41.759305,1734.975241923,0.0,0.0,0.0,0.0,True,0.0,0.0,INIT
2025-12-04T20:56:41.762696,1734.978624834,0.0,0.0,0.0,0.0,True,0.0,0.0,INIT
2025-12-04T20:56:41.763382,1734.979311516,0.0,0.0,0.0,0.0,True,0.0,0.0,INIT
2025-12-04T20:56:41.765640,1734.981567759,0.0,0.0,0.0,0.0,True,0.0,0.0,INIT
2025-12-04T20:56:41.776334,1734.992262211,0.0,0.0,0.0,0.0,True,0.0,0.0,INIT
2025-12-04T20:56:41.802780,1735.018709234,0.0,0.0,0.0,0.0,True,0.0,0.0,INIT
2025-12-04T20:56:41.804903,1735.02083029,0.0,0.0,0.0,0.0,True,0.0,0.0,INIT
2025-12-04T20:56:41.808969,1735.024895749,0.0,0.0,0.0,0.0,True,0.0,0.0,INIT
2025-12-04T20:56:41.824462,1735.040394894,0.0,0.0,0.0,0.0,True,0.0,0.0,INIT
2025-12-04T20:56:41.838190,1735.05412368,0.0,0.0,0.0,0.0,True,0.0,0.0,INIT
2025-12-04T20:56:41.872739,1735.088667158,0.0,0.0,0.0,0.0,True,0.0,0.0,INIT
2025-12-04T20:56:41.874537,1735.090468518,0.0,0.0,0.0,0.0,True,0.0,0.0,INIT
2025-12-04T20:56:41.875305,1735.091228135,0.0,0.0,0.0,0.0,True,0.0,0.0,INIT
2025-12-04T20:56:41.875840,1735.091761726,0.0,0.0,0.0,0.0,True,0.0,0.0,INIT
2025-12-04T20:56:41.955975,1735.17190789,3.094698326481273e-13,0.0,-5.420647221595034e-20,3.094698326481273e-13,True,3.094698326481273e-13,0.0,INIT
2025-12-04T20:56:41.961099,1735.177034481,3.094698326481273e-13,0.0,-5.420647221595034e-20,3.094698326481273e-13,True,3.094698326481273e-13,0.0,INIT
2025-12-04T20:56:41.961957,1735.177883389,3.094698326481273e-13,0.0,-5.420647221595034e-20,3.094698326481273e-13,True,3.094698326481273e-13,0.0,INIT
2025-12-04T20:56:41.962776,1735.178702818,3.094698326481273e-13,0.0,-5.420647221595034e-20,3.094698326481273e-13,True,3.094698326481273e-13,0.0,INIT
2025-12-04T20:56:41.963478,1735.179405385,3.094698326481273e-13,0.0,-5.420647221595034e-20,3.094698326481273e-13,True,3.094698326481273e-13,0.0,INIT
2025-12-04T20:56:41.965037,1735.180965834,0.0,0.0,0.0,0.0,True,0.0,0.0,INIT
2025-12-04T20:56:41.966195,1735.18212135,0.0,0.0,0.0,0.0,True,0.0,0.0,INIT
2025-12-04T20:56:41.967122,1735.183049379,0.0,0.0,0.0,0.0,True,0.0,0.0,INIT
2025-12-04T20:56:41.974848,1735.190778375,0.0,0.0,0.0,0.0,True,0.0,0.0,INIT
2025-12-04T20:56:41.986463,1735.202397153,0.0,0.0,0.0,0.0,True,0.0,0.0,INIT
2025-12-04T20:56:42.009028,1735.224958422,0.0,0.0,0.0,0.0,True,0.0,0.0,INIT
2025-12-04T20:56:42.116007,1735.331937985,0.0,0.0,0.0,0.0,True,0.0,0.0,INIT
2025-12-04T20:56:42.125099,1735.341031693,0.0,0.0,0.0,0.0,True,0.0,0.0,INIT
2025-12-04T20:56:42.125707,1735.34163424,0.0,0.0,0.0,0.0,True,0.0,0.0,INIT
2025-12-04T20:56:42.126371,1735.342296444,0.0,0.0,0.0,0.0,True,0.0,0.0,INIT
2025-12-04T20:56:42.127642,1735.343574632,0.0,0.0,0.0,0.0,True,0.0,0.0,INIT
2025-12-04T20:56:42.128516,1735.344440365,0.0,0.0,0.0,0.0,True,0.0,0.0,INIT
2025-12-04T20:56:42.129150,1735.345073605,0.0,0.0,0.0,0.0,True,0.0,0.0,INIT
2025-12-04T20:56:42.131056,1735.346984352,0.0,0.0,0.0,0.0,True,0.0,0.0,INIT
2025-12-04T20:56:42.131745,1735.347673087,0.0,0.0,0.0,0.0,True,0.0,0.0,INIT
2025-12-04T20:56:42.132621,1735.348557028,0.0,0.0,0.0,0.0,True,0.0,0.0,INIT
2025-12-04T20:56:42.133631,1735.349559914,0.0,0.0,0.0,0.0,True,0.0,0.0,INIT
2025-12-04T20:56:42.175531,1735.391462699,0.0,0.0,0.0,0.0,True,0.0,0.0,INIT
2025-12-04T20:56:42.178342,1735.394271086,0.0,0.0,0.0,0.0,True,0.0,0.0,INIT
2025-12-04T20:56:42.179003,1735.394927665,0.0,0.0,0.0,0.0,True,0.0,0.0,INIT
2025-12-04T20:56:42.179916,1735.39584339,0.0,0.0,0.0,0.0,True,0.0,0.0,INIT
2025-12-04T20:56:42.180480,1735.396404931,0.0,0.0,0.0,0.0,True,0.0,0.0,INIT
2025-12-04T20:56:42.219039,1735.434982589,0.0,0.0,0.0,0.0,True,0.0,0.0,INIT
2025-12-04T20:56:42.223908,1735.43984374,0.0,0.0,0.0,0.0,True,0.0,0.0,INIT
2025-12-04T20:56:42.225769,1735.441699512,0.0,0.0,0.0,0.0,True,0.0,0.0,INIT
2025-12-04T20:56:42.226586,1735.442515862,0.0,0.0,0.0,0.0,True,0.0,0.0,INIT
2025-12-04T20:56:42.260610,1735.476550187,0.0,0.0,0.0,0.0,True,0.0,0.0,INIT
2025-12-04T20:56:42.322548,1735.538477033,0.0,0.0,0.0,0.0,True,0.0,0.0,INIT
2025-12-04T20:56:42.328075,1735.544042908,0.0,0.0,0.0,0.0,True,0.0,0.0,INIT
2025-12-04T20:56:42.329135,1735.545064183,0.0,0.0,0.0,0.0,True,0.0,0.0,INIT
2025-12-04T20:56:42.330304,1735.546233757,0.0,0.0,0.0,0.0,True,0.0,0.0,INIT
2025-12-04T20:56:42.331896,1735.547832047,0.0,0.0,0.0,0.0,True,0.0,0.0,INIT
2025-12-04T20:56:42.332638,1735.548565639,0.0,0.0,0.0,0.0,True,0.0,0.0,INIT
2025-12-04T20:56:42.333265,1735.549189853,0.0,0.0,0.0,0.0,True,0.0,0.0,INIT
2025-12-04T20:56:42.334174,1735.550102364,0.0,0.0,0.0,0.0,True,0.0,0.0,INIT
2025-12-04T20:56:42.335161,1735.55108746,0.0,0.0,0.0,0.0,True,0.0,0.0,INIT
2025-12-04T20:56:42.340251,1735.55617658,0.0,0.0,0.0,0.0,True,0.0,0.0,INIT
2025-12-04T20:56:42.351937,1735.56786645,0.0,0.0,0.0,0.0,True,0.0,0.0,INIT
2025-12-04T20:56:42.394900,1735.610842298,0.0,0.0,0.0,0.0,True,0.0,0.0,INIT
2025-12-04T20:56:42.400354,1735.616281858,0.0,0.0,0.0,0.0,True,0.0,0.0,INIT
2025-12-04T20:56:42.401765,1735.617692219,0.0,0.0,0.0,0.0,True,0.0,0.0,INIT
2025-12-04T20:56:42.402971,1735.618900033,0.0,0.0,0.0,0.0,True,0.0,0.0,INIT
2025-12-04T20:56:42.408184,1735.624115362,0.0,0.0,0.0,0.0,True,0.0,0.0,INIT
2025-12-04T20:56:42.419985,1735.635915592,0.0,0.0,0.0,0.0,True,0.0,0.0,INIT
2025-12-04T20:56:42.618903,1735.834847484,0.0,0.0,0.0,0.0,True,0.0,0.0,INIT
2025-12-04T20:56:42.696391,1735.91231987,0.0,0.0,0.0,0.0,True,0.0,0.0,INIT
2025-12-04T20:56:42.742104,1735.958034822,0.0,0.0,0.0,0.0,True,0.0,0.0,INIT
2025-12-04T20:56:42.745891,1735.961818835,0.0,0.0,0.0,0.0,True,0.0,0.0,INIT
2025-12-04T20:56:42.746721,1735.962644574,0.0,0.0,0.0,0.0,True,0.0,0.0,INIT
2025-12-04T20:56:42.747597,1735.963521124,0.0,0.0,0.0,0.0,True,0.0,0.0,INIT
2025-12-04T20:56:42.748518,1735.964445256,0.0,0.0,0.0,0.0,True,0.0,0.0,INIT
2025-12-04T20:56:42.749078,1735.965016008,0.0,0.0,0.0,0.0,True,0.0,0.0,INIT
2025-12-04T20:56:42.749826,1735.965750505,0.0,0.0,0.0,0.0,True,0.0,0.0,INIT
2025-12-04T20:56:42.750336,1735.966261318,0.0,0.0,0.0,0.0,True,0.0,0.0,INIT
2025-12-04T20:56:42.751127,1735.967054649,0.0,0.0,0.0,0.0,True,0.0,0.0,INIT
2025-12-04T20:56:42.751952,1735.967880967,0.0,0.0,0.0,0.0,True,0.0,0.0,INIT
2025-12-04T20:56:42.836334,1736.052269371,0.0,0.0,0.0,0.0,True,0.0,0.0,INIT
2025-12-04T20:56:42.841645,1736.057588754,0.0,0.0,0.0,0.0,True,0.0,0.0,INIT
2025-12-04T20:56:42.842874,1736.058802279,0.0,0.0,0.0,0.0,True,0.0,0.0,INIT
2025-12-04T20:56:42.854295,1736.070224679,0.0,0.0,0.0,0.0,True,0.0,0.0,INIT
2025-12-04T20:56:42.864141,1736.080074356,0.0,0.0,0.0,0.0,True,0.0,0.0,INIT
2025-12-04T20:56:42.885376,1736.101314274,0.0,0.0,0.0,0.0,True,0.0,0.0,INIT
2025-12-04T20:56:42.888435,1736.104366733,0.0,0.0,0.0,0.0,True,0.0,0.0,INIT
2025-12-04T20:56:42.889170,1736.105095264,0.0,0.0,0.0,0.0,True,0.0,0.0,INIT
2025-12-04T20:56:42.889909,1736.105837035,0.0,0.0,0.0,0.0,True,0.0,0.0,INIT
2025-12-04T20:56:42.890809,1736.106733988,0.0,0.0,0.0,0.0,True,0.0,0.0,INIT
2025-12-04T20:56:42.891492,1736.107415958,0.0,0.0,0.0,0.0,True,0.0,0.0,INIT
2025-12-04T20:56:42.892685,1736.108610859,0.0,0.0,0.0,0.0,True,0.0,0.0,INIT
2025-12-04T20:56:42.893491,1736.109411927,0.0,0.0,0.0,0.0,True,0.0,0.0,INIT
2025-12-04T20:56:42.936811,1736.152749042,0.0,0.0,0.0,0.0,True,0.0,0.0,INIT
2025-12-04T20:56:42.940989,1736.156924911,0.0,0.0,0.0,0.0,True,0.0,0.0,INIT
2025-12-04T20:56:42.942068,1736.157996043,0.0,0.0,0.0,0.0,True,0.0,0.0,INIT
2025-12-04T20:56:42.943006,1736.15893004,0.0,0.0,0.0,0.0,True,0.0,0.0,INIT
2025-12-04T20:56:42.943778,1736.159705856,0.0,0.0,0.0,0.0,True,0.0,0.0,INIT
2025-12-04T20:56:42.954913,1736.170840205,0.0,0.0,0.0,0.0,True,0.0,0.0,INIT
2025-12-04T20:56:42.967312,1736.183249103,0.0,0.0,0.0,0.0,True,0.0,0.0,INIT
2025-12-04T20:56:43.000869,1736.216815382,0.0,0.0,0.0,0.0,True,0.0,0.0,INIT
2025-12-04T20:56:43.003578,1736.219519627,0.0,0.0,0.0,0.0,True,0.0,0.0,INIT
2025-12-04T20:56:43.004354,1736.220284078,0.0,0.0,0.0,0.0,True,0.0,0.0,INIT
2025-12-04T20:56:43.114943,1736.330873041,0.0,0.0,0.0,0.0,True,0.0,0.0,INIT
2025-12-04T20:56:43.119692,1736.335620093,0.0,0.0,0.0,0.0,True,0.0,0.0,INIT
2025-12-04T20:56:43.122851,1736.338783014,0.0,0.0,0.0,0.0,True,0.0,0.0,INIT
2025-12-04T20:56:43.124019,1736.339946423,0.0,0.0,0.0,0.0,True,0.0,0.0,INIT
2025-12-04T20:56:43.125296,1736.34122278,0.0,0.0,0.0,0.0,True,0.0,0.0,INIT
2025-12-04T20:56:43.126116,1736.342044297,0.0,0.0,0.0,0.0,True,0.0,0.0,INIT
2025-12-04T20:56:43.127056,1736.342986067,0.0,0.0,0.0,0.0,True,0.0,0.0,INIT
2025-12-04T20:56:43.128163,1736.344092511,0.0,0.0,0.0,0.0,True,0.0,0.0,INIT
2025-12-04T20:56:43.129100,1736.345027193,0.0,0.0,0.0,0.0,True,0.0,0.0,INIT
2025-12-04T20:56:43.130497,1736.346423015,0.0,0.0,0.0,0.0,True,0.0,0.0,INIT
2025-12-04T20:56:43.132348,1736.348278047,0.0,0.0,0.0,0.0,True,0.0,0.0,INIT
2025-12-04T20:56:43.136106,1736.352041987,-3.094698326481273e-13,0.0,5.420647221595034e-20,-3.094698326481273e-13,True,3.094698326481273e-13,0.0,INIT
2025-12-04T20:56:43.150124,1736.366054366,-3.094698326481273e-13,0.0,5.420647221595034e-20,-3.094698326481273e-13,True,3.094698326481273e-13,0.0,INIT
2025-12-04T20:56:43.178902,1736.394833148,0.0,0.0,0.0,0.0,True,0.0,0.0,INIT
2025-12-04T20:56:43.190983,1736.406914496,0.0,0.0,0.0,0.0,True,0.0,0.0,INIT
2025-12-04T20:56:43.192538,1736.408463552,0.0,0.0,0.0,0.0,True,0.0,0.0,INIT
2025-12-04T20:56:43.193406,1736.409329852,0.0,0.0,0.0,0.0,True,0.0,0.0,INIT
2025-12-04T20:56:43.199206,1736.415146013,0.0,0.0,0.0,0.0,True,0.0,0.0,INIT
2025-12-04T20:56:43.209759,1736.425686598,1.1759853640628836e-11,0.0,-2.6283503690927605e-17,1.1759853640628836e-11,True,1.1759853640628836e-11,0.0,INIT
2025-12-04T20:56:43.228399,1736.444331035,2.135341845272078e-11,0.0,-7.245937729278759e-17,2.135341845272078e-11,True,2.135341845272078e-11,0.0,INIT
2025-12-04T20:56:43.237456,1736.453388319,2.135341845272078e-11,0.0,-7.245937729278759e-17,2.135341845272078e-11,True,2.135341845272078e-11,0.0,INIT
2025-12-04T20:56:43.277529,1736.493458763,0.0,0.0,0.0,0.0,True,0.0,0.0,INIT
2025-12-04T20:56:43.328235,1736.544165751,3.094698326481273e-13,0.0,-5.420647221595034e-20,3.094698326481273e-13,True,3.094698326481273e-13,0.0,INIT
2025-12-04T20:56:43.332415,1736.548349118,3.094698326481273e-13,0.0,-5.420647221595034e-20,3.094698326481273e-13,True,3.094698326481273e-13,0.0,INIT
2025-12-04T20:56:43.333785,1736.549715989,3.094698326481273e-13,0.0,-5.420647221595034e-20,3.094698326481273e-13,True,3.094698326481273e-13,0.0,INIT
2025-12-04T20:56:43.334641,1736.550569929,3.094698326481273e-13,0.0,-5.420647221595034e-20,3.094698326481273e-13,True,3.094698326481273e-13,0.0,INIT
2025-12-04T20:56:43.335754,1736.551681901,3.094698326481273e-13,0.0,-5.420647221595034e-20,3.094698326481273e-13,True,3.094698326481273e-13,0.0,INIT
2025-12-04T20:56:43.349854,1736.565785501,0.0,0.0,0.0,0.0,True,0.0,0.0,INIT
2025-12-04T20:56:43.352939,1736.568868532,0.0,0.0,0.0,0.0,True,0.0,0.0,INIT
2025-12-04T20:56:43.430836,1736.646764634,0.0,0.0,0.0,0.0,True,0.0,0.0,INIT
2025-12-04T20:56:43.446429,1736.662362736,3.094698326481273e-13,0.0,-5.420647221595034e-20,3.094698326481273e-13,True,3.094698326481273e-13,0.0,INIT
2025-12-04T20:56:43.496491,1736.712418871,-3.094698326481273e-13,0.0,5.420647221595034e-20,-3.094698326481273e-13,True,3.094698326481273e-13,0.0,INIT
2025-12-04T20:56:43.499629,1736.715557193,-3.094698326481273e-13,0.0,5.420647221595034e-20,-3.094698326481273e-13,True,3.094698326481273e-13,0.0,INIT
2025-12-04T20:56:43.500396,1736.716321737,-3.094698326481273e-13,0.0,5.420647221595034e-20,-3.094698326481273e-13,True,3.094698326481273e-13,0.0,INIT
2025-12-04T20:56:43.501131,1736.717060294,-3.094698326481273e-13,0.0,5.420647221595034e-20,-3.094698326481273e-13,True,3.094698326481273e-13,0.0,INIT
2025-12-04T20:56:43.502425,1736.718350847,-3.094698326481273e-13,0.0,5.420647221595034e-20,-3.094698326481273e-13,True,3.094698326481273e-13,0.0,INIT
2025-12-04T20:56:43.503716,1736.719640396,-3.094698326481273e-13,0.0,5.420647221595034e-20,-3.094698326481273e-13,True,3.094698326481273e-13,0.0,INIT
2025-12-04T20:56:43.505335,1736.721266394,-3.094698326481273e-13,0.0,5.420647221595034e-20,-3.094698326481273e-13,True,3.094698326481273e-13,0.0,INIT
2025-12-04T20:56:43.506829,1736.722761067,-3.094698326481273e-13,0.0,5.420647221595034e-20,-3.094698326481273e-13,True,3.094698326481273e-13,0.0,INIT
2025-12-04T20:56:43.509111,1736.725042519,-3.094698326481273e-13,0.0,5.420647221595034e-20,-3.094698326481273e-13,True,3.094698326481273e-13,0.0,INIT
2025-12-04T20:56:43.510383,1736.726313,-3.094698326481273e-13,0.0,5.420647221595034e-20,-3.094698326481273e-13,True,3.094698326481273e-13,0.0,INIT
2025-12-04T20:56:43.512174,1736.728101445,-3.094698326481273e-13,0.0,5.420647221595034e-20,-3.094698326481273e-13,True,3.094698326481273e-13,0.0,INIT
2025-12-04T20:56:43.574352,1736.790281886,0.0,0.0,0.0,0.0,True,0.0,0.0,INIT
2025-12-04T20:56:43.579542,1736.795477024,0.0,0.0,0.0,0.0,True,0.0,0.0,INIT
2025-12-04T20:56:43.580460,1736.796385974,0.0,0.0,0.0,0.0,True,0.0,0.0,INIT
2025-12-04T20:56:43.581549,1736.797477303,0.0,0.0,0.0,0.0,True,0.0,0.0,INIT
2025-12-04T20:56:43.582219,1736.798146918,0.0,0.0,0.0,0.0,True,0.0,0.0,INIT
2025-12-04T20:56:43.582792,1736.798716415,0.0,0.0,0.0,0.0,True,0.0,0.0,INIT
2025-12-04T20:56:43.593112,1736.809042176,0.0,0.0,0.0,0.0,True,0.0,0.0,INIT
2025-12-04T20:56:43.598524,1736.814452572,-3.094698326481273e-13,0.0,5.420647221595034e-20,-3.094698326481273e-13,True,3.094698326481273e-13,0.0,INIT
2025-12-04T20:56:43.637349,1736.853283121,-3.094698326481273e-13,0.0,5.420647221595034e-20,-3.094698326481273e-13,True,3.094698326481273e-13,0.0,INIT
2025-12-04T20:56:43.640179,1736.856111685,0.0,0.0,0.0,0.0,True,0.0,0.0,INIT
2025-12-04T20:56:43.641597,1736.857530272,0.0,0.0,0.0,0.0,True,0.0,0.0,INIT
2025-12-04T20:56:43.642506,1736.85843397,0.0,0.0,0.0,0.0,True,0.0,0.0,INIT
2025-12-04T20:56:43.729440,1736.945366688,-3.4041681591294003e-12,0.0,3.1946163403782706e-18,-3.4041681591294003e-12,True,3.4041681591294003e-12,0.0,INIT
2025-12-04T20:56:43.741839,1736.957769226,0.0,0.0,0.0,0.0,True,0.0,0.0,INIT
2025-12-04T20:56:43.745744,1736.961674077,0.0,0.0,0.0,0.0,True,0.0,0.0,INIT
2025-12-04T20:56:43.746871,1736.962798123,0.0,0.0,0.0,0.0,True,0.0,0.0,INIT
2025-12-04T20:56:43.747961,1736.963887266,0.0,0.0,0.0,0.0,True,0.0,0.0,INIT
2025-12-04T20:56:43.749138,1736.96506492,0.0,0.0,0.0,0.0,True,0.0,0.0,INIT
2025-12-04T20:56:43.750063,1736.965991755,0.0,0.0,0.0,0.0,True,0.0,0.0,INIT
2025-12-04T20:56:43.751375,1736.967305869,0.0,0.0,0.0,0.0,True,0.0,0.0,INIT
2025-12-04T20:56:43.755142,1736.971073793,3.094698326481273e-13,0.0,-5.420647221595034e-20,3.094698326481273e-13,True,3.094698326481273e-13,0.0,INIT
2025-12-04T20:56:43.756008,1736.9719379,3.094698326481273e-13,0.0,-5.420647221595034e-20,3.094698326481273e-13,True,3.094698326481273e-13,0.0,INIT
2025-12-04T20:56:43.764832,1736.980762013,3.094698326481273e-13,0.0,-5.420647221595034e-20,3.094698326481273e-13,True,3.094698326481273e-13,0.0,INIT
2025-12-04T20:56:43.779698,1736.995631808,-3.0946983264812726e-11,0.0,1.3616050164208474e-16,-3.0946983264812726e-11,True,3.0946983264812726e-11,0.0,INIT
2025-12-04T20:56:43.801624,1737.0175695,-3.0946983264812726e-11,0.0,1.3616050164208474e-16,-3.0946983264812726e-11,True,3.0946983264812726e-11,0.0,INIT
2025-12-04T20:56:43.805846,1737.021778401,0.0,0.0,0.0,0.0,True,0.0,0.0,INIT
2025-12-04T20:56:43.810228,1737.026158458,0.0,0.0,0.0,0.0,True,0.0,0.0,INIT
2025-12-04T20:56:43.876399,1737.092328628,0.0,0.0,0.0,0.0,True,0.0,0.0,INIT
2025-12-04T20:56:43.881496,1737.097427367,0.0,0.0,0.0,0.0,True,0.0,0.0,INIT
2025-12-04T20:56:43.943322,1737.15925177,0.0,0.0,0.0,0.0,True,0.0,0.0,INIT
2025-12-04T20:56:43.956377,1737.172307284,-3.094698326481273e-13,0.0,5.420647221595034e-20,-3.094698326481273e-13,True,3.094698326481273e-13,0.0,INIT
2025-12-04T20:56:43.975258,1737.191189854,0.0,0.0,0.0,0.0,True,0.0,0.0,INIT
2025-12-04T20:56:43.979196,1737.195130386,0.0,0.0,0.0,0.0,True,0.0,0.0,INIT
2025-12-04T20:56:43.980359,1737.196288136,0.0,0.0,0.0,0.0,True,0.0,0.0,INIT
2025-12-04T20:56:43.982006,1737.197934941,0.0,0.0,0.0,0.0,True,0.0,0.0,INIT
2025-12-04T20:56:43.982954,1737.198883949,0.0,0.0,0.0,0.0,True,0.0,0.0,INIT
2025-12-04T20:56:43.983910,1737.199835208,0.0,0.0,0.0,0.0,True,0.0,0.0,INIT
2025-12-04T20:56:43.984704,1737.200639156,0.0,0.0,0.0,0.0,True,0.0,0.0,INIT
2025-12-04T20:56:43.985897,1737.201826839,0.0,0.0,0.0,0.0,True,0.0,0.0,INIT
2025-12-04T20:56:44.016959,1737.232891071,0.0,0.0,0.0,0.0,True,0.0,0.0,INIT
2025-12-04T20:56:44.101863,1737.317810168,0.0,0.0,0.0,0.0,True,0.0,0.0,INIT
2025-12-04T20:56:44.108440,1737.324368516,0.0,0.0,0.0,0.0,True,0.0,0.0,INIT
2025-12-04T20:56:44.109052,1737.32497943,0.0,0.0,0.0,0.0,True,0.0,0.0,INIT
2025-12-04T20:56:44.109675,1737.325599302,0.0,0.0,0.0,0.0,True,0.0,0.0,INIT
2025-12-04T20:56:44.110415,1737.326336551,0.0,0.0,0.0,0.0,True,0.0,0.0,INIT
2025-12-04T20:56:44.110947,1737.326867824,0.0,0.0,0.0,0.0,True,0.0,0.0,INIT
2025-12-04T20:56:44.111819,1737.327747866,0.0,0.0,0.0,0.0,True,0.0,0.0,INIT
2025-12-04T20:56:44.112500,1737.328427663,0.0,0.0,0.0,0.0,True,0.0,0.0,INIT
2025-12-04T20:56:44.141002,1737.356936628,0.0,0.0,0.0,0.0,True,0.0,0.0,INIT
2025-12-04T20:56:44.145274,1737.36120803,-3.094698326481273e-13,0.0,5.420647221595034e-20,-3.094698326481273e-13,True,3.094698326481273e-13,0.0,INIT
2025-12-04T20:56:44.146524,1737.362453962,-3.094698326481273e-13,0.0,5.420647221595034e-20,-3.094698326481273e-13,True,3.094698326481273e-13,0.0,INIT
2025-12-04T20:56:44.148031,1737.363960243,-3.094698326481273e-13,0.0,5.420647221595034e-20,-3.094698326481273e-13,True,3.094698326481273e-13,0.0,INIT
2025-12-04T20:56:44.149143,1737.365069973,-3.094698326481273e-13,0.0,5.420647221595034e-20,-3.094698326481273e-13,True,3.094698326481273e-13,0.0,INIT
2025-12-04T20:56:44.150308,1737.366231192,-3.094698326481273e-13,0.0,5.420647221595034e-20,-3.094698326481273e-13,True,3.094698326481273e-13,0.0,INIT
2025-12-04T20:56:44.171798,1737.387732034,-3.094698326481273e-13,0.0,5.420647221595034e-20,-3.094698326481273e-13,True,3.094698326481273e-13,0.0,INIT
2025-12-04T20:56:44.237256,1737.453187188,0.0,0.0,0.0,0.0,True,0.0,0.0,INIT
2025-12-04T20:56:44.243847,1737.459782777,0.0,0.0,0.0,0.0,True,0.0,0.0,INIT
2025-12-04T20:56:44.280651,1737.496589702,0.0,0.0,0.0,0.0,True,0.0,0.0,INIT
2025-12-04T20:56:44.299296,1737.515222126,0.0,0.0,0.0,0.0,True,0.0,0.0,INIT
2025-12-04T20:56:44.325064,1737.540998766,0.0,0.0,0.0,0.0,True,0.0,0.0,INIT
2025-12-04T20:56:44.328344,1737.544271632,0.0,0.0,0.0,0.0,True,0.0,0.0,INIT
2025-12-04T20:56:44.329608,1737.545535156,0.0,0.0,0.0,0.0,True,0.0,0.0,INIT
2025-12-04T20:56:44.381306,1737.597233452,1.1759853640628836e-11,0.0,-2.6283503690927605e-17,1.1759853640628836e-11,True,1.1759853640628836e-11,0.0,INIT
2025-12-04T20:56:44.387360,1737.603297107,1.1759853640628836e-11,0.0,-2.6283503690927605e-17,1.1759853640628836e-11,True,1.1759853640628836e-11,0.0,INIT
2025-12-04T20:56:44.389173,1737.605104308,1.1759853640628836e-11,0.0,-2.6283503690927605e-17,1.1759853640628836e-11,True,1.1759853640628836e-11,0.0,INIT
2025-12-04T20:56:44.390557,1737.606481482,1.1759853640628836e-11,0.0,-2.6283503690927605e-17,1.1759853640628836e-11,True,1.1759853640628836e-11,0.0,INIT
2025-12-04T20:56:44.391532,1737.607456151,1.1759853640628836e-11,0.0,-2.6283503690927605e-17,1.1759853640628836e-11,True,1.1759853640628836e-11,0.0,INIT
2025-12-04T20:56:44.392350,1737.608273961,1.1759853640628836e-11,0.0,-2.6283503690927605e-17,1.1759853640628836e-11,True,1.1759853640628836e-11,0.0,INIT
2025-12-04T20:56:44.453574,1737.669509013,0.0,0.0,0.0,0.0,True,0.0,0.0,INIT
2025-12-04T20:56:44.482768,1737.698696147,0.0,0.0,0.0,0.0,True,0.0,0.0,INIT
2025-12-04T20:56:44.603302,1737.81923136,-3.094698326481273e-13,0.0,5.420647221595034e-20,-3.094698326481273e-13,True,3.094698326481273e-13,0.0,INIT
2025-12-04T20:56:44.617459,1737.833397403,-3.094698326481273e-13,0.0,5.420647221595034e-20,-3.094698326481273e-13,True,3.094698326481273e-13,0.0,INIT
2025-12-04T20:56:44.620267,1737.836200368,-3.094698326481273e-13,0.0,5.420647221595034e-20,-3.094698326481273e-13,True,3.094698326481273e-13,0.0,INIT
2025-12-04T20:56:44.686169,1737.902098812,0.0,0.0,0.0,0.0,True,0.0,0.0,INIT
2025-12-04T20:56:44.692271,1737.908201772,0.0,0.0,0.0,0.0,True,0.0,0.0,INIT
2025-12-04T20:56:44.693856,1737.909782751,0.0,0.0,0.0,0.0,True,0.0,0.0,INIT
2025-12-04T20:56:44.696478,1737.912403816,0.0,0.0,0.0,0.0,True,0.0,0.0,INIT
2025-12-04T20:56:44.697509,1737.913440288,0.0,0.0,0.0,0.0,True,0.0,0.0,INIT
2025-12-04T20:56:44.698292,1737.914216396,0.0,0.0,0.0,0.0,True,0.0,0.0,INIT
2025-12-04T20:56:44.699112,1737.915037108,0.0,0.0,0.0,0.0,True,0.0,0.0,INIT
2025-12-04T20:56:44.699878,1737.915801257,0.0,0.0,0.0,0.0,True,0.0,0.0,INIT
2025-12-04T20:56:44.700905,1737.91683265,0.0,0.0,0.0,0.0,True,0.0,0.0,INIT
2025-12-04T20:56:44.702047,1737.917974317,0.0,0.0,0.0,0.0,True,0.0,0.0,INIT
2025-12-04T20:56:44.785396,1738.001331189,0.0,0.0,0.0,0.0,True,0.0,0.0,INIT
2025-12-04T20:56:44.791471,1738.007400124,0.0,0.0,0.0,0.0,True,0.0,0.0,INIT
2025-12-04T20:56:44.798874,1738.014798995,0.0,0.0,0.0,0.0,True,0.0,0.0,INIT
2025-12-04T20:56:44.804528,1738.02045903,0.0,0.0,0.0,0.0,True,0.0,0.0,INIT
2025-12-04T20:56:44.805878,1738.02180183,0.0,0.0,0.0,0.0,True,0.0,0.0,INIT
2025-12-04T20:56:44.808390,1738.024318008,0.0,0.0,0.0,0.0,True,0.0,0.0,INIT
2025-12-04T20:56:44.822243,1738.038170243,0.0,0.0,0.0,0.0,True,0.0,0.0,INIT
2025-12-04T20:56:44.824694,1738.040619586,0.0,0.0,0.0,0.0,True,0.0,0.0,INIT
2025-12-04T20:56:44.826597,1738.042526554,0.0,0.0,0.0,0.0,True,0.0,0.0,INIT
2025-12-04T20:56:44.828801,1738.044726513,0.0,0.0,0.0,0.0,True,0.0,0.0,INIT
2025-12-04T20:56:44.832742,1738.048668405,0.0,0.0,0.0,0.0,True,0.0,0.0,INIT
2025-12-04T20:56:44.834112,1738.050040448,0.0,0.0,0.0,0.0,True,0.0,0.0,INIT
2025-12-04T20:56:44.835730,1738.051658752,0.0,0.0,0.0,0.0,True,0.0,0.0,INIT
2025-12-04T20:56:44.837027,1738.05295436,0.0,0.0,0.0,0.0,True,0.0,0.0,INIT
2025-12-04T20:56:44.844749,1738.060674539,0.0,0.0,0.0,0.0,True,0.0,0.0,INIT
2025-12-04T20:56:44.854933,1738.070861025,-3.094698326481273e-13,0.0,5.420647221595034e-20,-3.094698326481273e-13,True,3.094698326481273e-13,0.0,INIT
2025-12-04T20:56:44.865469,1738.081396528,-3.094698326481273e-13,0.0,5.420647221595034e-20,-3.094698326481273e-13,True,3.094698326481273e-13,0.0,INIT
2025-12-04T20:56:44.899685,1738.115616853,3.094698326481273e-13,0.0,-5.420647221595034e-20,3.094698326481273e-13,True,3.094698326481273e-13,0.0,INIT
2025-12-04T20:56:44.902996,1738.118929492,3.094698326481273e-13,0.0,-5.420647221595034e-20,3.094698326481273e-13,True,3.094698326481273e-13,0.0,INIT
2025-12-04T20:56:44.903863,1738.119794845,3.094698326481273e-13,0.0,-5.420647221595034e-20,3.094698326481273e-13,True,3.094698326481273e-13,0.0,INIT
2025-12-04T20:56:44.958782,1738.17471519,3.094698326481273e-13,0.0,-5.420647221595034e-20,3.094698326481273e-13,True,3.094698326481273e-13,0.0,INIT
2025-12-04T20:56:44.963286,1738.179218022,-3.094698326481273e-13,0.0,5.420647221595034e-20,-3.094698326481273e-13,True,3.094698326481273e-13,0.0,INIT
2025-12-04T20:56:44.964142,1738.180067614,-3.094698326481273e-13,0.0,5.420647221595034e-20,-3.094698326481273e-13,True,3.094698326481273e-13,0.0,INIT
2025-12-04T20:56:44.964982,1738.180912064,-3.094698326481273e-13,0.0,5.420647221595034e-20,-3.094698326481273e-13,True,3.094698326481273e-13,0.0,INIT
2025-12-04T20:56:44.965481,1738.181405232,-3.094698326481273e-13,0.0,5.420647221595034e-20,-3.094698326481273e-13,True,3.094698326481273e-13,0.0,INIT
2025-12-04T20:56:44.966377,1738.182311091,-3.094698326481273e-13,0.0,5.420647221595034e-20,-3.094698326481273e-13,True,3.094698326481273e-13,0.0,INIT
2025-12-04T20:56:44.979641,1738.195572026,0.0,0.0,0.0,0.0,True,0.0,0.0,INIT
2025-12-04T20:56:45.016466,1738.232398331,0.0,0.0,0.0,0.0,True,0.0,0.0,INIT
2025-12-04T20:56:45.023142,1738.239079287,0.0,0.0,0.0,0.0,True,0.0,0.0,INIT
2025-12-04T20:56:45.024127,1738.240058705,0.0,0.0,0.0,0.0,True,0.0,0.0,INIT
2025-12-04T20:56:45.025536,1738.241466491,0.0,0.0,0.0,0.0,True,0.0,0.0,INIT
2025-12-04T20:56:45.035615,1738.251548708,0.0,0.0,0.0,0.0,True,0.0,0.0,INIT
2025-12-04T20:56:45.041671,1738.257599325,0.0,0.0,0.0,0.0,True,0.0,0.0,INIT
2025-12-04T20:56:45.052882,1738.268815114,0.0,0.0,0.0,0.0,True,0.0,0.0,INIT
2025-12-04T20:56:45.064217,1738.280146871,-3.094698326481273e-13,0.0,5.420647221595034e-20,-3.094698326481273e-13,True,3.094698326481273e-13,0.0,INIT
2025-12-04T20:56:45.094150,1738.310081869,0.0,0.0,0.0,0.0,True,0.0,0.0,INIT
2025-12-04T20:56:45.172925,1738.388860846,-3.094698326481273e-13,0.0,5.420647221595034e-20,-3.094698326481273e-13,True,3.094698326481273e-13,0.0,INIT
2025-12-04T20:56:45.185726,1738.401656135,-3.094698326481273e-13,0.0,5.420647221595034e-20,-3.094698326481273e-13,True,3.094698326481273e-13,0.0,INIT
2025-12-04T20:56:45.187620,1738.403546451,0.0,0.0,0.0,0.0,True,0.0,0.0,INIT
2025-12-04T20:56:45.188541,1738.404470458,0.0,0.0,0.0,0.0,True,0.0,0.0,INIT
2025-12-04T20:56:45.189361,1738.405282099,0.0,0.0,0.0,0.0,True,0.0,0.0,INIT
2025-12-04T20:56:45.190598,1738.406523936,0.0,0.0,0.0,0.0,True,0.0,0.0,INIT
2025-12-04T20:56:45.191797,1738.407726797,0.0,0.0,0.0,0.0,True,0.0,0.0,INIT
2025-12-04T20:56:45.192570,1738.408500184,0.0,0.0,0.0,0.0,True,0.0,0.0,INIT
2025-12-04T20:56:45.193252,1738.409185138,0.0,0.0,0.0,0.0,True,0.0,0.0,INIT
2025-12-04T20:56:45.194353,1738.410280819,0.0,3.0935482106055368,0.2,-3.0935482106055368,False,3.0935482106055368,0.0,INIT
2025-12-04T20:56:45.200583,1738.416510977,0.0,3.093579777309568,0.2,-3.093579777309568,False,3.093579777309568,0.0,INIT
2025-12-04T20:56:45.227272,1738.443202738,0.05413519241832253,3.093579777309568,0.2,-3.0394445848912452,False,3.0394445848912452,0.0,INIT
2025-12-04T20:56:45.229575,1738.445508616,0.05413519241832253,3.093070005678838,0.2,-3.038934813260515,False,3.038934813260515,0.0,INIT
2025-12-04T20:56:45.232586,1738.448523589,0.2000000000106253,3.093070005678838,0.2,-2.8930700056682124,False,2.8930700056682124,0.0,INIT
2025-12-04T20:56:45.240420,1738.456348339,0.2000000000106253,3.093070005678838,0.2,-2.8930700056682124,False,2.8930700056682124,0.0,INIT
2025-12-04T20:56:45.251760,1738.467690395,0.2000000000106253,3.0891031557271944,0.2,-2.889103155716569,False,2.889103155716569,0.0,INIT
2025-12-04T20:56:45.261726,1738.477657439,0.2000000000106253,3.0851388826897264,0.2,-2.885138882679101,False,2.885138882679101,0.0,INIT
2025-12-04T20:56:45.308601,1738.524531311,0.2000000000106253,3.0851388826897264,0.2,-2.885138882679101,False,2.885138882679101,0.0,INIT
2025-12-04T20:56:45.311625,1738.527558758,0.2000000000106253,3.0811771809540867,0.2,-2.881177180943461,False,2.881177180943461,0.0,INIT
2025-12-04T20:56:45.321808,1738.537751133,0.2000000000106253,3.0811771809540867,0.2,-2.881177180943461,False,2.881177180943461,0.0,INIT
2025-12-04T20:56:45.324916,1738.540848187,0.2000000000106253,3.077218044880592,0.2,-2.8772180448699665,False,2.8772180448699665,0.0,INIT
2025-12-04T20:56:45.422416,1738.638359257,0.2000000000106253,3.073261468806513,0.2,-2.8732614687958877,False,2.8732614687958877,0.0,INIT
2025-12-04T20:56:45.430106,1738.646039105,0.2000000000109347,3.073261468806513,0.2,-2.8732614687955786,False,2.8732614687955786,0.0,INIT
2025-12-04T20:56:45.431520,1738.647445803,0.2000000000109347,3.0693074470464197,0.2,-2.869307447035485,False,2.869307447035485,0.0,INIT
2025-12-04T20:56:45.433259,1738.649183962,0.2000000000109347,3.0693074470464197,0.2,-2.869307447035485,False,2.869307447035485,0.0,INIT
2025-12-04T20:56:45.434202,1738.650130808,0.2000000000109347,3.065355973892503,0.2,-2.8653559738815684,False,2.8653559738815684,0.0,INIT
2025-12-04T20:56:45.435402,1738.651342155,0.2000000000109347,3.065355973892503,0.2,-2.8653559738815684,False,2.8653559738815684,0.0,INIT
2025-12-04T20:56:45.436663,1738.652589106,0.2000000000109347,3.0614070436149206,0.2,-2.861407043603986,False,2.861407043603986,0.0,INIT
2025-12-04T20:56:45.438677,1738.654605134,0.20000000001093482,3.0614070436149206,0.2,-2.8614070436039856,False,2.8614070436039856,0.0,INIT
2025-12-04T20:56:45.439392,1738.655322144,0.20000000001093482,3.05746065046211,0.2,-2.857460650451175,False,2.857460650451175,0.0,INIT
2025-12-04T20:56:45.440144,1738.656084111,0.20000000001093482,3.05746065046211,0.2,-2.857460650451175,False,2.857460650451175,0.0,INIT
2025-12-04T20:56:45.441110,1738.657033234,0.20000000001093482,3.0535167886611223,0.2,-2.8535167886501873,False,2.8535167886501873,0.0,INIT
2025-12-04T20:56:45.448427,1738.664359608,0.20000000001093482,3.0535167886611223,0.2,-2.8535167886501873,False,2.8535167886501873,0.0,INIT
2025-12-04T20:56:45.456750,1738.672703884,0.20000000001093482,3.049575452417942,0.2,-2.849575452407007,False,2.849575452407007,0.0,INIT
2025-12-04T20:56:45.469607,1738.685537998,0.20000000001093476,3.049575452417942,0.2,-2.8495754524070076,False,2.8495754524070076,0.0,INIT
2025-12-04T20:56:45.521774,1738.737716803,0.20000000001093476,3.0456366359178135,0.2,-2.845636635906879,False,2.845636635906879,0.0,INIT
2025-12-04T20:56:45.626159,1738.842095884,0.20000000001124424,3.03776653878586,0.2,-2.837766538774616,False,2.837766538774616,0.0,INIT
2025-12-04T20:56:45.731715,1738.947657515,0.20000000001124424,3.0181349805722775,0.2,-2.8181349805610334,False,2.8181349805610334,0.0,INIT
2025-12-04T20:56:45.836526,1739.052462874,0.2000000000106253,2.9985652343569296,0.2,-2.798565234346304,False,2.798565234346304,0.0,INIT
2025-12-04T20:56:45.854854,1739.070786941,0.2000000000106253,2.9946586365033436,0.2,-2.794658636492718,False,2.794658636492718,0.0,INIT
2025-12-04T20:56:45.856718,1739.072652922,0.2000000000106253,2.9907544749818022,0.2,-2.790754474971177,False,2.790754474971177,0.0,INIT
2025-12-04T20:56:45.857884,1739.07381818,0.2000000000106253,2.9907544749818022,0.2,-2.790754474971177,False,2.790754474971177,0.0,INIT
2025-12-04T20:56:45.859517,1739.075447843,0.2000000000106253,2.9868527437031958,0.2,-2.7868527436925703,False,2.7868527436925703,0.0,INIT
2025-12-04T20:56:45.860792,1739.076723811,0.2000000000106253,2.9868527437031958,0.2,-2.7868527436925703,False,2.7868527436925703,0.0,INIT
2025-12-04T20:56:45.861736,1739.077661838,0.2000000000106253,2.98295343656247,0.2,-2.7829534365518445,False,2.7829534365518445,0.0,INIT
2025-12-04T20:56:45.862750,1739.078675944,0.2000000000106253,2.98295343656247,0.2,-2.7829534365518445,False,2.7829534365518445,0.0,INIT
2025-12-04T20:56:45.863696,1739.079622607,0.2000000000106253,2.979056547438905,0.2,-2.7790565474282793,False,2.7790565474282793,0.0,INIT
2025-12-04T20:56:45.864559,1739.0804892,0.2000000000106253,2.979056547438905,0.2,-2.7790565474282793,False,2.7790565474282793,0.0,INIT
2025-12-04T20:56:45.868160,1739.084110297,0.2000000000106253,2.9751620701963883,0.2,-2.775162070185763,False,2.775162070185763,0.0,INIT
2025-12-04T20:56:45.869029,1739.084958301,0.2000000000106253,2.9751620701963883,0.2,-2.775162070185763,False,2.775162070185763,0.0,INIT
2025-12-04T20:56:45.991361,1739.207294461,0.20000000001093476,2.9712699986836935,0.2,-2.771269998672759,False,2.771269998672759,0.0,INIT
2025-12-04T20:56:46.065176,1739.281106883,0.20000000001093476,2.9557256463927057,0.2,-2.755725646381771,False,2.755725646381771,0.0,INIT
2025-12-04T20:56:46.065821,1739.281747717,0.20000000001093476,2.9557256463927057,0.2,-2.755725646381771,False,2.755725646381771,0.0,INIT
2025-12-04T20:56:46.066492,1739.28242085,0.20000000001093476,2.9518455107505774,0.2,-2.751845510739643,False,2.751845510739643,0.0,INIT
2025-12-04T20:56:46.067379,1739.283306356,0.20000000001093476,2.9518455107505774,0.2,-2.751845510739643,False,2.751845510739643,0.0,INIT
2025-12-04T20:56:46.067961,1739.283888234,0.20000000001093476,2.947967743628549,0.2,-2.7479677436176146,False,2.7479677436176146,0.0,INIT
2025-12-04T20:56:46.069306,1739.285236383,0.20000000001093476,2.947967743628549,0.2,-2.7479677436176146,False,2.7479677436176146,0.0,INIT
2025-12-04T20:56:46.070542,1739.286469548,0.20000000001093476,2.94409233877707,0.2,-2.7440923387661353,False,2.7440923387661353,0.0,INIT
2025-12-04T20:56:46.071412,1739.287339851,0.20000000001093476,2.9402192899335873,0.2,-2.7402192899226527,False,2.7402192899226527,0.0,INIT
2025-12-04T20:56:46.072860,1739.288786438,0.20000000001093476,2.9402192899335873,0.2,-2.7402192899226527,False,2.7402192899226527,0.0,INIT
2025-12-04T20:56:46.073798,1739.289723142,0.20000000001093476,2.9402192899335873,0.2,-2.7402192899226527,False,2.7402192899226527,0.0,INIT
2025-12-04T20:56:46.074838,1739.290765567,0.20000000001093476,2.936348590822794,0.2,-2.7363485908118594,False,2.7363485908118594,0.0,INIT
2025-12-04T20:56:46.159399,1739.375341068,0.20000000001124424,2.936348590822794,0.2,-2.73634859081155,False,2.73634859081155,0.0,INIT
2025-12-04T20:56:46.228931,1739.444869184,0.2000000000106253,2.928614216635797,0.2,-2.7286142166251715,False,2.7286142166251715,0.0,INIT
2025-12-04T20:56:46.233927,1739.449860776,0.2000000000106253,2.9247505289474702,0.2,-2.7247505289368448,False,2.7247505289368448,0.0,INIT
2025-12-04T20:56:46.286731,1739.502663322,0.2000000000106253,2.917030120762284,0.2,-2.7170301207516587,False,2.7170301207516587,0.0,INIT
2025-12-04T20:56:46.880250,1740.096179944,0.2000000000106253,2.8136887493189615,0.2,-2.613688749308336,False,2.613688749308336,0.0,INIT
2025-12-04T20:56:46.907279,1740.123212811,0.2000000000106253,2.809892001427489,0.2,-2.6098920014168634,False,2.6098920014168634,0.0,INIT
2025-12-04T20:56:47.153127,1740.369066251,0.20000000001093476,2.7682669342843145,0.2,-2.56826693427338,False,2.56826693427338,0.0,INIT
2025-12-04T20:56:47.162522,1740.378454785,0.20000000001093476,2.7682669342843145,0.2,-2.56826693427338,False,2.56826693427338,0.0,INIT
2025-12-04T20:56:47.215623,1740.431551894,0.2000000000109347,2.7569582278612677,0.2,-2.556958227850333,False,2.556958227850333,0.0,INIT
2025-12-04T20:56:47.220321,1740.436257154,0.2000000000109347,2.7569582278612677,0.2,-2.556958227850333,False,2.556958227850333,0.0,INIT
2025-12-04T20:56:47.222773,1740.438708112,0.2000000000109347,2.7531927437679578,0.2,-2.553192743757023,False,2.553192743757023,0.0,INIT
2025-12-04T20:56:47.223678,1740.439606812,0.2000000000109347,2.7531927437679578,0.2,-2.553192743757023,False,2.553192743757023,0.0,INIT
2025-12-04T20:56:47.225036,1740.440963475,0.2000000000109347,2.7494292909756073,0.2,-2.5494292909646727,False,2.5494292909646727,0.0,INIT
2025-12-04T20:56:47.226174,1740.44210353,0.2000000000109347,2.7494292909756073,0.2,-2.5494292909646727,False,2.5494292909646727,0.0,INIT
2025-12-04T20:56:47.227407,1740.443334571,0.2000000000109347,2.745667862846166,0.2,-2.5456678628352316,False,2.5456678628352316,0.0,INIT
2025-12-04T20:56:47.228393,1740.444321438,0.2000000000109347,2.745667862846166,0.2,-2.5456678628352316,False,2.5456678628352316,0.0,INIT
2025-12-04T20:56:47.229469,1740.44539728,0.2000000000109347,2.745667862846166,0.2,-2.5456678628352316,False,2.5456678628352316,0.0,INIT
2025-12-04T20:56:47.303676,1740.519631228,0.20000000001093476,2.741908452738924,0.2,-2.5419084527279896,False,2.5419084527279896,0.0,INIT
2025-12-04T20:56:47.310664,1740.526593524,0.20000000001093476,2.738151054010654,0.2,-2.5381510539997194,False,2.5381510539997194,0.0,INIT
2025-12-04T20:56:47.313836,1740.529762023,0.20000000001093476,2.738151054010654,0.2,-2.5381510539997194,False,2.5381510539997194,0.0,INIT
2025-12-04T20:56:47.315597,1740.531529464,0.20000000001093476,2.7343956600157604,0.2,-2.534395660004826,False,2.534395660004826,0.0,INIT
2025-12-04T20:56:47.316661,1740.532587772,0.20000000001093476,2.7343956600157604,0.2,-2.534395660004826,False,2.534395660004826,0.0,INIT
2025-12-04T20:56:47.317896,1740.533827643,0.20000000001093476,2.7306422641064145,0.2,-2.53064226409548,False,2.53064226409548,0.0,INIT
2025-12-04T20:56:47.319604,1740.535534198,0.2000000000106253,2.7306422641064145,0.2,-2.530642264095789,False,2.530642264095789,0.0,INIT
2025-12-04T20:56:47.320613,1740.536538249,0.2000000000106253,2.7268908596327144,0.2,-2.526890859622089,False,2.526890859622089,0.0,INIT
2025-12-04T20:56:47.372551,1740.58848619,0.2000000000106253,2.7268908596327144,0.2,-2.526890859622089,False,2.526890859622089,0.0,INIT
2025-12-04T20:56:47.553147,1740.769087606,0.2000000000106253,2.7006862295484737,0.2,-2.5006862295378482,False,2.5006862295378482,0.0,INIT
2025-12-04T20:56:47.643385,1740.859314144,0.2000000000106253,2.6857549416253974,0.2,-2.485754941614772,False,2.485754941614772,0.0,INIT
2025-12-04T20:56:47.655716,1740.871644324,0.20000000001093476,2.6820269151136786,0.2,-2.482026915102744,False,2.482026915102744,0.0,INIT
2025-12-04T20:56:47.660908,1740.876841437,0.20000000001093476,2.6820269151136786,0.2,-2.482026915102744,False,2.482026915102744,0.0,INIT
2025-12-04T20:56:47.662234,1740.878164675,0.20000000001093476,2.6783007934604974,0.2,-2.478300793449563,False,2.478300793449563,0.0,INIT
2025-12-04T20:56:47.665012,1740.88093598,0.20000000001093476,2.6745765700007027,0.2,-2.474576569989768,False,2.474576569989768,0.0,INIT
2025-12-04T20:56:47.684015,1740.899944561,0.20000000001093476,2.6745765700007027,0.2,-2.474576569989768,False,2.474576569989768,0.0,INIT
2025-12-04T20:56:47.688442,1740.904375267,0.20000000001093476,2.6745765700007027,0.2,-2.474576569989768,False,2.474576569989768,0.0,INIT
2025-12-04T20:56:47.691803,1740.907732438,0.20000000001093476,2.670854238068989,0.2,-2.4708542380580543,False,2.4708542380580543,0.0,INIT
2025-12-04T20:56:47.693532,1740.909460088,0.20000000001093476,2.670854238068989,0.2,-2.4708542380580543,False,2.4708542380580543,0.0,INIT
2025-12-04T20:56:47.695026,1740.91095372,0.20000000001093476,2.6671337910000066,0.2,-2.467133790989072,False,2.467133790989072,0.0,INIT
2025-12-04T20:56:47.721648,1740.937579384,0.20000000001093476,2.6671337910000066,0.2,-2.467133790989072,False,2.467133790989072,0.0,INIT
2025-12-04T20:56:48.071877,1741.287807147,0.2000000000106253,2.6078575418559335,0.2,-2.407857541845308,False,2.407857541845308,0.0,INIT
2025-12-04T20:56:48.092275,1741.308203921,0.2000000000106253,2.6041681181450773,0.2,-2.404168118134452,False,2.404168118134452,0.0,INIT
2025-12-04T20:56:48.113350,1741.329280639,0.2000000000106253,2.600480459436554,0.2,-2.4004804594259284,False,2.4004804594259284,0.0,INIT
2025-12-04T20:56:48.115188,1741.331115886,0.2000000000106253,2.600480459436554,0.2,-2.4004804594259284,False,2.4004804594259284,0.0,INIT
2025-12-04T20:56:48.116364,1741.332290207,0.2000000000106253,2.596794559084234,0.2,-2.3967945590736086,False,2.3967945590736086,0.0,INIT
2025-12-04T20:56:48.253820,1741.469750627,0.20000000001093476,2.5783912001934723,0.2,-2.378391200182538,False,2.378391200182538,0.0,INIT
2025-12-04T20:56:48.271332,1741.487270304,0.20000000001093476,2.5710419327507825,0.2,-2.371041932739848,False,2.371041932739848,0.0,INIT
2025-12-04T20:56:48.438638,1741.654569838,0.20000000001093476,2.541712543898271,0.2,-2.3417125438873363,False,2.3417125438873363,0.0,INIT
2025-12-04T20:56:48.777079,1741.993019251,0.20000000001093476,2.483367644807746,0.2,-2.2833676447968116,False,2.2833676447968116,0.0,INIT
2025-12-04T20:56:48.791128,1742.007054009,0.2000000000109347,2.4797345180771693,0.2,-2.2797345180662347,False,2.2797345180662347,0.0,INIT
2025-12-04T20:56:48.812787,1742.028719108,0.2000000000109347,2.476102931937504,0.2,-2.2761029319265695,False,2.2761029319265695,0.0,INIT
2025-12-04T20:56:48.835447,1742.051374379,0.20000000001124424,2.472472879850124,0.2,-2.27247287983888,False,2.27247287983888,0.0,INIT
2025-12-04T20:56:48.942832,1742.158761787,0.20000000001124424,2.454345401642022,0.2,-2.254345401630778,False,2.254345401630778,0.0,INIT
2025-12-04T20:56:49.049433,1742.265359494,0.2000000000106253,2.436255296415627,0.2,-2.2362552964050018,False,2.2362552964050018,0.0,INIT
2025-12-04T20:56:49.077129,1742.293063571,0.2000000000106253,2.429029536688679,0.2,-2.2290295366780537,False,2.2290295366780537,0.0,INIT
2025-12-04T20:56:49.084179,1742.300116954,0.2000000000106253,2.429029536688679,0.2,-2.2290295366780537,False,2.2290295366780537,0.0,INIT
2025-12-04T20:56:49.087658,1742.303585749,0.2000000000106253,2.425418834238279,0.2,-2.2254188342276535,False,2.2254188342276535,0.0,INIT
2025-12-04T20:56:49.474800,1742.69073908,0.2000000000106253,2.4182017517841654,0.2,-2.21820175177354,False,2.21820175177354,0.0,INIT
2025-12-04T20:56:49.509258,1742.725196136,0.2000000000106253,2.410990389475483,0.2,-2.2109903894648575,False,2.2109903894648575,0.0,INIT
2025-12-04T20:56:49.605389,1742.82131923,0.2000000000106253,2.3427578930709787,0.2,-2.1427578930603532,False,2.1427578930603532,0.0,INIT
2025-12-04T20:56:49.618849,1742.834797739,0.2000000000106253,2.3391800459658967,0.2,-2.1391800459552712,False,2.1391800459552712,0.0,INIT
2025-12-04T20:56:49.748697,1742.964623506,0.20000000001093476,2.317739811350937,0.2,-2.1177398113400026,False,2.1177398113400026,0.0,INIT
2025-12-04T20:56:49.792063,1743.007992751,0.20000000001093476,2.310603142287216,0.2,-2.1106031422762817,False,2.1106031422762817,0.0,INIT
2025-12-04T20:56:50.112901,1743.3288347,0.2000000000106253,2.2572325482771323,0.2,-2.057232548266507,False,2.057232548266507,0.0,INIT
2025-12-04T20:56:50.140668,1743.356597323,0.2000000000106253,2.253683897155632,0.2,-2.0536838971450067,False,2.0536838971450067,0.0,INIT
2025-12-04T20:56:50.420480,1743.636410454,0.2000000000109347,2.2111870883536806,0.2,-2.011187088342746,False,2.011187088342746,0.0,INIT
2025-12-04T20:56:50.509628,1743.725557099,0.2000000000109347,2.197056058555427,0.2,-1.9970560585444923,False,1.9970560585444923,0.0,INIT
2025-12-04T20:56:50.682142,1743.898071481,0.2000000000106253,2.1688434978258755,0.2,-1.9688434978152503,False,1.9688434978152503,0.0,INIT
2025-12-04T20:56:50.861156,1744.077091681,0.2000000000106253,2.1406943310871593,0.2,-1.940694331076534,False,1.940694331076534,0.0,INIT
2025-12-04T20:56:50.987449,1744.203379348,0.20000000001093476,2.119622189013038,0.2,-1.919622189002103,False,1.919622189002103,0.0,INIT
2025-12-04T20:56:51.009311,1744.2252386,0.20000000001093476,2.1161133707398667,0.2,-1.916113370728932,False,1.916113370728932,0.0,INIT
2025-12-04T20:56:51.094516,1744.310447545,0.2000000000106253,2.102087035447715,0.2,-1.9020870354370898,False,1.9020870354370898,0.0,INIT
2025-12-04T20:56:51.103271,1744.319199112,0.2000000000106253,2.102087035447715,0.2,-1.9020870354370898,False,1.9020870354370898,0.0,INIT
2025-12-04T20:56:51.137529,1744.353457854,0.2000000000106253,2.0950791465260217,0.2,-1.8950791465153964,False,1.8950791465153964,0.0,INIT
2025-12-04T20:56:51.141401,1744.357327129,0.2000000000106253,2.0950791465260217,0.2,-1.8950791465153964,False,1.8950791465153964,0.0,INIT
2025-12-04T20:56:51.925509,1745.141441094,0.2000000000106253,1.9660065187156732,0.2,-1.766006518705048,False,1.766006518705048,0.0,INIT
2025-12-04T20:56:52.151029,1745.366960501,0.2000000000106253,1.927817491052652,0.2,-1.7278174910420268,False,1.7278174910420268,0.0,INIT
2025-12-04T20:56:52.221676,1745.437609948,0.2000000000106253,1.913948446005569,0.2,-1.7139484459949437,False,1.7139484459949437,0.0,INIT
2025-12-04T20:56:52.223721,1745.439654245,0.2000000000106253,1.9104825974086959,0.2,-1.7104825973980706,False,1.7104825973980706,0.0,INIT
2025-12-04T20:56:52.225556,1745.441482794,0.2000000000106253,1.9104825974086959,0.2,-1.7104825973980706,False,1.7104825973980706,0.0,INIT
2025-12-04T20:56:52.227025,1745.442951242,0.2000000000106253,1.9070173023836592,0.2,-1.707017302373034,False,1.707017302373034,0.0,INIT
2025-12-04T20:56:52.236284,1745.452220936,0.2000000000106253,1.9070173023836592,0.2,-1.707017302373034,False,1.707017302373034,0.0,INIT
2025-12-04T20:56:52.238572,1745.454501951,0.2000000000106253,1.9035525551898793,0.2,-1.703552555179254,False,1.703552555179254,0.0,INIT
2025-12-04T20:56:52.240705,1745.456632137,0.2000000000106253,1.9035525551898793,0.2,-1.703552555179254,False,1.703552555179254,0.0,INIT
2025-12-04T20:56:52.246842,1745.462768659,0.2000000000106253,1.9000883500904262,0.2,-1.700088350079801,False,1.700088350079801,0.0,INIT
2025-12-04T20:56:52.249023,1745.464950289,0.2000000000106253,1.9000883500904262,0.2,-1.700088350079801,False,1.700088350079801,0.0,INIT
2025-12-04T20:56:52.258753,1745.474685139,0.2000000000106253,1.8966246813519927,0.2,-1.6966246813413675,False,1.6966246813413675,0.0,INIT
2025-12-04T20:56:52.262750,1745.478678029,0.2000000000106253,1.8966246813519927,0.2,-1.6966246813413675,False,1.6966246813413675,0.0,INIT
2025-12-04T20:56:52.266897,1745.482824364,0.2000000000106253,1.893161543244851,0.2,-1.6931615432342257,False,1.6931615432342257,0.0,INIT
2025-12-04T20:56:52.268690,1745.484618376,0.2000000000106253,1.893161543244851,0.2,-1.6931615432342257,False,1.6931615432342257,0.0,INIT
2025-12-04T20:56:52.270256,1745.486182091,0.2000000000106253,1.8896989300428277,0.2,-1.6896989300322025,False,1.6896989300322025,0.0,INIT
2025-12-04T20:56:52.371388,1745.587320971,0.2000000000106253,1.8896989300428277,0.2,-1.6896989300322025,False,1.6896989300322025,0.0,INIT
2025-12-04T20:56:52.464876,1745.680802423,0.20000000001093476,1.8723935374380005,0.2,-1.6723935374270658,False,1.6723935374270658,0.0,INIT
2025-12-04T20:56:52.505413,1745.721346365,0.20000000001093476,1.8654748547043436,0.2,-1.6654748546934088,False,1.6654748546934088,0.0,INIT
2025-12-04T20:56:53.429477,1746.645408034,0.20000000001124424,1.7171119081380528,0.2,-1.5171119081268085,False,1.5171119081268085,0.0,INIT
2025-12-04T20:56:53.480262,1746.696194111,0.20000000001124424,1.7102254121761806,0.2,-1.5102254121649363,False,1.5102254121649363,0.0,INIT
2025-12-04T20:56:53.559245,1746.775175892,0.2000000000106253,1.6964550826720135,0.2,-1.4964550826613883,False,1.4964550826613883,0.0,INIT
2025-12-04T20:56:53.563645,1746.779576347,0.2000000000106253,1.693013022389069,0.2,-1.4930130223784437,False,1.4930130223784437,0.0,INIT
2025-12-04T20:56:53.565450,1746.781377435,0.2000000000106253,1.693013022389069,0.2,-1.4930130223784437,False,1.4930130223784437,0.0,INIT
2025-12-04T20:56:53.566733,1746.782662641,0.2000000000106253,1.6895711597798666,0.2,-1.4895711597692414,False,1.4895711597692414,0.0,INIT
2025-12-04T20:56:53.568116,1746.784043736,0.2000000000106253,1.6895711597798666,0.2,-1.4895711597692414,False,1.4895711597692414,0.0,INIT
2025-12-04T20:56:53.570184,1746.786109294,0.2000000000106253,1.6861294892651681,0.2,-1.486129489254543,False,1.486129489254543,0.0,INIT
2025-12-04T20:56:53.572040,1746.787967923,0.2000000000106253,1.6861294892651681,0.2,-1.486129489254543,False,1.486129489254543,0.0,INIT
2025-12-04T20:56:53.588556,1746.804482577,0.2000000000106253,1.6826880052670887,0.2,-1.4826880052564635,False,1.4826880052564635,0.0,INIT
2025-12-04T20:56:53.590770,1746.806699579,0.2000000000106253,1.6826880052670887,0.2,-1.4826880052564635,False,1.4826880052564635,0.0,INIT
2025-12-04T20:56:53.592007,1746.807935215,0.2000000000106253,1.6826880052670887,0.2,-1.4826880052564635,False,1.4826880052564635,0.0,INIT
2025-12-04T20:56:53.592968,1746.808891681,0.2000000000106253,1.679246702209083,0.2,-1.4792467021984577,False,1.4792467021984577,0.0,INIT
2025-12-04T20:56:53.700918,1746.916856564,0.2000000000106253,1.6758055745158709,0.2,-1.4758055745052456,False,1.4758055745052456,0.0,INIT
2025-12-04T20:56:53.729762,1746.94569842,0.2000000000106253,1.6689238229289955,0.2,-1.4689238229183703,False,1.4689238229183703,0.0,INIT
2025-12-04T20:56:53.753523,1746.969452694,0.20000000001124424,1.6654831878908851,0.2,-1.4654831878796408,False,1.4654831878796408,0.0,INIT
2025-12-04T20:56:53.756588,1746.97251758,0.20000000001124424,1.6654831878908851,0.2,-1.4654831878796408,False,1.4654831878796408,0.0,INIT
2025-12-04T20:56:53.758252,1746.974181353,0.20000000001124424,1.6654831878908851,0.2,-1.4654831878796408,False,1.4654831878796408,0.0,INIT
2025-12-04T20:56:53.759552,1746.975478621,0.20000000001124424,1.6620427059285934,0.2,-1.462042705917349,False,1.462042705917349,0.0,INIT
2025-12-04T20:56:53.760568,1746.976493287,0.20000000001124424,1.6620427059285934,0.2,-1.462042705917349,False,1.462042705917349,0.0,INIT
2025-12-04T20:56:53.761666,1746.977592681,0.20000000001124424,1.658602371472723,0.2,-1.4586023714614786,False,1.4586023714614786,0.0,INIT
2025-12-04T20:56:53.763012,1746.978937064,0.20000000001124424,1.658602371472723,0.2,-1.4586023714614786,False,1.4586023714614786,0.0,INIT
2025-12-04T20:56:53.764339,1746.980272561,0.20000000001124424,1.655162178954897,0.2,-1.4551621789436526,False,1.4551621789436526,0.0,INIT
2025-12-04T20:56:53.765564,1746.981499264,0.20000000001124424,1.655162178954897,0.2,-1.4551621789436526,False,1.4551621789436526,0.0,INIT
2025-12-04T20:56:53.766604,1746.98253106,0.20000000001124424,1.651722122807775,0.2,-1.4517221227965307,False,1.4517221227965307,0.0,INIT
2025-12-04T20:56:53.768372,1746.984304915,0.20000000001124424,1.651722122807775,0.2,-1.4517221227965307,False,1.4517221227965307,0.0,INIT
2025-12-04T20:56:53.905525,1747.121459583,0.20000000001124424,1.6448423973610478,0.2,-1.4448423973498035,False,1.4448423973498035,0.0,INIT
2025-12-04T20:56:54.071358,1747.287292051,0.2000000000112442,1.6207668360029261,0.2,-1.4207668359916819,False,1.4207668359916819,0.0,INIT
2025-12-04T20:56:54.078049,1747.293981287,0.2000000000106253,1.617327837553166,0.2,-1.4173278375425407,False,1.4173278375425407,0.0,INIT
2025-12-04T20:56:54.089838,1747.305781233,0.20000000001093476,1.617327837553166,0.2,-1.4173278375422311,False,1.4173278375422311,0.0,INIT
2025-12-04T20:56:54.091560,1747.307491862,0.20000000001093476,1.6138889142888129,0.2,-1.413888914277878,False,1.413888914277878,0.0,INIT
2025-12-04T20:56:54.093331,1747.309262334,0.20000000001093476,1.6138889142888129,0.2,-1.413888914277878,False,1.413888914277878,0.0,INIT
2025-12-04T20:56:54.095736,1747.311667505,0.20000000001093476,1.6138889142888129,0.2,-1.413888914277878,False,1.413888914277878,0.0,INIT
2025-12-04T20:56:54.100446,1747.316380245,0.20000000001093476,1.610450060651603,0.2,-1.4104500606406682,False,1.4104500606406682,0.0,INIT
2025-12-04T20:56:54.108020,1747.323953029,0.2000000000106253,1.610450060651603,0.2,-1.4104500606409778,False,1.4104500606409778,0.0,INIT
2025-12-04T20:56:54.111027,1747.326957728,0.2000000000106253,1.6070112710837527,0.2,-1.4070112710731275,False,1.4070112710731275,0.0,INIT
2025-12-04T20:56:54.112137,1747.328064236,0.2000000000106253,1.6070112710837527,0.2,-1.4070112710731275,False,1.4070112710731275,0.0,INIT
2025-12-04T20:56:54.113068,1747.328994574,0.2000000000106253,1.6035725400279395,0.2,-1.4035725400173142,False,1.4035725400173142,0.0,INIT
2025-12-04T20:56:54.114176,1747.330106558,0.2000000000106253,1.6035725400279395,0.2,-1.4035725400173142,False,1.4035725400173142,0.0,INIT
2025-12-04T20:56:54.114897,1747.330820764,0.2000000000106253,1.6001338619272722,0.2,-1.400133861916647,False,1.400133861916647,0.0,INIT
2025-12-04T20:56:54.115914,1747.331842015,0.2000000000106253,1.6001338619272722,0.2,-1.400133861916647,False,1.400133861916647,0.0,INIT
2025-12-04T20:56:54.116792,1747.332716688,0.2000000000106253,1.5966952312252278,0.2,-1.3966952312146026,False,1.3966952312146026,0.0,INIT
2025-12-04T20:56:54.172642,1747.388573087,0.2000000000106253,1.5966952312252278,0.2,-1.3966952312146026,False,1.3966952312146026,0.0,INIT
2025-12-04T20:56:54.188165,1747.404095501,0.2000000000106253,1.5966952312252278,0.2,-1.3966952312146026,False,1.3966952312146026,0.0,INIT
2025-12-04T20:56:54.206943,1747.422877487,0.2000000000106253,1.593256642365633,0.2,-1.3932566423550077,False,1.3932566423550077,0.0,INIT
2025-12-04T20:56:54.344122,1747.560055302,0.2000000000106253,1.5795025942377618,0.2,-1.3795025942271366,False,1.3795025942271366,0.0,INIT
2025-12-04T20:56:54.355767,1747.571699859,0.2000000000106253,1.5760641312567927,0.2,-1.3760641312461674,False,1.3760641312461674,0.0,INIT
2025-12-04T20:56:54.358788,1747.574720932,0.2000000000106253,1.5760641312567927,0.2,-1.3760641312461674,False,1.3760641312461674,0.0,INIT
2025-12-04T20:56:54.359744,1747.575672738,0.2000000000106253,1.572625676786104,0.2,-1.3726256767754788,False,1.3726256767754788,0.0,INIT
2025-12-04T20:56:54.360940,1747.576864977,0.2000000000106253,1.572625676786104,0.2,-1.3726256767754788,False,1.3726256767754788,0.0,INIT
2025-12-04T20:56:54.361983,1747.577923471,0.2000000000106253,1.569187225270765,0.2,-1.3691872252601398,False,1.3691872252601398,0.0,INIT
2025-12-04T20:56:54.363126,1747.579058352,0.2000000000106253,1.569187225270765,0.2,-1.3691872252601398,False,1.3691872252601398,0.0,INIT
2025-12-04T20:56:54.363891,1747.579819329,0.2000000000106253,1.565748771155894,0.2,-1.3657487711452687,False,1.3657487711452687,0.0,INIT
2025-12-04T20:56:54.364910,1747.580837124,0.2000000000106253,1.565748771155894,0.2,-1.3657487711452687,False,1.3657487711452687,0.0,INIT
2025-12-04T20:56:54.377711,1747.593640956,0.2000000000112442,1.5623103088865626,0.2,-1.3623103088753183,False,1.3623103088753183,0.0,INIT
2025-12-04T20:56:54.379327,1747.59525535,0.2000000000112442,1.5623103088865626,0.2,-1.3623103088753183,False,1.3623103088753183,0.0,INIT
2025-12-04T20:56:54.379931,1747.595855794,0.2000000000112442,1.558871832907812,0.2,-1.3588718328965677,False,1.3588718328965677,0.0,INIT
2025-12-04T20:56:54.380677,1747.596604804,0.2000000000112442,1.558871832907812,0.2,-1.3588718328965677,False,1.3588718328965677,0.0,INIT
2025-12-04T20:56:54.383832,1747.599758167,0.2000000000112442,1.5554333376645566,0.2,-1.3554333376533123,False,1.3554333376533123,0.0,INIT
2025-12-04T20:56:54.395876,1747.611807028,0.2000000000106253,1.5554333376645566,0.2,-1.3554333376539314,False,1.3554333376539314,0.0,INIT
2025-12-04T20:56:54.404661,1747.620591066,0.2000000000106253,1.5519948176016074,0.2,-1.3519948175909822,False,1.3519948175909822,0.0,INIT
2025-12-04T20:56:54.540332,1747.75626948,0.20000000001124424,1.5451176807948244,0.2,-1.34511768078358,False,1.34511768078358,0.0,INIT
2025-12-04T20:56:54.698686,1747.914619078,0.20000000001124424,1.521046103419315,0.2,-1.3210461034080707,False,1.3210461034080707,0.0,INIT
2025-12-04T20:56:54.715617,1747.931547678,0.2000000000106253,1.5176070295639974,0.2,-1.3176070295533722,False,1.3176070295533722,0.0,INIT
2025-12-04T20:56:54.717144,1747.933079588,0.2000000000106253,1.5176070295639974,0.2,-1.3176070295533722,False,1.3176070295533722,0.0,INIT
2025-12-04T20:56:54.720736,1747.936671994,0.2000000000106253,1.5141678697611862,0.2,-1.314167869750561,False,1.314167869750561,0.0,INIT
2025-12-04T20:56:54.722455,1747.938385542,0.2000000000106253,1.5141678697611862,0.2,-1.314167869750561,False,1.314167869750561,0.0,INIT
2025-12-04T20:56:54.723621,1747.939548365,0.2000000000106253,1.510728618450905,0.2,-1.3107286184402798,False,1.3107286184402798,0.0,INIT
2025-12-04T20:56:54.725696,1747.941630782,0.2000000000106253,1.510728618450905,0.2,-1.3107286184402798,False,1.3107286184402798,0.0,INIT
2025-12-04T20:56:54.726680,1747.94261454,0.2000000000106253,1.5072892700725422,0.2,-1.307289270061917,False,1.307289270061917,0.0,INIT
2025-12-04T20:56:54.727573,1747.943498941,0.2000000000106253,1.5072892700725422,0.2,-1.307289270061917,False,1.307289270061917,0.0,INIT
2025-12-04T20:56:54.728683,1747.94461207,0.2000000000106253,1.5038498190647651,0.2,-1.3038498190541399,False,1.3038498190541399,0.0,INIT
2025-12-04T20:56:54.729662,1747.945592739,0.2000000000106253,1.5038498190647651,0.2,-1.3038498190541399,False,1.3038498190541399,0.0,INIT
2025-12-04T20:56:54.745416,1747.961347951,0.2000000000106253,1.500410259865534,0.2,-1.3004102598549088,False,1.3004102598549088,0.0,INIT
2025-12-04T20:56:55.076442,1748.292376148,0.20000000001124424,1.459125084779048,0.2,-1.2591250847678037,False,1.2591250847678037,0.0,INIT
2025-12-04T20:56:55.089567,1748.305499197,0.20000000001124424,1.4556836125381487,0.2,-1.2556836125269044,False,1.2556836125269044,0.0,INIT
2025-12-04T20:56:55.126333,1748.342271868,0.2000000000106253,1.452241954137877,0.2,-1.2522419541272518,False,1.2522419541272518,0.0,INIT
2025-12-04T20:56:55.135922,1748.351851045,0.2000000000106253,1.4488001040004246,0.2,-1.2488001039897993,False,1.2488001039897993,0.0,INIT
2025-12-04T20:56:55.137052,1748.352982904,0.2000000000106253,1.4488001040004246,0.2,-1.2488001039897993,False,1.2488001039897993,0.0,INIT
2025-12-04T20:56:55.138166,1748.354097623,0.2000000000106253,1.4453580565466506,0.2,-1.2453580565360254,False,1.2453580565360254,0.0,INIT
2025-12-04T20:56:55.141680,1748.357611175,0.2000000000106253,1.4453580565466506,0.2,-1.2453580565360254,False,1.2453580565360254,0.0,INIT
2025-12-04T20:56:55.143197,1748.359127848,0.2000000000106253,1.4419158061959818,0.2,-1.2419158061853566,False,1.2419158061853566,0.0,INIT
2025-12-04T20:56:55.211675,1748.427608042,0.2000000000106253,1.4384733473664282,0.2,-1.238473347355803,False,1.238473347355803,0.0,INIT
2025-12-04T20:56:55.272423,1748.488358107,0.2000000000106253,1.4281446641619873,0.2,-1.228144664151362,False,1.228144664151362,0.0,INIT
2025-12-04T20:56:55.280051,1748.495981858,0.2000000000106253,1.4247013155666872,0.2,-1.224701315556062,False,1.224701315556062,0.0,INIT
2025-12-04T20:56:55.281493,1748.497426672,0.2000000000106253,1.4247013155666872,0.2,-1.224701315556062,False,1.224701315556062,0.0,INIT
2025-12-04T20:56:55.282933,1748.498859792,0.2000000000106253,1.42125773055953,0.2,-1.2212577305489047,False,1.2212577305489047,0.0,INIT
2025-12-04T20:56:55.284222,1748.500148578,0.2000000000106253,1.42125773055953,0.2,-1.2212577305489047,False,1.2212577305489047,0.0,INIT
2025-12-04T20:56:55.285828,1748.501756461,0.2000000000106253,1.4178139035490425,0.2,-1.2178139035384172,False,1.2178139035384172,0.0,INIT
2025-12-04T20:56:55.288183,1748.504112661,0.2000000000106253,1.4178139035490425,0.2,-1.2178139035384172,False,1.2178139035384172,0.0,INIT
2025-12-04T20:56:55.290018,1748.505943274,0.2000000000106253,1.4143698289420659,0.2,-1.2143698289314406,False,1.2143698289314406,0.0,INIT
2025-12-04T20:56:55.290792,1748.506716426,0.2000000000106253,1.4143698289420659,0.2,-1.2143698289314406,False,1.2143698289314406,0.0,INIT
2025-12-04T20:56:55.292010,1748.507936892,0.2000000000106253,1.4109255011436677,0.2,-1.2109255011330424,False,1.2109255011330424,0.0,INIT
2025-12-04T20:56:55.293182,1748.509109841,0.2000000000106253,1.4109255011436677,0.2,-1.2109255011330424,False,1.2109255011330424,0.0,INIT
2025-12-04T20:56:55.294261,1748.510188689,0.2000000000106253,1.4074809145571479,0.2,-1.2074809145465226,False,1.2074809145465226,0.0,INIT
2025-12-04T20:56:55.323218,1748.539148009,0.2000000000106253,1.4074809145571479,0.2,-1.2074809145465226,False,1.2074809145465226,0.0,INIT
2025-12-04T20:56:55.326647,1748.542579118,0.2000000000106253,1.4040360635839564,0.2,-1.2040360635733312,False,1.2040360635733312,0.0,INIT
2025-12-04T20:56:55.327926,1748.543858152,0.2000000000106253,1.400590942623709,0.2,-1.2005909426130839,False,1.2005909426130839,0.0,INIT
2025-12-04T20:56:55.335440,1748.551375665,0.2000000000106253,1.400590942623709,0.2,-1.2005909426130839,False,1.2005909426130839,0.0,INIT
2025-12-04T20:56:55.350158,1748.56608804,0.2000000000106253,1.3971455460740856,0.2,-1.1971455460634604,False,1.1971455460634604,0.0,INIT
2025-12-04T20:56:55.356012,1748.571941778,0.2000000000106253,1.3971455460740856,0.2,-1.1971455460634604,False,1.1971455460634604,0.0,INIT
2025-12-04T20:56:55.364281,1748.580209398,0.2000000000106253,1.3936998683308541,0.2,-1.193699868320229,False,1.193699868320229,0.0,INIT
2025-12-04T20:56:55.377543,1748.593476159,0.20000000001124424,1.3936998683308541,0.2,-1.1936998683196098,False,1.1936998683196098,0.0,INIT
2025-12-04T20:56:55.392144,1748.608075227,0.20000000001124424,1.3902539037877748,0.2,-1.1902539037765305,False,1.1902539037765305,0.0,INIT
2025-12-04T20:56:55.419114,1748.6350425,0.2000000000112442,1.3902539037877748,0.2,-1.1902539037765305,False,1.1902539037765305,0.0,INIT
2025-12-04T20:56:55.421101,1748.637026351,0.2000000000112442,1.3868076468366182,0.2,-1.1868076468253739,False,1.1868076468253739,0.0,INIT
2025-12-04T20:56:55.422416,1748.638346501,0.2000000000112442,1.3868076468366182,0.2,-1.1868076468253739,False,1.1868076468253739,0.0,INIT
2025-12-04T20:56:55.429863,1748.645794698,0.2000000000112442,1.383361091867072,0.2,-1.1833610918558277,False,1.1833610918558277,0.0,INIT
2025-12-04T20:56:55.441319,1748.657263657,0.2000000000106253,1.383361091867072,0.2,-1.1833610918564468,False,1.1833610918564468,0.0,INIT
2025-12-04T20:56:55.451547,1748.667485483,0.2000000000106253,1.3799142332667635,0.2,-1.1799142332561383,False,1.1799142332561383,0.0,INIT
2025-12-04T20:56:55.562494,1748.778427829,0.2000000000106253,1.3799142332667635,0.2,-1.1799142332561383,False,1.1799142332561383,0.0,INIT
2025-12-04T20:56:55.567078,1748.783013314,0.2000000000106253,1.37646706542116,0.2,-1.1764670654105347,False,1.1764670654105347,0.0,INIT
2025-12-04T20:56:55.568381,1748.784309041,0.2000000000106253,1.37646706542116,0.2,-1.1764670654105347,False,1.1764670654105347,0.0,INIT
2025-12-04T20:56:55.588460,1748.804392275,0.2000000000106253,1.3730195827135816,0.2,-1.1730195827029564,False,1.1730195827029564,0.0,INIT
2025-12-04T20:56:55.590584,1748.806511483,0.20000000001124424,1.3730195827135816,0.2,-1.1730195827023373,False,1.1730195827023373,0.0,INIT
2025-12-04T20:56:55.604131,1748.82006628,0.20000000001124424,1.3695717795251223,0.2,-1.169571779513878,False,1.169571779513878,0.0,INIT
2025-12-04T20:56:55.607737,1748.823672312,0.2000000000106253,1.366123650234659,0.2,-1.1661236502240337,False,1.1661236502240337,0.0,INIT
2025-12-04T20:56:55.608883,1748.824813736,0.2000000000106253,1.366123650234659,0.2,-1.1661236502240337,False,1.1661236502240337,0.0,INIT
2025-12-04T20:56:55.609642,1748.825569483,0.2000000000106253,1.3626751892187583,0.2,-1.162675189208133,False,1.162675189208133,0.0,INIT
2025-12-04T20:56:55.610559,1748.826486319,0.2000000000106253,1.3626751892187583,0.2,-1.162675189208133,False,1.162675189208133,0.0,INIT
2025-12-04T20:56:55.611784,1748.827710697,0.2000000000106253,1.3592263908517026,0.2,-1.1592263908410774,False,1.1592263908410774,0.0,INIT
2025-12-04T20:56:55.619307,1748.835237772,0.2000000000106253,1.3592263908517026,0.2,-1.1592263908410774,False,1.1592263908410774,0.0,INIT
2025-12-04T20:56:55.743597,1748.959534002,0.2000000000106253,1.3488779153506467,0.2,-1.1488779153400215,False,1.1488779153400215,0.0,INIT
2025-12-04T20:56:55.750379,1748.966307226,0.2000000000106253,1.3454277112739241,0.2,-1.145427711263299,False,1.145427711263299,0.0,INIT
2025-12-04T20:56:55.750967,1748.966894704,0.2000000000106253,1.3454277112739241,0.2,-1.145427711263299,False,1.145427711263299,0.0,INIT
2025-12-04T20:56:55.751659,1748.967582743,0.2000000000106253,1.3419771416813013,0.2,-1.141977141670676,False,1.141977141670676,0.0,INIT
2025-12-04T20:56:55.752389,1748.968317298,0.2000000000106253,1.3419771416813013,0.2,-1.141977141670676,False,1.141977141670676,0.0,INIT
2025-12-04T20:56:55.753450,1748.969376943,0.2000000000106253,1.3385262009323542,0.2,-1.138526200921729,False,1.138526200921729,0.0,INIT
2025-12-04T20:56:55.754437,1748.970364551,0.2000000000106253,1.3385262009323542,0.2,-1.138526200921729,False,1.138526200921729,0.0,INIT
2025-12-04T20:56:55.755582,1748.97150857,0.2000000000106253,1.335074883384098,0.2,-1.1350748833734727,False,1.1350748833734727,0.0,INIT
2025-12-04T20:56:55.756401,1748.97232434,0.2000000000106253,1.335074883384098,0.2,-1.1350748833734727,False,1.1350748833734727,0.0,INIT
2025-12-04T20:56:55.756952,1748.972876306,0.2000000000106253,1.3316231833909127,0.2,-1.1316231833802874,False,1.1316231833802874,0.0,INIT
2025-12-04T20:56:55.757571,1748.973494464,0.2000000000106253,1.3316231833909127,0.2,-1.1316231833802874,False,1.1316231833802874,0.0,INIT
2025-12-04T20:56:55.808567,1749.024521683,0.2000000000106253,1.3281710953045565,0.2,-1.1281710952939312,False,1.1281710952939312,0.0,INIT
2025-12-04T20:56:55.813424,1749.029357264,0.2000000000106253,1.3281710953045565,0.2,-1.1281710952939312,False,1.1281710952939312,0.0,INIT
2025-12-04T20:56:55.814626,1749.0305555,0.2000000000106253,1.3247186134740758,0.2,-1.1247186134634506,False,1.1247186134634506,0.0,INIT
2025-12-04T20:56:55.815806,1749.031734115,0.2000000000106253,1.3247186134740758,0.2,-1.1247186134634506,False,1.1247186134634506,0.0,INIT
2025-12-04T20:56:55.816947,1749.032870325,0.2000000000106253,1.3212657322458217,0.2,-1.1212657322351964,False,1.1212657322351964,0.0,INIT
2025-12-04T20:56:55.817912,1749.033837813,0.2000000000106253,1.3212657322458217,0.2,-1.1212657322351964,False,1.1212657322351964,0.0,INIT
2025-12-04T20:56:55.825057,1749.040983367,0.2000000000106253,1.3178124459633587,0.2,-1.1178124459527334,False,1.1178124459527334,0.0,INIT
2025-12-04T20:56:55.842562,1749.058496383,0.2000000000106253,1.3143587489674964,0.2,-1.1143587489568711,False,1.1143587489568711,0.0,INIT
2025-12-04T20:56:55.846495,1749.062425574,0.2000000000106253,1.3143587489674964,0.2,-1.1143587489568711,False,1.1143587489568711,0.0,INIT
2025-12-04T20:56:56.121844,1749.337775278,0.2000000000106253,1.2867137072624075,0.2,-1.0867137072517823,False,1.0867137072517823,0.0,INIT
2025-12-04T20:56:56.139286,1749.35522161,0.2000000000106253,1.2832560587028183,0.2,-1.083256058692193,False,1.083256058692193,0.0,INIT
2025-12-04T20:56:56.187678,1749.403609613,0.20000000001093476,1.2728802854499301,0.2,-1.0728802854389954,False,1.0728802854389954,0.0,INIT
2025-12-04T20:56:56.193804,1749.409732163,0.20000000001093476,1.2728802854499301,0.2,-1.0728802854389954,False,1.0728802854389954,0.0,INIT
2025-12-04T20:56:56.220715,1749.436641527,0.20000000001093476,1.2694207328559273,0.2,-1.0694207328449925,False,1.0694207328449925,0.0,INIT
2025-12-04T20:56:56.223571,1749.439501709,0.2000000000106253,1.265960690006441,0.2,-1.0659606899958158,False,1.0659606899958158,0.0,INIT
2025-12-04T20:56:56.224268,1749.440193566,0.2000000000106253,1.265960690006441,0.2,-1.0659606899958158,False,1.0659606899958158,0.0,INIT
2025-12-04T20:56:56.225030,1749.440954646,0.2000000000106253,1.2625001511961216,0.2,-1.0625001511854963,False,1.0625001511854963,0.0,INIT
2025-12-04T20:56:56.225710,1749.441634748,0.2000000000106253,1.2625001511961216,0.2,-1.0625001511854963,False,1.0625001511854963,0.0,INIT
2025-12-04T20:56:56.242504,1749.45843412,0.2000000000106253,1.2590391107162935,0.2,-1.0590391107056683,False,1.0590391107056683,0.0,INIT
2025-12-04T20:56:56.434912,1749.650862326,0.2000000000106253,1.2347973003619845,0.2,-1.0347973003513593,False,1.0347973003513593,0.0,INIT
2025-12-04T20:56:56.444475,1749.660408185,0.2000000000106253,1.231332040600062,0.2,-1.0313320405894368,False,1.0313320405894368,0.0,INIT
2025-12-04T20:56:56.445926,1749.661860581,0.2000000000106253,1.231332040600062,0.2,-1.0313320405894368,False,1.0313320405894368,0.0,INIT
2025-12-04T20:56:56.447069,1749.662995187,0.2000000000106253,1.227866227634129,0.2,-1.0278662276235038,False,1.0278662276235038,0.0,INIT
2025-12-04T20:56:56.448550,1749.664475301,0.2000000000106253,1.2243998557201454,0.2,-1.0243998557095202,False,1.0243998557095202,0.0,INIT
2025-12-04T20:56:56.449635,1749.665564225,0.2000000000106253,1.2243998557201454,0.2,-1.0243998557095202,False,1.0243998557095202,0.0,INIT
2025-12-04T20:56:56.450758,1749.666686301,0.2000000000106253,1.220932919110382,0.2,-1.0209329190997567,False,1.0209329190997567,0.0,INIT
2025-12-04T20:56:56.451888,1749.667818961,0.2000000000106253,1.220932919110382,0.2,-1.0209329190997567,False,1.0209329190997567,0.0,INIT
2025-12-04T20:56:56.481674,1749.697605064,0.2000000000106253,1.2174654120533432,0.2,-1.017465412042718,False,1.017465412042718,0.0,INIT
2025-12-04T20:56:56.485504,1749.701435252,0.2000000000106253,1.2174654120533432,0.2,-1.017465412042718,False,1.017465412042718,0.0,INIT
2025-12-04T20:56:56.486989,1749.702918831,0.2000000000106253,1.2174654120533432,0.2,-1.017465412042718,False,1.017465412042718,0.0,INIT
2025-12-04T20:56:56.488229,1749.704163655,0.2000000000106253,1.2139973287937806,0.2,-1.0139973287831554,False,1.0139973287831554,0.0,INIT
2025-12-04T20:56:56.490072,1749.706012342,0.2000000000106253,1.2139973287937806,0.2,-1.0139973287831554,False,1.0139973287831554,0.0,INIT
2025-12-04T20:56:56.491261,1749.70718917,0.2000000000106253,1.2105286635726067,0.2,-1.0105286635619815,False,1.0105286635619815,0.0,INIT
2025-12-04T20:56:56.492499,1749.70842249,0.2000000000106253,1.2070594106269343,0.2,-1.007059410616309,False,1.007059410616309,0.0,INIT
2025-12-04T20:56:56.496383,1749.712312086,0.20000000001124424,1.2070594106269343,0.2,-1.00705941061569,False,1.00705941061569,0.0,INIT
2025-12-04T20:56:56.514000,1749.729936444,0.20000000001124424,1.203589564189965,0.2,-1.0035895641787207,False,1.0035895641787207,0.0,INIT
2025-12-04T20:56:56.574715,1749.79064928,0.2000000000106253,1.203589564189965,0.2,-1.0035895641793398,False,1.0035895641793398,0.0,INIT
2025-12-04T20:56:56.581457,1749.79738885,0.2000000000106253,1.2001191184910303,0.2,-1.000119118480405,False,1.000119118480405,0.0,INIT
2025-12-04T20:56:56.584419,1749.800346751,0.2000000000106253,1.2001191184910303,0.2,-1.000119118480405,False,1.000119118480405,0.0,INIT
2025-12-04T20:56:56.587453,1749.803385876,0.20000000001155374,1.2001191184910303,0.2,-1.0001191184794764,False,1.0001191184794764,0.0,INIT
2025-12-04T20:56:56.588507,1749.80443609,0.20000000001155374,1.1966480677555031,0.2,-0.9966480677439494,False,0.9966480677439494,0.0,INIT
2025-12-04T20:56:56.589419,1749.805347008,0.20000000001155374,1.1966480677555031,0.2,-0.9966480677439494,False,0.9966480677439494,0.0,INIT
2025-12-04T20:56:56.590411,1749.806341433,0.20000000001155374,1.1931764062048185,0.2,-0.9931764061932647,False,0.9931764061932647,0.0,INIT
2025-12-04T20:56:56.626125,1749.842056665,0.20000000001155374,1.1931764062048185,0.2,-0.9931764061932647,False,0.9931764061932647,0.0,INIT
2025-12-04T20:56:56.627824,1749.843752,0.20000000001124424,1.1897041280563894,0.2,-0.9897041280451451,False,0.9897041280451451,0.0,INIT
2025-12-04T20:56:56.628471,1749.844398479,0.20000000001124424,1.1897041280563894,0.2,-0.9897041280451451,False,0.9897041280451451,0.0,INIT
2025-12-04T20:56:56.629360,1749.845288944,0.20000000001124424,1.1862312275236384,0.2,-0.9862312275123941,False,0.9862312275123941,0.0,INIT
2025-12-04T20:56:56.637011,1749.852941542,0.20000000001124424,1.1862312275236384,0.2,-0.9862312275123941,False,0.9862312275123941,0.0,INIT
2025-12-04T20:56:56.648275,1749.864210967,0.20000000001124424,1.1827576988158999,0.2,-0.9827576988046556,False,0.9827576988046556,0.0,INIT
2025-12-04T20:56:56.719178,1749.935118321,0.2000000000106253,1.1827576988158999,0.2,-0.9827576988052746,False,0.9827576988052746,0.0,INIT
2025-12-04T20:56:56.734116,1749.950049979,0.20000000001093476,1.1792835361384553,0.2,-0.9792835361275205,False,0.9792835361275205,0.0,INIT
2025-12-04T20:56:56.736947,1749.952880675,0.2000000000106253,1.1792835361384553,0.2,-0.97928353612783,False,0.97928353612783,0.0,INIT
2025-12-04T20:56:56.737854,1749.95378198,0.2000000000106253,1.1758087336924437,0.2,-0.9758087336818184,False,0.9758087336818184,0.0,INIT
2025-12-04T20:56:56.738911,1749.954842027,0.2000000000106253,1.1758087336924437,0.2,-0.9758087336818184,False,0.9758087336818184,0.0,INIT
2025-12-04T20:56:56.739658,1749.955585835,0.2000000000106253,1.1723332856748883,0.2,-0.972333285664263,False,0.972333285664263,0.0,INIT
2025-12-04T20:56:56.740734,1749.956661313,0.2000000000106253,1.1723332856748883,0.2,-0.972333285664263,False,0.972333285664263,0.0,INIT
2025-12-04T20:56:56.741299,1749.957226091,0.2000000000106253,1.1688571862786183,0.2,-0.9688571862679931,False,0.9688571862679931,0.0,INIT
2025-12-04T20:56:56.949596,1750.165527397,0.2000000000106253,1.1514667150702511,0.2,-0.9514667150596259,False,0.9514667150596259,0.0,INIT
2025-12-04T20:56:56.956417,1750.172348561,0.2000000000106253,1.1479865852140563,0.2,-0.947986585203431,False,0.947986585203431,0.0,INIT
2025-12-04T20:56:57.009459,1750.22538922,0.2000000000106253,1.141024243215881,0.2,-0.9410242432052558,False,0.9410242432052558,0.0,INIT
2025-12-04T20:56:57.014771,1750.230705851,0.2000000000106253,1.141024243215881,0.2,-0.9410242432052558,False,0.9410242432052558,0.0,INIT
2025-12-04T20:56:57.016079,1750.232052469,0.2000000000106253,1.137542019386352,0.2,-0.9375420193757267,False,0.9375420193757267,0.0,INIT
2025-12-04T20:56:57.017365,1750.233302693,0.2000000000106253,1.137542019386352,0.2,-0.9375420193757267,False,0.9375420193757267,0.0,INIT
2025-12-04T20:56:57.018682,1750.234610616,0.2000000000106253,1.1340590858707644,0.2,-0.9340590858601392,False,0.9340590858601392,0.0,INIT
2025-12-04T20:56:57.020535,1750.236464384,0.2000000000106253,1.1340590858707644,0.2,-0.9340590858601392,False,0.9340590858601392,0.0,INIT
2025-12-04T20:56:57.021557,1750.237490561,0.2000000000106253,1.130575436814187,0.2,-0.9305754368035617,False,0.9305754368035617,0.0,INIT
2025-12-04T20:56:57.022781,1750.238711529,0.2000000000106253,1.130575436814187,0.2,-0.9305754368035617,False,0.9305754368035617,0.0,INIT
2025-12-04T20:56:57.110201,1750.326133957,0.2000000000106253,1.1236059686358502,0.2,-0.9236059686252249,False,0.9236059686252249,0.0,INIT
2025-12-04T20:56:57.116874,1750.33280819,0.2000000000106253,1.1201201377816243,0.2,-0.9201201377709991,False,0.9201201377709991,0.0,INIT
2025-12-04T20:56:57.117882,1750.333811424,0.2000000000106253,1.1201201377816243,0.2,-0.9201201377709991,False,0.9201201377709991,0.0,INIT
2025-12-04T20:56:57.118836,1750.334761127,0.2000000000106253,1.116633567921414,0.2,-0.9166335679107889,False,0.9166335679107889,0.0,INIT
2025-12-04T20:56:57.119704,1750.335628527,0.2000000000106253,1.116633567921414,0.2,-0.9166335679107889,False,0.9166335679107889,0.0,INIT
2025-12-04T20:56:57.300425,1750.516357476,0.2000000000106253,1.0956983001573795,0.2,-0.8956983001467542,False,0.8956983001467542,0.0,INIT
2025-12-04T20:56:57.314100,1750.530028658,0.2000000000106253,1.092206392418353,0.2,-0.8922063924077277,False,0.8922063924077277,0.0,INIT
2025-12-04T20:56:57.316964,1750.532890512,0.2000000000106253,1.092206392418353,0.2,-0.8922063924077277,False,0.8922063924077277,0.0,INIT
2025-12-04T20:56:57.318660,1750.534594646,0.2000000000106253,1.0887136985205732,0.2,-0.888713698509948,False,0.888713698509948,0.0,INIT
2025-12-04T20:56:57.401968,1750.617898064,0.2000000000106253,1.0782308406960137,0.2,-0.8782308406853885,False,0.8782308406853885,0.0,INIT
2025-12-04T20:56:57.409629,1750.625561413,0.2000000000106253,1.0782308406960137,0.2,-0.8782308406853885,False,0.8782308406853885,0.0,INIT
2025-12-04T20:56:57.410664,1750.626594072,0.2000000000106253,1.0782308406960137,0.2,-0.8782308406853885,False,0.8782308406853885,0.0,INIT
2025-12-04T20:56:57.419219,1750.635156898,0.2000000000106253,1.074734942960287,0.2,-0.8747349429496618,False,0.8747349429496618,0.0,INIT
2025-12-04T20:56:57.421243,1750.637173584,0.2000000000106253,1.074734942960287,0.2,-0.8747349429496618,False,0.8747349429496618,0.0,INIT
2025-12-04T20:56:57.423049,1750.638982227,0.2000000000106253,1.0712382294400289,0.2,-0.8712382294294037,False,0.8712382294294037,0.0,INIT
2025-12-04T20:56:57.424370,1750.640298531,0.2000000000106253,1.0712382294400289,0.2,-0.8712382294294037,False,0.8712382294294037,0.0,INIT
2025-12-04T20:56:57.425701,1750.641629133,0.2000000000106253,1.0677406941954377,0.2,-0.8677406941848125,False,0.8677406941848125,0.0,INIT
2025-12-04T20:56:57.426334,1750.642258787,0.2000000000106253,1.0677406941954377,0.2,-0.8677406941848125,False,0.8677406941848125,0.0,INIT
2025-12-04T20:56:57.426972,1750.642897395,0.2000000000106253,1.064242331281756,0.2,-0.8642423312711307,False,0.8642423312711307,0.0,INIT
2025-12-04T20:56:57.427710,1750.643634189,0.2000000000106253,1.064242331281756,0.2,-0.8642423312711307,False,0.8642423312711307,0.0,INIT
2025-12-04T20:56:57.428721,1750.644643901,0.2000000000106253,1.0607431347492877,0.2,-0.8607431347386625,False,0.8607431347386625,0.0,INIT
2025-12-04T20:56:57.450456,1750.666400607,0.2000000000106253,1.0607431347492877,0.2,-0.8607431347386625,False,0.8607431347386625,0.0,INIT
2025-12-04T20:56:57.453188,1750.669124946,0.2000000000106253,1.0607431347492877,0.2,-0.8607431347386625,False,0.8607431347386625,0.0,INIT
2025-12-04T20:56:57.455781,1750.671710928,0.2000000000106253,1.0572430986433359,0.2,-0.8572430986327106,False,0.8572430986327106,0.0,INIT
2025-12-04T20:56:57.466546,1750.682477237,0.2000000000106253,1.0572430986433359,0.2,-0.8572430986327106,False,0.8572430986327106,0.0,INIT
2025-12-04T20:56:57.488037,1750.703970597,0.2000000000106253,1.0537422170042348,0.2,-0.8537422169936095,False,0.8537422169936095,0.0,INIT
2025-12-04T20:56:57.503120,1750.719054772,0.2000000000106253,1.0502404838672685,0.2,-0.8502404838566433,False,0.8502404838566433,0.0,INIT
2025-12-04T20:56:57.505437,1750.721377191,0.2000000000106253,1.0502404838672685,0.2,-0.8502404838566433,False,0.8502404838566433,0.0,INIT
2025-12-04T20:56:57.511507,1750.727441862,0.2000000000106253,1.0467378932627085,0.2,-0.8467378932520833,False,0.8467378932520833,0.0,INIT
2025-12-04T20:56:57.526898,1750.742830182,0.2000000000106253,1.0467378932627085,0.2,-0.8467378932520833,False,0.8467378932520833,0.0,INIT
2025-12-04T20:56:57.533520,1750.749457329,0.2000000000106253,1.043234439215741,0.2,-0.8432344392051159,False,0.8432344392051159,0.0,INIT
2025-12-04T20:56:57.545290,1750.761222382,0.2000000000106253,1.043234439215741,0.2,-0.8432344392051159,False,0.8432344392051159,0.0,INIT
2025-12-04T20:56:57.555439,1750.771374068,0.20000000001062532,1.043234439215741,0.2,-0.8432344392051158,False,0.8432344392051158,0.0,INIT
2025-12-04T20:56:57.566704,1750.782650078,0.20000000001062532,1.0397301157465026,0.2,-0.8397301157358773,False,0.8397301157358773,0.0,INIT
2025-12-04T20:56:57.579810,1750.795744369,0.20000000001124424,1.0397301157465026,0.2,-0.8397301157352584,False,0.8397301157352584,0.0,INIT
2025-12-04T20:56:57.589321,1750.805253732,0.20000000001124424,1.0362249168700046,0.2,-0.8362249168587603,False,0.8362249168587603,0.0,INIT
2025-12-04T20:56:57.599412,1750.815343936,0.2000000000106253,1.0362249168700046,0.2,-0.8362249168593794,False,0.8362249168593794,0.0,INIT
2025-12-04T20:56:57.611031,1750.826968341,0.2000000000106253,1.032718836596171,0.2,-0.8327188365855458,False,0.8327188365855458,0.0,INIT
2025-12-04T20:56:57.648615,1750.864550015,0.20000000001124424,1.032718836596171,0.2,-0.8327188365849267,False,0.8327188365849267,0.0,INIT
2025-12-04T20:56:57.653047,1750.868980096,0.20000000001124424,1.0292118689297638,0.2,-0.8292118689185195,False,0.8292118689185195,0.0,INIT
2025-12-04T20:56:57.653917,1750.869843718,0.20000000001124424,1.0292118689297638,0.2,-0.8292118689185195,False,0.8292118689185195,0.0,INIT
2025-12-04T20:56:57.657643,1750.87357717,0.20000000001124424,1.0257040078704156,0.2,-0.8257040078591713,False,0.8257040078591713,0.0,INIT
2025-12-04T20:56:57.665732,1750.881661171,0.20000000001124424,1.0257040078704156,0.2,-0.8257040078591713,False,0.8257040078591713,0.0,INIT
2025-12-04T20:56:57.676749,1750.892681157,0.20000000001124424,1.0257040078704156,0.2,-0.8257040078591713,False,0.8257040078591713,0.0,INIT
2025-12-04T20:56:57.688050,1750.903984583,0.20000000001124424,1.0257040078704156,0.2,-0.8257040078591713,False,0.8257040078591713,0.0,INIT
2025-12-04T20:56:57.701687,1750.917636085,0.2000000000106253,1.0221952474125793,0.2,-0.822195247401954,False,0.822195247401954,0.0,INIT
2025-12-04T20:56:57.709602,1750.925533883,0.2000000000106253,1.0186855815455313,0.2,-0.8186855815349061,False,0.8186855815349061,0.0,INIT
2025-12-04T20:56:57.728695,1750.944628939,0.20000000001124424,1.0186855815455313,0.2,-0.818685581534287,False,0.818685581534287,0.0,INIT
2025-12-04T20:56:57.745235,1750.961171781,0.20000000001124424,1.0151750042533223,0.2,-0.815175004242078,False,0.815175004242078,0.0,INIT
2025-12-04T20:56:57.747423,1750.963355431,0.20000000001124424,1.0151750042533223,0.2,-0.815175004242078,False,0.815175004242078,0.0,INIT
2025-12-04T20:56:57.758416,1750.974343801,0.2000000000106253,1.0116635095148112,0.2,-0.811663509504186,False,0.811663509504186,0.0,INIT
2025-12-04T20:56:57.769678,1750.9856113,0.20000000001124424,1.0116635095148112,0.2,-0.8116635095035669,False,0.8116635095035669,0.0,INIT
2025-12-04T20:56:57.780111,1750.996048474,0.20000000001124424,1.0081510913035956,0.2,-0.8081510912923513,False,0.8081510912923513,0.0,INIT
2025-12-04T20:56:57.790640,1751.006576464,0.20000000001124424,1.0081510913035956,0.2,-0.8081510912923513,False,0.8081510912923513,0.0,INIT
2025-12-04T20:56:57.807704,1751.023634917,0.2000000000106253,1.0081510913035956,0.2,-0.8081510912929704,False,0.8081510912929704,0.0,INIT
2025-12-04T20:56:57.811684,1751.027617726,0.2000000000106253,1.0046377435880434,0.2,-0.8046377435774181,False,0.8046377435774181,0.0,INIT
2025-12-04T20:56:57.823048,1751.038995652,0.2000000000106253,1.0046377435880434,0.2,-0.8046377435774181,False,0.8046377435774181,0.0,INIT
2025-12-04T20:56:57.833034,1751.048963123,0.20000000001124424,1.0046377435880434,0.2,-0.8046377435767991,False,0.8046377435767991,0.0,INIT
2025-12-04T20:56:57.880173,1751.096110263,0.20000000001124424,1.0011234603312342,0.2,-0.8011234603199899,False,0.8011234603199899,0.0,INIT
2025-12-04T20:56:57.886045,1751.101988916,0.2000000000106253,1.0011234603312342,0.2,-0.801123460320609,False,0.801123460320609,0.0,INIT
2025-12-04T20:56:57.887325,1751.103256745,0.2000000000106253,0.9976082354909872,0.2,-0.797608235480362,False,0.797608235480362,0.0,INIT
2025-12-04T20:56:57.891964,1751.107898181,0.2000000000106253,0.9976082354909872,0.2,-0.797608235480362,False,0.797608235480362,0.0,INIT
2025-12-04T20:56:57.893416,1751.109346067,0.2000000000106253,0.9940920630198082,0.2,-0.794092063009183,False,0.794092063009183,0.0,INIT
2025-12-04T20:56:57.899144,1751.115075256,0.2000000000106253,0.9940920630198082,0.2,-0.794092063009183,False,0.794092063009183,0.0,INIT
2025-12-04T20:56:57.910386,1751.126321965,0.2000000000106253,0.990574936864892,0.2,-0.7905749368542667,False,0.7905749368542667,0.0,INIT
2025-12-04T20:56:57.922193,1751.13812842,0.2000000000106253,0.990574936864892,0.2,-0.7905749368542667,False,0.7905749368542667,0.0,INIT
2025-12-04T20:56:57.942359,1751.158288422,0.20000000001062532,0.990574936864892,0.2,-0.7905749368542666,False,0.7905749368542666,0.0,INIT
2025-12-04T20:56:57.943408,1751.159336562,0.20000000001062532,0.9870568509681252,0.2,-0.7870568509574999,False,0.7870568509574999,0.0,INIT
2025-12-04T20:56:57.956935,1751.172870112,0.2000000000106253,0.9870568509681252,0.2,-0.7870568509575,False,0.7870568509575,0.0,INIT
2025-12-04T20:56:57.964520,1751.18044803,0.2000000000106253,0.983537799266033,0.2,-0.7835377992554078,False,0.7835377992554078,0.0,INIT
2025-12-04T20:56:57.975042,1751.190972032,0.2000000000106253,0.983537799266033,0.2,-0.7835377992554078,False,0.7835377992554078,0.0,INIT
2025-12-04T20:56:57.991339,1751.207272121,0.2000000000106253,0.9800177756898076,0.2,-0.7800177756791824,False,0.7800177756791824,0.0,INIT
2025-12-04T20:56:57.997992,1751.2139265,0.2000000000106253,0.9800177756898076,0.2,-0.7800177756791824,False,0.7800177756791824,0.0,INIT
2025-12-04T20:56:58.009299,1751.225232279,0.2000000000106253,0.9764967741652715,0.2,-0.7764967741546462,False,0.7764967741546462,0.0,INIT
2025-12-04T20:56:58.020008,1751.235944704,0.2000000000106253,0.9764967741652715,0.2,-0.7764967741546462,False,0.7764967741546462,0.0,INIT
2025-12-04T20:56:58.035462,1751.251393577,0.2000000000106253,0.9729747886128752,0.2,-0.77297478860225,False,0.77297478860225,0.0,INIT
2025-12-04T20:56:58.041259,1751.257190605,0.2000000000106253,0.9729747886128752,0.2,-0.77297478860225,False,0.77297478860225,0.0,INIT
2025-12-04T20:56:58.053457,1751.269391324,0.2000000000106253,0.9729747886128752,0.2,-0.77297478860225,False,0.77297478860225,0.0,INIT
2025-12-04T20:56:58.070571,1751.286514199,0.2000000000106253,0.9694518129476659,0.2,-0.7694518129370407,False,0.7694518129370407,0.0,INIT
2025-12-04T20:56:58.138734,1751.354668547,0.2000000000106253,0.9694518129476659,0.2,-0.7694518129370407,False,0.7694518129370407,0.0,INIT
2025-12-04T20:56:58.144165,1751.360103893,0.2000000000106253,0.9659278410793108,0.2,-0.7659278410686856,False,0.7659278410686856,0.0,INIT
2025-12-04T20:56:58.145903,1751.361834601,0.2000000000106253,0.9659278410793108,0.2,-0.7659278410686856,False,0.7659278410686856,0.0,INIT
2025-12-04T20:56:58.150156,1751.366093105,0.2000000000106253,0.962402866912047,0.2,-0.7624028669014218,False,0.7624028669014218,0.0,INIT
2025-12-04T20:56:58.152325,1751.368258767,0.2000000000106253,0.958876884344714,0.2,-0.7588768843340887,False,0.7588768843340887,0.0,INIT
2025-12-04T20:56:58.193205,1751.409136255,0.20000000001124424,0.958876884344714,0.2,-0.7588768843334697,False,0.7588768843334697,0.0,INIT
2025-12-04T20:56:58.202653,1751.418585293,0.2000000000106253,0.9553498872706943,0.2,-0.755349887260069,False,0.755349887260069,0.0,INIT
2025-12-04T20:56:58.203893,1751.419830722,0.2000000000106253,0.9553498872706943,0.2,-0.755349887260069,False,0.755349887260069,0.0,INIT
2025-12-04T20:56:58.205098,1751.421026292,0.2000000000106253,0.9553498872706943,0.2,-0.755349887260069,False,0.755349887260069,0.0,INIT
2025-12-04T20:56:58.206230,1751.422155899,0.2000000000106253,0.9518218695779534,0.2,-0.7518218695673282,False,0.7518218695673282,0.0,INIT
2025-12-04T20:56:58.207411,1751.423342198,0.2000000000106253,0.9518218695779534,0.2,-0.7518218695673282,False,0.7518218695673282,0.0,INIT
2025-12-04T20:56:58.208542,1751.424466644,0.2000000000106253,0.9482928251489868,0.2,-0.7482928251383616,False,0.7482928251383616,0.0,INIT
2025-12-04T20:56:58.209613,1751.425537317,0.2000000000106253,0.9482928251489868,0.2,-0.7482928251383616,False,0.7482928251383616,0.0,INIT
2025-12-04T20:56:58.215378,1751.431313171,0.2000000000106253,0.9447627478608505,0.2,-0.7447627478502252,False,0.7447627478502252,0.0,INIT
2025-12-04T20:56:58.225645,1751.441576298,0.20000000001124424,0.9447627478608505,0.2,-0.7447627478496062,False,0.7447627478496062,0.0,INIT
2025-12-04T20:56:58.236982,1751.452914123,0.20000000001124424,0.9412316315851115,0.2,-0.7412316315738672,False,0.7412316315738672,0.0,INIT
2025-12-04T20:56:58.255344,1751.471274055,0.20000000001124424,0.9412316315851115,0.2,-0.7412316315738672,False,0.7412316315738672,0.0,INIT
2025-12-04T20:56:58.261836,1751.477765589,0.20000000001124424,0.9376994701878782,0.2,-0.737699470176634,False,0.737699470176634,0.0,INIT
2025-12-04T20:56:58.271105,1751.487038858,0.20000000001124424,0.9376994701878782,0.2,-0.737699470176634,False,0.737699470176634,0.0,INIT
2025-12-04T20:56:58.285097,1751.501069653,0.20000000001124424,0.9341662575297747,0.2,-0.7341662575185304,False,0.7341662575185304,0.0,INIT
2025-12-04T20:56:58.292601,1751.508534428,0.2000000000106253,0.9341662575297747,0.2,-0.7341662575191494,False,0.7341662575191494,0.0,INIT
2025-12-04T20:56:58.303783,1751.519721367,0.2000000000106253,0.9306319874659366,0.2,-0.7306319874553113,False,0.7306319874553113,0.0,INIT
2025-12-04T20:56:58.314225,1751.530164483,0.20000000001124424,0.9306319874659366,0.2,-0.7306319874546923,False,0.7306319874546923,0.0,INIT
2025-12-04T20:56:58.326199,1751.542132411,0.20000000001124424,0.9270966538459886,0.2,-0.7270966538347443,False,0.7270966538347443,0.0,INIT
2025-12-04T20:56:58.335859,1751.551792632,0.2000000000106253,0.9270966538459886,0.2,-0.7270966538353634,False,0.7270966538353634,0.0,INIT
2025-12-04T20:56:58.347374,1751.56331104,0.2000000000106253,0.9235602505140754,0.2,-0.7235602505034502,False,0.7235602505034502,0.0,INIT
2025-12-04T20:56:58.357144,1751.573078487,0.20000000001124424,0.9235602505140754,0.2,-0.7235602505028311,False,0.7235602505028311,0.0,INIT
2025-12-04T20:56:58.376577,1751.592506535,0.20000000001124424,0.9200227713088136,0.2,-0.7200227712975693,False,0.7200227712975693,0.0,INIT
2025-12-04T20:56:58.389010,1751.604944445,0.2000000000106253,0.9200227713088136,0.2,-0.7200227712981884,False,0.7200227712981884,0.0,INIT
2025-12-04T20:56:58.391104,1751.607038535,0.2000000000106253,0.9164842100633273,0.2,-0.716484210052702,False,0.716484210052702,0.0,INIT
2025-12-04T20:56:58.400117,1751.616057608,0.20000000001124424,0.9164842100633273,0.2,-0.716484210052083,False,0.716484210052083,0.0,INIT
2025-12-04T20:56:58.418951,1751.634896921,0.20000000001124424,0.9129445606052009,0.2,-0.7129445605939566,False,0.7129445605939566,0.0,INIT
2025-12-04T20:56:58.452698,1751.668632887,0.2000000000106253,0.9129445606052009,0.2,-0.7129445605945757,False,0.7129445605945757,0.0,INIT
2025-12-04T20:56:58.455152,1751.671081836,0.2000000000106253,0.9129445606052009,0.2,-0.7129445605945757,False,0.7129445605945757,0.0,INIT
2025-12-04T20:56:58.455931,1751.671860331,0.2000000000106253,0.9094038167565248,0.2,-0.7094038167458996,False,0.7094038167458996,0.0,INIT
2025-12-04T20:56:58.457160,1751.673089147,0.2000000000106253,0.9058619723338417,0.2,-0.7058619723232165,False,0.7058619723232165,0.0,INIT
2025-12-04T20:56:58.467648,1751.683586974,0.2000000000106253,0.9058619723338417,0.2,-0.7058619723232165,False,0.7058619723232165,0.0,INIT
2025-12-04T20:56:58.476186,1751.692114736,0.2000000000106253,0.9023190211481698,0.2,-0.7023190211375445,False,0.7023190211375445,0.0,INIT
2025-12-04T20:56:58.489064,1751.704997544,0.20000000001062532,0.9023190211481698,0.2,-0.7023190211375444,False,0.7023190211375444,0.0,INIT
2025-12-04T20:56:58.502354,1751.718286139,0.20000000001062532,0.9023190211481698,0.2,-0.7023190211375444,False,0.7023190211375444,0.0,INIT
2025-12-04T20:56:58.510876,1751.726804629,0.2000000000106253,0.8987749570050143,0.2,-0.6987749569943891,False,0.6987749569943891,0.0,INIT
2025-12-04T20:56:58.522148,1751.738092952,0.2000000000106253,0.8952297737043251,0.2,-0.6952297736936999,False,0.6952297736936999,0.0,INIT
2025-12-04T20:56:58.541505,1751.757437985,0.2000000000106253,0.8952297737043251,0.2,-0.6952297736936999,False,0.6952297736936999,0.0,INIT
2025-12-04T20:56:58.552388,1751.768332159,0.2000000000106253,0.8916834650405345,0.2,-0.6916834650299093,False,0.6916834650299093,0.0,INIT
2025-12-04T20:56:58.593490,1751.809427597,0.2000000000106253,0.8916834650405345,0.2,-0.6916834650299093,False,0.6916834650299093,0.0,INIT
2025-12-04T20:56:58.597742,1751.813674399,0.2000000000106253,0.8916834650405345,0.2,-0.6916834650299093,False,0.6916834650299093,0.0,INIT
2025-12-04T20:56:58.598426,1751.814354894,0.2000000000106253,0.8881360248025363,0.2,-0.688136024791911,False,0.688136024791911,0.0,INIT
2025-12-04T20:56:58.599365,1751.815290836,0.2000000000106253,0.8881360248025363,0.2,-0.688136024791911,False,0.688136024791911,0.0,INIT
2025-12-04T20:56:58.599987,1751.815916606,0.2000000000106253,0.8845874467736925,0.2,-0.6845874467630673,False,0.6845874467630673,0.0,INIT
2025-12-04T20:56:58.621360,1751.837300183,0.2000000000106253,0.8845874467736925,0.2,-0.6845874467630673,False,0.6845874467630673,0.0,INIT
2025-12-04T20:56:58.624228,1751.840160318,0.2000000000106253,0.8810377247318151,0.2,-0.6810377247211898,False,0.6810377247211898,0.0,INIT
2025-12-04T20:56:58.632954,1751.848885732,0.2000000000106253,0.8810377247318151,0.2,-0.6810377247211898,False,0.6810377247211898,0.0,INIT
2025-12-04T20:56:58.643893,1751.859824845,0.2000000000106253,0.8774868524492048,0.2,-0.6774868524385795,False,0.6774868524385795,0.0,INIT
2025-12-04T20:56:58.657170,1751.873101624,0.2000000000106253,0.8774868524492048,0.2,-0.6774868524385795,False,0.6774868524385795,0.0,INIT
2025-12-04T20:56:58.666261,1751.882188239,0.2000000000106253,0.8739348236926032,0.2,-0.673934823681978,False,0.673934823681978,0.0,INIT
2025-12-04T20:56:58.681244,1751.89717488,0.2000000000106253,0.8739348236926032,0.2,-0.673934823681978,False,0.673934823681978,0.0,INIT
2025-12-04T20:56:58.696680,1751.912617231,0.2000000000106253,0.870381632223248,0.2,-0.6703816322126228,False,0.6703816322126228,0.0,INIT
2025-12-04T20:56:58.704429,1751.920364186,0.2000000000106253,0.870381632223248,0.2,-0.6703816322126228,False,0.6703816322126228,0.0,INIT
2025-12-04T20:56:58.709718,1751.925645868,0.2000000000106253,0.8668272717968204,0.2,-0.6668272717861952,False,0.6668272717861952,0.0,INIT
2025-12-04T20:56:58.720976,1751.936916441,0.2000000000106253,0.8668272717968204,0.2,-0.6668272717861952,False,0.6668272717861952,0.0,INIT
2025-12-04T20:56:58.735537,1751.951476188,0.20000000001062532,0.8668272717968204,0.2,-0.666827271786195,False,0.666827271786195,0.0,INIT
2025-12-04T20:56:58.741957,1751.95788721,0.20000000001062532,0.8632717361635027,0.2,-0.6632717361528774,False,0.6632717361528774,0.0,INIT
2025-12-04T20:56:58.758985,1751.974915671,0.20000000001124424,0.8632717361635027,0.2,-0.6632717361522584,False,0.6632717361522584,0.0,INIT
2025-12-04T20:56:58.770331,1751.986277079,0.20000000001124424,0.859715019067929,0.2,-0.6597150190566847,False,0.6597150190566847,0.0,INIT
2025-12-04T20:56:58.775862,1751.991796587,0.2000000000106253,0.859715019067929,0.2,-0.6597150190573038,False,0.6597150190573038,0.0,INIT
2025-12-04T20:56:58.800661,1752.016596364,0.2000000000106253,0.8561571142492395,0.2,-0.6561571142386142,False,0.6561571142386142,0.0,INIT
2025-12-04T20:56:58.802595,1752.018522842,0.20000000001124424,0.8561571142492395,0.2,-0.6561571142379952,False,0.6561571142379952,0.0,INIT
2025-12-04T20:56:58.808418,1752.02434801,0.20000000001124424,0.8525980154410355,0.2,-0.6525980154297912,False,0.6525980154297912,0.0,INIT
2025-12-04T20:56:58.821525,1752.037461762,0.20000000001124424,0.8525980154410355,0.2,-0.6525980154297912,False,0.6525980154297912,0.0,INIT
2025-12-04T20:56:58.836478,1752.052415428,0.20000000001124424,0.8490377163714284,0.2,-0.6490377163601841,False,0.6490377163601841,0.0,INIT
2025-12-04T20:56:58.855261,1752.071198703,0.20000000001124424,0.8490377163714284,0.2,-0.6490377163601841,False,0.6490377163601841,0.0,INIT
2025-12-04T20:56:58.857375,1752.073305235,0.20000000001124424,0.8454762107630218,0.2,-0.6454762107517775,False,0.6454762107517775,0.0,INIT
2025-12-04T20:56:58.864818,1752.080746444,0.2000000000106253,0.8454762107630218,0.2,-0.6454762107523966,False,0.6454762107523966,0.0,INIT
2025-12-04T20:56:58.889456,1752.105388148,0.2000000000106253,0.8419134923329272,0.2,-0.641913492322302,False,0.641913492322302,0.0,INIT
2025-12-04T20:56:58.893192,1752.109126649,0.20000000001124424,0.8419134923329272,0.2,-0.6419134923216829,False,0.6419134923216829,0.0,INIT
2025-12-04T20:56:58.897648,1752.113584321,0.20000000001124424,0.8383495547927504,0.2,-0.6383495547815061,False,0.6383495547815061,0.0,INIT
2025-12-04T20:56:58.908794,1752.124721818,0.2000000000106253,0.8383495547927504,0.2,-0.6383495547821252,False,0.6383495547821252,0.0,INIT
2025-12-04T20:56:58.918913,1752.134855367,0.2000000000106253,0.8347843918486384,0.2,-0.6347843918380132,False,0.6347843918380132,0.0,INIT
2025-12-04T20:56:58.935513,1752.151449445,0.20000000001124424,0.8347843918486384,0.2,-0.6347843918373941,False,0.6347843918373941,0.0,INIT
2025-12-04T20:56:58.952203,1752.168148915,0.20000000001124424,0.8312179972012421,0.2,-0.6312179971899978,False,0.6312179971899978,0.0,INIT
2025-12-04T20:56:58.955934,1752.171869036,0.20000000001124424,0.8312179972012421,0.2,-0.6312179971899978,False,0.6312179971899978,0.0,INIT
2025-12-04T20:56:58.962824,1752.178755722,0.2000000000106253,0.8276503645457711,0.2,-0.6276503645351459,False,0.6276503645351459,0.0,INIT
2025-12-04T20:56:58.986674,1752.202626127,0.20000000001124424,0.8276503645457711,0.2,-0.6276503645345268,False,0.6276503645345268,0.0,INIT
2025-12-04T20:56:58.990803,1752.206735327,0.20000000001124424,0.8240814875719567,0.2,-0.6240814875607124,False,0.6240814875607124,0.0,INIT
2025-12-04T20:56:58.995826,1752.211758014,0.2000000000106253,0.8240814875719567,0.2,-0.6240814875613314,False,0.6240814875613314,0.0,INIT
2025-12-04T20:56:59.006054,1752.221983249,0.2000000000106253,0.8205113599641094,0.2,-0.6205113599534842,False,0.6205113599534842,0.0,INIT
2025-12-04T20:56:59.017233,1752.233163767,0.2000000000106253,0.8205113599641094,0.2,-0.6205113599534842,False,0.6205113599534842,0.0,INIT
2025-12-04T20:56:59.028198,1752.244127886,0.2000000000106253,0.8169399754010884,0.2,-0.6169399753904632,False,0.6169399753904632,0.0,INIT
2025-12-04T20:56:59.039645,1752.255575402,0.2000000000106253,0.8169399754010884,0.2,-0.6169399753904632,False,0.6169399753904632,0.0,INIT
2025-12-04T20:56:59.050138,1752.266072075,0.2000000000106253,0.8133673275563305,0.2,-0.6133673275457052,False,0.6133673275457052,0.0,INIT
2025-12-04T20:56:59.067839,1752.283808054,0.20000000001062532,0.8133673275563305,0.2,-0.6133673275457051,False,0.6133673275457051,0.0,INIT
2025-12-04T20:56:59.072643,1752.28858116,0.20000000001062532,0.8097934100978805,0.2,-0.6097934100872552,False,0.6097934100872552,0.0,INIT
2025-12-04T20:56:59.083254,1752.299182683,0.2000000000106253,0.8097934100978805,0.2,-0.6097934100872553,False,0.6097934100872553,0.0,INIT
2025-12-04T20:56:59.098244,1752.314174372,0.2000000000106253,0.8062182166883618,0.2,-0.6062182166777366,False,0.6062182166777366,0.0,INIT
2025-12-04T20:56:59.126600,1752.342533293,0.2000000000106253,0.8062182166883618,0.2,-0.6062182166777366,False,0.6062182166777366,0.0,INIT
2025-12-04T20:56:59.130145,1752.34608902,0.2000000000106253,0.8026417409850333,0.2,-0.602641740974408,False,0.602641740974408,0.0,INIT
2025-12-04T20:56:59.131882,1752.347812109,0.2000000000106253,0.8026417409850333,0.2,-0.602641740974408,False,0.602641740974408,0.0,INIT
2025-12-04T20:56:59.137848,1752.353777026,0.2000000000106253,0.7990639766397774,0.2,-0.5990639766291521,False,0.5990639766291521,0.0,INIT
2025-12-04T20:56:59.150901,1752.366838931,0.2000000000106253,0.7990639766397774,0.2,-0.5990639766291521,False,0.5990639766291521,0.0,INIT
2025-12-04T20:56:59.159697,1752.375634237,0.2000000000106253,0.7954849172991283,0.2,-0.5954849172885031,False,0.5954849172885031,0.0,INIT
2025-12-04T20:56:59.170912,1752.386843338,0.2000000000106253,0.7954849172991283,0.2,-0.5954849172885031,False,0.5954849172885031,0.0,INIT
2025-12-04T20:56:59.182672,1752.398607749,0.2000000000106253,0.7919045566042628,0.2,-0.5919045565936376,False,0.5919045565936376,0.0,INIT
2025-12-04T20:56:59.224978,1752.440911018,0.2000000000106253,0.7919045566042628,0.2,-0.5919045565936376,False,0.5919045565936376,0.0,INIT
2025-12-04T20:56:59.227050,1752.442981316,0.2000000000106253,0.7883228881910611,0.2,-0.5883228881804359,False,0.5883228881804359,0.0,INIT
2025-12-04T20:56:59.227630,1752.443557557,0.2000000000106253,0.7883228881910611,0.2,-0.5883228881804359,False,0.5883228881804359,0.0,INIT
2025-12-04T20:56:59.228441,1752.444369163,0.2000000000106253,0.784739905690071,0.2,-0.5847399056794458,False,0.5847399056794458,0.0,INIT
2025-12-04T20:56:59.235820,1752.451752498,0.2000000000106253,0.784739905690071,0.2,-0.5847399056794458,False,0.5847399056794458,0.0,INIT
2025-12-04T20:56:59.246942,1752.462876303,0.2000000000106253,0.781155602726578,0.2,-0.5811556027159528,False,0.5811556027159528,0.0,INIT
2025-12-04T20:56:59.265181,1752.481111939,0.2000000000106253,0.781155602726578,0.2,-0.5811556027159528,False,0.5811556027159528,0.0,INIT
2025-12-04T20:56:59.274307,1752.490240956,0.2000000000106253,0.7775699729205745,0.2,-0.5775699729099493,False,0.5775699729099493,0.0,INIT
2025-12-04T20:56:59.279213,1752.495140684,0.20000000001062532,0.7775699729205745,0.2,-0.5775699729099492,False,0.5775699729099492,0.0,INIT
2025-12-04T20:56:59.291210,1752.507146347,0.20000000001062532,0.7739830098868254,0.2,-0.5739830098762001,False,0.5739830098762001,0.0,INIT
2025-12-04T20:56:59.351035,1752.566973352,0.20000000001124424,0.7739830098868254,0.2,-0.5739830098755812,False,0.5739830098755812,0.0,INIT
2025-12-04T20:56:59.354695,1752.570641111,0.20000000001124424,0.7703947072348427,0.2,-0.5703947072235984,False,0.5703947072235984,0.0,INIT
2025-12-04T20:56:59.356668,1752.572600939,0.20000000001124424,0.7703947072348427,0.2,-0.5703947072235984,False,0.5703947072235984,0.0,INIT
2025-12-04T20:56:59.357592,1752.573542085,0.20000000001124424,0.7668050585689512,0.2,-0.5668050585577069,False,0.5668050585577069,0.0,INIT
2025-12-04T20:56:59.359748,1752.575683078,0.20000000001124424,0.7668050585689512,0.2,-0.5668050585577069,False,0.5668050585577069,0.0,INIT
2025-12-04T20:56:59.361169,1752.577111774,0.20000000001124424,0.7632140574882649,0.2,-0.5632140574770206,False,0.5632140574770206,0.0,INIT
2025-12-04T20:56:59.388836,1752.604774758,0.20000000001124424,0.7632140574882649,0.2,-0.5632140574770206,False,0.5632140574770206,0.0,INIT
2025-12-04T20:56:59.425540,1752.641471796,0.2000000000106253,0.7596216975867489,0.2,-0.5596216975761237,False,0.5596216975761237,0.0,INIT
2025-12-04T20:56:59.429192,1752.645130302,0.2000000000106253,0.7596216975867489,0.2,-0.5596216975761237,False,0.5596216975761237,0.0,INIT
2025-12-04T20:56:59.436448,1752.652383942,0.20000000001124424,0.7560279724532188,0.2,-0.5560279724419745,False,0.5560279724419745,0.0,INIT
2025-12-04T20:56:59.438026,1752.653957314,0.20000000001124424,0.7560279724532188,0.2,-0.5560279724419745,False,0.5560279724419745,0.0,INIT
2025-12-04T20:56:59.440198,1752.656129572,0.20000000001124424,0.7524328756713787,0.2,-0.5524328756601344,False,0.5524328756601344,0.0,INIT
2025-12-04T20:56:59.441586,1752.657520524,0.20000000001124424,0.7524328756713787,0.2,-0.5524328756601344,False,0.5524328756601344,0.0,INIT
2025-12-04T20:56:59.450440,1752.666403507,0.20000000001124424,0.7488364008198163,0.2,-0.548836400808572,False,0.548836400808572,0.0,INIT
2025-12-04T20:56:59.458626,1752.674581194,0.2000000000106253,0.7488364008198163,0.2,-0.548836400809191,False,0.548836400809191,0.0,INIT
2025-12-04T20:56:59.469215,1752.685148337,0.2000000000106253,0.7452385414720775,0.2,-0.5452385414614522,False,0.5452385414614522,0.0,INIT
2025-12-04T20:56:59.479152,1752.695082448,0.20000000001124424,0.7452385414720775,0.2,-0.5452385414608332,False,0.5452385414608332,0.0,INIT
2025-12-04T20:56:59.494362,1752.710299481,0.20000000001124424,0.7416392911966376,0.2,-0.5416392911853933,False,0.5416392911853933,0.0,INIT
2025-12-04T20:56:59.507697,1752.723630151,0.2000000000106253,0.7416392911966376,0.2,-0.5416392911860124,False,0.5416392911860124,0.0,INIT
2025-12-04T20:56:59.512477,1752.728407911,0.2000000000106253,0.7380386435569815,0.2,-0.5380386435463562,False,0.5380386435463562,0.0,INIT
2025-12-04T20:56:59.524298,1752.74025076,0.20000000001124424,0.7380386435569815,0.2,-0.5380386435457372,False,0.5380386435457372,0.0,INIT
2025-12-04T20:56:59.535544,1752.751474718,0.20000000001124424,0.734436592111579,0.2,-0.5344365921003347,False,0.5344365921003347,0.0,INIT
2025-12-04T20:56:59.546998,1752.76292671,0.2000000000106253,0.734436592111579,0.2,-0.5344365921009537,False,0.5344365921009537,0.0,INIT
2025-12-04T20:56:59.556346,1752.772279852,0.2000000000106253,0.730833130413965,0.2,-0.5308331304033398,False,0.5308331304033398,0.0,INIT
2025-12-04T20:56:59.656225,1752.872202343,0.2000000000106253,0.730833130413965,0.2,-0.5308331304033398,False,0.5308331304033398,0.0,INIT
2025-12-04T20:56:59.664430,1752.880363203,0.2000000000106253,0.7272282520127247,0.2,-0.5272282520020994,False,0.5272282520020994,0.0,INIT
2025-12-04T20:56:59.667610,1752.883544161,0.2000000000106253,0.7272282520127247,0.2,-0.5272282520020994,False,0.5272282520020994,0.0,INIT
2025-12-04T20:56:59.669252,1752.885185827,0.2000000000106253,0.7236219504515424,0.2,-0.5236219504409172,False,0.5236219504409172,0.0,INIT
2025-12-04T20:56:59.679860,1752.895787412,0.2000000000106253,0.7164050519998191,0.2,-0.5164050519891938,False,0.5164050519891938,0.0,INIT
2025-12-04T20:56:59.672698,1752.888639967,0.2000000000106253,0.7236219504515424,0.2,-0.5236219504409172,False,0.5236219504409172,0.0,INIT
2025-12-04T20:56:59.676851,1752.892794509,0.2000000000106253,0.7200142192692507,0.2,-0.5200142192586255,False,0.5200142192586255,0.0,INIT
2025-12-04T20:56:59.677862,1752.893788675,0.2000000000106253,0.7200142192692507,0.2,-0.5200142192586255,False,0.5200142192586255,0.0,INIT
2025-12-04T20:56:59.678656,1752.894584336,0.2000000000106253,0.7164050519998191,0.2,-0.5164050519891938,False,0.5164050519891938,0.0,INIT
2025-12-04T20:56:59.671186,1752.887119533,0.2000000000106253,0.7236219504515424,0.2,-0.5236219504409172,False,0.5236219504409172,0.0,INIT
2025-12-04T20:56:59.690200,1752.906134841,0.2000000000106253,0.7127944421724313,0.2,-0.512794442161806,False,0.512794442161806,0.0,INIT
2025-12-04T20:56:59.691457,1752.907387993,0.2000000000106253,0.7127944421724313,0.2,-0.512794442161806,False,0.512794442161806,0.0,INIT
2025-12-04T20:56:59.697514,1752.913450571,0.2000000000106253,0.7091823833114925,0.2,-0.5091823833008673,False,0.5091823833008673,0.0,INIT
2025-12-04T20:56:59.713415,1752.929358362,0.2000000000106253,0.7091823833114925,0.2,-0.5091823833008673,False,0.5091823833008673,0.0,INIT
2025-12-04T20:56:59.718221,1752.934150847,0.2000000000106253,0.7055688689366768,0.2,-0.5055688689260516,False,0.5055688689260516,0.0,INIT
2025-12-04T20:56:59.729131,1752.945061018,0.2000000000106253,0.7055688689366768,0.2,-0.5055688689260516,False,0.5055688689260516,0.0,INIT
2025-12-04T20:56:59.750883,1752.966813059,0.2000000000106253,0.7055688689366768,0.2,-0.5055688689260516,False,0.5055688689260516,0.0,INIT
2025-12-04T20:56:59.752300,1752.968233855,0.2000000000106253,0.7019538925629378,0.2,-0.5019538925523126,False,0.5019538925523126,0.0,INIT
2025-12-04T20:56:59.762379,1752.978308348,0.2000000000106253,0.7019538925629378,0.2,-0.5019538925523126,False,0.5019538925523126,0.0,INIT
2025-12-04T20:56:59.773392,1752.989324928,0.2000000000106253,0.698337447700589,0.2,-0.49833744768996374,False,0.49833744768996374,0.0,INIT
2025-12-04T20:56:59.784033,1752.99997316,0.2000000000106253,0.698337447700589,0.2,-0.49833744768996374,False,0.49833744768996374,0.0,INIT
2025-12-04T20:56:59.805778,1753.02171544,0.2000000000106253,0.6947195278552893,0.2,-0.49471952784466405,False,0.49471952784466405,0.0,INIT
2025-12-04T20:56:59.807782,1753.023712082,0.2000000000106253,0.6947195278552893,0.2,-0.49471952784466405,False,0.49471952784466405,0.0,INIT
2025-12-04T20:56:59.842483,1753.058413046,0.2000000000106253,0.6911001265281329,0.2,-0.4911001265175076,False,0.4911001265175076,0.0,INIT
2025-12-04T20:56:59.888644,1753.104585873,0.20000000001124424,0.6911001265281329,0.2,-0.49110012651688867,False,0.49110012651688867,0.0,INIT
2025-12-04T20:56:59.896028,1753.111964023,0.20000000001124424,0.6874792372156371,0.2,-0.48747923720439285,False,0.48747923720439285,0.0,INIT
2025-12-04T20:56:59.900108,1753.116046283,0.2000000000106253,0.6874792372156371,0.2,-0.4874792372050118,False,0.4874792372050118,0.0,INIT
2025-12-04T20:56:59.902180,1753.118110793,0.2000000000106253,0.6874792372156371,0.2,-0.4874792372050118,False,0.4874792372050118,0.0,INIT
2025-12-04T20:56:59.903374,1753.119304026,0.2000000000106253,0.6838568534098335,0.2,-0.4838568533992082,False,0.4838568533992082,0.0,INIT
2025-12-04T20:56:59.905171,1753.121228121,0.2000000000106253,0.6838568534098335,0.2,-0.4838568533992082,False,0.4838568533992082,0.0,INIT
2025-12-04T20:56:59.906056,1753.12198187,0.2000000000106253,0.6802329685982564,0.2,-0.48023296858763115,False,0.48023296858763115,0.0,INIT
2025-12-04T20:56:59.907914,1753.123848342,0.2000000000106253,0.6802329685982564,0.2,-0.48023296858763115,False,0.48023296858763115,0.0,INIT
2025-12-04T20:56:59.914997,1753.130929721,0.2000000000106253,0.6766075762640371,0.2,-0.4766075762534118,False,0.4766075762534118,0.0,INIT
2025-12-04T20:56:59.926123,1753.142054671,0.20000000001124424,0.6766075762640371,0.2,-0.4766075762527929,False,0.4766075762527929,0.0,INIT
2025-12-04T20:56:59.937655,1753.153594267,0.20000000001124424,0.672980669885896,0.2,-0.47298066987465176,False,0.47298066987465176,0.0,INIT
2025-12-04T20:56:59.951544,1753.167493979,0.20000000001124424,0.672980669885896,0.2,-0.47298066987465176,False,0.47298066987465176,0.0,INIT
2025-12-04T20:56:59.958616,1753.174548465,0.20000000001124424,0.6693522429382281,0.2,-0.4693522429269839,False,0.4693522429269839,0.0,INIT
2025-12-04T20:56:59.997180,1753.213112095,0.2000000000106253,0.6693522429382281,0.2,-0.46935224292760286,False,0.46935224292760286,0.0,INIT
2025-12-04T20:56:59.998933,1753.214862365,0.2000000000106253,0.6657222888911267,0.2,-0.46572228888050143,False,0.46572228888050143,0.0,INIT
2025-12-04T20:56:59.999998,1753.21592539,0.2000000000106253,0.6657222888911267,0.2,-0.46572228888050143,False,0.46572228888050143,0.0,INIT
2025-12-04T20:57:00.004006,1753.219940152,0.2000000000106253,0.6620908012104367,0.2,-0.46209080119981144,False,0.46209080119981144,0.0,INIT
2025-12-04T20:57:00.016838,1753.232770629,0.20000000001124424,0.6620908012104367,0.2,-0.4620908011991925,False,0.4620908011991925,0.0,INIT
2025-12-04T20:57:00.024528,1753.240463308,0.20000000001124424,0.658457773357779,0.2,-0.45845777334653476,False,0.45845777334653476,0.0,INIT
2025-12-04T20:57:00.036393,1753.252325689,0.2000000000106253,0.658457773357779,0.2,-0.4584577733471537,False,0.4584577733471537,0.0,INIT
2025-12-04T20:57:00.046016,1753.261945382,0.2000000000106253,0.6548231987906421,0.2,-0.4548231987800168,False,0.4548231987800168,0.0,INIT
2025-12-04T20:57:00.093592,1753.309550635,0.2000000000106253,0.6548231987906421,0.2,-0.4548231987800168,False,0.4548231987800168,0.0,INIT
2025-12-04T20:57:00.095785,1753.31171517,0.2000000000106253,0.6511870709623793,0.2,-0.451187070951754,False,0.451187070951754,0.0,INIT
2025-12-04T20:57:00.096737,1753.312659753,0.2000000000106253,0.6511870709623793,0.2,-0.451187070951754,False,0.451187070951754,0.0,INIT
2025-12-04T20:57:00.098204,1753.314136572,0.2000000000106253,0.6511870709623793,0.2,-0.451187070951754,False,0.451187070951754,0.0,INIT
2025-12-04T20:57:00.102662,1753.318618369,0.2000000000106253,0.6475493833223092,0.2,-0.44754938331168387,False,0.44754938331168387,0.0,INIT
2025-12-04T20:57:00.129201,1753.345137766,0.20000000001124424,0.6475493833223092,0.2,-0.4475493833110649,False,0.4475493833110649,0.0,INIT
2025-12-04T20:57:00.131008,1753.346940752,0.20000000001124424,0.6439101293157159,0.2,-0.44391012930447166,False,0.44391012930447166,0.0,INIT
2025-12-04T20:57:00.151826,1753.367766779,0.2000000000106253,0.6439101293157159,0.2,-0.4439101293050906,False,0.4439101293050906,0.0,INIT
2025-12-04T20:57:00.153997,1753.369935478,0.2000000000106253,0.6402693023839512,0.2,-0.4402693023733259,False,0.4402693023733259,0.0,INIT
2025-12-04T20:57:00.165004,1753.380948258,0.2000000000106253,0.6402693023839512,0.2,-0.4402693023733259,False,0.4402693023733259,0.0,INIT
2025-12-04T20:57:00.170757,1753.386694549,0.2000000000106253,0.6366268959644419,0.2,-0.4366268959538166,False,0.4366268959538166,0.0,INIT
2025-12-04T20:57:00.180643,1753.396570856,0.2000000000106253,0.6366268959644419,0.2,-0.4366268959538166,False,0.4366268959538166,0.0,INIT
2025-12-04T20:57:00.192211,1753.408146161,0.2000000000106253,0.6329829034907655,0.2,-0.4329829034801402,False,0.4329829034801402,0.0,INIT
2025-12-04T20:57:00.203613,1753.419549506,0.2000000000106253,0.6329829034907655,0.2,-0.4329829034801402,False,0.4329829034801402,0.0,INIT
2025-12-04T20:57:00.214159,1753.430088069,0.2000000000106253,0.6329829034907655,0.2,-0.4329829034801402,False,0.4329829034801402,0.0,INIT
2025-12-04T20:57:00.226881,1753.442815001,0.2000000000106253,0.6293373183927207,0.2,-0.4293373183820954,False,0.4293373183820954,0.0,INIT
2025-12-04T20:57:00.236536,1753.452478469,0.2000000000106253,0.6293373183927207,0.2,-0.4293373183820954,False,0.4293373183820954,0.0,INIT
2025-12-04T20:57:00.271206,1753.487147129,0.2000000000106253,0.6256901340963403,0.2,-0.42569013408571504,False,0.42569013408571504,0.0,INIT
2025-12-04T20:57:00.279741,1753.495674714,0.2000000000106253,0.6256901340963403,0.2,-0.42569013408571504,False,0.42569013408571504,0.0,INIT
2025-12-04T20:57:00.289901,1753.505850121,0.2000000000106253,0.6220413440239927,0.2,-0.4220413440133674,False,0.4220413440133674,0.0,INIT
2025-12-04T20:57:00.319365,1753.535322567,0.2000000000106253,0.6220413440239927,0.2,-0.4220413440133674,False,0.4220413440133674,0.0,INIT
2025-12-04T20:57:00.328572,1753.544508277,0.2000000000106253,0.6183909415944147,0.2,-0.41839094158378937,False,0.41839094158378937,0.0,INIT
2025-12-04T20:57:00.329774,1753.545705836,0.2000000000106253,0.6147389202227815,0.2,-0.41473892021215625,False,0.41473892021215625,0.0,INIT
2025-12-04T20:57:00.330846,1753.54677591,0.2000000000106253,0.6147389202227815,0.2,-0.41473892021215625,False,0.41473892021215625,0.0,INIT
2025-12-04T20:57:00.331380,1753.54730813,0.2000000000106253,0.6147389202227815,0.2,-0.41473892021215625,False,0.41473892021215625,0.0,INIT
2025-12-04T20:57:00.336781,1753.552709087,0.2000000000106253,0.6110852733207452,0.2,-0.41108527331011996,False,0.41108527331011996,0.0,INIT
2025-12-04T20:57:00.355325,1753.571264703,0.2000000000106253,0.6110852733207452,0.2,-0.41108527331011996,False,0.41108527331011996,0.0,INIT
2025-12-04T20:57:00.363553,1753.579497722,0.2000000000106253,0.6074299942965364,0.2,-0.40742999428591115,False,0.40742999428591115,0.0,INIT
2025-12-04T20:57:00.369482,1753.585412677,0.2000000000106253,0.6074299942965364,0.2,-0.40742999428591115,False,0.40742999428591115,0.0,INIT
2025-12-04T20:57:00.379285,1753.595214984,0.2000000000106253,0.6037730765549787,0.2,-0.4037730765443534,False,0.4037730765443534,0.0,INIT
2025-12-04T20:57:00.390298,1753.60623746,0.2000000000106253,0.6037730765549787,0.2,-0.4037730765443534,False,0.4037730765443534,0.0,INIT
2025-12-04T20:57:00.400551,1753.616485659,0.2000000000106253,0.6001145134976018,0.2,-0.4001145134869765,False,0.4001145134869765,0.0,INIT
2025-12-04T20:57:00.410922,1753.626850939,0.2000000000106253,0.6001145134976018,0.2,-0.4001145134869765,False,0.4001145134869765,0.0,INIT
2025-12-04T20:57:00.425653,1753.641587011,0.2000000000106253,0.596454298522656,0.2,-0.3964542985120307,False,0.3964542985120307,0.0,INIT
2025-12-04T20:57:00.436503,1753.652473118,0.2000000000106253,0.596454298522656,0.2,-0.3964542985120307,False,0.3964542985120307,0.0,INIT
2025-12-04T20:57:00.447530,1753.663459911,0.20000000001062532,0.596454298522656,0.2,-0.3964542985120306,False,0.3964542985120306,0.0,INIT
2025-12-04T20:57:00.455702,1753.671638817,0.20000000001062532,0.5927924250252272,0.2,-0.3927924250146019,False,0.3927924250146019,0.0,INIT
2025-12-04T20:57:00.465754,1753.681694887,0.2000000000118632,0.5927924250252272,0.2,-0.39279242501336403,False,0.39279242501336403,0.0,INIT
2025-12-04T20:57:00.476617,1753.692546095,0.2000000000118632,0.5891288863972508,0.2,-0.3891288863853876,False,0.3891288863853876,0.0,INIT
2025-12-04T20:57:00.489480,1753.705417947,0.2000000000106253,0.5891288863972508,0.2,-0.3891288863866255,False,0.3891288863866255,0.0,INIT
2025-12-04T20:57:00.497690,1753.71361873,0.2000000000106253,0.585463676027651,0.2,-0.38546367601702575,False,0.38546367601702575,0.0,INIT
2025-12-04T20:57:00.513120,1753.729052433,0.20000000001124424,0.585463676027651,0.2,-0.3854636760164068,False,0.3854636760164068,0.0,INIT
2025-12-04T20:57:00.519667,1753.735595477,0.20000000001124424,0.5817967873023258,0.2,-0.3817967872910815,False,0.3817967872910815,0.0,INIT
2025-12-04T20:57:00.530761,1753.746699542,0.2000000000106253,0.5817967873023258,0.2,-0.38179678729170047,False,0.38179678729170047,0.0,INIT
2025-12-04T20:57:00.541890,1753.7578259,0.2000000000106253,0.5781282136042902,0.2,-0.37812821359366494,False,0.37812821359366494,0.0,INIT
2025-12-04T20:57:00.553097,1753.769029402,0.2000000000106253,0.5781282136042902,0.2,-0.37812821359366494,False,0.37812821359366494,0.0,INIT
2025-12-04T20:57:00.571794,1753.787726954,0.20000000001124424,0.5781282136042902,0.2,-0.378128213593046,False,0.378128213593046,0.0,INIT
2025-12-04T20:57:00.575198,1753.791127321,0.20000000001124424,0.5744579483136931,0.2,-0.3744579483024489,False,0.3744579483024489,0.0,INIT
2025-12-04T20:57:00.586012,1753.801940472,0.2000000000106253,0.5744579483136931,0.2,-0.37445794830306783,False,0.37445794830306783,0.0,INIT
2025-12-04T20:57:00.597982,1753.813917088,0.2000000000106253,0.57078598480794,0.2,-0.37078598479731467,False,0.37078598479731467,0.0,INIT
2025-12-04T20:57:00.626399,1753.842340296,0.20000000001124424,0.57078598480794,0.2,-0.3707859847966957,False,0.3707859847966957,0.0,INIT
2025-12-04T20:57:00.629225,1753.84515441,0.2000000000106253,0.5671123164617167,0.2,-0.3671123164510914,False,0.3671123164510914,0.0,INIT
2025-12-04T20:57:00.630753,1753.846680966,0.2000000000106253,0.5671123164617167,0.2,-0.3671123164510914,False,0.3671123164510914,0.0,INIT
2025-12-04T20:57:00.664043,1753.879975536,0.2000000000106253,0.5634369366471161,0.2,-0.36343693663649085,False,0.36343693663649085,0.0,INIT
2025-12-04T20:57:00.669623,1753.885561179,0.20000000001124424,0.5634369366471161,0.2,-0.3634369366358719,False,0.3634369366358719,0.0,INIT
2025-12-04T20:57:00.671386,1753.887315377,0.2000000000112442,0.5597598387336635,0.2,-0.35975983872241935,False,0.35975983872241935,0.0,INIT
2025-12-04T20:57:00.710847,1753.926777521,0.2000000000112442,0.5597598387336635,0.2,-0.35975983872241935,False,0.35975983872241935,0.0,INIT
2025-12-04T20:57:00.724317,1753.940251064,0.2000000000106253,0.5560810160884375,0.2,-0.35608101607781223,False,0.35608101607781223,0.0,INIT
2025-12-04T20:57:00.725818,1753.941743392,0.2000000000106253,0.5560810160884375,0.2,-0.35608101607781223,False,0.35608101607781223,0.0,INIT
2025-12-04T20:57:00.726653,1753.942583896,0.2000000000106253,0.5524004620761271,0.2,-0.35240046206550185,False,0.35240046206550185,0.0,INIT
2025-12-04T20:57:00.727767,1753.943693536,0.2000000000106253,0.5524004620761271,0.2,-0.35240046206550185,False,0.35240046206550185,0.0,INIT
2025-12-04T20:57:00.728742,1753.944670788,0.2000000000106253,0.5487181700591215,0.2,-0.3487181700484962,False,0.3487181700484962,0.0,INIT
2025-12-04T20:57:00.737477,1753.95340875,0.2000000000106253,0.5487181700591215,0.2,-0.3487181700484962,False,0.3487181700484962,0.0,INIT
2025-12-04T20:57:00.748280,1753.964208706,0.2000000000106253,0.5450341333975754,0.2,-0.34503413338695016,False,0.34503413338695016,0.0,INIT
2025-12-04T20:57:00.758393,1753.974331153,0.2000000000106253,0.5450341333975754,0.2,-0.34503413338695016,False,0.34503413338695016,0.0,INIT
2025-12-04T20:57:00.769913,1753.985848034,0.2000000000106253,0.5413483454495034,0.2,-0.3413483454388781,False,0.3413483454388781,0.0,INIT
2025-12-04T20:57:00.803322,1754.019254332,0.2000000000106253,0.5413483454495034,0.2,-0.3413483454388781,False,0.3413483454388781,0.0,INIT
2025-12-04T20:57:00.805395,1754.021327165,0.2000000000106253,0.5376607995708826,0.2,-0.33766079956025735,False,0.33766079956025735,0.0,INIT
2025-12-04T20:57:00.807014,1754.0229439,0.2000000000106253,0.5376607995708826,0.2,-0.33766079956025735,False,0.33766079956025735,0.0,INIT
2025-12-04T20:57:00.812754,1754.028684173,0.2000000000106253,0.5339714891156953,0.2,-0.33397148910506996,False,0.33397148910506996,0.0,INIT
2025-12-04T20:57:00.829607,1754.045538702,0.20000000001062532,0.5339714891156953,0.2,-0.3339714891050699,False,0.3339714891050699,0.0,INIT
2025-12-04T20:57:00.834899,1754.050851388,0.20000000001062532,0.5302804074360661,0.2,-0.33028040742544074,False,0.33028040742544074,0.0,INIT
2025-12-04T20:57:00.845297,1754.061224836,0.2000000000106253,0.5302804074360661,0.2,-0.3302804074254408,False,0.3302804074254408,0.0,INIT
2025-12-04T20:57:00.858673,1754.074611365,0.2000000000106253,0.5265875478822997,0.2,-0.3265875478716744,False,0.3265875478716744,0.0,INIT
2025-12-04T20:57:00.869414,1754.085355861,0.2000000000106253,0.5265875478822997,0.2,-0.3265875478716744,False,0.3265875478716744,0.0,INIT
2025-12-04T20:57:00.881375,1754.097310069,0.2000000000106253,0.5228929038030201,0.2,-0.3228929037923948,False,0.3228929037923948,0.0,INIT
2025-12-04T20:57:00.892122,1754.108056882,0.2000000000106253,0.5228929038030201,0.2,-0.3228929037923948,False,0.3228929037923948,0.0,INIT
2025-12-04T20:57:00.899333,1754.115266744,0.2000000000106253,0.5228929038030201,0.2,-0.3228929037923948,False,0.3228929037923948,0.0,INIT
2025-12-04T20:57:00.909877,1754.125808427,0.2000000000106253,0.5191964685452133,0.2,-0.319196468534588,False,0.319196468534588,0.0,INIT
2025-12-04T20:57:00.928596,1754.144529367,0.20000000001062532,0.5191964685452133,0.2,-0.31919646853458794,False,0.31919646853458794,0.0,INIT
2025-12-04T20:57:00.932409,1754.148341829,0.20000000001062532,0.5154982354543667,0.2,-0.31549823544374134,False,0.31549823544374134,0.0,INIT
2025-12-04T20:57:00.941884,1754.157814742,0.20000000001062532,0.5154982354543667,0.2,-0.31549823544374134,False,0.31549823544374134,0.0,INIT
2025-12-04T20:57:00.952524,1754.168459945,0.2000000000106253,0.5154982354543667,0.2,-0.3154982354437414,False,0.3154982354437414,0.0,INIT
2025-12-04T20:57:00.963973,1754.179925934,0.2000000000106253,0.511798197874517,0.2,-0.3117981978638917,False,0.3117981978638917,0.0,INIT
2025-12-04T20:57:00.974177,1754.19010558,0.2000000000106253,0.511798197874517,0.2,-0.3117981978638917,False,0.3117981978638917,0.0,INIT
2025-12-04T20:57:00.987147,1754.203079242,0.2000000000106253,0.5080963491483832,0.2,-0.3080963491377579,False,0.3080963491377579,0.0,INIT
2025-12-04T20:57:00.997902,1754.213833865,0.2000000000106253,0.5080963491483832,0.2,-0.3080963491377579,False,0.3080963491377579,0.0,INIT
2025-12-04T20:57:01.006794,1754.222722403,0.2000000000106253,0.504392682617445,0.2,-0.3043926826068197,False,0.3043926826068197,0.0,INIT
2025-12-04T20:57:01.017267,1754.233197778,0.2000000000106253,0.504392682617445,0.2,-0.3043926826068197,False,0.3043926826068197,0.0,INIT
2025-12-04T20:57:01.045879,1754.261812543,0.2000000000112442,0.504392682617445,0.2,-0.3043926826062008,False,0.3043926826062008,0.0,INIT
2025-12-04T20:57:01.048326,1754.264256271,0.2000000000112442,0.5006871916220472,0.2,-0.30068719161080304,False,0.30068719161080304,0.0,INIT
2025-12-04T20:57:01.051455,1754.267407049,0.2000000000112442,0.5006871916220472,0.2,-0.30068719161080304,False,0.30068719161080304,0.0,INIT
2025-12-04T20:57:01.061787,1754.277718389,0.2000000000112442,0.496979869501478,0.2,-0.2969798694902338,False,0.2969798694902338,0.0,INIT
2025-12-04T20:57:01.095719,1754.311658151,0.2000000000112442,0.496979869501478,0.2,-0.2969798694902338,False,0.2969798694902338,0.0,INIT
2025-12-04T20:57:01.098715,1754.314661741,0.20000000001124424,0.49327070959411,0.2,-0.2932707095828658,False,0.2932707095828658,0.0,INIT
2025-12-04T20:57:01.099762,1754.315694916,0.20000000001124424,0.49327070959411,0.2,-0.2932707095828658,False,0.2932707095828658,0.0,INIT
2025-12-04T20:57:01.105943,1754.321871775,0.20000000001124424,0.4895597052374572,0.2,-0.28955970522621294,False,0.28955970522621294,0.0,INIT
2025-12-04T20:57:01.116326,1754.332257427,0.2000000000106253,0.4895597052374572,0.2,-0.2895597052268319,False,0.2895597052268319,0.0,INIT
2025-12-04T20:57:01.127327,1754.34326037,0.2000000000106253,0.48584684976832326,0.2,-0.285846849757698,False,0.285846849757698,0.0,INIT
2025-12-04T20:57:01.137931,1754.353869661,0.2000000000106253,0.48584684976832326,0.2,-0.285846849757698,False,0.285846849757698,0.0,INIT
2025-12-04T20:57:01.147701,1754.363628171,0.20000000001124424,0.48584684976832326,0.2,-0.285846849757079,False,0.285846849757079,0.0,INIT
2025-12-04T20:57:01.159227,1754.375165867,0.20000000001124424,0.48213213652286013,0.2,-0.2821321365116159,False,0.2821321365116159,0.0,INIT
2025-12-04T20:57:01.171924,1754.387867865,0.2000000000106253,0.48213213652286013,0.2,-0.28213213651223484,False,0.28213213651223484,0.0,INIT
2025-12-04T20:57:01.179825,1754.395757156,0.2000000000106253,0.4784155588367236,0.2,-0.2784155588260983,False,0.2784155588260983,0.0,INIT
2025-12-04T20:57:01.199984,1754.415919238,0.20000000001124424,0.4784155588367236,0.2,-0.27841555882547936,False,0.27841555882547936,0.0,INIT
2025-12-04T20:57:01.202889,1754.418827889,0.20000000001124424,0.47469711004513204,0.2,-0.2746971100338878,False,0.2746971100338878,0.0,INIT
2025-12-04T20:57:01.220058,1754.436010057,0.2000000000106253,0.47469711004513204,0.2,-0.27469711003450675,False,0.27469711003450675,0.0,INIT
2025-12-04T20:57:01.227888,1754.44382246,0.2000000000106253,0.4709767834830232,0.2,-0.2709767834723979,False,0.2709767834723979,0.0,INIT
2025-12-04T20:57:01.236537,1754.452482285,0.20000000001124424,0.4709767834830232,0.2,-0.27097678347177895,False,0.27097678347177895,0.0,INIT
2025-12-04T20:57:01.248294,1754.464227577,0.20000000001124424,0.4672545724851198,0.2,-0.2672545724738756,False,0.2672545724738756,0.0,INIT
2025-12-04T20:57:01.257278,1754.473210408,0.20000000001124424,0.4672545724851198,0.2,-0.2672545724738756,False,0.2672545724738756,0.0,INIT
2025-12-04T20:57:01.268055,1754.483991693,0.20000000001124424,0.4672545724851198,0.2,-0.2672545724738756,False,0.2672545724738756,0.0,INIT
2025-12-04T20:57:01.278775,1754.494704507,0.2000000000112442,0.4672545724851198,0.2,-0.26725457247387563,False,0.26725457247387563,0.0,INIT
2025-12-04T20:57:01.294761,1754.510693035,0.20000000001124424,0.4635304703860812,0.2,-0.26353047037483696,False,0.26353047037483696,0.0,INIT
2025-12-04T20:57:01.308963,1754.524893959,0.20000000001124424,0.4598044705205959,0.2,-0.2598044705093517,False,0.2598044705093517,0.0,INIT
2025-12-04T20:57:01.340907,1754.556840229,0.2000000000106253,0.4598044705205959,0.2,-0.25980447050997063,False,0.25980447050997063,0.0,INIT
2025-12-04T20:57:01.343140,1754.559069643,0.2000000000106253,0.456076566223508,0.2,-0.2560765662128827,False,0.2560765662128827,0.0,INIT
2025-12-04T20:57:01.344346,1754.560275369,0.2000000000106253,0.456076566223508,0.2,-0.2560765662128827,False,0.2560765662128827,0.0,INIT
2025-12-04T20:57:01.352981,1754.568915477,0.2000000000106253,0.45234675082991593,0.2,-0.25234675081929064,False,0.25234675081929064,0.0,INIT
2025-12-04T20:57:01.358255,1754.574189301,0.2000000000106253,0.45234675082991593,0.2,-0.25234675081929064,False,0.25234675081929064,0.0,INIT
2025-12-04T20:57:01.366859,1754.582799275,0.2000000000106253,0.44861501767530365,0.2,-0.24861501766467836,False,0.24861501766467836,0.0,INIT
2025-12-04T20:57:01.377515,1754.5934464,0.2000000000106253,0.44861501767530365,0.2,-0.24861501766467836,False,0.24861501766467836,0.0,INIT
2025-12-04T20:57:01.388714,1754.604645846,0.2000000000106253,0.44861501767530365,0.2,-0.24861501766467836,False,0.24861501766467836,0.0,INIT
2025-12-04T20:57:01.399391,1754.615329313,0.2000000000106253,0.4448813600956796,0.2,-0.2448813600850543,False,0.2448813600850543,0.0,INIT
2025-12-04T20:57:01.410139,1754.62607007,0.2000000000106253,0.4448813600956796,0.2,-0.2448813600850543,False,0.2448813600850543,0.0,INIT
2025-12-04T20:57:01.421020,1754.636950464,0.2000000000106253,0.44114577142765565,0.2,-0.24114577141703036,False,0.24114577141703036,0.0,INIT
2025-12-04T20:57:01.436873,1754.652810236,0.20000000001062532,0.44114577142765565,0.2,-0.24114577141703034,False,0.24114577141703034,0.0,INIT
2025-12-04T20:57:01.467420,1754.68336066,0.20000000001062532,0.4374082450086201,0.2,-0.23740824499799476,False,0.23740824499799476,0.0,INIT
2025-12-04T20:57:01.472055,1754.688014151,0.2000000000106253,0.4374082450086201,0.2,-0.2374082449979948,False,0.2374082449979948,0.0,INIT
2025-12-04T20:57:01.473664,1754.689600279,0.2000000000106253,0.4336687741768115,0.2,-0.2336687741661862,False,0.2336687741661862,0.0,INIT
2025-12-04T20:57:01.502389,1754.718325513,0.2000000000106253,0.4336687741768115,0.2,-0.2336687741661862,False,0.2336687741661862,0.0,INIT
2025-12-04T20:57:01.511162,1754.727097061,0.2000000000106253,0.4299273522714966,0.2,-0.2299273522608713,False,0.2299273522608713,0.0,INIT
2025-12-04T20:57:01.512367,1754.728294738,0.2000000000106253,0.4299273522714966,0.2,-0.2299273522608713,False,0.2299273522608713,0.0,INIT
2025-12-04T20:57:01.513123,1754.729048648,0.2000000000106253,0.4299273522714966,0.2,-0.2299273522608713,False,0.2299273522608713,0.0,INIT
2025-12-04T20:57:01.528300,1754.744234117,0.2000000000106253,0.4261839726330505,0.2,-0.22618397262242523,False,0.22618397262242523,0.0,INIT
2025-12-04T20:57:01.533875,1754.749813141,0.2000000000106253,0.42243862860313186,0.2,-0.22243862859250657,False,0.22243862859250657,0.0,INIT
2025-12-04T20:57:01.543796,1754.759726177,0.2000000000106253,0.42243862860313186,0.2,-0.22243862859250657,False,0.22243862859250657,0.0,INIT
2025-12-04T20:57:01.561415,1754.777348392,0.2000000000106253,0.4186913135247692,0.2,-0.2186913135141439,False,0.2186913135141439,0.0,INIT
2025-12-04T20:57:01.564977,1754.780909001,0.2000000000106253,0.4186913135247692,0.2,-0.2186913135141439,False,0.2186913135141439,0.0,INIT
2025-12-04T20:57:01.574709,1754.790639322,0.2000000000106253,0.4149420207425356,0.2,-0.21494202073191032,False,0.21494202073191032,0.0,INIT
2025-12-04T20:57:01.604404,1754.820338857,0.2000000000106253,0.4149420207425356,0.2,-0.21494202073191032,False,0.21494202073191032,0.0,INIT
2025-12-04T20:57:01.606562,1754.822500864,0.2000000000106253,0.4111907436026585,0.2,-0.21119074359203321,False,0.21119074359203321,0.0,INIT
2025-12-04T20:57:01.618534,1754.834477115,0.2000000000106253,0.4111907436026585,0.2,-0.21119074359203321,False,0.21119074359203321,0.0,INIT
2025-12-04T20:57:01.664139,1754.880083748,0.2000000000106253,0.4111907436026585,0.2,-0.21119074359203321,False,0.21119074359203321,0.0,INIT
2025-12-04T20:57:01.687048,1754.902978795,0.20000000001124424,0.4111907436026585,0.2,-0.21119074359141427,False,0.21119074359141427,0.0,INIT
2025-12-04T20:57:01.690879,1754.906820782,0.20000000001124424,0.40743747545317044,0.2,-0.2074374754419262,False,0.2074374754419262,0.0,INIT
2025-12-04T20:57:01.693992,1754.909922812,0.20000000001124424,0.40743747545317044,0.2,-0.2074374754419262,False,0.2074374754419262,0.0,INIT
2025-12-04T20:57:01.756631,1754.972570059,0.20000000001124424,0.40368220964402024,0.2,-0.203682209632776,False,0.203682209632776,0.0,INIT
2025-12-04T20:57:01.762597,1754.978530097,0.2000000000106253,0.40368220964402024,0.2,-0.20368220963339495,False,0.20368220963339495,0.0,INIT
2025-12-04T20:57:01.763479,1754.979411177,0.2000000000106253,0.39992493952725905,0.2,-0.19992493951663376,False,0.19992493951663376,0.0,INIT
2025-12-04T20:57:01.764556,1754.980486499,0.2000000000106253,0.39992493952725905,0.2,-0.19992493951663376,False,0.19992493951663376,0.0,INIT
2025-12-04T20:57:01.765166,1754.98109435,0.2000000000106253,0.39616565845713003,0.2,-0.19616565844650474,False,0.19616565844650474,0.0,INIT
2025-12-04T20:57:01.765904,1754.981830556,0.2000000000106253,0.39616565845713003,0.2,-0.19616565844650474,False,0.19616565844650474,0.0,INIT
2025-12-04T20:57:01.766555,1754.982481673,0.2000000000106253,0.39240435979026334,0.2,-0.19240435977963805,False,0.19240435977963805,0.0,INIT
2025-12-04T20:57:01.767016,1754.982940299,0.2000000000106253,0.39240435979026334,0.2,-0.19240435977963805,False,0.19240435977963805,0.0,INIT
2025-12-04T20:57:01.767613,1754.983537283,0.2000000000106253,0.38864103688577023,0.2,-0.18864103687514494,False,0.18864103687514494,0.0,INIT
2025-12-04T20:57:01.768283,1754.984207725,0.2000000000106253,0.38864103688577023,0.2,-0.18864103687514494,False,0.18864103687514494,0.0,INIT
2025-12-04T20:57:01.770848,1754.98678314,0.2000000000106253,0.3848756831054416,0.2,-0.18487568309481633,False,0.18487568309481633,0.0,INIT
2025-12-04T20:57:01.780950,1754.996877163,0.20000000001124424,0.3848756831054416,0.2,-0.18487568309419738,False,0.18487568309419738,0.0,INIT
2025-12-04T20:57:01.792473,1755.008412097,0.20000000001124424,0.38110829181384487,0.2,-0.18110829180260063,False,0.18110829180260063,0.0,INIT
2025-12-04T20:57:01.815349,1755.031280683,0.2000000000106253,0.38110829181384487,0.2,-0.18110829180321958,False,0.18110829180321958,0.0,INIT
2025-12-04T20:57:01.816454,1755.032386564,0.2000000000106253,0.3773388563785254,0.2,-0.1773388563679001,False,0.1773388563679001,0.0,INIT
2025-12-04T20:57:01.828149,1755.044110198,0.20000000001124424,0.3773388563785254,0.2,-0.17733885636728114,False,0.17733885636728114,0.0,INIT
2025-12-04T20:57:01.835349,1755.051279194,0.20000000001124424,0.3735673701701092,0.2,-0.17356737015886498,False,0.17356737015886498,0.0,INIT
2025-12-04T20:57:01.846273,1755.062200484,0.20000000001124424,0.3735673701701092,0.2,-0.17356737015886498,False,0.17356737015886498,0.0,INIT
2025-12-04T20:57:01.857954,1755.073890654,0.2000000000112442,0.3735673701701092,0.2,-0.173567370158865,False,0.173567370158865,0.0,INIT
2025-12-04T20:57:01.868546,1755.084490369,0.2000000000112442,0.3697938265624994,0.2,-0.16979382655125516,False,0.16979382655125516,0.0,INIT
2025-12-04T20:57:01.878463,1755.094398553,0.20000000001124424,0.3697938265624994,0.2,-0.16979382655125513,False,0.16979382655125513,0.0,INIT
2025-12-04T20:57:01.890295,1755.106228838,0.20000000001124424,0.36601821893300945,0.2,-0.16601821892176521,False,0.16601821892176521,0.0,INIT
2025-12-04T20:57:01.936875,1755.152829917,0.2000000000106253,0.36601821893300945,0.2,-0.16601821892238416,False,0.16601821892238416,0.0,INIT
2025-12-04T20:57:01.941035,1755.156967418,0.2000000000106253,0.362240540662532,0.2,-0.16224054065190668,False,0.16224054065190668,0.0,INIT
2025-12-04T20:57:01.943222,1755.159152695,0.2000000000106253,0.3584607851356778,0.2,-0.15846078512505252,False,0.15846078512505252,0.0,INIT
2025-12-04T20:57:01.945079,1755.161011523,0.2000000000106253,0.3584607851356778,0.2,-0.15846078512505252,False,0.15846078512505252,0.0,INIT
2025-12-04T20:57:01.946815,1755.16274328,0.2000000000106253,0.3546789457409534,0.2,-0.1546789457303281,False,0.1546789457303281,0.0,INIT
2025-12-04T20:57:01.959539,1755.175477368,0.2000000000106253,0.3546789457409534,0.2,-0.1546789457303281,False,0.1546789457303281,0.0,INIT
2025-12-04T20:57:01.981690,1755.197620693,0.2000000000106253,0.3546789457409534,0.2,-0.1546789457303281,False,0.1546789457303281,0.0,INIT
2025-12-04T20:57:01.985731,1755.201665076,0.2000000000106253,0.3508950158709401,0.2,-0.15089501586031479,False,0.15089501586031479,0.0,INIT
2025-12-04T20:57:01.989700,1755.205634228,0.2000000000106253,0.3508950158709401,0.2,-0.15089501586031479,False,0.15089501586031479,0.0,INIT
2025-12-04T20:57:01.998422,1755.214355324,0.2000000000106253,0.3471089889224177,0.2,-0.14710898891179242,False,0.14710898891179242,0.0,INIT
2025-12-04T20:57:02.032437,1755.248378191,0.2000000000106253,0.3471089889224177,0.2,-0.14710898891179242,False,0.14710898891179242,0.0,INIT
2025-12-04T20:57:02.035539,1755.251478101,0.2000000000106253,0.3433208582965799,0.2,-0.1433208582859546,False,0.1433208582859546,0.0,INIT
2025-12-04T20:57:02.037300,1755.253234117,0.2000000000106253,0.3433208582965799,0.2,-0.1433208582859546,False,0.1433208582859546,0.0,INIT
2025-12-04T20:57:02.042724,1755.258655558,0.2000000000106253,0.3395306173991526,0.2,-0.1395306173885273,False,0.1395306173885273,0.0,INIT
2025-12-04T20:57:02.062289,1755.278228684,0.2000000000106253,0.3395306173991526,0.2,-0.1395306173885273,False,0.1395306173885273,0.0,INIT
2025-12-04T20:57:02.074418,1755.290350879,0.2000000000106253,0.33573825964061665,0.2,-0.13573825962999136,False,0.13573825962999136,0.0,INIT
2025-12-04T20:57:02.090159,1755.306092268,0.2000000000106253,0.33573825964061665,0.2,-0.13573825962999136,False,0.13573825962999136,0.0,INIT
2025-12-04T20:57:02.091396,1755.307326956,0.2000000000106253,0.3319437784363304,0.2,-0.1319437784257051,False,0.1319437784257051,0.0,INIT
2025-12-04T20:57:02.098835,1755.314766362,0.2000000000106253,0.3319437784363304,0.2,-0.1319437784257051,False,0.1319437784257051,0.0,INIT
2025-12-04T20:57:02.110419,1755.326349781,0.2000000000106253,0.32814716720675197,0.2,-0.12814716719612668,False,0.12814716719612668,0.0,INIT
2025-12-04T20:57:02.127777,1755.34371135,0.2000000000106253,0.32814716720675197,0.2,-0.12814716719612668,False,0.12814716719612668,0.0,INIT
2025-12-04T20:57:02.131718,1755.34764945,0.2000000000106253,0.32434841937756875,0.2,-0.12434841936694346,False,0.12434841936694346,0.0,INIT
2025-12-04T20:57:02.142850,1755.358784836,0.2000000000106253,0.32434841937756875,0.2,-0.12434841936694346,False,0.12434841936694346,0.0,INIT
2025-12-04T20:57:02.158047,1755.373980531,0.2000000000106253,0.32054752837991707,0.2,-0.12054752836929178,False,0.12054752836929178,0.0,INIT
2025-12-04T20:57:02.166553,1755.382491318,0.2000000000106253,0.32054752837991707,0.2,-0.12054752836929178,False,0.12054752836929178,0.0,INIT
2025-12-04T20:57:02.175702,1755.39163564,0.2000000000106253,0.31674448765053986,0.2,-0.11674448763991457,False,0.11674448763991457,0.0,INIT
2025-12-04T20:57:02.198307,1755.414243083,0.2000000000106253,0.31674448765053986,0.2,-0.11674448763991457,False,0.11674448763991457,0.0,INIT
2025-12-04T20:57:02.200255,1755.416189603,0.2000000000106253,0.31293929063198034,0.1995932691864302,-0.11293929062135505,False,0.11293929062135505,0.0,INIT
2025-12-04T20:57:02.211246,1755.427185082,0.2000000000112442,0.31293929063198034,0.1995932691855756,-0.11293929062073613,False,0.11293929062073613,0.0,INIT
2025-12-04T20:57:02.219356,1755.435284253,0.2000000000112442,0.30913193077274137,0.19430767067220603,-0.10913193076149716,False,0.10913193076149716,0.0,INIT
2025-12-04T20:57:02.231462,1755.447399926,0.19747903187889443,0.30913193077274137,0.19781378066929056,-0.11165289889384694,False,0.11165289889384694,0.0,INIT
2025-12-04T20:57:02.240900,1755.456829754,0.19747903187889443,0.3053516822286122,0.19254677319240612,-0.10787265034971777,False,0.10787265034971777,0.0,INIT
2025-12-04T20:57:02.264453,1755.480391181,0.1957069797760072,0.3053516822286122,0.19502286701887114,-0.10964470245260499,False,0.10964470245260499,0.0,INIT
2025-12-04T20:57:02.266313,1755.482241747,0.1957069797760072,0.3016293564566759,0.18980683265893666,-0.10592237668066867,False,0.10592237668066867,0.0,INIT
2025-12-04T20:57:02.318997,1755.534933693,0.1925467732089595,0.3016293564566759,0.19423878682971107,-0.10908258324771639,False,0.10908258324771639,0.0,INIT
2025-12-04T20:57:02.323078,1755.539018671,0.19502286703154373,0.29796464979735315,0.18558857027240871,-0.10294178276580943,False,0.10294178276580943,0.0,INIT
2025-12-04T20:57:02.324442,1755.54037125,0.19502286703154373,0.29796464979735315,0.18558857027240871,-0.10294178276580943,False,0.10294178276580943,0.0,INIT
2025-12-04T20:57:02.325762,1755.541693415,0.19502286703154373,0.2942507851471152,0.18027850138719226,-0.0992279181155715,False,0.0992279181155715,0.0,INIT
2025-12-04T20:57:02.326634,1755.542562569,0.19502286703154373,0.2942507851471152,0.18027850138719226,-0.0992279181155715,False,0.0992279181155715,0.0,INIT
2025-12-04T20:57:02.331460,1755.547395068,0.19502286703154373,0.2905323095717618,0.1748990292254381,-0.09550944254021806,False,0.09550944254021806,0.0,INIT
2025-12-04T20:57:02.342149,1755.558079831,0.18910569947684608,0.2905323095717618,0.18342956231791682,-0.10142661009491571,False,0.10142661009491571,0.0,INIT
2025-12-04T20:57:02.351243,1755.567180685,0.18910569947684608,0.28687087092960883,0.17817003216518898,-0.09776517145276276,False,0.09776517145276276,0.0,INIT
2025-12-04T20:57:02.392710,1755.608641182,0.18185170529628963,0.28687087092960883,0.188532551544449,-0.1050191656333192,False,0.1050191656333192,0.0,INIT
2025-12-04T20:57:02.401688,1755.61762404,0.1781700321810959,0.2834242994945657,0.18886457118018846,-0.10525426731346982,False,0.10525426731346982,0.0,INIT
2025-12-04T20:57:02.405587,1755.62152305,0.1781700321810959,0.2834242994945657,0.18886457118018846,-0.10525426731346982,False,0.10525426731346982,0.0,INIT
2025-12-04T20:57:02.407851,1755.623793399,0.17817003218047694,0.2800367447084682,0.18405771185610692,-0.10186671252799123,False,0.10186671252799123,0.0,INIT
2025-12-04T20:57:02.408761,1755.624690223,0.17817003218047694,0.2800367447084682,0.18405771185610692,-0.10186671252799123,False,0.10186671252799123,0.0,INIT
2025-12-04T20:57:02.418548,1755.634480412,0.17817003218047694,0.2766472358766032,0.17919761379807173,-0.09847720369612628,False,0.09847720369612628,0.0,INIT
2025-12-04T20:57:02.428201,1755.644134764,0.17817003218047694,0.2766472358766032,0.17919761379807173,-0.09847720369612628,False,0.09847720369612628,0.0,INIT
2025-12-04T20:57:02.453519,1755.669452359,0.17919761380661575,0.2766472358766032,0.17771389204395793,-0.09744962206998747,False,0.09744962206998747,0.0,INIT
2025-12-04T20:57:02.455128,1755.671063378,0.17919761380661575,0.27318283320993464,0.17267506923887133,-0.09398521940331889,False,0.09398521940331889,0.0,INIT
2025-12-04T20:57:02.461268,1755.677202914,0.17919761380661575,0.2697687974447014,0.1676522986503445,-0.09057118363808564,False,0.09057118363808564,0.0,INIT
2025-12-04T20:57:02.472809,1755.688750807,0.1701636879421736,0.2697687974447014,0.1808206179282939,-0.0996051095025278,False,0.0996051095025278,0.0,INIT
2025-12-04T20:57:02.482497,1755.698429508,0.1701636879421736,0.26644461390948804,0.17602044302474507,-0.09628092596731444,False,0.09628092596731444,0.0,INIT
2025-12-04T20:57:02.567735,1755.783669906,0.17602044303484643,0.26644461390948804,0.16743469493442195,-0.09042417087464161,False,0.09042417087464161,0.0,INIT
2025-12-04T20:57:02.579855,1755.795786869,0.17602044303484643,0.26308887324276986,0.1624370928619152,-0.08706843020792343,False,0.08706843020792343,0.0,INIT
2025-12-04T20:57:02.581943,1755.797873988,0.17602044303546538,0.26308887324276986,0.16243709286098792,-0.08706843020730448,False,0.08706843020730448,0.0,INIT
2025-12-04T20:57:02.583232,1755.799159149,0.17602044303546538,0.2597325290478518,0.15737809130519967,-0.08371208601238644,False,0.08371208601238644,0.0,INIT
2025-12-04T20:57:02.584868,1755.800798937,0.17602044303546538,0.2597325290478518,0.15737809130519967,-0.08371208601238644,False,0.08371208601238644,0.0,INIT
2025-12-04T20:57:02.585689,1755.801614778,0.17602044303546538,0.2563742245045657,0.15225249210981887,-0.08035378146910033,False,0.08035378146910033,0.0,INIT
2025-12-04T20:57:02.586717,1755.80264725,0.17602044303546538,0.2563742245045657,0.15225249210981887,-0.08035378146910033,False,0.08035378146910033,0.0,INIT
2025-12-04T20:57:02.588028,1755.803954892,0.17602044303546538,0.25301395425601125,0.14705681428445033,-0.07699351122054587,False,0.07699351122054587,0.0,INIT
2025-12-04T20:57:02.588865,1755.804790963,0.17602044303546538,0.25301395425601125,0.14705681428445033,-0.07699351122054587,False,0.07699351122054587,0.0,INIT
2025-12-04T20:57:02.592498,1755.808424965,0.17602044303546538,0.24965171294794652,0.14178725768543118,-0.07363126991248115,False,0.07363126991248115,0.0,INIT
2025-12-04T20:57:02.603224,1755.819161138,0.15735145632336503,0.24965171294794652,0.17020339606399468,-0.0923002566245815,False,0.0923002566245815,0.0,INIT
2025-12-04T20:57:02.641770,1755.857701221,0.15735145632336503,0.24650497568721974,0.1655492822948744,-0.08915351936385471,False,0.08915351936385471,0.0,INIT
2025-12-04T20:57:02.653091,1755.869021818,0.17020339608015145,0.24650497568721974,0.1459782840437143,-0.07630157960706829,False,0.07630157960706829,0.0,INIT
2025-12-04T20:57:02.655932,1755.871858548,0.17020339608015145,0.24347974165299346,0.14122669794915743,-0.07327634557284202,False,0.07327634557284202,0.0,INIT
2025-12-04T20:57:02.670684,1755.88661959,0.16731548292353243,0.24022827759594367,0.14065164377037226,-0.07291279467241124,False,0.07291279467241124,0.0,INIT
2025-12-04T20:57:02.677727,1755.893658275,0.16731548292353243,0.237003773684485,0.13551181744479038,-0.06968829076095256,False,0.06968829076095256,0.0,INIT
2025-12-04T20:57:02.693186,1755.909114889,0.14093917109617982,0.237003773684485,0.17570628429772878,-0.09606460258830518,False,0.09606460258830518,0.0,INIT
2025-12-04T20:57:02.698874,1755.914810404,0.14093917109617982,0.23433107256456642,0.1718063248168473,-0.0933919014683866,False,0.0933919014683866,0.0,INIT
2025-12-04T20:57:02.728042,1755.943970564,0.1515895883096064,0.23433107256456642,0.15590339768053924,-0.08274148425496003,False,0.08274148425496003,0.0,INIT
2025-12-04T20:57:02.728882,1755.944808647,0.1515895883096064,0.23159718815142583,0.15172038314441547,-0.08000759984181943,False,0.08000759984181943,0.0,INIT
2025-12-04T20:57:02.730241,1755.946165293,0.1515895883096064,0.23159718815142583,0.15172038314441547,-0.08000759984181943,False,0.08000759984181943,0.0,INIT
2025-12-04T20:57:02.742341,1755.958273278,0.17180632482149805,0.23159718815142583,0.1192561076938847,-0.05979086332992778,False,0.05979086332992778,0.0,INIT
2025-12-04T20:57:02.753126,1755.969060273,0.1322418323677557,0.2283027504155486,0.17570093145284887,-0.0960609180477929,False,0.0960609180477929,0.0,INIT
2025-12-04T20:57:02.763667,1755.97959831,0.1322418323677557,0.2283027504155486,0.17570093145284887,-0.0960609180477929,False,0.0960609180477929,0.0,INIT
2025-12-04T20:57:02.793312,1756.009246898,0.1757009314631746,0.22556505199025834,0.10211117450217677,-0.04986412052708375,False,0.04986412052708375,0.0,INIT
2025-12-04T20:57:02.798444,1756.014373859,0.1757009314637935,0.22241892785317496,0.09647222038567985,-0.046717996389381455,False,0.046717996389381455,0.0,INIT
2025-12-04T20:57:02.799272,1756.015201802,0.1757009314637935,0.22241892785317496,0.09647222038567985,-0.046717996389381455,False,0.046717996389381455,0.0,INIT
2025-12-04T20:57:02.806459,1756.022389894,0.1757009314637935,0.21904502167786832,0.0903014040770049,-0.043344090214074815,False,0.043344090214074815,0.0,INIT
2025-12-04T20:57:02.816946,1756.032880843,0.09400389651176114,0.21904502167786832,0.2,-0.1250411251661072,False,0.1250411251661072,0.0,INIT
2025-12-04T20:57:02.827209,1756.043143259,0.09400389651176114,0.2166228944101536,0.2,-0.12261899789839245,False,0.12261899789839245,0.0,INIT
2025-12-04T20:57:02.838383,1756.054312397,0.09400389651176114,0.2166228944101536,0.2,-0.12261899789839245,False,0.12261899789839245,0.0,INIT
2025-12-04T20:57:02.849059,1756.06499092,0.20000000001124424,0.2166228944101536,0.035476929795122174,-0.01662289439890935,False,0.01662289439890935,0.0,INIT
2025-12-04T20:57:02.861859,1756.077791978,0.20000000001124424,0.21325073907955794,0.027629397277358483,-0.0132507390683137,False,0.0132507390683137,0.0,INIT
2025-12-04T20:57:02.871977,1756.087907226,0.10061549800182386,0.21325073907955794,0.19917324945290252,-0.11263524107773408,False,0.11263524107773408,0.0,INIT
2025-12-04T20:57:02.889169,1756.10511495,0.11318890690014774,0.21037910127230397,0.1773385314418872,-0.09719019437215623,False,0.09719019437215623,0.0,INIT
2025-12-04T20:57:02.896744,1756.112679461,0.11318890690014774,0.21037910127230397,0.1773385314418872,-0.09719019437215623,False,0.09719019437215623,0.0,INIT
2025-12-04T20:57:02.906156,1756.122089215,0.1817054836858601,0.20906550161366289,0.05897809843865596,-0.027360017927802793,False,0.027360017927802793,0.0,INIT
2025-12-04T20:57:02.914873,1756.130803184,0.1817054836858601,0.20538876160193142,0.0511842955709343,-0.023683277916071332,False,0.023683277916071332,0.0,INIT
2025-12-04T20:57:02.928079,1756.144020084,0.05508120017485094,0.20538876160193142,0.2,-0.1503075614270805,False,0.1503075614270805,0.0,INIT
2025-12-04T20:57:02.964811,1756.180748079,0.05508120017485094,0.20538876160193142,0.2,-0.1503075614270805,False,0.1503075614270805,0.0,INIT
2025-12-04T20:57:02.967186,1756.183123351,0.19999999996482376,0.20348421032597575,0.004917585349855025,-0.003484210361151985,False,0.003484210361151985,0.0,INIT
2025-12-04T20:57:02.968572,1756.18450546,0.19999999996482376,0.20063276538211428,0.0003431361055583721,-0.000632765417290515,False,0.000632765417290515,0.0,INIT
2025-12-04T20:57:02.991490,1756.207424151,0.19999999996482376,0.20063276538211428,0.0003431361055583721,-0.000632765417290515,False,0.000632765417290515,0.0,INIT
2025-12-04T20:57:02.996979,1756.212915936,0.2000000000106253,0.19675972108268613,-0.004426830971689773,0.0032402789279391553,False,0.0032402789279391553,0.0,INIT
2025-12-04T20:57:02.998131,1756.21406845,0.2000000000106253,0.19675972108268613,-0.004426830971689773,0.0032402789279391553,False,0.0032402789279391553,0.0,INIT
2025-12-04T20:57:03.003064,1756.21899777,0.2000000000106253,0.19675972108268613,-0.004426830971689773,0.0032402789279391553,False,0.0032402789279391553,0.0,INIT
2025-12-04T20:57:03.012840,1756.228768491,0.2000000000106253,0.19288431167295084,-0.013042906797615144,0.007115688337674453,False,0.007115688337674453,0.0,INIT
2025-12-04T20:57:03.024014,1756.239950521,-0.004426829088046454,0.19288431167295084,0.2,-0.1973111407609973,False,0.1973111407609973,0.0,INIT
2025-12-04T20:57:03.034559,1756.250512956,-0.004426829088046454,0.19218229313009427,0.2,-0.19660912221814072,False,0.19660912221814072,0.0,INIT
2025-12-04T20:57:03.061696,1756.277635719,0.2000000000106253,0.19218229313009427,-0.014702227570202194,0.007817706880531017,False,0.007817706880531017,0.0,INIT
2025-12-04T20:57:03.065310,1756.281244421,0.2000000000106253,0.19115113023512098,-0.017156312670980407,0.008848869775504309,False,0.008848869775504309,0.0,INIT
2025-12-04T20:57:03.066160,1756.282085745,0.2000000000106253,0.19115113023512098,-0.017156312670980407,0.008848869775504309,False,0.008848869775504309,0.0,INIT
2025-12-04T20:57:03.077073,1756.293014893,0.2000000000106253,0.1872724064247442,-0.026394610263733877,0.012727593585881103,False,0.012727593585881103,0.0,INIT
2025-12-04T20:57:03.087885,1756.303824748,0.013857161273961471,0.1872724064247442,0.2,-0.17341524515078272,False,0.17341524515078272,0.0,INIT
2025-12-04T20:57:03.098923,1756.314854135,0.013857161273961471,0.18525288072105628,0.2,-0.1713957194470948,False,0.1713957194470948,0.0,INIT
2025-12-04T20:57:03.110372,1756.326308541,0.1435229050334718,0.18525288072105628,0.08730106656851633,-0.04172997568758449,False,0.04172997568758449,0.0,INIT
2025-12-04T20:57:03.124756,1756.340699857,0.1435229050334718,0.18420062199323306,0.08532752084973477,-0.04067771695976127,False,0.04067771695976127,0.0,INIT
2025-12-04T20:57:03.141410,1756.357339633,0.12663601392911722,0.18420062199323306,0.11549021150335936,-0.05756460806411584,False,0.05756460806411584,0.0,INIT
2025-12-04T20:57:03.144107,1756.360053954,0.12663601392911722,0.18105141392725432,0.11008734456049979,-0.054415399998137104,False,0.054415399998137104,0.0,INIT
2025-12-04T20:57:03.152205,1756.368136997,0.08532752086872768,0.18105141392725432,0.17521103425034912,-0.09572389305852665,False,0.09572389305852665,0.0,INIT
2025-12-04T20:57:03.163802,1756.379732616,0.08532752086872768,0.17944298660291924,0.17286554770446194,-0.09411546573419156,False,0.09411546573419156,0.0,INIT
2025-12-04T20:57:03.174521,1756.390452982,0.16794023972917146,0.17944298660291924,0.023489226433452522,-0.011502746873747777,False,0.011502746873747777,0.0,INIT
2025-12-04T20:57:03.184831,1756.400760339,0.16794023972917146,0.17699497539025622,0.017647609745473965,-0.00905473566108475,False,0.00905473566108475,0.0,INIT
2025-12-04T20:57:03.195939,1756.411873768,0.0959925997434315,0.17699497539025622,0.1532475201530091,-0.08100237564682472,False,0.08100237564682472,0.0,INIT
2025-12-04T20:57:03.206580,1756.422509086,0.0959925997434315,0.17441696036424004,0.14927763609310987,-0.07842436062080854,False,0.07842436062080854,0.0,INIT
2025-12-04T20:57:03.216992,1756.432923427,0.11613027441021521,0.17441696036424004,0.11671639922901088,-0.05828668595402482,False,0.05828668595402482,0.0,INIT
2025-12-04T20:57:03.256811,1756.472764368,0.12322865947911284,0.1731738967695038,0.10225516496844023,-0.04994523729039095,False,0.04994523729039095,0.0,INIT
2025-12-04T20:57:03.260319,1756.476250262,0.11671639923384292,0.17054373185752913,0.10906820485891047,-0.05382733262368622,False,0.05382733262368622,0.0,INIT
2025-12-04T20:57:03.261366,1756.477298928,0.11671639923384292,0.17054373185752913,0.10906820485891047,-0.05382733262368622,False,0.05382733262368622,0.0,INIT
2025-12-04T20:57:03.263635,1756.479578182,0.11671639923384292,0.16831875485514303,0.10518186740916746,-0.05160235562130011,False,0.05160235562130011,0.0,INIT
2025-12-04T20:57:03.273202,1756.489130166,0.11671639923384292,0.16831875485514303,0.10518186740916746,-0.05160235562130011,False,0.05160235562130011,0.0,INIT
2025-12-04T20:57:03.284951,1756.50088684,0.10566646922281411,0.16831875485514303,0.12403478008118196,-0.06265228563232891,False,0.06265228563232891,0.0,INIT
2025-12-04T20:57:03.295967,1756.51190595,0.10566646922281411,0.16620294062219232,0.12050785177903434,-0.060536471399378206,False,0.060536471399378206,0.0,INIT
2025-12-04T20:57:03.325217,1756.541156527,0.1240347800873961,0.16620294062219232,0.08811876311983155,-0.04216816053479622,False,0.04216816053479622,0.0,INIT
2025-12-04T20:57:03.357710,1756.57364738,0.1240347800873961,0.16407410296667235,0.08412324308848018,-0.04003932287927625,False,0.04003932287927625,0.0,INIT
2025-12-04T20:57:03.361497,1756.577431059,0.12403478008677715,0.16407410296667235,0.08412324308965036,-0.0400393228798952,False,0.0400393228798952,0.0,INIT
2025-12-04T20:57:03.368717,1756.58465041,0.1240347800873961,0.16169877467692384,0.07959474713146386,-0.03766399458952774,False,0.03766399458952774,0.0,INIT
2025-12-04T20:57:03.371236,1756.587166259,0.1240347800873961,0.16169877467692384,0.07959474713146386,-0.03766399458952774,False,0.03766399458952774,0.0,INIT
2025-12-04T20:57:03.372690,1756.588623209,0.1240347800873961,0.15932198932916553,0.07498490970180112,-0.035287209241769424,False,0.035287209241769424,0.0,INIT
2025-12-04T20:57:03.373893,1756.589823053,0.1240347800873961,0.15932198932916553,0.07498490970180112,-0.035287209241769424,False,0.035287209241769424,0.0,INIT
2025-12-04T20:57:03.383610,1756.599547006,0.1240347800873961,0.15694374355336782,0.07028879894696198,-0.03290896346597172,False,0.03290896346597172,0.0,INIT
2025-12-04T20:57:03.393877,1756.609810478,0.07310648525295038,0.15694374355336782,0.1575678844709253,-0.08383725830041744,False,0.08383725830041744,0.0,INIT
2025-12-04T20:57:03.404065,1756.619995036,0.07310648525295038,0.155105154174763,0.1547711539181343,-0.08199866892181262,False,0.08199866892181262,0.0,INIT
2025-12-04T20:57:03.439179,1756.655115705,0.15477115392250632,0.155105154174763,0.00011915193055402096,-0.0003340002522566887,False,0.0003340002522566887,0.0,INIT
2025-12-04T20:57:03.441693,1756.657625481,0.15477115392250632,0.1525339331417217,-0.0025516566791614894,0.0022372207807846156,False,0.0022372207807846156,0.0,INIT
2025-12-04T20:57:03.442636,1756.658561495,0.15477115392250632,0.1525339331417217,-0.0025516566791614894,0.0022372207807846156,False,0.0022372207807846156,0.0,INIT
2025-12-04T20:57:03.494713,1756.710655819,0.15477115392250632,0.1495365865254885,-0.008694952754907078,0.005234567397017803,False,0.005234567397017803,0.0,INIT
2025-12-04T20:57:03.499746,1756.71569536,-0.002551656681689937,0.1495365865254885,0.2,-0.15208824320717845,False,0.15208824320717845,0.0,INIT
2025-12-04T20:57:03.500958,1756.716890949,-0.002551656681689937,0.14812471765563773,0.2,-0.15067637433732767,False,0.15067637433732767,0.0,INIT
2025-12-04T20:57:03.502431,1756.718362442,-0.002551656681689937,0.14812471765563773,0.2,-0.15067637433732767,False,0.15067637433732767,0.0,INIT
2025-12-04T20:57:03.551497,1756.767445124,-0.002551656681689937,0.14827212301014914,0.2,-0.15082377969183908,False,0.15082377969183908,0.0,INIT
2025-12-04T20:57:03.687041,1756.902980836,-0.008694952756245511,0.14896117616337756,0.2,-0.15765612891962308,False,0.15765612891962308,0.0,INIT
2025-12-04T20:57:03.695875,1756.911806122,-0.008694952756245511,0.1492322782518003,0.2,-0.15792723100804582,False,0.15792723100804582,0.0,INIT
2025-12-04T20:57:03.697156,1756.913084242,-0.008694952756245511,0.14950361890014863,0.2,-0.15819857165639414,False,0.15819857165639414,0.0,INIT
2025-12-04T20:57:03.698071,1756.913997133,-0.008694952756245511,0.14950361890014863,0.2,-0.15819857165639414,False,0.15819857165639414,0.0,INIT
2025-12-04T20:57:03.699075,1756.915011366,-0.008694952756245511,0.14950361890014863,0.2,-0.15819857165639414,False,0.15819857165639414,0.0,INIT
2025-12-04T20:57:03.699933,1756.915863767,-0.008694952756245511,0.14977519856249666,0.2,-0.15847015131874218,False,0.15847015131874218,0.0,INIT
2025-12-04T20:57:03.703763,1756.919697262,0.008428089160525391,0.14977519856249666,0.2,-0.14134710940197126,False,0.14134710940197126,0.0,INIT
2025-12-04T20:57:03.705019,1756.92094731,0.008428089160525391,0.15004701769407047,0.2,-0.14161892853354507,False,0.14161892853354507,0.0,INIT
2025-12-04T20:57:03.705543,1756.921468822,0.008428089160525391,0.15004701769407047,0.2,-0.14161892853354507,False,0.14161892853354507,0.0,INIT
2025-12-04T20:57:03.706541,1756.922466961,0.008428089160525391,0.1503190767511957,0.2,-0.14189098759067031,False,0.14189098759067031,0.0,INIT
2025-12-04T20:57:03.707521,1756.923445111,0.008428089160525391,0.15059137619134733,0.2,-0.14216328703082193,False,0.14216328703082193,0.0,INIT
2025-12-04T20:57:03.708015,1756.92394228,0.008428089160525391,0.15059137619134733,0.2,-0.14216328703082193,False,0.14216328703082193,0.0,INIT
2025-12-04T20:57:03.717991,1756.93393172,0.008428089160525391,0.1506927252124295,0.2,-0.1422646360519041,False,0.1422646360519041,0.0,INIT
2025-12-04T20:57:03.726164,1756.942099555,0.008428089160525391,0.1506927252124295,0.2,-0.1422646360519041,False,0.1422646360519041,0.0,INIT
2025-12-04T20:57:03.736361,1756.952312496,0.20000000001124424,0.1506927252124295,-0.10112085460265877,0.04930727479881475,False,0.04930727479881475,0.0,INIT
2025-12-04T20:57:03.746366,1756.962293966,0.20000000001124424,0.14682879040310537,-0.1079272038623853,0.05317120960813887,False,0.05317120960813887,0.0,INIT
2025-12-04T20:57:03.759054,1756.974994937,-0.005492731401729817,0.14682879040310537,0.2,-0.15232152180483519,False,0.15232152180483519,0.0,INIT
2025-12-04T20:57:03.769695,1756.985628531,-0.005492731401729817,0.14497871705439414,0.2,-0.15047144845612395,False,0.15047144845612395,0.0,INIT
2025-12-04T20:57:03.780201,1756.99614398,0.06950558222168018,0.14497871705439414,0.14468297457320523,-0.07547313483271395,False,0.07547313483271395,0.0,INIT
2025-12-04T20:57:03.801914,1757.017848434,0.06950558222168018,0.14545198160307038,0.14542348020706825,-0.0759463993813902,False,0.0759463993813902,0.0,INIT
2025-12-04T20:57:03.803985,1757.019917363,0.15574640153602798,0.14545198160307038,-0.020608508118343742,0.0102944199329576,False,0.0102944199329576,0.0,INIT
2025-12-04T20:57:03.855693,1757.071633297,0.15574640153602798,0.1419887640960309,-0.028821814047469446,0.013757637439997084,False,0.013757637439997084,0.0,INIT
2025-12-04T20:57:03.862169,1757.078116146,-0.020608508124023473,0.1419887640960309,0.2,-0.16259727222005438,False,0.16259727222005438,0.0,INIT
2025-12-04T20:57:03.889455,1757.105392283,-0.028821814045116467,0.14001987235564117,0.2,-0.16884168640075764,False,0.16884168640075764,0.0,INIT
2025-12-04T20:57:03.892999,1757.108937567,-0.028821814045116467,0.14001987235564117,0.2,-0.16884168640075764,False,0.16884168640075764,0.0,INIT
2025-12-04T20:57:03.893797,1757.109727936,-0.028821814045116467,0.14052424753138748,0.2,-0.16934606157650395,False,0.16934606157650395,0.0,INIT
2025-12-04T20:57:03.894970,1757.110895896,-0.028821814045116467,0.14052424753138748,0.2,-0.16934606157650395,False,0.16934606157650395,0.0,INIT
2025-12-04T20:57:03.896069,1757.111999727,-0.028821814045116467,0.14102901264977152,0.2,-0.169850826694888,False,0.169850826694888,0.0,INIT
2025-12-04T20:57:03.896906,1757.112832543,-0.028821814045116467,0.14102901264977152,0.2,-0.169850826694888,False,0.169850826694888,0.0,INIT
2025-12-04T20:57:03.900441,1757.116379269,-0.028821814045116467,0.14168205142924428,0.2,-0.17050386547436075,False,0.17050386547436075,0.0,INIT
2025-12-04T20:57:03.912387,1757.128321156,0.14231647230723965,0.14168205142924428,-0.0003446099786668852,0.0006344208779953675,False,0.0006344208779953675,0.0,INIT
2025-12-04T20:57:03.923113,1757.139049972,0.14231647230723965,0.14064051091772,-0.0016366513214662454,0.0016759613895196424,False,0.0016759613895196424,0.0,INIT
2025-12-04T20:57:03.951882,1757.167823568,0.025626614199642794,0.14064051091772,0.2,-0.11501389671807721,False,0.11501389671807721,0.0,INIT
2025-12-04T20:57:03.969020,1757.184956734,0.025626614199642794,0.13847582345616338,0.19946886619124313,-0.11284920925652059,False,0.11284920925652059,0.0,INIT
2025-12-04T20:57:03.971340,1757.187272168,-0.0016366513205472257,0.13847582345616338,0.2,-0.1401124747767106,False,0.1401124747767106,0.0,INIT
2025-12-04T20:57:03.972335,1757.18826349,-0.0016366513205472257,0.13859992723767967,0.2,-0.14023657855822688,False,0.14023657855822688,0.0,INIT
2025-12-04T20:57:03.987068,1757.20302409,0.03249675464905244,0.13859992723767967,0.19006149524831847,-0.10610317258862723,False,0.10610317258862723,0.0,INIT
2025-12-04T20:57:03.995631,1757.211571984,0.03249675464905244,0.13838290661386754,0.1897557914246502,-0.1058861519648151,False,0.1058861519648151,0.0,INIT
2025-12-04T20:57:04.009615,1757.225545683,0.2000000000106253,0.13838290661386754,-0.12231377282759814,0.06161709339675775,False,0.06161709339675775,0.0,INIT
2025-12-04T20:57:04.011126,1757.227056422,0.2000000000106253,0.13447354421957414,-0.1287683847726316,0.06552645579105115,False,0.06552645579105115,0.0,INIT
2025-12-04T20:57:04.025540,1757.241477992,0.07285183280577631,0.13447354421957414,0.12232146968525437,-0.061621711413797825,False,0.061621711413797825,0.0,INIT
2025-12-04T20:57:04.031980,1757.247910307,0.07285183280577631,0.1319039642891,0.11801124548274966,-0.059052131483323694,False,0.059052131483323694,0.0,INIT
2025-12-04T20:57:04.055817,1757.271755679,0.05139735436418421,0.1319039642891,0.15248717498914088,-0.08050660992491579,False,0.08050660992491579,0.0,INIT
2025-12-04T20:57:04.059275,1757.275215455,0.05139735436418421,0.1327657085008811,0.15380788550688246,-0.08136835413669688,False,0.08136835413669688,0.0,INIT
2025-12-04T20:57:04.065637,1757.28157781,0.05139735436418421,0.1327657085008811,0.15380788550688246,-0.08136835413669688,False,0.08136835413669688,0.0,INIT
2025-12-04T20:57:04.083263,1757.299193385,0.12517055935300067,0.1327657085008811,0.014174859690393282,-0.007595149147880426,False,0.007595149147880426,0.0,INIT
2025-12-04T20:57:04.086846,1757.302779994,0.15380788551917524,0.13042101494629144,-0.05054484594222969,0.0233868705728838,False,0.0233868705728838,0.0,INIT
2025-12-04T20:57:04.097836,1757.313782204,0.15380788551917524,0.13042101494629144,-0.05054484594222969,0.0233868705728838,False,0.0233868705728838,0.0,INIT
2025-12-04T20:57:04.118102,1757.334048339,-0.05054484594059305,0.12743026082435494,0.2,-0.177975106764948,False,0.177975106764948,0.0,INIT
2025-12-04T20:57:04.134195,1757.350132613,-0.05054484594059305,0.12804953607428748,0.2,-0.17859438201488054,False,0.17859438201488054,0.0,INIT
2025-12-04T20:57:04.138030,1757.353962383,-0.05054484594059305,0.12804953607428748,0.2,-0.17859438201488054,False,0.17859438201488054,0.0,INIT
2025-12-04T20:57:04.141598,1757.357528437,-0.05054484594059305,0.12914573287817666,0.2,-0.1796905788187697,False,0.1796905788187697,0.0,INIT
2025-12-04T20:57:04.164017,1757.379950391,0.10644956459780941,0.12914573287817666,0.04904813098763163,-0.022696168280367246,False,0.022696168280367246,0.0,INIT
2025-12-04T20:57:04.165593,1757.381521888,0.10644956459780941,0.1286727242591139,0.048017743544269936,-0.022223159661304503,False,0.022223159661304503,0.0,INIT
2025-12-04T20:57:04.174312,1757.390249289,0.10644956459780941,0.1286727242591139,0.048017743544269936,-0.022223159661304503,False,0.022223159661304503,0.0,INIT
2025-12-04T20:57:04.190379,1757.406325447,0.04801774397009041,0.1286727242591139,0.15271487962121252,-0.0806549802890235,False,0.0806549802890235,0.0,INIT
2025-12-04T20:57:04.209047,1757.424978936,0.04801774397009041,0.12660024650489898,0.1495223136554753,-0.07858250253480857,False,0.07858250253480857,0.0,INIT
2025-12-04T20:57:04.211851,1757.427783056,0.12705031484913015,0.12660024650489898,-0.0001956384729656241,0.00045006834423116926,False,0.00045006834423116926,0.0,INIT
2025-12-04T20:57:04.217333,1757.433270193,0.12705031484913015,0.12493333829957187,-0.0023459730184752525,0.0021169765495582804,False,0.0021169765495582804,0.0,INIT
2025-12-04T20:57:04.230254,1757.446207716,0.08950492870966477,0.12493333829957187,0.07526105189531833,-0.0354284095899071,False,0.0354284095899071,0.0,INIT
2025-12-04T20:57:04.239950,1757.455883098,0.08950492870966477,0.12259326636439694,0.07064601575034996,-0.03308833765473217,False,0.03308833765473217,0.0,INIT
2025-12-04T20:57:04.249844,1757.46577608,0.0727833734825486,0.12259326636439694,0.10201487660775946,-0.04980989288184834,False,0.04980989288184834,0.0,INIT
2025-12-04T20:57:04.261608,1757.477545887,0.0727833734825486,0.12197043184191614,0.10090662710288656,-0.04918705835936754,False,0.04918705835936754,0.0,INIT
2025-12-04T20:57:04.272466,1757.488405576,0.10179322714793157,0.12197043184191614,0.04350955996116634,-0.02017720469398457,False,0.02017720469398457,0.0,INIT
2025-12-04T20:57:04.281899,1757.497825791,0.10179322714793157,0.12026403366623706,0.039684982259393244,-0.018470806518305488,False,0.018470806518305488,0.0,INIT
2025-12-04T20:57:04.293164,1757.509099187,0.10179322714793157,0.12026403366623706,0.039684982259393244,-0.018470806518305488,False,0.018470806518305488,0.0,INIT
2025-12-04T20:57:04.337720,1757.553664435,0.039684982261575366,0.12026403366623706,0.1525983675167981,-0.08057905140466169,False,0.08057905140466169,0.0,INIT
2025-12-04T20:57:04.372953,1757.588887337,0.03968498226095643,0.11941233905138215,0.1512891030279034,-0.07972735679042572,False,0.07972735679042572,0.0,INIT
2025-12-04T20:57:04.376176,1757.592108737,0.03968498226095643,0.11941233905138215,0.1512891030279034,-0.07972735679042572,False,0.07972735679042572,0.0,INIT
2025-12-04T20:57:04.377268,1757.593199586,0.03968498226095643,0.11869806025478136,0.15018772807432068,-0.07901307799382493,False,0.07901307799382493,0.0,INIT
2025-12-04T20:57:04.378172,1757.594100598,0.03968498226095643,0.11869806025478136,0.15018772807432068,-0.07901307799382493,False,0.07901307799382493,0.0,INIT
2025-12-04T20:57:04.379004,1757.594932883,0.03968498226095643,0.11798335951374828,0.14908260474412835,-0.07829837725279185,False,0.07829837725279185,0.0,INIT
2025-12-04T20:57:04.379909,1757.595840083,0.03968498226095643,0.11798335951374828,0.14908260474412835,-0.07829837725279185,False,0.07829837725279185,0.0,INIT
2025-12-04T20:57:04.382007,1757.597933593,0.03968498226095643,0.11726823595045621,0.14797369086497375,-0.07758325368949978,False,0.07758325368949978,0.0,INIT
2025-12-04T20:57:04.393945,1757.609874491,0.10162451986796202,0.11726823595045621,0.033219792331634225,-0.015643716082494194,False,0.015643716082494194,0.0,INIT
2025-12-04T20:57:04.403907,1757.619841628,0.10162451986796202,0.1159332475368573,0.030113379853802837,-0.01430872766889528,False,0.01430872766889528,0.0,INIT
2025-12-04T20:57:04.431996,1757.647929075,0.0301133798593842,0.1159332475368573,0.16056236712032174,-0.0858198676774731,False,0.0858198676774731,0.0,INIT
2025-12-04T20:57:04.434102,1757.650041774,0.0301133798593842,0.11352690241168872,0.15692503558959647,-0.08341352255230453,False,0.08341352255230453,0.0,INIT
2025-12-04T20:57:04.437012,1757.65294125,0.0301133798593842,0.11352690241168872,0.15692503558959647,-0.08341352255230453,False,0.08341352255230453,0.0,INIT
2025-12-04T20:57:04.451772,1757.667703794,0.14904880013292843,0.11299735248798815,-0.07647602693209676,0.03605144764494028,False,0.03605144764494028,0.0,INIT
2025-12-04T20:57:04.459099,1757.675034922,0.14904880013292843,0.11299735248798815,-0.07647602693209676,0.03605144764494028,False,0.03605144764494028,0.0,INIT
2025-12-04T20:57:04.471611,1757.687562945,-0.07574458099279699,0.11128110102557498,0.2,-0.18702568201837197,False,0.18702568201837197,0.0,INIT
2025-12-04T20:57:04.480721,1757.696651165,-0.07574458099279699,0.11088462579759417,0.2,-0.18662920679039116,False,0.18662920679039116,0.0,INIT
2025-12-04T20:57:04.491814,1757.707750897,0.16808828093432754,0.11088462579759417,-0.11487553078396896,0.05720365513673337,False,0.05720365513673337,0.0,INIT
2025-12-04T20:57:04.506542,1757.722473211,0.16808828093432754,0.10998570657797035,-0.11640418880589357,0.058102574356357184,False,0.058102574356357184,0.0,INIT
2025-12-04T20:57:04.514428,1757.730360388,0.16808828093432754,0.10998570657797035,-0.11640418880589357,0.058102574356357184,False,0.058102574356357184,0.0,INIT
2025-12-04T20:57:04.524745,1757.740676081,-0.11166349336405068,0.10998570657797035,0.2,-0.22164919994202104,False,0.22164919994202104,0.0,INIT
2025-12-04T20:57:04.539910,1757.755840171,-0.05962935001456134,0.10974317703903846,0.2,-0.16937252705359981,False,0.16937252705359981,0.0,INIT
2025-12-04T20:57:04.546752,1757.762682036,-0.05962935001456134,0.11157812400604339,0.2,-0.17120747402060474,False,0.17120747402060474,0.0,INIT
2025-12-04T20:57:04.582000,1757.797940436,0.2000000000106253,0.11157812400604339,-0.164459851398565,0.0884218760045819,False,0.0884218760045819,0.0,INIT
2025-12-04T20:57:04.584372,1757.800314761,0.2000000000106253,0.10768553281686355,-0.17022430028265545,0.09231446719376174,False,0.09231446719376174,0.0,INIT
2025-12-04T20:57:04.585990,1757.80191901,0.2000000000106253,0.10768553281686355,-0.17022430028265545,0.09231446719376174,False,0.09231446719376174,0.0,INIT
2025-12-04T20:57:04.591021,1757.806954607,0.2000000000106253,0.10375666092916935,-0.17596587281486356,0.09624333908145594,False,0.09624333908145594,0.0,INIT
2025-12-04T20:57:04.602618,1757.818553289,0.08104290915475672,0.10375666092916935,0.049086349358500946,-0.022713751774412635,False,0.022713751774412635,0.0,INIT
2025-12-04T20:57:04.613146,1757.829079065,0.08104290915475672,0.10101464399726545,0.04305216179059854,-0.019971734842508734,False,0.019971734842508734,0.0,INIT
2025-12-04T20:57:04.635628,1757.851565019,0.08104290915475672,0.10101464399726545,0.04305216179059854,-0.019971734842508734,False,0.019971734842508734,0.0,INIT
2025-12-04T20:57:04.639672,1757.855604616,0.04305216417883841,0.10101464399726545,0.11616642146813293,-0.05796247981842704,False,0.05796247981842704,0.0,INIT
2025-12-04T20:57:04.645534,1757.861466328,0.04305216417883841,0.10071650660167197,0.11565984848210299,-0.05766434242283356,False,0.05766434242283356,0.0,INIT
2025-12-04T20:57:04.660572,1757.876499554,0.08535368323855921,0.0,-0.15986021043912693,0.08535368323855921,False,0.08535368323855921,0.0,INIT
2025-12-04T20:57:04.669641,1757.885575358,0.08535368323855921,0.09950005963874409,0.029733421657206997,-0.014146376400184874,False,0.014146376400184874,0.0,INIT
2025-12-04T20:57:04.699947,1757.915892383,0.027440341703097632,0.0,-0.059145590496141445,0.027440341703097632,False,0.027440341703097632,0.0,INIT
2025-12-04T20:57:04.702604,1757.91853796,0.027440341703097632,0.0,-0.059145590496141445,0.027440341703097632,False,0.027440341703097632,0.0,INIT
2025-12-04T20:57:04.704675,1757.920607478,0.027440341703097632,0.0,-0.059145590496141445,0.027440341703097632,False,0.027440341703097632,0.0,INIT
2025-12-04T20:57:04.712306,1757.928236347,0.02973342165898013,0.0,-0.06387932913499973,0.02973342165898013,False,0.02973342165898013,0.0,INIT
2025-12-04T20:57:04.724097,1757.940031721,0.02973342165898013,0.0,-0.06387932913499973,0.02973342165898013,False,0.02973342165898013,0.0,INIT
2025-12-04T20:57:04.735409,1757.951367044,-0.0634059534057064,0.0,0.12528231781633584,-0.0634059534057064,False,0.0634059534057064,0.0,INIT
2025-12-04T20:57:04.745631,1757.961560748,-0.0634059534057064,0.0,0.12528231781633584,-0.0634059534057064,False,0.0634059534057064,0.0,INIT
2025-12-04T20:57:04.759412,1757.975354966,-0.0634059534057064,0.0,0.12528231781633584,-0.0634059534057064,False,0.0634059534057064,0.0,INIT
2025-12-04T20:57:04.768694,1757.984625656,-0.0634059534057064,0.0,0.12528231781633584,-0.0634059534057064,False,0.0634059534057064,0.0,INIT
2025-12-04T20:57:04.779228,1757.995158473,0.125282317823539,0.0,-0.2,0.125282317823539,False,0.125282317823539,0.0,INIT
2025-12-04T20:57:04.794714,1758.010664379,0.125282317823539,0.0,-0.2,0.125282317823539,False,0.125282317823539,0.0,INIT
2025-12-04T20:57:04.802776,1758.018711734,-0.17034320738445846,0.0,0.2,-0.17034320738445846,False,0.17034320738445846,0.0,INIT
2025-12-04T20:57:04.815345,1758.03127561,-0.17034320738445846,0.0,0.2,-0.17034320738445846,False,0.17034320738445846,0.0,INIT
2025-12-04T20:57:04.823151,1758.0390848,0.11266734549826016,0.0,-0.19921761591239104,0.11266734549826016,False,0.11266734549826016,0.0,INIT
2025-12-04T20:57:04.837006,1758.052939335,0.11266734549826016,0.0,-0.19921761591239104,0.11266734549826016,False,0.11266734549826016,0.0,INIT
2025-12-04T20:57:04.846050,1758.061978311,-0.11234913855608605,0.0,0.19877769654602348,-0.11234913855608605,False,0.11234913855608605,0.0,INIT
2025-12-04T20:57:04.857161,1758.07309437,-0.11234913855608605,0.0,0.19877769654602348,-0.11234913855608605,False,0.11234913855608605,0.0,INIT
2025-12-04T20:57:04.871443,1758.087383217,0.03878532460000537,0.0,-0.0817420326248296,0.03878532460000537,False,0.03878532460000537,0.0,INIT
2025-12-04T20:57:04.878929,1758.094855921,0.03878532460000537,0.0,-0.0817420326248296,0.03878532460000537,False,0.03878532460000537,0.0,INIT
2025-12-04T20:57:04.927625,1758.143561383,0.03878532460000537,0.0,-0.0817420326248296,0.03878532460000537,False,0.03878532460000537,0.0,INIT
2025-12-04T20:57:04.931095,1758.147027959,-0.08174203263132777,0.0,0.15437923259089667,-0.08174203263132777,False,0.08174203263132777,0.0,INIT
2025-12-04T20:57:04.941659,1758.157587007,-0.08174203263132777,0.0,0.15437923259089667,-0.08174203263132777,False,0.08174203263132777,0.0,INIT
2025-12-04T20:57:04.943033,1758.158958298,-0.08174203263132777,0.0,0.15437923259089667,-0.08174203263132777,False,0.08174203263132777,0.0,INIT
2025-12-04T20:57:04.943813,1758.159740339,-0.08174203263132777,0.1006003461911309,0.2,-0.18234237882245868,False,0.18234237882245868,0.0,INIT
2025-12-04T20:57:04.951563,1758.167499939,-0.08174203263132777,0.0,0.15437923259089667,-0.08174203263132777,False,0.08174203263132777,0.0,INIT
2025-12-04T20:57:04.960511,1758.17644829,-0.08174203263132777,0.10230409998926548,0.2,-0.18404613262059327,False,0.18404613262059327,0.0,INIT
2025-12-04T20:57:04.969597,1758.185528103,0.13495303567700045,0.10230409998926548,-0.06977006869251559,0.03264893568773497,False,0.03264893568773497,0.0,INIT
2025-12-04T20:57:04.983593,1758.199534142,0.13495303567700045,0.10184189600848459,-0.07069138911457819,0.033111139668515865,False,0.033111139668515865,0.0,INIT
2025-12-04T20:57:04.999047,1758.21497987,0.0083423000156317,0.10184189600848459,0.17196414066093077,-0.09349959599285289,False,0.09349959599285289,0.0,INIT
2025-12-04T20:57:05.012492,1758.22842479,0.0083423000156317,0.10000914339858058,0.16927059869904648,-0.09166684338294888,False,0.09166684338294888,0.0,INIT
2025-12-04T20:57:05.018262,1758.234192652,0.0083423000156317,0.0,-0.015948949201171153,0.0083423000156317,False,0.0083423000156317,0.0,INIT
2025-12-04T20:57:05.033826,1758.249755058,0.09563994861391763,0.10000914339858058,0.006780316380132193,-0.0043691947846629525,False,0.0043691947846629525,0.0,INIT
2025-12-04T20:57:05.039893,1758.255824789,0.09563994861391763,0.0,-0.17508892920008542,0.09563994861391763,False,0.09563994861391763,0.0,INIT
2025-12-04T20:57:05.052482,1758.26841582,0.09563994861391763,0.0,-0.17508892920008542,0.09563994861391763,False,0.09563994861391763,0.0,INIT
2025-12-04T20:57:05.060887,1758.276820958,-0.0637219043307498,0.0,0.12580396337791408,-0.0637219043307498,False,0.0637219043307498,0.0,INIT
2025-12-04T20:57:05.072211,1758.288145313,-0.0637219043307498,0.0,0.12580396337791408,-0.0637219043307498,False,0.0637219043307498,0.0,INIT
2025-12-04T20:57:05.106516,1758.322449759,0.12398043362402318,0.10063523982924316,-0.05045479850531691,0.02334519379478002,False,0.02334519379478002,0.0,INIT
2025-12-04T20:57:05.108191,1758.324124832,0.12398043362402318,0.0,-0.2,0.12398043362402318,False,0.12398043362402318,0.0,INIT
2025-12-04T20:57:05.109697,1758.32563627,0.12398043362402318,0.10064782797968874,-0.050427593728148846,0.02333260564433444,False,0.02333260564433444,0.0,INIT
2025-12-04T20:57:05.121618,1758.33755068,0.07407296996944386,0.0,-0.14248370488072765,0.07407296996944386,False,0.07407296996944386,0.0,INIT
2025-12-04T20:57:05.136519,1758.352453362,0.07407296996944386,0.09871685646636941,0.05324502468811799,-0.024643886496925546,False,0.024643886496925546,0.0,INIT
2025-12-04T20:57:05.168398,1758.384332081,-0.13673971472483906,0.0,0.2,-0.13673971472483906,False,0.13673971472483906,0.0,INIT
2025-12-04T20:57:05.170969,1758.386900219,-0.13673971472483906,0.0,0.2,-0.13673971472483906,False,0.13673971472483906,0.0,INIT
2025-12-04T20:57:05.172859,1758.38878916,-0.13673971472483906,0.1008980787612428,0.2,-0.23763779348608186,False,0.23763779348608186,0.0,INIT
2025-12-04T20:57:05.180702,1758.3966348,-0.13673971472483906,0.0,0.2,-0.13673971472483906,False,0.13673971472483906,0.0,INIT
2025-12-04T20:57:05.191066,1758.407008885,0.09971726460026692,0.1008980787612428,0.0009423998552936881,-0.0011808141609758738,False,0.0011808141609758738,0.0,INIT
2025-12-04T20:57:05.205870,1758.421803711,0.09971726460026692,0.0,-0.1809816880900987,0.09971726460026692,False,0.09971726460026692,0.0,INIT
2025-12-04T20:57:05.214135,1758.430066543,0.09971726460026692,0.0,-0.1809816880900987,0.09971726460026692,False,0.09971726460026692,0.0,INIT
2025-12-04T20:57:05.229665,1758.445628672,-0.05137841684178612,0.0,0.10478799680029406,-0.05137841684178612,False,0.05137841684178612,0.0,INIT
2025-12-04T20:57:05.235258,1758.451198489,-0.05137841684178612,0.0,0.10478799680029406,-0.05137841684178612,False,0.05137841684178612,0.0,INIT
2025-12-04T20:57:05.244559,1758.460494075,-0.010266371187009864,0.0,0.020541532614026685,-0.010266371187009864,False,0.010266371187009864,0.0,INIT
2025-12-04T20:57:05.258176,1758.474108067,-0.010266371187009864,0.0,0.020541532614026685,-0.010266371187009864,False,0.010266371187009864,0.0,INIT
2025-12-04T20:57:05.266711,1758.482645559,-0.010266371187009864,0.10104577103613188,0.19734132854693062,-0.11131214222314174,False,0.11131214222314174,0.0,INIT
2025-12-04T20:57:05.280111,1758.496045032,0.020541532617659168,0.10104577103613188,0.15248353436963968,-0.0805042384184727,False,0.0805042384184727,0.0,INIT
2025-12-04T20:57:05.291182,1758.507115372,0.020541532617659168,0.10025566278572517,0.15126873628832052,-0.079714130168066,False,0.079714130168066,0.0,INIT
2025-12-04T20:57:05.318309,1758.534244029,0.17042666978227222,0.0,-0.2,0.17042666978227222,False,0.17042666978227222,0.0,INIT
2025-12-04T20:57:05.321467,1758.537410312,0.17042666978227222,0.09718862921064586,-0.1411661497988671,0.07323804057162636,False,0.07323804057162636,0.0,INIT
2025-12-04T20:57:05.324533,1758.540470654,0.17042666978227222,0.0,-0.2,0.17042666978227222,False,0.17042666978227222,0.0,INIT
2025-12-04T20:57:05.341840,1758.55777643,-0.03789481062818961,0.0,0.08003816062221517,-0.03789481062818961,False,0.03789481062818961,0.0,INIT
2025-12-04T20:57:05.347977,1758.563906522,-0.03789481062818961,0.0,0.08003816062221517,-0.03789481062818961,False,0.03789481062818961,0.0,INIT
2025-12-04T20:57:05.366632,1758.582565866,-0.00320898171929625,0.0,0.0043647057832651905,-0.00320898171929625,False,0.00320898171929625,0.0,INIT
2025-12-04T20:57:05.371115,1758.587063583,-0.00320898171929625,0.0,0.0043647057832651905,-0.00320898171929625,False,0.00320898171929625,0.0,INIT
2025-12-04T20:57:05.380847,1758.596774792,-0.00320898171929625,0.0,0.0043647057832651905,-0.00320898171929625,False,0.00320898171929625,0.0,INIT
2025-12-04T20:57:05.403140,1758.619073779,-0.00320898171929625,0.0,0.0043647057832651905,-0.00320898171929625,False,0.00320898171929625,0.0,INIT
2025-12-04T20:57:05.405062,1758.620992477,0.004364705784564767,0.0,-0.006770593201671068,0.004364705784564767,False,0.004364705784564767,0.0,INIT
2025-12-04T20:57:05.417600,1758.633539928,0.004364705784564767,0.0,-0.006770593201671068,0.004364705784564767,False,0.004364705784564767,0.0,INIT
2025-12-04T20:57:05.426770,1758.642699847,-0.003429999103481531,0.0,0.004807550195837302,-0.003429999103481531,False,0.003429999103481531,0.0,INIT
2025-12-04T20:57:05.441000,1758.656928806,0.002491916940235833,0.0,-0.0030024651022386053,0.002491916940235833,False,0.002491916940235833,0.0,INIT
2025-12-04T20:57:05.451568,1758.66750515,0.002491916940235833,0.0,-0.0030024651022386053,0.002491916940235833,False,0.002491916940235833,0.0,INIT
2025-12-04T20:57:05.462489,1758.678419166,0.002491916940235833,0.0,-0.0030024651022386053,0.002491916940235833,False,0.002491916940235833,0.0,INIT
2025-12-04T20:57:05.475135,1758.691066599,-0.0030024651011653952,0.0,0.003959923982882358,-0.0030024651011653952,False,0.0030024651011653952,0.0,INIT
2025-12-04T20:57:05.486216,1758.702145606,-0.0030024651011653952,0.0,0.003959923982882358,-0.0030024651011653952,False,0.0030024651011653952,0.0,INIT
2025-12-04T20:57:05.496927,1758.712858687,0.003959923931310042,0.0,-0.005904519781590708,0.003959923931310042,False,0.003959923931310042,0.0,INIT
2025-12-04T20:57:05.553794,1758.769723446,0.003959923931310042,0.0,-0.005904519781590708,0.003959923931310042,False,0.003959923931310042,0.0,INIT
2025-12-04T20:57:05.574248,1758.790185103,-0.005904519785067732,0.0,0.010220996251279505,-0.005904519785067732,False,0.005904519785067732,0.0,INIT
2025-12-04T20:57:05.576930,1758.792861291,-0.005904519785067732,0.0,0.010220996251279505,-0.005904519785067732,False,0.005904519785067732,0.0,INIT
2025-12-04T20:57:05.578180,1758.79411278,-0.005904519785067732,0.0,0.010220996251279505,-0.005904519785067732,False,0.005904519785067732,0.0,INIT
2025-12-04T20:57:05.579665,1758.795593111,-0.005904519785067732,0.0,0.010220996251279505,-0.005904519785067732,False,0.005904519785067732,0.0,INIT
2025-12-04T20:57:05.580699,1758.796627105,-0.005904519785067732,0.0,0.010220996251279505,-0.005904519785067732,False,0.005904519785067732,0.0,INIT
2025-12-04T20:57:05.599816,1758.815748508,-0.005904519785067732,0.0,0.010220996251279505,-0.005904519785067732,False,0.005904519785067732,0.0,INIT
2025-12-04T20:57:05.602669,1758.818606342,-0.005904519785067732,0.0,0.010220996251279505,-0.005904519785067732,False,0.005904519785067732,0.0,INIT
2025-12-04T20:57:05.611189,1758.827119193,-0.005904519785067732,0.0,0.010220996251279505,-0.005904519785067732,False,0.005904519785067732,0.0,INIT
2025-12-04T20:57:05.615802,1758.831734207,0.010220996248514967,0.0,-0.02043317904422749,0.010220996248514967,False,0.010220996248514967,0.0,INIT
2025-12-04T20:57:05.630910,1758.846845678,0.010220996248514967,0.0,-0.02043317904422749,0.010220996248514967,False,0.010220996248514967,0.0,INIT
2025-12-04T20:57:05.634933,1758.850888596,-0.011236914342879604,0.0,0.02285644085791523,-0.011236914342879604,False,0.011236914342879604,0.0,INIT
2025-12-04T20:57:05.644713,1758.860644751,-0.011236914342879604,0.0,0.02285644085791523,-0.011236914342879604,False,0.011236914342879604,0.0,INIT
2025-12-04T20:57:05.655783,1758.871721189,0.022856440504564556,0.0,-0.04939626402111827,0.022856440504564556,False,0.022856440504564556,0.0,INIT
2025-12-04T20:57:05.668602,1758.88454895,0.022856440504564556,0.0,-0.04939626402111827,0.022856440504564556,False,0.022856440504564556,0.0,INIT
2025-12-04T20:57:05.679148,1758.895077199,-0.04939626388077849,0.0,0.10127933600050666,-0.04939626388077849,False,0.04939626388077849,0.0,INIT
2025-12-04T20:57:05.690557,1758.906484454,-0.04939626388077849,0.0,0.10127933600050666,-0.04939626388077849,False,0.04939626388077849,0.0,INIT
2025-12-04T20:57:05.707307,1758.923239791,0.10127933599545832,0.0,-0.1832191700705799,0.10127933599545832,False,0.10127933599545832,0.0,INIT
2025-12-04T20:57:05.725845,1758.941782426,0.10127933599545832,0.0,-0.1832191700705799,0.10127933599545832,False,0.10127933599545832,0.0,INIT
2025-12-04T20:57:05.728913,1758.944849656,-0.1259525345412806,0.0,0.2,-0.1259525345412806,False,0.1259525345412806,0.0,INIT
2025-12-04T20:57:05.736736,1758.952673794,-0.1259525345412806,0.0,0.2,-0.1259525345412806,False,0.1259525345412806,0.0,INIT
2025-12-04T20:57:05.755425,1758.971368001,0.08902711507122234,0.0,-0.16536126402816953,0.08902711507122234,False,0.08902711507122234,0.0,INIT
2025-12-04T20:57:05.760875,1758.976810843,0.08902711507122234,0.0,-0.16536126402816953,0.08902711507122234,False,0.08902711507122234,0.0,INIT
2025-12-04T20:57:05.785026,1759.000976815,0.16586932575537705,0.0,-0.2,0.16586932575537705,False,0.16586932575537705,0.0,INIT
2025-12-04T20:57:05.788906,1759.004848429,-0.1653612640421967,0.0,0.2,-0.1653612640421967,False,0.1653612640421967,0.0,INIT
2025-12-04T20:57:05.798809,1759.014752051,-0.1653612640421967,0.0,0.2,-0.1653612640421967,False,0.1653612640421967,0.0,INIT
2025-12-04T20:57:05.803181,1759.019112716,-0.1653612640421967,0.0,0.2,-0.1653612640421967,False,0.1653612640421967,0.0,INIT
2025-12-04T20:57:05.832381,1759.048321094,0.2000000000106253,0.0,-0.2,0.2000000000106253,False,0.2000000000106253,0.0,INIT
2025-12-04T20:57:05.835751,1759.051705519,0.2000000000106253,0.0,-0.2,0.2000000000106253,False,0.2000000000106253,0.0,INIT
2025-12-04T20:57:05.861775,1759.077710929,0.2000000000106253,0.0,-0.2,0.2000000000106253,False,0.2000000000106253,0.0,INIT
2025-12-04T20:57:05.869803,1759.085740242,-0.19999999965287818,0.0,0.2,-0.19999999965287818,False,0.19999999965287818,0.0,INIT
2025-12-04T20:57:05.871152,1759.087086236,-0.19999999965287818,0.0,0.2,-0.19999999965287818,False,0.19999999965287818,0.0,INIT
2025-12-04T20:57:05.872532,1759.08846394,-0.19999999965287818,0.0,0.2,-0.19999999965287818,False,0.19999999965287818,0.0,INIT
2025-12-04T20:57:05.881227,1759.097155145,-0.2000000000106253,0.0,0.2,-0.2000000000106253,False,0.2000000000106253,0.0,INIT
2025-12-04T20:57:05.892814,1759.1087457,-0.2000000000106253,0.0,0.2,-0.2000000000106253,False,0.2000000000106253,0.0,INIT
2025-12-04T20:57:05.904135,1759.120070655,0.19999999978718808,0.0,-0.2,0.19999999978718808,False,0.19999999978718808,0.0,INIT
2025-12-04T20:57:05.921368,1759.137298005,0.19999999978718808,0.0,-0.2,0.19999999978718808,False,0.19999999978718808,0.0,INIT
2025-12-04T20:57:05.925797,1759.14172786,0.19999999978718808,0.0,-0.2,0.19999999978718808,False,0.19999999978718808,0.0,INIT
2025-12-04T20:57:05.957389,1759.17332355,-0.19999999965287815,0.0,0.2,-0.19999999965287815,False,0.19999999965287815,0.0,INIT
2025-12-04T20:57:05.977223,1759.193157725,-0.2000000000106253,0.0,0.2,-0.2000000000106253,False,0.2000000000106253,0.0,INIT
2025-12-04T20:57:05.979220,1759.195146985,-0.2000000000106253,0.0,0.2,-0.2000000000106253,False,0.2000000000106253,0.0,INIT
2025-12-04T20:57:05.980110,1759.196042739,-0.2000000000106253,0.0,0.2,-0.2000000000106253,False,0.2000000000106253,0.0,INIT
2025-12-04T20:57:06.005530,1759.221465094,-0.2000000000106253,0.10342733199821819,0.2,-0.3034273320088435,False,0.3034273320088435,0.0,INIT
2025-12-04T20:57:06.008306,1759.22424541,0.16428152905088517,0.10750095436630591,-0.11415356535005936,0.056780574684579255,False,0.056780574684579255,0.0,INIT
2025-12-04T20:57:06.008975,1759.224903312,0.16428152905088517,0.10750095436630591,-0.11415356535005936,0.056780574684579255,False,0.056780574684579255,0.0,INIT
2025-12-04T20:57:06.015403,1759.231331656,0.16428152905088517,0.10759287471997947,-0.11399649467582085,0.0566886543309057,False,0.0566886543309057,0.0,INIT
2025-12-04T20:57:06.027300,1759.243234244,-0.010662311734102755,0.10759287471997947,0.2,-0.11825518645408223,False,0.11825518645408223,0.0,INIT
2025-12-04T20:57:06.037762,1759.253699476,-0.010662311734102755,0.10577343306435649,0.2,-0.11643574479845925,False,0.11643574479845925,0.0,INIT
2025-12-04T20:57:06.079914,1759.295843022,0.19999998692314608,0.10577343306435649,-0.1730279431010666,0.09422655385878959,False,0.09422655385878959,0.0,INIT
2025-12-04T20:57:06.088913,1759.304854061,0.2000000000106253,0.10577343306435649,-0.17302796222961017,0.0942265669462688,False,0.0942265669462688,0.0,INIT
2025-12-04T20:57:06.091228,1759.307157949,0.20000000001124424,0.10413698757029088,-0.1754133225944937,0.09586301244095335,False,0.09586301244095335,0.0,INIT
2025-12-04T20:57:06.092485,1759.308420028,0.20000000001124424,0.10020851956900145,-0.1810882410260828,0.09979148044224279,False,0.09979148044224279,0.0,INIT
2025-12-04T20:57:06.093607,1759.30953498,0.20000000001124424,0.0,-0.2,0.20000000001124424,False,0.20000000001124424,0.0,INIT
2025-12-04T20:57:06.105312,1759.321250361,0.20000000001124424,0.09627735734208143,-0.18669734046410355,0.10372264266916281,False,0.10372264266916281,0.0,INIT
2025-12-04T20:57:06.128154,1759.344090605,0.20000000001124424,0.0,-0.2,0.20000000001124424,False,0.20000000001124424,0.0,INIT
2025-12-04T20:57:06.130318,1759.346249559,-0.17232380504602285,0.0,0.2,-0.17232380504602285,False,0.17232380504602285,0.0,INIT
2025-12-04T20:57:06.138325,1759.354261279,-0.17232380504602285,0.0,0.2,-0.17232380504602285,False,0.17232380504602285,0.0,INIT
2025-12-04T20:57:06.149543,1759.365477961,-0.17232380504602285,0.0,0.2,-0.17232380504602285,False,0.17232380504602285,0.0,INIT
2025-12-04T20:57:06.160295,1759.376222573,-0.0387529849771171,0.0,0.08168034449586421,-0.0387529849771171,False,0.0387529849771171,0.0,INIT
2025-12-04T20:57:06.172295,1759.388231684,0.11190105656026576,0.0,-0.19815756106194019,0.11190105656026576,False,0.11190105656026576,0.0,INIT
2025-12-04T20:57:06.181820,1759.39774799,0.11190105656026576,0.0,-0.19815756106194019,0.11190105656026576,False,0.11190105656026576,0.0,INIT
2025-12-04T20:57:06.193780,1759.409711432,-0.19815756089320916,0.0,0.2,-0.19815756089320916,False,0.19815756089320916,0.0,INIT
2025-12-04T20:57:06.205778,1759.421735741,-0.19815756089320916,0.0,0.2,-0.19815756089320916,False,0.19815756089320916,0.0,INIT
2025-12-04T20:57:06.219795,1759.435730018,0.1937245675331276,0.0,-0.2,0.1937245675331276,False,0.1937245675331276,0.0,INIT
2025-12-04T20:57:06.267282,1759.483222636,0.1937245675331276,0.0,-0.2,0.1937245675331276,False,0.1937245675331276,0.0,INIT
2025-12-04T20:57:06.271431,1759.487361304,0.1937245675331276,0.0,-0.2,0.1937245675331276,False,0.1937245675331276,0.0,INIT
2025-12-04T20:57:06.273788,1759.489716303,-0.2000000000106253,0.0,0.2,-0.2000000000106253,False,0.2000000000106253,0.0,INIT
2025-12-04T20:57:06.275313,1759.491240104,-0.2000000000106253,0.0,0.2,-0.2000000000106253,False,0.2000000000106253,0.0,INIT
2025-12-04T20:57:06.276174,1759.492102749,-0.2000000000106253,0.0,0.2,-0.2000000000106253,False,0.2000000000106253,0.0,INIT
2025-12-04T20:57:06.285510,1759.501459047,-0.2000000000106253,0.10165345928057334,0.2,-0.30165345929119863,False,0.30165345929119863,0.0,INIT
2025-12-04T20:57:06.297969,1759.513900382,-0.2000000000106253,0.10572650848638032,0.2,-0.3057265084970056,False,0.3057265084970056,0.0,INIT
2025-12-04T20:57:06.307986,1759.523932187,0.19999999983670327,0.10572650848638032,-0.17309654117630424,0.09427349135032295,False,0.09427349135032295,0.0,INIT
2025-12-04T20:57:06.331451,1759.54739116,0.19999999983670327,0.10301656367744716,-0.17703915238307033,0.09698343615925611,False,0.09698343615925611,0.0,INIT
2025-12-04T20:57:06.336789,1759.552722734,-0.06819370582245254,0.10301656367744716,0.2,-0.1712102694998997,False,0.1712102694998997,0.0,INIT
2025-12-04T20:57:06.386059,1759.601991358,-0.06819370582245254,0.1017699368805487,0.2,-0.16996364270300124,False,0.16996364270300124,0.0,INIT
2025-12-04T20:57:06.389986,1759.605921387,0.1999999999672995,0.1017699368805487,-0.17884121325351915,0.09823006308675081,False,0.09823006308675081,0.0,INIT
2025-12-04T20:57:06.394343,1759.61027651,0.1999999999672995,0.10514547493734394,-0.17394482553294785,0.09485452502995556,False,0.09485452502995556,0.0,INIT
2025-12-04T20:57:06.405039,1759.620972503,0.2000000000106253,0.10514547493734394,-0.17394482559614088,0.09485452507328135,False,0.09485452507328135,0.0,INIT
2025-12-04T20:57:06.407461,1759.623393462,0.2000000000106253,0.10170841680423193,-0.17892995743494292,0.09829158320639336,False,0.09829158320639336,0.0,INIT
2025-12-04T20:57:06.408700,1759.624628996,0.2000000000106253,0.10170841680423193,-0.17892995743494292,0.09829158320639336,False,0.09829158320639336,0.0,INIT
2025-12-04T20:57:06.409709,1759.625636782,0.2000000000106253,0.09777894297868439,-0.18456284227133746,0.1022210570319409,False,0.1022210570319409,0.0,INIT
2025-12-04T20:57:06.418603,1759.634539619,0.11495290525365247,0.0,-0.2,0.11495290525365247,False,0.11495290525365247,0.0,INIT
2025-12-04T20:57:06.431448,1759.647381722,0.11495290525365247,0.0,-0.2,0.11495290525365247,False,0.11495290525365247,0.0,INIT
2025-12-04T20:57:06.440548,1759.656484474,-0.19999999989426465,0.0,0.2,-0.19999999989426465,False,0.19999999989426465,0.0,INIT
2025-12-04T20:57:06.449043,1759.664976182,-0.19999999989426465,0.0,0.2,-0.19999999989426465,False,0.19999999989426465,0.0,INIT
2025-12-04T20:57:06.467138,1759.68307831,0.07840976796503688,0.0,-0.149255050588641,0.07840976796503688,False,0.07840976796503688,0.0,INIT
2025-12-04T20:57:06.474279,1759.690220418,0.07840976796503688,0.0,-0.149255050588641,0.07840976796503688,False,0.07840976796503688,0.0,INIT
2025-12-04T20:57:06.498743,1759.714687061,0.07840976796503688,0.0,-0.149255050588641,0.07840976796503688,False,0.07840976796503688,0.0,INIT
2025-12-04T20:57:06.504464,1759.720398131,0.04617283214414778,0.0,-0.0954840327504407,0.04617283214414778,False,0.04617283214414778,0.0,INIT
2025-12-04T20:57:06.507135,1759.723069513,0.04617283214414778,0.0,-0.0954840327504407,0.04617283214414778,False,0.04617283214414778,0.0,INIT
2025-12-04T20:57:06.515886,1759.731817514,0.04617283214414778,0.0,-0.0954840327504407,0.04617283214414778,False,0.04617283214414778,0.0,INIT
2025-12-04T20:57:06.529929,1759.745859166,-0.09548405401386242,0.0,0.17486207682692562,-0.09548405401386242,False,0.09548405401386242,0.0,INIT
2025-12-04T20:57:06.540382,1759.756322146,-0.09548405401386242,0.0,0.17486207682692562,-0.09548405401386242,False,0.09548405401386242,0.0,INIT
2025-12-04T20:57:06.559745,1759.775675904,0.12349677077302239,0.0999826464516933,-0.05081958341663312,0.023514124321329086,False,0.023514124321329086,0.0,INIT
2025-12-04T20:57:06.573794,1759.789728948,0.12349677077302239,0.0,-0.2,0.12349677077302239,False,0.12349677077302239,0.0,INIT
2025-12-04T20:57:06.601604,1759.817538184,0.12349677077302239,0.0,-0.2,0.12349677077302239,False,0.12349677077302239,0.0,INIT
2025-12-04T20:57:06.606758,1759.822693787,-0.05081958342182891,0.0,0.10380288644162589,-0.05081958342182891,False,0.05081958342182891,0.0,INIT
2025-12-04T20:57:06.608150,1759.824081578,-0.05081958342182891,0.0,0.10380288644162589,-0.05081958342182891,False,0.05081958342182891,0.0,INIT
2025-12-04T20:57:06.609435,1759.825368911,-0.05081958342182891,0.0,0.10380288644162589,-0.05081958342182891,False,0.05081958342182891,0.0,INIT
2025-12-04T20:57:06.617890,1759.833836959,-0.17236721562351714,0.0,0.2,-0.17236721562351714,False,0.17236721562351714,0.0,INIT
2025-12-04T20:57:06.627159,1759.843092209,-0.17236721562351714,0.0,0.2,-0.17236721562351714,False,0.17236721562351714,0.0,INIT
2025-12-04T20:57:06.640793,1759.856729099,0.19999999964792664,0.0,-0.2,0.19999999964792664,False,0.19999999964792664,0.0,INIT
2025-12-04T20:57:06.651014,1759.866957905,0.19999999964792664,0.0,-0.2,0.19999999964792664,False,0.19999999964792664,0.0,INIT
2025-12-04T20:57:06.660403,1759.876331897,0.19999999964792664,0.0,-0.2,0.19999999964792664,False,0.19999999964792664,0.0,INIT
2025-12-04T20:57:06.681919,1759.89784943,-0.19336050445905367,0.0,0.2,-0.19336050445905367,False,0.19336050445905367,0.0,INIT
2025-12-04T20:57:06.708660,1759.9245923,-0.2000000000106253,0.0,0.2,-0.2000000000106253,False,0.2000000000106253,0.0,INIT
2025-12-04T20:57:06.712467,1759.928403271,-0.2000000000106253,0.0,0.2,-0.2000000000106253,False,0.2000000000106253,0.0,INIT
2025-12-04T20:57:06.713847,1759.929776657,-0.2000000000106253,0.10286145132877422,0.2,-0.3028614513393995,False,0.3028614513393995,0.0,INIT
2025-12-04T20:57:06.719417,1759.935358772,-0.2000000000106253,0.10693629518135106,0.2,-0.30693629519197635,False,0.30693629519197635,0.0,INIT
2025-12-04T20:57:06.732374,1759.948310958,0.1126673155075387,0.10693629518135106,-0.009822847930474086,0.005731020326187636,False,0.005731020326187636,0.0,INIT
2025-12-04T20:57:06.739586,1759.955539669,0.1126673155075387,0.10782975616856527,-0.00780732485151253,0.004837559338973424,False,0.004837559338973424,0.0,INIT
2025-12-04T20:57:06.778251,1759.994196176,0.1126673155075387,0.10782975616856527,-0.00780732485151253,0.004837559338973424,False,0.004837559338973424,0.0,INIT
2025-12-04T20:57:06.809183,1760.025119051,-0.007807324848717047,0.10782975616856527,0.2,-0.11563708101728232,False,0.11563708101728232,0.0,INIT
2025-12-04T20:57:06.812839,1760.028771527,-0.007807324848717047,0.10653512338279603,0.2,-0.11434244823151307,False,0.11434244823151307,0.0,INIT
2025-12-04T20:57:06.828738,1760.044671912,-0.007807324848717048,0.10653512338279603,0.2,-0.11434244823151307,False,0.11434244823151307,0.0,INIT
2025-12-04T20:57:06.831021,1760.046954524,-0.007807324848717048,0.10676752213762875,0.2,-0.11457484698634579,False,0.11457484698634579,0.0,INIT
2025-12-04T20:57:06.831614,1760.047540662,-0.007807324848717048,0.10676752213762875,0.2,-0.11457484698634579,False,0.11457484698634579,0.0,INIT
2025-12-04T20:57:06.832476,1760.048407636,-0.007807324848717048,0.10700014096303789,0.2,-0.11480746581175494,False,0.11480746581175494,0.0,INIT
2025-12-04T20:57:06.833147,1760.049076454,-0.007807324848717048,0.10700014096303789,0.2,-0.11480746581175494,False,0.11480746581175494,0.0,INIT
2025-12-04T20:57:06.835436,1760.051371681,0.026324571842698187,0.10723298032458528,0.15310351609707762,-0.0809084084818871,False,0.0809084084818871,0.0,INIT
2025-12-04T20:57:06.855026,1760.07095915,0.026324571842698187,0.10723298032458528,0.15310351609707762,-0.0809084084818871,False,0.0809084084818871,0.0,INIT
2025-12-04T20:57:06.877853,1760.093783544,0.1531035161111565,0.10712477652473273,-0.09513140027984718,0.04597873958642376,False,0.04597873958642376,0.0,INIT
2025-12-04T20:57:06.880808,1760.096738384,0.15310351611177545,0.1038099789664737,-0.10109638164163032,0.04929353714530174,False,0.04929353714530174,0.0,INIT
2025-12-04T20:57:06.881368,1760.097295238,0.15310351611177545,0.1038099789664737,-0.10109638164163032,0.04929353714530174,False,0.04929353714530174,0.0,INIT
2025-12-04T20:57:06.896212,1760.112144223,0.15310351611177545,0.1008213336115884,-0.10637448784022749,0.05228218250018704,False,0.05228218250018704,0.0,INIT
2025-12-04T20:57:06.905516,1760.121458427,-0.09831891396049525,0.0,0.17896937708808278,-0.09831891396049525,False,0.09831891396049525,0.0,INIT
2025-12-04T20:57:06.912797,1760.128741132,-0.09831891396049525,0.10068661082989383,0.2,-0.19900552479038908,False,0.19900552479038908,0.0,INIT
2025-12-04T20:57:06.925597,1760.141529711,0.0399501660680416,0.0,-0.08395463247771937,0.0399501660680416,False,0.0399501660680416,0.0,INIT
2025-12-04T20:57:06.934711,1760.150650355,0.0399501660680416,0.10139234332691771,0.12202211075001822,-0.06144217725887611,False,0.06144217725887611,0.0,INIT
2025-12-04T20:57:06.947638,1760.163576834,-0.06089002742882251,0.10139234332691771,0.2,-0.16228237075574023,False,0.16228237075574023,0.0,INIT
2025-12-04T20:57:06.956421,1760.172353228,-0.06089002742882251,0.1004146017734242,0.2,-0.16130462920224672,False,0.16130462920224672,0.0,INIT
2025-12-04T20:57:06.967684,1760.183619848,-0.06089002742882251,0.0,0.12109977718749566,-0.06089002742882251,False,0.06089002742882251,0.0,INIT
2025-12-04T20:57:06.982159,1760.198091288,0.15480582612536192,0.1004146017734242,-0.11004551227070788,0.05439122435193772,False,0.05439122435193772,0.0,INIT
2025-12-04T20:57:06.990448,1760.206381756,0.15480582612536192,0.0,-0.2,0.15480582612536192,False,0.15480582612536192,0.0,INIT
2025-12-04T20:57:07.001944,1760.217874996,-0.17875775356206597,0.0,0.2,-0.17875775356206597,False,0.17875775356206597,0.0,INIT
2025-12-04T20:57:07.016270,1760.232211618,-0.17875775356206597,0.0,0.2,-0.17875775356206597,False,0.17875775356206597,0.0,INIT
2025-12-04T20:57:07.028058,1760.243988514,0.19945398850330537,0.0,-0.2,0.19945398850330537,False,0.19945398850330537,0.0,INIT
2025-12-04T20:57:07.035015,1760.250942688,0.19945398850330537,0.0,-0.2,0.19945398850330537,False,0.19945398850330537,0.0,INIT
2025-12-04T20:57:07.051815,1760.267749464,-0.16427716780703747,0.0,0.2,-0.16427716780703747,False,0.16427716780703747,0.0,INIT
2025-12-04T20:57:07.061016,1760.276946717,-0.16427716780703747,0.0,0.2,-0.16427716780703747,False,0.16427716780703747,0.0,INIT
2025-12-04T20:57:07.074904,1760.290842019,0.07840863380575855,0.0,-0.14925329516064717,0.07840863380575855,False,0.07840863380575855,0.0,INIT
2025-12-04T20:57:07.081644,1760.297572225,0.07840863380575855,0.0,-0.14925329516064717,0.07840863380575855,False,0.07840863380575855,0.0,INIT
2025-12-04T20:57:07.092471,1760.308401178,0.07840863380575855,0.0,-0.14925329516064717,0.07840863380575855,False,0.07840863380575855,0.0,INIT
2025-12-04T20:57:07.103167,1760.319098653,-0.14153189271307015,0.0,0.2,-0.14153189271307015,False,0.14153189271307015,0.0,INIT
2025-12-04T20:57:07.114186,1760.330117678,-0.14153189271307015,0.0,0.2,-0.14153189271307015,False,0.14153189271307015,0.0,INIT
2025-12-04T20:57:07.139500,1760.355440013,0.0395001764958403,0.0,-0.08310202641330273,0.0395001764958403,False,0.0395001764958403,0.0,INIT
2025-12-04T20:57:07.142854,1760.358795664,0.2000000000106253,0.0,-0.2,0.2000000000106253,False,0.2000000000106253,0.0,INIT
2025-12-04T20:57:07.149461,1760.365390612,0.2000000000106253,0.10043905512101281,-0.180757175859746,0.09956094488961248,False,0.09956094488961248,0.0,INIT
2025-12-04T20:57:07.159614,1760.37554747,0.2000000000106253,0.0,-0.2,0.2000000000106253,False,0.2000000000106253,0.0,INIT
2025-12-04T20:57:07.170181,1760.386117434,-0.10358830162274864,0.0,0.18650677200784618,-0.10358830162274864,False,0.10358830162274864,0.0,INIT
2025-12-04T20:57:07.181441,1760.397375625,-0.10358830162274864,0.0,0.18650677200784618,-0.10358830162274864,False,0.10358830162274864,0.0,INIT
2025-12-04T20:57:07.194484,1760.410416121,-0.042395190555986936,0.0,0.0885414809274833,-0.042395190555986936,False,0.042395190555986936,0.0,INIT
2025-12-04T20:57:07.206065,1760.422021836,-0.042395190555986936,0.0,0.0885414809274833,-0.042395190555986936,False,0.042395190555986936,0.0,INIT
2025-12-04T20:57:07.218693,1760.434627586,0.09259419500687133,0.0,-0.1706355845075231,0.09259419500687133,False,0.09259419500687133,0.0,INIT
2025-12-04T20:57:07.239900,1760.45583891,0.09259419500687133,0.0,-0.1706355845075231,0.09259419500687133,False,0.09259419500687133,0.0,INIT
2025-12-04T20:57:07.244801,1760.46073591,-0.16736010232423473,0.0,0.2,-0.16736010232423473,False,0.16736010232423473,0.0,INIT
2025-12-04T20:57:07.258802,1760.47473528,-0.16736010232423473,0.0,0.2,-0.16736010232423473,False,0.16736010232423473,0.0,INIT
2025-12-04T20:57:07.272861,1760.488796667,0.02244632563876491,0.0,-0.04850443141091668,0.02244632563876491,False,0.02244632563876491,0.0,INIT
2025-12-04T20:57:07.279044,1760.494979683,0.02244632563876491,0.0,-0.04850443141091668,0.02244632563876491,False,0.02244632563876491,0.0,INIT
2025-12-04T20:57:07.288637,1760.504575781,0.16587046166687355,0.0,-0.2,0.16587046166687355,False,0.16587046166687355,0.0,INIT
2025-12-04T20:57:07.299536,1760.515480216,0.16587046166687355,0.0,-0.2,0.16587046166687355,False,0.16587046166687355,0.0,INIT
2025-12-04T20:57:07.316633,1760.532568076,-0.17167217517308161,0.0,0.2,-0.17167217517308161,False,0.17167217517308161,0.0,INIT
2025-12-04T20:57:07.319924,1760.535857253,-0.17167217517308161,0.0,0.2,-0.17167217517308161,False,0.17167217517308161,0.0,INIT
2025-12-04T20:57:07.333064,1760.548998699,-0.08104563100444778,0.0,0.15331379124409758,-0.08104563100444778,False,0.08104563100444778,0.0,INIT
2025-12-04T20:57:07.342040,1760.557974774,-0.08104563100444778,0.0,0.15331379124409758,-0.08104563100444778,False,0.08104563100444778,0.0,INIT
2025-12-04T20:57:07.379965,1760.595900197,0.15331379164271564,0.0,-0.2,0.15331379164271564,False,0.15331379164271564,0.0,INIT
2025-12-04T20:57:07.386241,1760.6021731,0.15331379125897304,0.0,-0.2,0.15331379125897304,False,0.15331379125897304,0.0,INIT
2025-12-04T20:57:07.387804,1760.603741444,0.15331379125897304,0.0,-0.2,0.15331379125897304,False,0.15331379125897304,0.0,INIT
2025-12-04T20:57:07.388794,1760.604723307,0.15331379125897304,0.0,-0.2,0.15331379125897304,False,0.15331379125897304,0.0,INIT
2025-12-04T20:57:07.437662,1760.653617336,0.15331379125897304,0.0,-0.2,0.15331379125897304,False,0.15331379125897304,0.0,INIT
2025-12-04T20:57:07.450981,1760.666926631,-0.19999999986455555,0.0,0.2,-0.19999999986455555,False,0.19999999986455555,0.0,INIT
2025-12-04T20:57:07.489733,1760.70566203,-0.2000000000106253,0.0,0.2,-0.2000000000106253,False,0.2000000000106253,0.0,INIT
2025-12-04T20:57:07.496227,1760.712155477,-0.2000000000106253,0.0,0.2,-0.2000000000106253,False,0.2000000000106253,0.0,INIT
2025-12-04T20:57:07.506397,1760.722325972,-0.2000000000106253,0.0,0.2,-0.2000000000106253,False,0.2000000000106253,0.0,INIT
2025-12-04T20:57:07.528475,1760.744416415,-0.2000000000106253,0.0,0.2,-0.2000000000106253,False,0.2000000000106253,0.0,INIT
2025-12-04T20:57:07.539509,1760.755445961,0.2000000000106253,0.10525679059271686,-0.17378243575418784,0.09474320941790842,False,0.09474320941790842,0.0,INIT
2025-12-04T20:57:07.534060,1760.749995599,0.2000000000106253,0.0,-0.2,0.2000000000106253,False,0.2000000000106253,0.0,INIT
2025-12-04T20:57:07.535604,1760.7515352,0.2000000000106253,0.1011813155221506,-0.17968960101112036,0.0988186844884747,False,0.0988186844884747,0.0,INIT
2025-12-04T20:57:07.537163,1760.753093171,0.2000000000106253,0.1011813155221506,-0.17968960101112036,0.0988186844884747,False,0.0988186844884747,0.0,INIT
2025-12-04T20:57:07.538076,1760.75401189,0.2000000000106253,0.10525679059271686,-0.17378243575418784,0.09474320941790842,False,0.09474320941790842,0.0,INIT
2025-12-04T20:57:07.532580,1760.748513506,0.2000000000106253,0.0,-0.2,0.2000000000106253,False,0.2000000000106253,0.0,INIT
2025-12-04T20:57:07.541885,1760.757817424,0.2000000000106253,0.10655105649321195,-0.17188992147759416,0.09344894351741334,False,0.09344894351741334,0.0,INIT
2025-12-04T20:57:07.543152,1760.759083865,0.2000000000106253,0.10655105649321195,-0.17188992147759416,0.09344894351741334,False,0.09344894351741334,0.0,INIT
2025-12-04T20:57:07.581578,1760.797513932,0.2000000000106253,0.10262764167388738,-0.17760213351384319,0.09737235833673791,False,0.09737235833673791,0.0,INIT
2025-12-04T20:57:07.584887,1760.800819661,-0.17188992148713128,0.10262764167388738,0.2,-0.27451756316101866,False,0.27451756316101866,0.0,INIT
2025-12-04T20:57:07.589166,1760.805097326,-0.17188992148713128,0.10175066764093765,0.2,-0.27364058912806893,False,0.27364058912806893,0.0,INIT
2025-12-04T20:57:07.590107,1760.806036234,-0.17188992148713128,0.10175066764093765,0.2,-0.27364058912806893,False,0.27364058912806893,0.0,INIT
2025-12-04T20:57:07.596240,1760.812167919,-0.17188992148713128,0.10526437254852494,0.2,-0.2771542940356562,False,0.2771542940356562,0.0,INIT
2025-12-04T20:57:07.609224,1760.825158848,-0.09255334719486275,0.10526437254852494,0.2,-0.1978177197433877,False,0.1978177197433877,0.0,INIT
2025-12-04T20:57:07.629636,1760.845564715,0.2000000000106253,0.10800461216207147,-0.16975468117107348,0.09199538784855382,False,0.09199538784855382,0.0,INIT
2025-12-04T20:57:07.631508,1760.847434982,0.2000000000106253,0.10800461216207147,-0.16975468117107348,0.09199538784855382,False,0.09199538784855382,0.0,INIT
2025-12-04T20:57:07.640747,1760.856679104,0.1149524379591567,0.10412110147513154,-0.021889827900637208,0.010831336484025164,False,0.010831336484025164,0.0,INIT
2025-12-04T20:57:07.662023,1760.877964283,0.1149524379591567,0.10412110147513154,-0.021889827900637208,0.010831336484025164,False,0.010831336484025164,0.0,INIT
2025-12-04T20:57:07.693903,1760.909834329,-0.021889827903995324,0.10104655241227212,0.2,-0.12293638031626744,False,0.12293638031626744,0.0,INIT
2025-12-04T20:57:07.697369,1760.913300714,-0.021889827903995324,0.10104655241227212,0.2,-0.12293638031626744,False,0.12293638031626744,0.0,INIT
2025-12-04T20:57:07.698094,1760.914020258,-0.021889827903995324,0.10224409651323452,0.2,-0.12413392441722984,False,0.12413392441722984,0.0,INIT
2025-12-04T20:57:07.698995,1760.914920113,-0.021889827903995324,0.10224409651323452,0.2,-0.12413392441722984,False,0.12413392441722984,0.0,INIT
2025-12-04T20:57:07.706455,1760.922396986,-0.021889827903995324,0.10275733952770327,0.2,-0.1246471674316986,False,0.1246471674316986,0.0,INIT
2025-12-04T20:57:07.715775,1760.931705051,0.012241591905548717,0.10275733952770327,0.16757025696097969,-0.09051574762215456,False,0.09051574762215456,0.0,INIT
2025-12-04T20:57:07.726822,1760.942750613,0.012241591905548717,0.10292975423875417,0.1678253680056438,-0.09068816233320545,False,0.09068816233320545,0.0,INIT
2025-12-04T20:57:07.737739,1760.953678657,0.16757026979078513,0.10292975423875417,-0.1273161652372704,0.06464051555203096,False,0.06464051555203096,0.0,INIT
2025-12-04T20:57:07.764482,1760.98041476,0.16757026979078513,0.09932854192872842,-0.13318232493010654,0.0682417278620567,False,0.0682417278620567,0.0,INIT
2025-12-04T20:57:07.766635,1760.982563706,-0.005734812712669693,0.0,0.009831530453862071,-0.005734812712669693,False,0.005734812712669693,0.0,INIT
2025-12-04T20:57:07.772916,1760.988862989,-0.005734812712669693,0.0,0.009831530453862071,-0.005734812712669693,False,0.005734812712669693,0.0,INIT
2025-12-04T20:57:07.801598,1761.017537993,-0.030252791567578104,0.0,0.06493895107812186,-0.030252791567578104,False,0.030252791567578104,0.0,INIT
2025-12-04T20:57:07.812347,1761.028279356,0.009831530452161502,0.0,-0.019502922172623574,0.009831530452161502,False,0.009831530452161502,0.0,INIT
2025-12-04T20:57:07.813510,1761.029443473,0.009831530452161502,0.0,-0.019502922172623574,0.009831530452161502,False,0.009831530452161502,0.0,INIT
2025-12-04T20:57:07.822368,1761.038309242,0.009831530452161502,0.0,-0.019502922172623574,0.009831530452161502,False,0.009831530452161502,0.0,INIT
2025-12-04T20:57:07.843776,1761.0597122,-0.0019022390037132652,0.0,0.001991232504184862,-0.0019022390037132652,False,0.0019022390037132652,0.0,INIT
2025-12-04T20:57:07.861046,1761.076974762,-0.019502922173707825,0.0,0.04200533333996556,-0.019502922173707825,False,0.019502922173707825,0.0,INIT
2025-12-04T20:57:07.862119,1761.078047334,-0.019502922173707825,0.0,0.04200533333996556,-0.019502922173707825,False,0.019502922173707825,0.0,INIT
2025-12-04T20:57:07.863069,1761.078999899,-0.019502922173707825,0.0,0.04200533333996556,-0.019502922173707825,False,0.019502922173707825,0.0,INIT
2025-12-04T20:57:07.884158,1761.100099081,-0.019502922173707825,0.0,0.04200533333996556,-0.019502922173707825,False,0.019502922173707825,0.0,INIT
2025-12-04T20:57:07.885860,1761.101790438,-0.019502922173707825,0.0,0.04200533333996556,-0.019502922173707825,False,0.019502922173707825,0.0,INIT
2025-12-04T20:57:07.894998,1761.11092529,0.0059926270935860785,0.10022746741106614,0.17304005434916148,-0.09423484031748006,False,0.09423484031748006,0.0,INIT
2025-12-04T20:57:07.909207,1761.125142588,0.0059926270935860785,0.0,-0.010423882808607187,0.0059926270935860785,False,0.0059926270935860785,0.0,INIT
2025-12-04T20:57:07.930314,1761.146248449,0.15591884895265323,0.10032945037742858,-0.11211215731655753,0.05558939857522466,False,0.05558939857522466,0.0,INIT
2025-12-04T20:57:07.931800,1761.147733175,0.15591884895265323,0.0,-0.2,0.15591884895265323,False,0.15591884895265323,0.0,INIT
2025-12-04T20:57:07.943310,1761.159242297,-0.02633711378045367,0.0,0.05683494933315409,-0.02633711378045367,False,0.02633711378045367,0.0,INIT
2025-12-04T20:57:07.955803,1761.171740511,-0.02633711378045367,0.0,0.05683494933315409,-0.02633711378045367,False,0.02633711378045367,0.0,INIT
2025-12-04T20:57:07.966798,1761.182728373,0.030813371892749693,0.0,-0.06607759183164426,0.030813371892749693,False,0.030813371892749693,0.0,INIT
2025-12-04T20:57:07.977075,1761.193018682,0.030813371892749693,0.0,-0.06607759183164426,0.030813371892749693,False,0.030813371892749693,0.0,INIT
2025-12-04T20:57:07.990738,1761.206673665,-0.0660775918342725,0.10009462085315013,0.2,-0.16617221268742263,False,0.16617221268742263,0.0,INIT
2025-12-04T20:57:08.001866,1761.217799159,-0.0660775918342725,0.0,0.1296687710696032,-0.0660775918342725,False,0.0660775918342725,0.0,INIT
2025-12-04T20:57:08.011375,1761.227312198,-0.0660775918342725,0.10092441534929275,0.2,-0.16700200718356525,False,0.16700200718356525,0.0,INIT
2025-12-04T20:57:08.024932,1761.240864112,0.1705787977036821,0.0,-0.2,0.1705787977036821,False,0.1705787977036821,0.0,INIT
2025-12-04T20:57:08.034962,1761.250911926,0.1705787977036821,0.09902567288675312,-0.13849306339297687,0.07155312481692896,False,0.07155312481692896,0.0,INIT
2025-12-04T20:57:08.045478,1761.261407356,-0.02041181663831533,0.0,0.04403078779402433,-0.02041181663831533,False,0.02041181663831533,0.0,INIT
2025-12-04T20:57:08.057220,1761.273157593,-0.02041181663831533,0.0,0.04403078779402433,-0.02041181663831533,False,0.02041181663831533,0.0,INIT
2025-12-04T20:57:08.070475,1761.286410988,0.044030787585849204,0.0,-0.09156819920698417,0.044030787585849204,False,0.044030787585849204,0.0,INIT
2025-12-04T20:57:08.109550,1761.325487344,0.044030787585849204,0.0,-0.09156819920698417,0.044030787585849204,False,0.044030787585849204,0.0,INIT
2025-12-04T20:57:08.113712,1761.329642518,0.044030787585849204,0.0,-0.09156819920698417,0.044030787585849204,False,0.044030787585849204,0.0,INIT
2025-12-04T20:57:08.115483,1761.331413755,-0.0915681992081369,0.0,0.16912514899743533,-0.0915681992081369,False,0.0915681992081369,0.0,INIT
2025-12-04T20:57:08.116983,1761.332915696,-0.0915681992081369,0.0,0.16912514899743533,-0.0915681992081369,False,0.0915681992081369,0.0,INIT
2025-12-04T20:57:08.126682,1761.34261567,-0.0915681992081369,0.0,0.16912514899743533,-0.0915681992081369,False,0.0915681992081369,0.0,INIT
2025-12-04T20:57:08.136715,1761.352654051,-0.0915681992081369,0.10069256862695708,0.2,-0.192260767835094,False,0.192260767835094,0.0,INIT
2025-12-04T20:57:08.150471,1761.366413006,-0.0915681992081369,0.0,0.16912514899743533,-0.0915681992081369,False,0.0915681992081369,0.0,INIT
2025-12-04T20:57:08.173568,1761.389502208,0.18147507711259708,0.10069256862695708,-0.1529104936660572,0.08078250848564,False,0.08078250848564,0.0,INIT
2025-12-04T20:57:08.175326,1761.391259388,0.18147507711259708,0.0,-0.2,0.18147507711259708,False,0.18147507711259708,0.0,INIT
2025-12-04T20:57:08.182228,1761.39816073,0.18147507711259708,0.0,-0.2,0.18147507711259708,False,0.18147507711259708,0.0,INIT
2025-12-04T20:57:08.191949,1761.407880275,0.16912514900741646,0.0,-0.2,0.16912514900741646,False,0.16912514900741646,0.0,INIT
2025-12-04T20:57:08.203166,1761.419094888,-0.199999999839179,0.0,0.2,-0.199999999839179,False,0.199999999839179,0.0,INIT
2025-12-04T20:57:08.215015,1761.430949439,-0.199999999839179,0.0,0.2,-0.199999999839179,False,0.199999999839179,0.0,INIT
2025-12-04T20:57:08.225618,1761.441547075,0.1816368115792217,0.0,-0.2,0.1816368115792217,False,0.1816368115792217,0.0,INIT
2025-12-04T20:57:08.236805,1761.452736328,0.1816368115792217,0.0,-0.2,0.1816368115792217,False,0.1816368115792217,0.0,INIT
2025-12-04T20:57:08.250117,1761.46605301,-0.03840677802210427,0.0,0.0810190620968437,-0.03840677802210427,False,0.03840677802210427,0.0,INIT
2025-12-04T20:57:08.260646,1761.476576858,-0.03840677802210427,0.0,0.0810190620968437,-0.03840677802210427,False,0.03840677802210427,0.0,INIT
2025-12-04T20:57:08.272103,1761.488032389,-0.03840677802210427,0.0,0.0810190620968437,-0.03840677802210427,False,0.03840677802210427,0.0,INIT
2025-12-04T20:57:08.309844,1761.525784648,0.08101906206924253,0.0,-0.15327308655331545,0.08101906206924253,False,0.08101906206924253,0.0,INIT
2025-12-04T20:57:08.313888,1761.529829061,0.08101906209957058,0.0,-0.15327308659978162,0.08101906209957058,False,0.08101906209957058,0.0,INIT
2025-12-04T20:57:08.314980,1761.530906082,0.08101906209957058,0.0,-0.15327308659978162,0.08101906209957058,False,0.08101906209957058,0.0,INIT
2025-12-04T20:57:08.316969,1761.532894364,0.08101906209957058,0.0,-0.15327308659978162,0.08101906209957058,False,0.08101906209957058,0.0,INIT
2025-12-04T20:57:08.341566,1761.557513133,0.046888539592854786,0.0,-0.09678066806558049,0.046888539592854786,False,0.046888539592854786,0.0,INIT
2025-12-04T20:57:08.344733,1761.560664866,-0.15327308661389843,0.0,0.2,-0.15327308661389843,False,0.15327308661389843,0.0,INIT
2025-12-04T20:57:08.350883,1761.566824107,-0.15327308661389843,0.0,0.2,-0.15327308661389843,False,0.15327308661389843,0.0,INIT
2025-12-04T20:57:08.361126,1761.577069043,-0.15327308661389843,0.0,0.2,-0.15327308661389843,False,0.15327308661389843,0.0,INIT
2025-12-04T20:57:08.396800,1761.612746526,0.19999999961017134,0.0,-0.2,0.19999999961017134,False,0.19999999961017134,0.0,INIT
2025-12-04T20:57:08.402864,1761.618799821,0.19999999961017134,0.0,-0.2,0.19999999961017134,False,0.19999999961017134,0.0,INIT
2025-12-04T20:57:08.438197,1761.654138511,0.2000000000106253,0.0,-0.2,0.2000000000106253,False,0.2000000000106253,0.0,INIT
2025-12-04T20:57:08.445924,1761.661854875,0.2000000000106253,0.0,-0.2,0.2000000000106253,False,0.2000000000106253,0.0,INIT
2025-12-04T20:57:08.447351,1761.663286042,0.2000000000106253,0.0,-0.2,0.2000000000106253,False,0.2000000000106253,0.0,INIT
2025-12-04T20:57:08.448628,1761.664560131,0.2000000000106253,0.0,-0.2,0.2000000000106253,False,0.2000000000106253,0.0,INIT
2025-12-04T20:57:08.449855,1761.665783429,0.2000000000106253,0.0,-0.2,0.2000000000106253,False,0.2000000000106253,0.0,INIT
2025-12-04T20:57:08.453221,1761.669152684,0.2000000000106253,0.0,-0.2,0.2000000000106253,False,0.2000000000106253,0.0,INIT
2025-12-04T20:57:08.463596,1761.679523644,-0.07840508403451893,0.0,0.14924780084809974,-0.07840508403451893,False,0.07840508403451893,0.0,INIT
2025-12-04T20:57:08.475805,1761.691742537,-0.07840508403451893,0.0,0.14924780084809974,-0.07840508403451893,False,0.07840508403451893,0.0,INIT
2025-12-04T20:57:08.487031,1761.70296527,0.11132887568909614,0.0,-0.19736453975509152,0.11132887568909614,False,0.11132887568909614,0.0,INIT
2025-12-04T20:57:08.497911,1761.71384062,0.11132887568909614,0.0,-0.19736453975509152,0.11132887568909614,False,0.11132887568909614,0.0,INIT
2025-12-04T20:57:08.508748,1761.724680225,-0.1082879635754194,0.0,0.19312823082643668,-0.1082879635754194,False,0.1082879635754194,0.0,INIT
2025-12-04T20:57:08.524937,1761.740870969,-0.1082879635754194,0.0,0.19312823082643668,-0.1082879635754194,False,0.1082879635754194,0.0,INIT
2025-12-04T20:57:08.531787,1761.747717105,0.038736435359846236,0.0,-0.08164877047192695,0.038736435359846236,False,0.038736435359846236,0.0,INIT
2025-12-04T20:57:08.543956,1761.759890367,0.038736435359846236,0.0,-0.08164877047192695,0.038736435359846236,False,0.038736435359846236,0.0,INIT
2025-12-04T20:57:08.562175,1761.778106301,0.02644647752824435,0.0,-0.05706499180269876,0.02644647752824435,False,0.02644647752824435,0.0,INIT
2025-12-04T20:57:08.565256,1761.781183843,0.02644647752824435,0.0,-0.05706499180269876,0.02644647752824435,False,0.02644647752824435,0.0,INIT
2025-12-04T20:57:08.576444,1761.792374672,-0.08164877047204717,0.0,0.15423671278633047,-0.08164877047204717,False,0.08164877047204717,0.0,INIT
2025-12-04T20:57:08.589480,1761.805413575,0.019325568184682965,0.0,-0.04160815186600744,0.019325568184682965,False,0.019325568184682965,0.0,INIT
2025-12-04T20:57:08.599523,1761.815458906,0.019325568184682965,0.0,-0.04160815186600744,0.019325568184682965,False,0.019325568184682965,0.0,INIT
2025-12-04T20:57:08.610616,1761.826544621,0.019325568184682965,0.0,-0.04160815186600744,0.019325568184682965,False,0.019325568184682965,0.0,INIT
2025-12-04T20:57:08.621894,1761.83782453,-0.041608151868106735,0.0,0.08707330261455963,-0.041608151868106735,False,0.041608151868106735,0.0,INIT
2025-12-04T20:57:08.636420,1761.852354172,-0.041608151868106735,0.0,0.08707330261455963,-0.041608151868106735,False,0.041608151868106735,0.0,INIT
2025-12-04T20:57:08.644469,1761.8603993,0.08707330260052538,0.0,-0.16244439229945118,0.08707330260052538,False,0.08707330260052538,0.0,INIT
2025-12-04T20:57:08.660801,1761.876737256,0.08707330260052538,0.0,-0.16244439229945118,0.08707330260052538,False,0.08707330260052538,0.0,INIT
2025-12-04T20:57:08.667095,1761.883029878,-0.15219223608658417,0.0,0.2,-0.15219223608658417,False,0.15219223608658417,0.0,INIT
2025-12-04T20:57:08.678503,1761.894438871,-0.15219223608658417,0.0,0.2,-0.15219223608658417,False,0.15219223608658417,0.0,INIT
2025-12-04T20:57:08.690602,1761.906537118,0.15684925565625046,0.0,-0.2,0.15684925565625046,False,0.15684925565625046,0.0,INIT
2025-12-04T20:57:08.702651,1761.918584854,0.15684925565625046,0.0,-0.2,0.15684925565625046,False,0.15684925565625046,0.0,INIT
2025-12-04T20:57:08.717355,1761.933304289,0.0015963466726585857,0.0,-0.001517033143683983,0.0015963466726585857,False,0.0015963466726585857,0.0,INIT
2025-12-04T20:57:08.726024,1761.941952842,0.0015963466726585857,0.0,-0.001517033143683983,0.0015963466726585857,False,0.0015963466726585857,0.0,INIT
2025-12-04T20:57:08.734973,1761.950903266,0.0015963466726585857,0.0,-0.001517033143683983,0.0015963466726585857,False,0.0015963466726585857,0.0,INIT
2025-12-04T20:57:08.746234,1761.962168766,-0.0015170331419251787,0.0,0.0014007189373721719,-0.0015170331419251787,False,0.0015170331419251787,0.0,INIT
2025-12-04T20:57:08.763543,1761.979476738,-0.0015170331419251787,0.0,0.0014007189373721719,-0.0015170331419251787,False,0.0015170331419251787,0.0,INIT
2025-12-04T20:57:08.776991,1761.992931995,0.0008171673685377619,0.0,-0.0005209729538499788,0.0008171673685377619,False,0.0008171673685377619,0.0,INIT
2025-12-04T20:57:08.779874,1761.995807572,0.0008171673685377619,0.0,-0.0005209729538499788,0.0008171673685377619,False,0.0008171673685377619,0.0,INIT
2025-12-04T20:57:08.791336,1762.007267176,0.0012085504957613713,0.0,-0.0009779141016262188,0.0012085504957613713,False,0.0012085504957613713,0.0,INIT
2025-12-04T20:57:08.802964,1762.018894841,0.0012085504957613713,0.0,-0.0009779141016262188,0.0012085504957613713,False,0.0012085504957613713,0.0,INIT
2025-12-04T20:57:08.816472,1762.032402333,-0.0009322198062656628,0.0,0.0006448709283782585,-0.0009322198062656628,False,0.0009322198062656628,0.0,INIT
2025-12-04T20:57:08.851615,1762.067573432,-0.0003288007301967057,0.0,0.00011607423120076518,-0.0003288007301967057,False,0.0003288007301967057,0.0,INIT
2025-12-04T20:57:08.853653,1762.069590743,-0.0003288007301967057,0.0,0.00011607423120076518,-0.0003288007301967057,False,0.0003288007301967057,0.0,INIT
2025-12-04T20:57:08.854919,1762.070848937,-0.0003288007301967057,0.0,0.00011607423120076518,-0.0003288007301967057,False,0.0003288007301967057,0.0,INIT
2025-12-04T20:57:08.859061,1762.074988886,0.0006448709317219144,0.0,-0.0003539674782167337,0.0006448709317219144,True,0.0006448709317219144,0.0,INIT
2025-12-04T20:57:08.870053,1762.085984081,0.0006448709317219144,0.0,-0.0003539674782167337,0.0006448709317219144,True,0.0006448709317219144,0.0,INIT
2025-12-04T20:57:08.902483,1762.118415811,-0.00035396747739627443,0.0,0.00013125955176240033,-0.00035396747739627443,True,0.00035396747739627443,0.0,INIT
2025-12-04T20:57:08.906878,1762.12280746,-0.00035396747739627443,0.0,0.00013125955176240033,-0.00035396747739627443,True,0.00035396747739627443,0.0,INIT
2025-12-04T20:57:08.908299,1762.124228523,-0.00035396747739627443,0.0,0.00013125955176240033,-0.00035396747739627443,True,0.00035396747739627443,0.0,INIT
2025-12-04T20:57:08.915510,1762.131444929,-0.00035396747739627443,0.0,0.00013125955176240033,-0.00035396747739627443,True,0.00035396747739627443,0.0,INIT
2025-12-04T20:57:08.926252,1762.142182203,0.00013125974051384469,0.0,-2.4840490696059065e-05,0.00013125974051384469,True,0.00013125974051384469,0.0,INIT
2025-12-04T20:57:08.937501,1762.153429643,0.00013125974051384469,0.0,-2.4840490696059065e-05,0.00013125974051384469,True,0.00013125974051384469,0.0,INIT
2025-12-04T20:57:08.956914,1762.172845017,-2.4840490485318288e-05,0.0,1.4814766561862015e-06,-2.4840490485318288e-05,True,2.4840490485318288e-05,0.0,INIT
2025-12-04T20:57:08.959861,1762.175794406,-2.4840490485318288e-05,0.0,1.4814766561862015e-06,-2.4840490485318288e-05,True,2.4840490485318288e-05,0.0,INIT
2025-12-04T20:57:08.971140,1762.187074613,-2.4840490485318288e-05,0.0,1.4814766561862015e-06,-2.4840490485318288e-05,True,2.4840490485318288e-05,0.0,INIT
2025-12-04T20:57:08.981606,1762.197536453,1.4814760336028212e-06,0.0,-1.2305989389530497e-08,1.4814760336028212e-06,True,1.4814760336028212e-06,0.0,INIT
2025-12-04T20:57:08.996979,1762.212914199,1.4814760336028212e-06,0.0,-1.2305989389530497e-08,1.4814760336028212e-06,True,1.4814760336028212e-06,0.0,INIT
2025-12-04T20:57:09.004372,1762.220301131,-1.2300187968432466e-08,0.0,3.5714899951652834e-12,-1.2300187968432466e-08,True,1.2300187968432466e-08,0.0,INIT
2025-12-04T20:57:09.017040,1762.232978733,-1.2300187968432466e-08,0.0,3.5714899951652834e-12,-1.2300187968432466e-08,True,1.2300187968432466e-08,0.0,INIT
2025-12-04T20:57:09.027924,1762.243854179,-6.189396652962546e-13,0.0,1.7611734781624315e-19,-6.189396652962546e-13,True,6.189396652962546e-13,0.0,INIT
2025-12-04T20:57:09.038332,1762.254278213,-6.189396652962546e-13,0.0,1.7611734781624315e-19,-6.189396652962546e-13,True,6.189396652962546e-13,0.0,INIT
2025-12-04T20:57:09.049636,1762.265572167,-6.189396652962546e-13,0.0,1.7611734781624315e-19,-6.189396652962546e-13,True,6.189396652962546e-13,0.0,INIT
2025-12-04T20:57:09.060881,1762.276808349,-6.189396652962546e-13,0.0,1.7611734781624315e-19,-6.189396652962546e-13,True,6.189396652962546e-13,0.0,INIT
2025-12-04T20:57:09.086615,1762.302556872,0.0,0.0,0.0,0.0,True,0.0,0.0,INIT
2025-12-04T20:57:09.089151,1762.305084487,0.0,0.0,0.0,0.0,True,0.0,0.0,INIT
2025-12-04T20:57:09.111477,1762.327411617,0.0,0.0,0.0,0.0,True,0.0,0.0,INIT
2025-12-04T20:57:09.114659,1762.330589529,6.189396652962546e-13,0.0,-1.7611734781624315e-19,6.189396652962546e-13,True,6.189396652962546e-13,0.0,INIT
2025-12-04T20:57:09.115693,1762.33162005,6.189396652962546e-13,0.0,-1.7611734781624315e-19,6.189396652962546e-13,True,6.189396652962546e-13,0.0,INIT
2025-12-04T20:57:09.126564,1762.342493586,6.189396652962546e-13,0.0,-1.7611734781624315e-19,6.189396652962546e-13,True,6.189396652962546e-13,0.0,INIT
2025-12-04T20:57:09.137446,1762.353377146,6.189396652962546e-13,0.0,-1.7611734781624315e-19,6.189396652962546e-13,True,6.189396652962546e-13,0.0,INIT
2025-12-04T20:57:09.153428,1762.369397706,-6.189396652962546e-13,0.0,1.7611734781624315e-19,-6.189396652962546e-13,True,6.189396652962546e-13,0.0,INIT
2025-12-04T20:57:09.160428,1762.376359002,-6.189396652962546e-13,0.0,1.7611734781624315e-19,-6.189396652962546e-13,True,6.189396652962546e-13,0.0,INIT
2025-12-04T20:57:09.170748,1762.386675023,-6.189396652962546e-13,0.0,1.7611734781624315e-19,-6.189396652962546e-13,True,6.189396652962546e-13,0.0,INIT
2025-12-04T20:57:09.185071,1762.401026062,1.856818995888764e-11,0.0,-5.71357942543347e-17,1.856818995888764e-11,True,1.856818995888764e-11,0.0,INIT
2025-12-04T20:57:09.193237,1762.409169523,1.856818995888764e-11,0.0,-5.71357942543347e-17,1.856818995888764e-11,True,1.856818995888764e-11,0.0,INIT
2025-12-04T20:57:09.203390,1762.419318016,1.856818995888764e-11,0.0,-5.71357942543347e-17,1.856818995888764e-11,True,1.856818995888764e-11,0.0,INIT
2025-12-04T20:57:09.213829,1762.429759095,1.0521974310036326e-11,0.0,-2.1755311328595957e-17,1.0521974310036326e-11,True,1.0521974310036326e-11,0.0,INIT
2025-12-04T20:57:09.230294,1762.446234079,1.0521974310036326e-11,0.0,-2.1755311328595957e-17,1.0521974310036326e-11,True,1.0521974310036326e-11,0.0,INIT
2025-12-04T20:57:09.236503,1762.452433243,1.1140913975332581e-11,0.0,-2.3975374239134284e-17,1.1140913975332581e-11,True,1.1140913975332581e-11,0.0,INIT
2025-12-04T20:57:09.247151,1762.463079513,1.1140913975332581e-11,0.0,-2.3975374239134284e-17,1.1140913975332581e-11,True,1.1140913975332581e-11,0.0,INIT
2025-12-04T20:57:09.290934,1762.506868426,9.903034644740073e-12,0.0,-1.9624839194279297e-17,9.903034644740073e-12,True,9.903034644740073e-12,0.0,INIT
2025-12-04T20:57:09.321764,1762.537703065,-6.189396652962546e-13,0.0,1.7611734781624315e-19,-6.189396652962546e-13,True,6.189396652962546e-13,0.0,INIT
2025-12-04T20:57:09.323224,1762.539153238,-6.189396652962546e-13,0.0,1.7611734781624315e-19,-6.189396652962546e-13,True,6.189396652962546e-13,0.0,INIT
2025-12-04T20:57:09.324811,1762.540739701,-6.189396652962546e-13,0.0,1.7611734781624315e-19,-6.189396652962546e-13,True,6.189396652962546e-13,0.0,INIT
2025-12-04T20:57:09.332851,1762.548785197,-6.189396652962546e-13,0.0,1.7611734781624315e-19,-6.189396652962546e-13,True,6.189396652962546e-13,0.0,INIT
2025-12-04T20:57:09.335363,1762.551297623,6.189396652962546e-13,0.0,-1.7611734781624315e-19,6.189396652962546e-13,True,6.189396652962546e-13,0.0,INIT
2025-12-04T20:57:09.336972,1762.552906199,6.189396652962546e-13,0.0,-1.7611734781624315e-19,6.189396652962546e-13,True,6.189396652962546e-13,0.0,INIT
2025-12-04T20:57:09.338102,1762.554034649,6.189396652962546e-13,0.0,-1.7611734781624315e-19,6.189396652962546e-13,True,6.189396652962546e-13,0.0,INIT
2025-12-04T20:57:09.349768,1762.565702817,6.189396652962546e-13,0.0,-1.7611734781624315e-19,6.189396652962546e-13,True,6.189396652962546e-13,0.0,INIT
2025-12-04T20:57:09.359784,1762.575718244,6.189396652962546e-13,0.0,-1.7611734781624315e-19,6.189396652962546e-13,True,6.189396652962546e-13,0.0,INIT
2025-12-04T20:57:09.370404,1762.586333177,6.189396652962546e-13,0.0,-1.7611734781624315e-19,6.189396652962546e-13,True,6.189396652962546e-13,0.0,INIT
2025-12-04T20:57:09.381613,1762.597542464,0.0,0.0,0.0,0.0,True,0.0,0.0,INIT
2025-12-04T20:57:09.401128,1762.617062224,-6.189396652962546e-13,0.0,1.7611734781624315e-19,-6.189396652962546e-13,True,6.189396652962546e-13,0.0,INIT
2025-12-04T20:57:09.404572,1762.620509523,-6.189396652962546e-13,0.0,1.7611734781624315e-19,-6.189396652962546e-13,True,6.189396652962546e-13,0.0,INIT
2025-12-04T20:57:09.416467,1762.632409332,-6.189396652962546e-13,0.0,1.7611734781624315e-19,-6.189396652962546e-13,True,6.189396652962546e-13,0.0,INIT
2025-12-04T20:57:09.425472,1762.641402075,-6.189396652962546e-13,0.0,1.7611734781624315e-19,-6.189396652962546e-13,True,6.189396652962546e-13,0.0,INIT
2025-12-04T20:57:09.466666,1762.682607531,-6.189396652962546e-13,0.0,1.7611734781624315e-19,-6.189396652962546e-13,True,6.189396652962546e-13,0.0,INIT
2025-12-04T20:57:09.470547,1762.686484239,6.189396652962546e-13,0.0,-1.7611734781624315e-19,6.189396652962546e-13,True,6.189396652962546e-13,0.0,INIT
2025-12-04T20:57:09.471596,1762.687525357,6.189396652962546e-13,0.0,-1.7611734781624315e-19,6.189396652962546e-13,True,6.189396652962546e-13,0.0,INIT
2025-12-04T20:57:09.472609,1762.688541146,6.189396652962546e-13,0.0,-1.7611734781624315e-19,6.189396652962546e-13,True,6.189396652962546e-13,0.0,INIT
2025-12-04T20:57:09.482856,1762.698787379,6.189396652962546e-13,0.0,-1.7611734781624315e-19,6.189396652962546e-13,True,6.189396652962546e-13,0.0,INIT
2025-12-04T20:57:09.494264,1762.710193959,0.0,0.0,0.0,0.0,True,0.0,0.0,INIT
2025-12-04T20:57:09.505735,1762.721662737,-6.189396652962546e-13,0.0,1.7611734781624315e-19,-6.189396652962546e-13,True,6.189396652962546e-13,0.0,INIT
2025-12-04T20:57:09.516552,1762.732480333,-6.189396652962546e-13,0.0,1.7611734781624315e-19,-6.189396652962546e-13,True,6.189396652962546e-13,0.0,INIT
2025-12-04T20:57:09.527666,1762.743607464,1.2378793305925091e-12,0.0,-5.722069511791763e-19,1.2378793305925091e-12,True,1.2378793305925091e-12,0.0,INIT
2025-12-04T20:57:09.538297,1762.754226731,1.2378793305925091e-12,0.0,-5.722069511791763e-19,1.2378793305925091e-12,True,1.2378793305925091e-12,0.0,INIT
2025-12-04T20:57:09.550545,1762.766477934,6.189396652962546e-13,0.0,-1.7611734781624315e-19,6.189396652962546e-13,True,6.189396652962546e-13,0.0,INIT
2025-12-04T20:57:09.561034,1762.776962076,6.189396652962546e-13,0.0,-1.7611734781624315e-19,6.189396652962546e-13,True,6.189396652962546e-13,0.0,INIT
2025-12-04T20:57:09.584733,1762.800664186,6.189396652962546e-13,0.0,-1.7611734781624315e-19,6.189396652962546e-13,True,6.189396652962546e-13,0.0,INIT
2025-12-04T20:57:09.585873,1762.801804972,6.189396652962546e-13,0.0,-1.7611734781624315e-19,6.189396652962546e-13,True,6.189396652962546e-13,0.0,INIT
2025-12-04T20:57:09.602514,1762.818444179,-6.189396652962546e-13,0.0,1.7611734781624315e-19,-6.189396652962546e-13,True,6.189396652962546e-13,0.0,INIT
2025-12-04T20:57:09.618514,1762.83445181,-6.189396652962546e-13,0.0,1.7611734781624315e-19,-6.189396652962546e-13,True,6.189396652962546e-13,0.0,INIT
2025-12-04T20:57:09.626062,1762.841992126,-6.189396652962546e-13,0.0,1.7611734781624315e-19,-6.189396652962546e-13,True,6.189396652962546e-13,0.0,INIT
2025-12-04T20:57:09.630702,1762.846631434,-6.189396652962546e-13,0.0,1.7611734781624315e-19,-6.189396652962546e-13,True,6.189396652962546e-13,0.0,INIT
2025-12-04T20:57:09.642517,1762.858453683,0.0,0.0,0.0,0.0,True,0.0,0.0,INIT
2025-12-04T20:57:09.654039,1762.869973919,0.0,0.0,0.0,0.0,True,0.0,0.0,INIT
2025-12-04T20:57:09.666249,1762.882181647,6.189396652962546e-13,0.0,-1.7611734781624315e-19,6.189396652962546e-13,True,6.189396652962546e-13,0.0,INIT
2025-12-04T20:57:09.676275,1762.892203364,6.189396652962546e-13,0.0,-1.7611734781624315e-19,6.189396652962546e-13,True,6.189396652962546e-13,0.0,INIT
2025-12-04T20:57:09.691546,1762.907477454,6.189396652962546e-13,0.0,-1.7611734781624315e-19,6.189396652962546e-13,True,6.189396652962546e-13,0.0,INIT
2025-12-04T20:57:09.699573,1762.915507812,6.189396652962546e-13,0.0,-1.7611734781624315e-19,6.189396652962546e-13,True,6.189396652962546e-13,0.0,INIT
2025-12-04T20:57:09.710701,1762.926630847,-6.189396652962546e-13,0.0,1.7611734781624315e-19,-6.189396652962546e-13,True,6.189396652962546e-13,0.0,INIT
2025-12-04T20:57:09.722782,1762.938726499,-6.189396652962546e-13,0.0,1.7611734781624315e-19,-6.189396652962546e-13,True,6.189396652962546e-13,0.0,INIT
2025-12-04T20:57:09.734517,1762.95046186,-6.189396652962546e-13,0.0,1.7611734781624315e-19,-6.189396652962546e-13,True,6.189396652962546e-13,0.0,INIT
2025-12-04T20:57:09.743191,1762.959123878,-6.189396652962546e-13,0.0,1.7611734781624315e-19,-6.189396652962546e-13,True,6.189396652962546e-13,0.0,INIT
2025-12-04T20:57:09.755862,1762.971798914,0.0,0.0,0.0,0.0,True,0.0,0.0,INIT
2025-12-04T20:57:09.766841,1762.982769517,0.0,0.0,0.0,0.0,True,0.0,0.0,INIT
2025-12-04T20:57:09.777837,1762.993765902,6.189396652962546e-13,0.0,-1.7611734781624315e-19,6.189396652962546e-13,True,6.189396652962546e-13,0.0,INIT
2025-12-04T20:57:09.789347,1763.005290748,6.189396652962546e-13,0.0,-1.7611734781624315e-19,6.189396652962546e-13,True,6.189396652962546e-13,0.0,INIT
2025-12-04T20:57:09.800009,1763.015937584,6.189396652962546e-13,0.0,-1.7611734781624315e-19,6.189396652962546e-13,True,6.189396652962546e-13,0.0,INIT
2025-12-04T20:57:09.823918,1763.039865793,6.189396652962546e-13,0.0,-1.7611734781624315e-19,6.189396652962546e-13,True,6.189396652962546e-13,0.0,INIT
2025-12-04T20:57:09.829059,1763.04499168,-6.189396652962546e-13,0.0,1.7611734781624315e-19,-6.189396652962546e-13,True,6.189396652962546e-13,0.0,INIT
2025-12-04T20:57:09.834944,1763.050888778,-6.189396652962546e-13,0.0,1.7611734781624315e-19,-6.189396652962546e-13,True,6.189396652962546e-13,0.0,INIT
2025-12-04T20:57:09.844543,1763.060473771,-6.189396652962546e-13,0.0,1.7611734781624315e-19,-6.189396652962546e-13,True,6.189396652962546e-13,0.0,INIT
2025-12-04T20:57:09.856605,1763.07253938,0.0,0.0,0.0,0.0,True,0.0,0.0,INIT
2025-12-04T20:57:09.866910,1763.082853453,0.0,0.0,0.0,0.0,True,0.0,0.0,INIT
2025-12-04T20:57:09.885285,1763.101221669,0.0,0.0,0.0,0.0,True,0.0,0.0,INIT
2025-12-04T20:57:09.892082,1763.108027638,0.0,0.0,0.0,0.0,True,0.0,0.0,INIT
2025-12-04T20:57:09.900363,1763.116296926,0.0,0.0,0.0,0.0,True,0.0,0.0,INIT
2025-12-04T20:57:09.919148,1763.135090294,0.0,0.0,0.0,0.0,True,0.0,0.0,INIT
2025-12-04T20:57:09.929176,1763.145128258,0.0,0.0,0.0,0.0,True,0.0,0.0,INIT
2025-12-04T20:57:09.936266,1763.152206782,0.0,0.0,0.0,0.0,True,0.0,0.0,INIT
2025-12-04T20:57:09.954552,1763.170482863,-8.665155314147563e-12,0.0,1.563938953982544e-17,-8.665155314147563e-12,True,8.665155314147563e-12,0.0,INIT
2025-12-04T20:57:09.958351,1763.174284526,-8.665155314147563e-12,0.0,1.563938953982544e-17,-8.665155314147563e-12,True,8.665155314147563e-12,0.0,INIT
2025-12-04T20:57:09.970856,1763.186797868,6.189396652962546e-13,0.0,-1.7611734781624315e-19,6.189396652962546e-13,True,6.189396652962546e-13,0.0,INIT
2025-12-04T20:57:09.980735,1763.196671128,6.189396652962546e-13,0.0,-1.7611734781624315e-19,6.189396652962546e-13,True,6.189396652962546e-13,0.0,INIT
2025-12-04T20:57:09.991761,1763.207701821,6.189396652962546e-13,0.0,-1.7611734781624315e-19,6.189396652962546e-13,True,6.189396652962546e-13,0.0,INIT
2025-12-04T20:57:10.024125,1763.24006139,6.189396652962546e-13,0.0,-1.7611734781624315e-19,6.189396652962546e-13,True,6.189396652962546e-13,0.0,INIT
2025-12-04T20:57:10.026683,1763.242617035,6.189396652962546e-13,0.0,-1.7611734781624315e-19,6.189396652962546e-13,True,6.189396652962546e-13,0.0,INIT
2025-12-04T20:57:10.028167,1763.244102234,6.189396652962546e-13,0.0,-1.7611734781624315e-19,6.189396652962546e-13,True,6.189396652962546e-13,0.0,INIT
2025-12-04T20:57:10.055760,1763.271698241,-6.189396652962546e-13,0.0,1.7611734781624315e-19,-6.189396652962546e-13,True,6.189396652962546e-13,0.0,INIT
2025-12-04T20:57:10.093591,1763.309525947,-6.189396652962546e-13,0.0,1.7611734781624315e-19,-6.189396652962546e-13,True,6.189396652962546e-13,0.0,INIT
2025-12-04T20:57:10.128487,1763.344422215,6.189396652962546e-13,0.0,-1.7611734781624315e-19,6.189396652962546e-13,True,6.189396652962546e-13,0.0,INIT
2025-12-04T20:57:10.151719,1763.367682406,6.189396652962546e-13,0.0,-1.7611734781624315e-19,6.189396652962546e-13,True,6.189396652962546e-13,0.0,INIT
2025-12-04T20:57:10.166023,1763.381959181,0.0,0.0,0.0,0.0,True,0.0,0.0,INIT
2025-12-04T20:57:10.168920,1763.384872586,0.0,0.0,0.0,0.0,True,0.0,0.0,INIT
2025-12-04T20:57:10.193901,1763.409837529,0.0,0.0,0.0,0.0,True,0.0,0.0,INIT
2025-12-04T20:57:10.196800,1763.412732704,0.0,0.0,0.0,0.0,True,0.0,0.0,INIT
2025-12-04T20:57:10.198286,1763.414224088,0.0,0.0,0.0,0.0,True,0.0,0.0,INIT
2025-12-04T20:57:10.211894,1763.427824434,0.0,0.0,0.0,0.0,True,0.0,0.0,INIT
2025-12-04T20:57:10.213276,1763.429207803,0.0,0.0,0.0,0.0,True,0.0,0.0,INIT
2025-12-04T20:57:10.215070,1763.430998803,0.0,0.0,0.0,0.0,True,0.0,0.0,INIT
2025-12-04T20:57:10.216004,1763.431931293,0.0,0.0,0.0,0.0,True,0.0,0.0,INIT
2025-12-04T20:57:10.216769,1763.432697104,0.0,0.0,0.0,0.0,True,0.0,0.0,INIT
2025-12-04T20:57:10.218177,1763.434111944,0.0,0.0,0.0,0.0,True,0.0,0.0,INIT
2025-12-04T20:57:10.219050,1763.434977275,0.0,0.0,0.0,0.0,True,0.0,0.0,INIT
2025-12-04T20:57:10.226527,1763.442461513,0.0,0.0,0.0,0.0,True,0.0,0.0,INIT
2025-12-04T20:57:10.235065,1763.450998673,6.189396652962546e-13,0.0,-1.7611734781624315e-19,6.189396652962546e-13,True,6.189396652962546e-13,0.0,INIT
2025-12-04T20:57:10.247766,1763.463699183,6.189396652962546e-13,0.0,-1.7611734781624315e-19,6.189396652962546e-13,True,6.189396652962546e-13,0.0,INIT
2025-12-04T20:57:10.267567,1763.483515662,0.0,0.0,0.0,0.0,True,0.0,0.0,INIT
2025-12-04T20:57:10.304715,1763.520657607,0.0,0.0,0.0,0.0,True,0.0,0.0,INIT
2025-12-04T20:57:10.309905,1763.525836891,0.0,0.0,0.0,0.0,True,0.0,0.0,INIT
2025-12-04T20:57:10.310777,1763.526705763,0.0,0.0,0.0,0.0,True,0.0,0.0,INIT
2025-12-04T20:57:10.311809,1763.527736229,0.0,0.0,0.0,0.0,True,0.0,0.0,INIT
2025-12-04T20:57:10.315344,1763.531273342,0.0,0.0,0.0,0.0,True,0.0,0.0,INIT
2025-12-04T20:57:10.327479,1763.543410636,0.0,0.0,0.0,0.0,True,0.0,0.0,INIT
2025-12-04T20:57:10.338227,1763.554158427,0.0,0.0,0.0,0.0,True,0.0,0.0,INIT
2025-12-04T20:57:10.351484,1763.567426599,9.903034644740071e-12,0.0,-1.9624839194279294e-17,9.903034644740071e-12,True,9.903034644740071e-12,0.0,INIT
2025-12-04T20:57:10.360326,1763.576262255,9.903034644740071e-12,0.0,-1.9624839194279294e-17,9.903034644740071e-12,True,9.903034644740071e-12,0.0,INIT
2025-12-04T20:57:10.374410,1763.590345673,9.903034644740071e-12,0.0,-1.9624839194279294e-17,9.903034644740071e-12,True,9.903034644740071e-12,0.0,INIT
2025-12-04T20:57:10.382394,1763.598325014,1.1759853640628836e-11,0.0,-2.6283503690927605e-17,1.1759853640628836e-11,True,1.1759853640628836e-11,0.0,INIT
2025-12-04T20:57:10.395054,1763.610984751,0.0,0.0,0.0,0.0,True,0.0,0.0,INIT
2025-12-04T20:57:10.404507,1763.62044185,0.0,0.0,0.0,0.0,True,0.0,0.0,INIT
2025-12-04T20:57:10.419738,1763.635669136,0.0,0.0,0.0,0.0,True,0.0,0.0,INIT
2025-12-04T20:57:10.426740,1763.642671451,0.0,0.0,0.0,0.0,True,0.0,0.0,INIT
2025-12-04T20:57:10.438290,1763.654234053,-6.189396652962546e-13,0.0,1.7611734781624315e-19,-6.189396652962546e-13,True,6.189396652962546e-13,0.0,INIT
2025-12-04T20:57:10.475897,1763.6918341,-6.189396652962546e-13,0.0,1.7611734781624315e-19,-6.189396652962546e-13,True,6.189396652962546e-13,0.0,INIT
2025-12-04T20:57:10.477662,1763.693593987,6.189396652962546e-13,0.0,-1.7611734781624315e-19,6.189396652962546e-13,True,6.189396652962546e-13,0.0,INIT
2025-12-04T20:57:10.478346,1763.694273536,6.189396652962546e-13,0.0,-1.7611734781624315e-19,6.189396652962546e-13,True,6.189396652962546e-13,0.0,INIT
2025-12-04T20:57:10.482131,1763.698062424,6.189396652962546e-13,0.0,-1.7611734781624315e-19,6.189396652962546e-13,True,6.189396652962546e-13,0.0,INIT
2025-12-04T20:57:10.495855,1763.711787009,6.189396652962546e-13,0.0,-1.7611734781624315e-19,6.189396652962546e-13,True,6.189396652962546e-13,0.0,INIT
2025-12-04T20:57:10.506860,1763.722791546,0.0,0.0,0.0,0.0,True,0.0,0.0,INIT
2025-12-04T20:57:10.515581,1763.731512337,0.0,0.0,0.0,0.0,True,0.0,0.0,INIT
2025-12-04T20:57:10.526959,1763.7428945,0.0,0.0,0.0,0.0,True,0.0,0.0,INIT
2025-12-04T20:57:10.538521,1763.754451315,0.0,0.0,0.0,0.0,True,0.0,0.0,INIT
2025-12-04T20:57:10.558930,1763.774880864,-6.189396652962546e-13,0.0,1.7611734781624315e-19,-6.189396652962546e-13,True,6.189396652962546e-13,0.0,INIT
2025-12-04T20:57:10.590511,1763.806444933,-6.189396652962546e-13,0.0,1.7611734781624315e-19,-6.189396652962546e-13,True,6.189396652962546e-13,0.0,INIT
2025-12-04T20:57:10.665465,1763.881396504,-6.189396652962546e-13,0.0,1.7611734781624315e-19,-6.189396652962546e-13,True,6.189396652962546e-13,0.0,INIT
2025-12-04T20:57:10.669683,1763.885614488,-6.189396652962546e-13,0.0,1.7611734781624315e-19,-6.189396652962546e-13,True,6.189396652962546e-13,0.0,INIT
2025-12-04T20:57:10.671212,1763.887151919,-6.189396652962546e-13,0.0,1.7611734781624315e-19,-6.189396652962546e-13,True,6.189396652962546e-13,0.0,INIT
2025-12-04T20:57:10.672414,1763.888343433,-6.189396652962546e-13,0.0,1.7611734781624315e-19,-6.189396652962546e-13,True,6.189396652962546e-13,0.0,INIT
2025-12-04T20:57:10.673199,1763.889125645,-6.189396652962546e-13,0.0,1.7611734781624315e-19,-6.189396652962546e-13,True,6.189396652962546e-13,0.0,INIT
2025-12-04T20:57:10.683817,1763.899754472,6.189396652962546e-13,0.0,-1.7611734781624315e-19,6.189396652962546e-13,True,6.189396652962546e-13,0.0,INIT
2025-12-04T20:57:10.685800,1763.901732238,6.189396652962546e-13,0.0,-1.7611734781624315e-19,6.189396652962546e-13,True,6.189396652962546e-13,0.0,INIT
2025-12-04T20:57:10.686773,1763.9027046,6.189396652962546e-13,0.0,-1.7611734781624315e-19,6.189396652962546e-13,True,6.189396652962546e-13,0.0,INIT
2025-12-04T20:57:10.688367,1763.904298938,6.189396652962546e-13,0.0,-1.7611734781624315e-19,6.189396652962546e-13,True,6.189396652962546e-13,0.0,INIT
2025-12-04T20:57:10.699761,1763.915691308,6.189396652962546e-13,0.0,-1.7611734781624315e-19,6.189396652962546e-13,True,6.189396652962546e-13,0.0,INIT
2025-12-04T20:57:10.707844,1763.923781746,6.189396652962546e-13,0.0,-1.7611734781624315e-19,6.189396652962546e-13,True,6.189396652962546e-13,0.0,INIT
2025-12-04T20:57:10.709841,1763.92577258,6.189396652962546e-13,0.0,-1.7611734781624315e-19,6.189396652962546e-13,True,6.189396652962546e-13,0.0,INIT
2025-12-04T20:57:10.710771,1763.926697957,6.189396652962546e-13,0.0,-1.7611734781624315e-19,6.189396652962546e-13,True,6.189396652962546e-13,0.0,INIT
2025-12-04T20:57:10.729444,1763.94537965,0.0,0.0,0.0,0.0,True,0.0,0.0,INIT
2025-12-04T20:57:10.732354,1763.948284377,0.0,0.0,0.0,0.0,True,0.0,0.0,INIT
2025-12-04T20:57:10.757292,1763.973224863,0.0,0.0,0.0,0.0,True,0.0,0.0,INIT
2025-12-04T20:57:10.758879,1763.974811596,0.0,0.0,0.0,0.0,True,0.0,0.0,INIT
2025-12-04T20:57:10.766587,1763.982515837,-6.189396652962546e-13,0.0,1.7611734781624315e-19,-6.189396652962546e-13,True,6.189396652962546e-13,0.0,INIT
2025-12-04T20:57:10.779182,1763.995117359,-6.189396652962546e-13,0.0,1.7611734781624315e-19,-6.189396652962546e-13,True,6.189396652962546e-13,0.0,INIT
2025-12-04T20:57:10.788359,1764.004296096,0.0,0.0,0.0,0.0,True,0.0,0.0,INIT
2025-12-04T20:57:10.799754,1764.015690269,0.0,0.0,0.0,0.0,True,0.0,0.0,INIT
2025-12-04T20:57:10.810315,1764.026244478,6.189396652962546e-13,0.0,-1.7611734781624315e-19,6.189396652962546e-13,True,6.189396652962546e-13,0.0,INIT
2025-12-04T20:57:10.822004,1764.03793772,6.189396652962546e-13,0.0,-1.7611734781624315e-19,6.189396652962546e-13,True,6.189396652962546e-13,0.0,INIT
2025-12-04T20:57:10.834390,1764.050335015,0.0,0.0,0.0,0.0,True,0.0,0.0,INIT
2025-12-04T20:57:10.843932,1764.059864508,0.0,0.0,0.0,0.0,True,0.0,0.0,INIT
2025-12-04T20:57:10.868621,1764.084573655,0.0,0.0,0.0,0.0,True,0.0,0.0,INIT
2025-12-04T20:57:10.870934,1764.086866562,-6.189396652962546e-13,0.0,1.7611734781624315e-19,-6.189396652962546e-13,True,6.189396652962546e-13,0.0,INIT
2025-12-04T20:57:10.876872,1764.092801491,-6.189396652962546e-13,0.0,1.7611734781624315e-19,-6.189396652962546e-13,True,6.189396652962546e-13,0.0,INIT
2025-12-04T20:57:10.944547,1764.160481266,0.0,0.0,0.0,0.0,True,0.0,0.0,INIT
2025-12-04T20:57:10.974495,1764.190427346,0.0,0.0,0.0,0.0,True,0.0,0.0,INIT
2025-12-04T20:57:10.978164,1764.19410056,-2.04250089547764e-11,0.0,6.718554332854463e-17,-2.04250089547764e-11,True,2.04250089547764e-11,0.0,INIT
2025-12-04T20:57:10.980510,1764.196440401,-1.0521974310036326e-11,0.0,2.1755311328595957e-17,-1.0521974310036326e-11,True,1.0521974310036326e-11,0.0,INIT
2025-12-04T20:57:10.981885,1764.197812578,-1.0521974310036326e-11,0.0,2.1755311328595957e-17,-1.0521974310036326e-11,True,1.0521974310036326e-11,0.0,INIT
2025-12-04T20:57:10.982537,1764.198464755,-1.0521974310036326e-11,0.0,2.1755311328595957e-17,-1.0521974310036326e-11,True,1.0521974310036326e-11,0.0,INIT
2025-12-04T20:57:10.983607,1764.199537298,-1.0521974310036326e-11,0.0,2.1755311328595957e-17,-1.0521974310036326e-11,True,1.0521974310036326e-11,0.0,INIT
2025-12-04T20:57:10.984515,1764.200450731,-1.0521974310036326e-11,0.0,2.1755311328595957e-17,-1.0521974310036326e-11,True,1.0521974310036326e-11,0.0,INIT
2025-12-04T20:57:10.985526,1764.20145564,-1.0521974310036326e-11,0.0,2.1755311328595957e-17,-1.0521974310036326e-11,True,1.0521974310036326e-11,0.0,INIT
2025-12-04T20:57:10.995311,1764.211241024,-1.0521974310036326e-11,0.0,2.1755311328595957e-17,-1.0521974310036326e-11,True,1.0521974310036326e-11,0.0,INIT
2025-12-04T20:57:11.008080,1764.22401878,-1.1140913975332581e-11,0.0,2.3975374239134284e-17,-1.1140913975332581e-11,True,1.1140913975332581e-11,0.0,INIT
2025-12-04T20:57:11.012971,1764.228900714,-1.1140913975332581e-11,0.0,2.3975374239134284e-17,-1.1140913975332581e-11,True,1.1140913975332581e-11,0.0,INIT
2025-12-04T20:57:11.024479,1764.24040824,6.189396652962546e-13,0.0,-1.7611734781624315e-19,6.189396652962546e-13,True,6.189396652962546e-13,0.0,INIT
2025-12-04T20:57:11.036118,1764.252051571,6.189396652962546e-13,0.0,-1.7611734781624315e-19,6.189396652962546e-13,True,6.189396652962546e-13,0.0,INIT
2025-12-04T20:57:11.054454,1764.270394351,-8.04621564885131e-12,0.0,1.3788144790214854e-17,-8.04621564885131e-12,True,8.04621564885131e-12,0.0,INIT
2025-12-04T20:57:11.060996,1764.276925815,-8.04621564885131e-12,0.0,1.3788144790214854e-17,-8.04621564885131e-12,True,8.04621564885131e-12,0.0,INIT
2025-12-04T20:57:11.086122,1764.302054305,6.189396652962546e-13,0.0,-1.7611734781624315e-19,6.189396652962546e-13,True,6.189396652962546e-13,0.0,INIT
2025-12-04T20:57:11.097832,1764.313784932,0.0,0.0,0.0,0.0,True,0.0,0.0,INIT
2025-12-04T20:57:11.099849,1764.315782376,0.0,0.0,0.0,0.0,True,0.0,0.0,INIT
2025-12-04T20:57:11.103454,1764.319405264,-6.189396652962546e-13,0.0,1.7611734781624315e-19,-6.189396652962546e-13,True,6.189396652962546e-13,0.0,INIT
2025-12-04T20:57:11.113655,1764.32958331,-6.189396652962546e-13,0.0,1.7611734781624315e-19,-6.189396652962546e-13,True,6.189396652962546e-13,0.0,INIT
2025-12-04T20:57:11.125066,1764.340997285,0.0,0.0,0.0,0.0,True,0.0,0.0,INIT
2025-12-04T20:57:11.137227,1764.353159248,0.0,0.0,0.0,0.0,True,0.0,0.0,INIT
2025-12-04T20:57:11.148398,1764.364326824,0.0,0.0,0.0,0.0,True,0.0,0.0,INIT
2025-12-04T20:57:11.160036,1764.3759718,0.0,0.0,0.0,0.0,True,0.0,0.0,INIT
2025-12-04T20:57:11.171517,1764.387446327,0.0,0.0,0.0,0.0,True,0.0,0.0,INIT
2025-12-04T20:57:11.183283,1764.399219035,0.0,0.0,0.0,0.0,True,0.0,0.0,INIT
2025-12-04T20:57:11.193981,1764.409908629,-6.189396652962546e-13,0.0,1.7611734781624315e-19,-6.189396652962546e-13,True,6.189396652962546e-13,0.0,INIT
2025-12-04T20:57:11.206895,1764.422830355,-1.8568189958887637e-12,0.0,1.1400089730200058e-18,-1.8568189958887637e-12,True,1.8568189958887637e-12,0.0,INIT
2025-12-04T20:57:11.216557,1764.432488001,-1.8568189958887637e-12,0.0,1.1400089730200058e-18,-1.8568189958887637e-12,True,1.8568189958887637e-12,0.0,INIT
2025-12-04T20:57:11.227986,1764.443917586,-1.8568189958887637e-12,0.0,1.1400089730200058e-18,-1.8568189958887637e-12,True,1.8568189958887637e-12,0.0,INIT
2025-12-04T20:57:11.239460,1764.455393395,0.0,0.0,0.0,0.0,True,0.0,0.0,INIT
2025-12-04T20:57:11.266520,1764.482454987,0.0,0.0,0.0,0.0,True,0.0,0.0,INIT
2025-12-04T20:57:11.270450,1764.486431854,0.0,0.0,0.0,0.0,True,0.0,0.0,INIT
2025-12-04T20:57:11.273176,1764.489113254,0.0,0.0,0.0,0.0,True,0.0,0.0,INIT
2025-12-04T20:57:11.283379,1764.499309288,0.0,0.0,0.0,0.0,True,0.0,0.0,INIT
2025-12-04T20:57:11.294338,1764.510265941,0.0,0.0,0.0,0.0,True,0.0,0.0,INIT
2025-12-04T20:57:11.308764,1764.524705204,-6.189396652962546e-13,0.0,1.7611734781624315e-19,-6.189396652962546e-13,True,6.189396652962546e-13,0.0,INIT
2025-12-04T20:57:11.317638,1764.533581748,-6.189396652962546e-13,0.0,1.7611734781624315e-19,-6.189396652962546e-13,True,6.189396652962546e-13,0.0,INIT
2025-12-04T20:57:11.329283,1764.545212093,0.0,0.0,0.0,0.0,True,0.0,0.0,INIT
2025-12-04T20:57:11.341908,1764.557845047,0.0,0.0,0.0,0.0,True,0.0,0.0,INIT
2025-12-04T20:57:11.352229,1764.568165447,6.189396652962546e-13,0.0,-1.7611734781624315e-19,6.189396652962546e-13,True,6.189396652962546e-13,0.0,INIT
2025-12-04T20:57:11.362561,1764.578490579,6.189396652962546e-13,0.0,-1.7611734781624315e-19,6.189396652962546e-13,True,6.189396652962546e-13,0.0,INIT
2025-12-04T20:57:11.400510,1764.616440133,0.0,0.0,0.0,0.0,True,0.0,0.0,INIT
2025-12-04T20:57:11.402882,1764.618813436,0.0,0.0,0.0,0.0,True,0.0,0.0,INIT
2025-12-04T20:57:11.403855,1764.619781547,0.0,0.0,0.0,0.0,True,0.0,0.0,INIT
2025-12-04T20:57:11.412263,1764.628194257,0.0,0.0,0.0,0.0,True,0.0,0.0,INIT
2025-12-04T20:57:11.437962,1764.653900284,-6.189396652962546e-13,0.0,1.7611734781624315e-19,-6.189396652962546e-13,True,6.189396652962546e-13,0.0,INIT
2025-12-04T20:57:11.456525,1764.672460512,0.0,0.0,0.0,0.0,True,0.0,0.0,INIT
2025-12-04T20:57:11.485379,1764.701308793,1.0521974310036326e-11,0.0,-2.1755311328595957e-17,1.0521974310036326e-11,True,1.0521974310036326e-11,0.0,INIT
2025-12-04T20:57:11.488097,1764.704034136,1.0521974310036326e-11,0.0,-2.1755311328595957e-17,1.0521974310036326e-11,True,1.0521974310036326e-11,0.0,INIT
2025-12-04T20:57:11.489234,1764.705163108,1.0521974310036326e-11,0.0,-2.1755311328595957e-17,1.0521974310036326e-11,True,1.0521974310036326e-11,0.0,INIT
2025-12-04T20:57:11.489973,1764.705899706,1.0521974310036326e-11,0.0,-2.1755311328595957e-17,1.0521974310036326e-11,True,1.0521974310036326e-11,0.0,INIT
2025-12-04T20:57:11.490869,1764.706794183,1.0521974310036326e-11,0.0,-2.1755311328595957e-17,1.0521974310036326e-11,True,1.0521974310036326e-11,0.0,INIT
2025-12-04T20:57:11.499040,1764.714972297,1.0521974310036326e-11,0.0,-2.1755311328595957e-17,1.0521974310036326e-11,True,1.0521974310036326e-11,0.0,INIT
2025-12-04T20:57:11.508775,1764.724710765,1.0521974310036326e-11,0.0,-2.1755311328595957e-17,1.0521974310036326e-11,True,1.0521974310036326e-11,0.0,INIT
2025-12-04T20:57:11.520981,1764.73690991,1.0521974310036326e-11,0.0,-2.1755311328595957e-17,1.0521974310036326e-11,True,1.0521974310036326e-11,0.0,INIT
2025-12-04T20:57:11.538489,1764.754433978,2.166288828536891e-11,0.0,-7.425365078244617e-17,2.166288828536891e-11,True,2.166288828536891e-11,0.0,INIT
2025-12-04T20:57:11.542265,1764.758195001,2.166288828536891e-11,0.0,-7.425365078244617e-17,2.166288828536891e-11,True,2.166288828536891e-11,0.0,INIT
2025-12-04T20:57:11.555795,1764.771742301,6.189396652962546e-13,0.0,-1.7611734781624315e-19,6.189396652962546e-13,True,6.189396652962546e-13,0.0,INIT
2025-12-04T20:57:11.569288,1764.785220259,6.189396652962546e-13,0.0,-1.7611734781624315e-19,6.189396652962546e-13,True,6.189396652962546e-13,0.0,INIT
2025-12-04T20:57:11.575671,1764.791601462,6.189396652962546e-13,0.0,-1.7611734781624315e-19,6.189396652962546e-13,True,6.189396652962546e-13,0.0,INIT
2025-12-04T20:57:11.590099,1764.806036116,6.189396652962546e-13,0.0,-1.7611734781624315e-19,6.189396652962546e-13,True,6.189396652962546e-13,0.0,INIT
2025-12-04T20:57:11.598191,1764.814120756,0.0,0.0,0.0,0.0,True,0.0,0.0,INIT
2025-12-04T20:57:11.610363,1764.826301858,0.0,0.0,0.0,0.0,True,0.0,0.0,INIT
2025-12-04T20:57:11.621656,1764.837592727,-6.189396652962546e-13,0.0,1.7611734781624315e-19,-6.189396652962546e-13,True,6.189396652962546e-13,0.0,INIT
2025-12-04T20:57:11.632606,1764.848541375,-6.189396652962546e-13,0.0,1.7611734781624315e-19,-6.189396652962546e-13,True,6.189396652962546e-13,0.0,INIT
2025-12-04T20:57:11.644009,1764.859944802,-6.189396652962546e-13,0.0,1.7611734781624315e-19,-6.189396652962546e-13,True,6.189396652962546e-13,0.0,INIT
2025-12-04T20:57:11.655071,1764.870999857,-6.189396652962546e-13,0.0,1.7611734781624315e-19,-6.189396652962546e-13,True,6.189396652962546e-13,0.0,INIT
2025-12-04T20:57:11.708071,1764.924024615,0.0,0.0,0.0,0.0,True,0.0,0.0,INIT
2025-12-04T20:57:11.711707,1764.927646364,0.0,0.0,0.0,0.0,True,0.0,0.0,INIT
2025-12-04T20:57:11.713514,1764.929450454,0.0,0.0,0.0,0.0,True,0.0,0.0,INIT
2025-12-04T20:57:11.715522,1764.93145151,0.0,0.0,0.0,0.0,True,0.0,0.0,INIT
2025-12-04T20:57:11.716581,1764.932512753,0.0,0.0,0.0,0.0,True,0.0,0.0,INIT
2025-12-04T20:57:11.725600,1764.941530009,-6.189396652962546e-13,0.0,1.7611734781624315e-19,-6.189396652962546e-13,True,6.189396652962546e-13,0.0,INIT
2025-12-04T20:57:11.736864,1764.95280035,-6.189396652962546e-13,0.0,1.7611734781624315e-19,-6.189396652962546e-13,True,6.189396652962546e-13,0.0,INIT
2025-12-04T20:57:11.747015,1764.962944351,-6.189396652962546e-13,0.0,1.7611734781624315e-19,-6.189396652962546e-13,True,6.189396652962546e-13,0.0,INIT
2025-12-04T20:57:11.757026,1764.972953367,-6.189396652962546e-13,0.0,1.7611734781624315e-19,-6.189396652962546e-13,True,6.189396652962546e-13,0.0,INIT
2025-12-04T20:57:11.770796,1764.986731132,-6.189396652962546e-13,0.0,1.7611734781624315e-19,-6.189396652962546e-13,True,6.189396652962546e-13,0.0,INIT
2025-12-04T20:57:11.779024,1764.994961507,6.189396652962546e-13,0.0,-1.7611734781624315e-19,6.189396652962546e-13,True,6.189396652962546e-13,0.0,INIT
2025-12-04T20:57:11.814399,1765.030334679,6.189396652962546e-13,0.0,-1.7611734781624315e-19,6.189396652962546e-13,True,6.189396652962546e-13,0.0,INIT
2025-12-04T20:57:11.817624,1765.033557746,6.189396652962546e-13,0.0,-1.7611734781624315e-19,6.189396652962546e-13,True,6.189396652962546e-13,0.0,INIT
2025-12-04T20:57:11.827127,1765.043059321,6.189396652962546e-13,0.0,-1.7611734781624315e-19,6.189396652962546e-13,True,6.189396652962546e-13,0.0,INIT
2025-12-04T20:57:11.829882,1765.045815975,6.189396652962546e-13,0.0,-1.7611734781624315e-19,6.189396652962546e-13,True,6.189396652962546e-13,0.0,INIT
2025-12-04T20:57:11.876453,1765.092383394,6.189396652962546e-13,0.0,-1.7611734781624315e-19,6.189396652962546e-13,True,6.189396652962546e-13,0.0,INIT
2025-12-04T20:57:11.886527,1765.102459698,-1.237879330592509e-12,0.0,5.722069511791761e-19,-1.237879330592509e-12,True,1.237879330592509e-12,0.0,INIT
2025-12-04T20:57:11.889376,1765.105305054,-1.237879330592509e-12,0.0,5.722069511791761e-19,-1.237879330592509e-12,True,1.237879330592509e-12,0.0,INIT
2025-12-04T20:57:11.891469,1765.107394355,6.189396652962546e-13,0.0,-1.7611734781624315e-19,6.189396652962546e-13,True,6.189396652962546e-13,0.0,INIT
2025-12-04T20:57:11.892311,1765.108235592,6.189396652962546e-13,0.0,-1.7611734781624315e-19,6.189396652962546e-13,True,6.189396652962546e-13,0.0,INIT
2025-12-04T20:57:11.893128,1765.109057432,6.189396652962546e-13,0.0,-1.7611734781624315e-19,6.189396652962546e-13,True,6.189396652962546e-13,0.0,INIT
2025-12-04T20:57:11.899758,1765.115689121,6.189396652962546e-13,0.0,-1.7611734781624315e-19,6.189396652962546e-13,True,6.189396652962546e-13,0.0,INIT
2025-12-04T20:57:11.912598,1765.128532338,6.189396652962546e-13,0.0,-1.7611734781624315e-19,6.189396652962546e-13,True,6.189396652962546e-13,0.0,INIT
2025-12-04T20:57:11.923375,1765.139303396,6.189396652962546e-13,0.0,-1.7611734781624315e-19,6.189396652962546e-13,True,6.189396652962546e-13,0.0,INIT
2025-12-04T20:57:11.935396,1765.151333651,-6.189396652962546e-13,0.0,1.7611734781624315e-19,-6.189396652962546e-13,True,6.189396652962546e-13,0.0,INIT
2025-12-04T20:57:11.971413,1765.187348183,-6.189396652962546e-13,0.0,1.7611734781624315e-19,-6.189396652962546e-13,True,6.189396652962546e-13,0.0,INIT
2025-12-04T20:57:12.072506,1765.288441991,-6.189396652962546e-13,0.0,1.7611734781624315e-19,-6.189396652962546e-13,True,6.189396652962546e-13,0.0,INIT
2025-12-04T20:57:12.080155,1765.296090812,-6.189396652962546e-13,0.0,1.7611734781624315e-19,-6.189396652962546e-13,True,6.189396652962546e-13,0.0,INIT
2025-12-04T20:57:12.086842,1765.302768786,-6.189396652962546e-13,0.0,1.7611734781624315e-19,-6.189396652962546e-13,True,6.189396652962546e-13,0.0,INIT
2025-12-04T20:57:12.083159,1765.29908891,-6.189396652962546e-13,0.0,1.7611734781624315e-19,-6.189396652962546e-13,True,6.189396652962546e-13,0.0,INIT
2025-12-04T20:57:12.084324,1765.300255969,-6.189396652962546e-13,0.0,1.7611734781624315e-19,-6.189396652962546e-13,True,6.189396652962546e-13,0.0,INIT
2025-12-04T20:57:12.085344,1765.301274167,-6.189396652962546e-13,0.0,1.7611734781624315e-19,-6.189396652962546e-13,True,6.189396652962546e-13,0.0,INIT
2025-12-04T20:57:12.081104,1765.297037337,-6.189396652962546e-13,0.0,1.7611734781624315e-19,-6.189396652962546e-13,True,6.189396652962546e-13,0.0,INIT
2025-12-04T20:57:12.087899,1765.303829573,-6.189396652962546e-13,0.0,1.7611734781624315e-19,-6.189396652962546e-13,True,6.189396652962546e-13,0.0,INIT
2025-12-04T20:57:12.095100,1765.311034725,-6.189396652962546e-13,0.0,1.7611734781624315e-19,-6.189396652962546e-13,True,6.189396652962546e-13,0.0,INIT
2025-12-04T20:57:12.096828,1765.31276266,0.0,0.0,0.0,0.0,True,0.0,0.0,INIT
2025-12-04T20:57:12.097786,1765.313712542,0.0,0.0,0.0,0.0,True,0.0,0.0,INIT
2025-12-04T20:57:12.099190,1765.315117593,0.0,0.0,0.0,0.0,True,0.0,0.0,INIT
2025-12-04T20:57:12.101167,1765.317120258,0.0,0.0,0.0,0.0,True,0.0,0.0,INIT
2025-12-04T20:57:12.112475,1765.328411973,0.0,0.0,0.0,0.0,True,0.0,0.0,INIT
2025-12-04T20:57:12.124044,1765.339980938,-1.0521974310036326e-11,0.0,2.1755311328595957e-17,-1.0521974310036326e-11,True,1.0521974310036326e-11,0.0,INIT
2025-12-04T20:57:12.138175,1765.354112006,0.0,0.0,0.0,0.0,True,0.0,0.0,INIT
2025-12-04T20:57:12.149214,1765.365149604,0.0,0.0,0.0,0.0,True,0.0,0.0,INIT
2025-12-04T20:57:12.158234,1765.374166406,-1.0521974310036326e-11,0.0,2.1755311328595957e-17,-1.0521974310036326e-11,True,1.0521974310036326e-11,0.0,INIT
2025-12-04T20:57:12.169610,1765.385538481,-1.0521974310036326e-11,0.0,2.1755311328595957e-17,-1.0521974310036326e-11,True,1.0521974310036326e-11,0.0,INIT
2025-12-04T20:57:12.182462,1765.398395819,-6.189396652962546e-13,0.0,1.7611734781624315e-19,-6.189396652962546e-13,True,6.189396652962546e-13,0.0,INIT
2025-12-04T20:57:12.192556,1765.408487049,-6.189396652962546e-13,0.0,1.7611734781624315e-19,-6.189396652962546e-13,True,6.189396652962546e-13,0.0,INIT
2025-12-04T20:57:12.206140,1765.422072223,0.0,0.0,0.0,0.0,True,0.0,0.0,INIT
2025-12-04T20:57:12.219493,1765.435428933,0.0,0.0,0.0,0.0,True,0.0,0.0,INIT
2025-12-04T20:57:12.225564,1765.441498074,6.189396652962546e-13,0.0,-1.7611734781624315e-19,6.189396652962546e-13,True,6.189396652962546e-13,0.0,INIT
2025-12-04T20:57:12.236998,1765.452930412,6.189396652962546e-13,0.0,-1.7611734781624315e-19,6.189396652962546e-13,True,6.189396652962546e-13,0.0,INIT
2025-12-04T20:57:12.253498,1765.469430072,6.189396652962546e-13,0.0,-1.7611734781624315e-19,6.189396652962546e-13,True,6.189396652962546e-13,0.0,INIT
2025-12-04T20:57:12.259648,1765.475577291,6.189396652962546e-13,0.0,-1.7611734781624315e-19,6.189396652962546e-13,True,6.189396652962546e-13,0.0,INIT
2025-12-04T20:57:12.281064,1765.496994269,-6.189396652962546e-13,0.0,1.7611734781624315e-19,-6.189396652962546e-13,True,6.189396652962546e-13,0.0,INIT
2025-12-04T20:57:12.302495,1765.518431789,-6.808336318258799e-12,0.0,1.0379339108110844e-17,-6.808336318258799e-12,True,6.808336318258799e-12,0.0,INIT
2025-12-04T20:57:12.304783,1765.52071578,-6.808336318258799e-12,0.0,1.0379339108110844e-17,-6.808336318258799e-12,True,6.808336318258799e-12,0.0,INIT
2025-12-04T20:57:12.306372,1765.522309977,-6.808336318258799e-12,0.0,1.0379339108110844e-17,-6.808336318258799e-12,True,6.808336318258799e-12,0.0,INIT
2025-12-04T20:57:12.316117,1765.532051738,-6.808336318258799e-12,0.0,1.0379339108110844e-17,-6.808336318258799e-12,True,6.808336318258799e-12,0.0,INIT
2025-12-04T20:57:12.326644,1765.54257561,-4.9515173223700366e-12,0.0,6.040252787198169e-18,-4.9515173223700366e-12,True,4.9515173223700366e-12,0.0,INIT
2025-12-04T20:57:12.338250,1765.554183325,-4.9515173223700366e-12,0.0,6.040252787198169e-18,-4.9515173223700366e-12,True,4.9515173223700366e-12,0.0,INIT
2025-12-04T20:57:12.354021,1765.569958191,0.0,0.0,0.0,0.0,True,0.0,0.0,INIT
2025-12-04T20:57:12.367013,1765.582945466,0.0,0.0,0.0,0.0,True,0.0,0.0,INIT
2025-12-04T20:57:12.370918,1765.586851502,-5.5704569876662915e-12,0.0,7.379287017201553e-18,-5.5704569876662915e-12,True,5.5704569876662915e-12,0.0,INIT
2025-12-04T20:57:12.381992,1765.597919702,-5.5704569876662915e-12,0.0,7.379287017201553e-18,-5.5704569876662915e-12,True,5.5704569876662915e-12,0.0,INIT
2025-12-04T20:57:12.393369,1765.609298553,-3.7136379917775274e-12,0.0,3.7039000801246946e-18,-3.7136379917775274e-12,True,3.7136379917775274e-12,0.0,INIT
2025-12-04T20:57:12.405213,1765.621147206,-1.2378793305925091e-12,0.0,5.722069511791763e-19,-1.2378793305925091e-12,True,1.2378793305925091e-12,0.0,INIT
2025-12-04T20:57:12.418740,1765.634685555,-1.2378793305925091e-12,0.0,5.722069511791763e-19,-1.2378793305925091e-12,True,1.2378793305925091e-12,0.0,INIT
2025-12-04T20:57:12.429471,1765.64540431,-1.2378793305925091e-12,0.0,5.722069511791763e-19,-1.2378793305925091e-12,True,1.2378793305925091e-12,0.0,INIT
2025-12-04T20:57:12.474065,1765.690017775,-1.2378793305925091e-12,0.0,5.722069511791763e-19,-1.2378793305925091e-12,True,1.2378793305925091e-12,0.0,INIT
2025-12-04T20:57:12.478681,1765.694617527,6.189396652962546e-13,0.0,-1.7611734781624315e-19,6.189396652962546e-13,True,6.189396652962546e-13,0.0,INIT
2025-12-04T20:57:12.479836,1765.695770933,6.189396652962546e-13,0.0,-1.7611734781624315e-19,6.189396652962546e-13,True,6.189396652962546e-13,0.0,INIT
2025-12-04T20:57:12.480652,1765.69658235,6.189396652962546e-13,0.0,-1.7611734781624315e-19,6.189396652962546e-13,True,6.189396652962546e-13,0.0,INIT
2025-12-04T20:57:12.482899,1765.698830912,6.189396652962546e-13,0.0,-1.7611734781624315e-19,6.189396652962546e-13,True,6.189396652962546e-13,0.0,INIT
2025-12-04T20:57:12.505801,1765.721740076,6.189396652962546e-13,0.0,-1.7611734781624315e-19,6.189396652962546e-13,True,6.189396652962546e-13,0.0,INIT
2025-12-04T20:57:12.507720,1765.723654928,6.189396652962546e-13,0.0,-1.7611734781624315e-19,6.189396652962546e-13,True,6.189396652962546e-13,0.0,INIT
2025-12-04T20:57:12.514569,1765.730497666,-6.189396652962546e-13,0.0,1.7611734781624315e-19,-6.189396652962546e-13,True,6.189396652962546e-13,0.0,INIT
2025-12-04T20:57:12.525932,1765.741860328,-6.189396652962546e-13,0.0,1.7611734781624315e-19,-6.189396652962546e-13,True,6.189396652962546e-13,0.0,INIT
2025-12-04T20:57:12.589307,1765.805255114,6.189396652962546e-13,0.0,-1.7611734781624315e-19,6.189396652962546e-13,True,6.189396652962546e-13,0.0,INIT
2025-12-04T20:57:12.598687,1765.81461688,6.189396652962546e-13,0.0,-1.7611734781624315e-19,6.189396652962546e-13,True,6.189396652962546e-13,0.0,INIT
2025-12-04T20:57:12.599784,1765.815711442,6.189396652962546e-13,0.0,-1.7611734781624315e-19,6.189396652962546e-13,True,6.189396652962546e-13,0.0,INIT
2025-12-04T20:57:12.601074,1765.817029714,6.189396652962546e-13,0.0,-1.7611734781624315e-19,6.189396652962546e-13,True,6.189396652962546e-13,0.0,INIT
2025-12-04T20:57:12.602238,1765.818167829,6.189396652962546e-13,0.0,-1.7611734781624315e-19,6.189396652962546e-13,True,6.189396652962546e-13,0.0,INIT
2025-12-04T20:57:12.604400,1765.82032982,6.189396652962546e-13,0.0,-1.7611734781624315e-19,6.189396652962546e-13,True,6.189396652962546e-13,0.0,INIT
2025-12-04T20:57:12.605230,1765.821161727,6.189396652962546e-13,0.0,-1.7611734781624315e-19,6.189396652962546e-13,True,6.189396652962546e-13,0.0,INIT
2025-12-04T20:57:12.614177,1765.830106741,6.189396652962546e-13,0.0,-1.7611734781624315e-19,6.189396652962546e-13,True,6.189396652962546e-13,0.0,INIT
2025-12-04T20:57:12.625206,1765.841145245,6.189396652962546e-13,0.0,-1.7611734781624315e-19,6.189396652962546e-13,True,6.189396652962546e-13,0.0,INIT
2025-12-04T20:57:12.646326,1765.862256402,-6.189396652962546e-13,0.0,1.7611734781624315e-19,-6.189396652962546e-13,True,6.189396652962546e-13,0.0,INIT
2025-12-04T20:57:12.678504,1765.894440675,-6.189396652962546e-13,0.0,1.7611734781624315e-19,-6.189396652962546e-13,True,6.189396652962546e-13,0.0,INIT
2025-12-04T20:57:12.693439,1765.909373091,8.665155314147565e-12,0.0,-1.563938953982545e-17,8.665155314147565e-12,True,8.665155314147565e-12,0.0,INIT
2025-12-04T20:57:12.695230,1765.911157407,8.665155314147565e-12,0.0,-1.563938953982545e-17,8.665155314147565e-12,True,8.665155314147565e-12,0.0,INIT
2025-12-04T20:57:12.696525,1765.912453801,8.665155314147565e-12,0.0,-1.563938953982545e-17,8.665155314147565e-12,True,8.665155314147565e-12,0.0,INIT
2025-12-04T20:57:12.697604,1765.91352874,8.665155314147565e-12,0.0,-1.563938953982545e-17,8.665155314147565e-12,True,8.665155314147565e-12,0.0,INIT
2025-12-04T20:57:12.703690,1765.91961766,1.0521974310036326e-11,0.0,-2.1755311328595957e-17,1.0521974310036326e-11,True,1.0521974310036326e-11,0.0,INIT
2025-12-04T20:57:12.713877,1765.929810777,1.0521974310036326e-11,0.0,-2.1755311328595957e-17,1.0521974310036326e-11,True,1.0521974310036326e-11,0.0,INIT
2025-12-04T20:57:12.724743,1765.940672654,0.0,0.0,0.0,0.0,True,0.0,0.0,INIT
2025-12-04T20:57:12.737386,1765.95332714,0.0,0.0,0.0,0.0,True,0.0,0.0,INIT
2025-12-04T20:57:12.761010,1765.976942163,0.0,0.0,0.0,0.0,True,0.0,0.0,INIT
2025-12-04T20:57:12.762549,1765.978480756,0.0,0.0,0.0,0.0,True,0.0,0.0,INIT
2025-12-04T20:57:12.769880,1765.985811998,0.0,0.0,0.0,0.0,True,0.0,0.0,INIT
2025-12-04T20:57:12.782139,1765.99807492,0.0,0.0,0.0,0.0,True,0.0,0.0,INIT
2025-12-04T20:57:12.794861,1766.01079146,0.0,0.0,0.0,0.0,True,0.0,0.0,INIT
2025-12-04T20:57:12.804805,1766.020733666,0.0,0.0,0.0,0.0,True,0.0,0.0,INIT
2025-12-04T20:57:12.814130,1766.030069572,0.0,0.0,0.0,0.0,True,0.0,0.0,INIT
2025-12-04T20:57:12.825066,1766.041023487,0.0,0.0,0.0,0.0,True,0.0,0.0,INIT
2025-12-04T20:57:12.835982,1766.051911458,0.0,0.0,0.0,0.0,True,0.0,0.0,INIT
2025-12-04T20:57:12.857512,1766.073444166,0.0,0.0,0.0,0.0,True,0.0,0.0,INIT
2025-12-04T20:57:12.863312,1766.079242294,0.0,0.0,0.0,0.0,True,0.0,0.0,INIT
2025-12-04T20:57:12.874832,1766.090770198,0.0,0.0,0.0,0.0,True,0.0,0.0,INIT
2025-12-04T20:57:12.884791,1766.10073162,0.0,0.0,0.0,0.0,True,0.0,0.0,INIT
2025-12-04T20:57:12.895122,1766.111053946,0.0,0.0,0.0,0.0,True,0.0,0.0,INIT
2025-12-04T20:57:12.905540,1766.121473713,0.0,0.0,0.0,0.0,True,0.0,0.0,INIT
2025-12-04T20:57:12.916613,1766.132543126,0.0,0.0,0.0,0.0,True,0.0,0.0,INIT
2025-12-04T20:57:12.933779,1766.149711313,0.0,0.0,0.0,0.0,True,0.0,0.0,INIT
2025-12-04T20:57:12.939600,1766.155529571,0.0,0.0,0.0,0.0,True,0.0,0.0,INIT
2025-12-04T20:57:12.981882,1766.197816089,2.475758661185018e-12,0.0,-1.85910586899779e-18,2.475758661185018e-12,True,2.475758661185018e-12,0.0,INIT
2025-12-04T20:57:12.987233,1766.203174133,2.475758661185018e-12,0.0,-1.85910586899779e-18,2.475758661185018e-12,True,2.475758661185018e-12,0.0,INIT
2025-12-04T20:57:12.988266,1766.204193303,2.475758661185018e-12,0.0,-1.85910586899779e-18,2.475758661185018e-12,True,2.475758661185018e-12,0.0,INIT
2025-12-04T20:57:12.989624,1766.205553859,2.475758661185018e-12,0.0,-1.85910586899779e-18,2.475758661185018e-12,True,2.475758661185018e-12,0.0,INIT
2025-12-04T20:57:13.037805,1766.253734687,2.475758661185018e-12,0.0,-1.85910586899779e-18,2.475758661185018e-12,True,2.475758661185018e-12,0.0,INIT
2025-12-04T20:57:13.051504,1766.267458523,0.0,0.0,0.0,0.0,True,0.0,0.0,INIT
2025-12-04T20:57:13.053394,1766.269325642,0.0,0.0,0.0,0.0,True,0.0,0.0,INIT
2025-12-04T20:57:13.057001,1766.272940091,6.189396652962546e-13,0.0,-1.7611734781624315e-19,6.189396652962546e-13,True,6.189396652962546e-13,0.0,INIT
2025-12-04T20:57:13.058266,1766.274198839,6.189396652962546e-13,0.0,-1.7611734781624315e-19,6.189396652962546e-13,True,6.189396652962546e-13,0.0,INIT
2025-12-04T20:57:13.059307,1766.275233441,6.189396652962546e-13,0.0,-1.7611734781624315e-19,6.189396652962546e-13,True,6.189396652962546e-13,0.0,INIT
2025-12-04T20:57:13.060906,1766.276833227,6.189396652962546e-13,0.0,-1.7611734781624315e-19,6.189396652962546e-13,True,6.189396652962546e-13,0.0,INIT
2025-12-04T20:57:13.071550,1766.287485398,6.189396652962546e-13,0.0,-1.7611734781624315e-19,6.189396652962546e-13,True,6.189396652962546e-13,0.0,INIT
2025-12-04T20:57:13.083166,1766.299101836,-6.189396652962546e-13,0.0,1.7611734781624315e-19,-6.189396652962546e-13,True,6.189396652962546e-13,0.0,INIT
2025-12-04T20:57:13.093943,1766.309872297,0.0,0.0,0.0,0.0,True,0.0,0.0,INIT
2025-12-04T20:57:13.108420,1766.32435133,0.0,0.0,0.0,0.0,True,0.0,0.0,INIT
2025-12-04T20:57:13.125139,1766.341083287,-6.189396652962546e-13,0.0,1.7611734781624315e-19,-6.189396652962546e-13,True,6.189396652962546e-13,0.0,INIT
2025-12-04T20:57:13.127179,1766.343117507,-6.189396652962546e-13,0.0,1.7611734781624315e-19,-6.189396652962546e-13,True,6.189396652962546e-13,0.0,INIT
2025-12-04T20:57:13.138007,1766.353943695,-6.189396652962546e-13,0.0,1.7611734781624315e-19,-6.189396652962546e-13,True,6.189396652962546e-13,0.0,INIT
2025-12-04T20:57:13.149364,1766.365299243,-6.189396652962546e-13,0.0,1.7611734781624315e-19,-6.189396652962546e-13,True,6.189396652962546e-13,0.0,INIT
2025-12-04T20:57:13.160786,1766.376723236,-6.189396652962546e-13,0.0,1.7611734781624315e-19,-6.189396652962546e-13,True,6.189396652962546e-13,0.0,INIT
2025-12-04T20:57:13.183180,1766.399113146,6.189396652962546e-13,0.0,-1.7611734781624315e-19,6.189396652962546e-13,True,6.189396652962546e-13,0.0,INIT
2025-12-04T20:57:13.185702,1766.40163287,6.189396652962546e-13,0.0,-1.7611734781624315e-19,6.189396652962546e-13,True,6.189396652962546e-13,0.0,INIT
2025-12-04T20:57:13.203671,1766.419604919,6.189396652962546e-13,0.0,-1.7611734781624315e-19,6.189396652962546e-13,True,6.189396652962546e-13,0.0,INIT
2025-12-04T20:57:13.204741,1766.420669578,6.189396652962546e-13,0.0,-1.7611734781624315e-19,6.189396652962546e-13,True,6.189396652962546e-13,0.0,INIT
2025-12-04T20:57:13.223909,1766.439844769,0.0,0.0,0.0,0.0,True,0.0,0.0,INIT
2025-12-04T20:57:13.228289,1766.444222653,-6.189396652962546e-13,0.0,1.7611734781624315e-19,-6.189396652962546e-13,True,6.189396652962546e-13,0.0,INIT
2025-12-04T20:57:13.239842,1766.455774296,-6.189396652962546e-13,0.0,1.7611734781624315e-19,-6.189396652962546e-13,True,6.189396652962546e-13,0.0,INIT
2025-12-04T20:57:13.251526,1766.467457417,-6.189396652962546e-13,0.0,1.7611734781624315e-19,-6.189396652962546e-13,True,6.189396652962546e-13,0.0,INIT
2025-12-04T20:57:13.277361,1766.493294822,-6.189396652962546e-13,0.0,1.7611734781624315e-19,-6.189396652962546e-13,True,6.189396652962546e-13,0.0,INIT
2025-12-04T20:57:13.290902,1766.506831232,6.189396652962546e-13,0.0,-1.7611734781624315e-19,6.189396652962546e-13,True,6.189396652962546e-13,0.0,INIT
2025-12-04T20:57:13.293105,1766.509039799,6.189396652962546e-13,0.0,-1.7611734781624315e-19,6.189396652962546e-13,True,6.189396652962546e-13,0.0,INIT
2025-12-04T20:57:13.309657,1766.525595137,6.189396652962546e-13,0.0,-1.7611734781624315e-19,6.189396652962546e-13,True,6.189396652962546e-13,0.0,INIT
2025-12-04T20:57:13.311388,1766.527319884,6.189396652962546e-13,0.0,-1.7611734781624315e-19,6.189396652962546e-13,True,6.189396652962546e-13,0.0,INIT
2025-12-04T20:57:13.324645,1766.540582421,0.0,0.0,0.0,0.0,True,0.0,0.0,INIT
2025-12-04T20:57:13.337531,1766.553465187,0.0,0.0,0.0,0.0,True,0.0,0.0,INIT
2025-12-04T20:57:13.345106,1766.5610401,-1.0521974310036326e-11,0.0,2.1755311328595957e-17,-1.0521974310036326e-11,True,1.0521974310036326e-11,0.0,INIT
2025-12-04T20:57:13.354041,1766.569975884,-1.0521974310036326e-11,0.0,2.1755311328595957e-17,-1.0521974310036326e-11,True,1.0521974310036326e-11,0.0,INIT
2025-12-04T20:57:13.365092,1766.581022979,-1.0521974310036326e-11,0.0,2.1755311328595957e-17,-1.0521974310036326e-11,True,1.0521974310036326e-11,0.0,INIT
2025-12-04T20:57:13.379853,1766.595786944,-6.189396652962546e-13,0.0,1.7611734781624315e-19,-6.189396652962546e-13,True,6.189396652962546e-13,0.0,INIT
2025-12-04T20:57:13.390286,1766.606215593,0.0,0.0,0.0,0.0,True,0.0,0.0,INIT
2025-12-04T20:57:13.401969,1766.617902823,0.0,0.0,0.0,0.0,True,0.0,0.0,INIT
2025-12-04T20:57:13.411762,1766.627695214,0.0,0.0,0.0,0.0,True,0.0,0.0,INIT
2025-12-04T20:57:13.421831,1766.637765491,0.0,0.0,0.0,0.0,True,0.0,0.0,INIT
2025-12-04T20:57:13.442846,1766.658776828,6.189396652962546e-13,0.0,-1.7611734781624315e-19,6.189396652962546e-13,True,6.189396652962546e-13,0.0,INIT
2025-12-04T20:57:13.445472,1766.661405001,6.189396652962546e-13,0.0,-1.7611734781624315e-19,6.189396652962546e-13,True,6.189396652962546e-13,0.0,INIT
2025-12-04T20:57:13.456847,1766.672777972,0.0,0.0,0.0,0.0,True,0.0,0.0,INIT
2025-12-04T20:57:13.468462,1766.684402879,0.0,0.0,0.0,0.0,True,0.0,0.0,INIT
2025-12-04T20:57:13.479196,1766.69512882,-6.189396652962546e-13,0.0,1.7611734781624315e-19,-6.189396652962546e-13,True,6.189396652962546e-13,0.0,INIT
2025-12-04T20:57:13.516605,1766.732545355,-6.189396652962546e-13,0.0,1.7611734781624315e-19,-6.189396652962546e-13,True,6.189396652962546e-13,0.0,INIT
2025-12-04T20:57:13.521036,1766.736968564,-4.9515173223700366e-12,0.0,6.040252787198169e-18,-4.9515173223700366e-12,True,4.9515173223700366e-12,0.0,INIT
2025-12-04T20:57:13.521774,1766.737701661,-4.9515173223700366e-12,0.0,6.040252787198169e-18,-4.9515173223700366e-12,True,4.9515173223700366e-12,0.0,INIT
2025-12-04T20:57:13.546314,1766.762248999,-4.9515173223700366e-12,0.0,6.040252787198169e-18,-4.9515173223700366e-12,True,4.9515173223700366e-12,0.0,INIT
2025-12-04T20:57:13.549105,1766.7650414,0.0,0.0,0.0,0.0,True,0.0,0.0,INIT
2025-12-04T20:57:13.550081,1766.766027175,0.0,0.0,0.0,0.0,True,0.0,0.0,INIT
2025-12-04T20:57:13.555247,1766.771178603,0.0,0.0,0.0,0.0,True,0.0,0.0,INIT
2025-12-04T20:57:13.566472,1766.782406957,-6.189396652962546e-13,0.0,1.7611734781624315e-19,-6.189396652962546e-13,True,6.189396652962546e-13,0.0,INIT
2025-12-04T20:57:13.584762,1766.800707603,-6.189396652962546e-13,0.0,1.7611734781624315e-19,-6.189396652962546e-13,True,6.189396652962546e-13,0.0,INIT
2025-12-04T20:57:13.590167,1766.806100017,-2.4757586611850183e-12,0.0,1.8591058689977904e-18,-2.4757586611850183e-12,True,2.4757586611850183e-12,0.0,INIT
2025-12-04T20:57:13.600900,1766.816833423,-2.4757586611850183e-12,0.0,1.8591058689977904e-18,-2.4757586611850183e-12,True,2.4757586611850183e-12,0.0,INIT
2025-12-04T20:57:13.615493,1766.831425824,0.0,0.0,0.0,0.0,True,0.0,0.0,INIT
2025-12-04T20:57:13.702195,1766.918129325,0.0,0.0,0.0,0.0,True,0.0,0.0,INIT
2025-12-04T20:57:13.723772,1766.939713,-6.189396652962546e-13,0.0,1.7611734781624315e-19,-6.189396652962546e-13,True,6.189396652962546e-13,0.0,INIT
2025-12-04T20:57:13.728140,1766.944075666,0.0,0.0,0.0,0.0,True,0.0,0.0,INIT
2025-12-04T20:57:13.729669,1766.945598808,0.0,0.0,0.0,0.0,True,0.0,0.0,INIT
2025-12-04T20:57:13.730379,1766.946302771,0.0,0.0,0.0,0.0,True,0.0,0.0,INIT
2025-12-04T20:57:13.731038,1766.946961041,0.0,0.0,0.0,0.0,True,0.0,0.0,INIT
2025-12-04T20:57:13.732295,1766.948224634,0.0,0.0,0.0,0.0,True,0.0,0.0,INIT
2025-12-04T20:57:13.732997,1766.948923442,0.0,0.0,0.0,0.0,True,0.0,0.0,INIT
2025-12-04T20:57:13.733580,1766.949505389,0.0,0.0,0.0,0.0,True,0.0,0.0,INIT
2025-12-04T20:57:13.734611,1766.950540946,0.0,0.0,0.0,0.0,True,0.0,0.0,INIT
2025-12-04T20:57:13.753970,1766.969928364,0.0,0.0,0.0,0.0,True,0.0,0.0,INIT
2025-12-04T20:57:13.757163,1766.973096885,0.0,0.0,0.0,0.0,True,0.0,0.0,INIT
2025-12-04T20:57:13.759038,1766.974969099,0.0,0.0,0.0,0.0,True,0.0,0.0,INIT
2025-12-04T20:57:13.783112,1766.999046303,6.189396652962546e-13,0.0,-1.7611734781624315e-19,6.189396652962546e-13,True,6.189396652962546e-13,0.0,INIT
2025-12-04T20:57:13.802280,1767.01821217,6.189396652962546e-13,0.0,-1.7611734781624315e-19,6.189396652962546e-13,True,6.189396652962546e-13,0.0,INIT
2025-12-04T20:57:13.810905,1767.026838548,-6.189396652962546e-13,0.0,1.7611734781624315e-19,-6.189396652962546e-13,True,6.189396652962546e-13,0.0,INIT
2025-12-04T20:57:13.812905,1767.028835082,-6.189396652962546e-13,0.0,1.7611734781624315e-19,-6.189396652962546e-13,True,6.189396652962546e-13,0.0,INIT
2025-12-04T20:57:13.815631,1767.031566655,-6.189396652962546e-13,0.0,1.7611734781624315e-19,-6.189396652962546e-13,True,6.189396652962546e-13,0.0,INIT
2025-12-04T20:57:13.826940,1767.042884439,-6.189396652962546e-13,0.0,1.7611734781624315e-19,-6.189396652962546e-13,True,6.189396652962546e-13,0.0,INIT
2025-12-04T20:57:13.836471,1767.052400463,0.0,0.0,0.0,0.0,True,0.0,0.0,INIT
2025-12-04T20:57:13.847795,1767.06372407,0.0,0.0,0.0,0.0,True,0.0,0.0,INIT
2025-12-04T20:57:13.872414,1767.088347401,9.903034644740073e-12,0.0,-1.9624839194279297e-17,9.903034644740073e-12,True,9.903034644740073e-12,0.0,INIT
2025-12-04T20:57:13.874004,1767.089933647,9.903034644740073e-12,0.0,-1.9624839194279297e-17,9.903034644740073e-12,True,9.903034644740073e-12,0.0,INIT
2025-12-04T20:57:13.886972,1767.102905689,1.1140913975332581e-11,0.10001116261549603,0.1814034968836103,-0.10001116260435512,False,0.10001116260435512,0.0,INIT
2025-12-04T20:57:13.893630,1767.109572802,1.1140913975332581e-11,0.0,-2.3975374239134284e-17,1.1140913975332581e-11,False,1.1140913975332581e-11,0.0,INIT
2025-12-04T20:57:13.908867,1767.124801027,0.12482962791722722,0.10010319798233613,-0.053421277574446834,0.02472642993489109,False,0.02472642993489109,0.0,INIT
2025-12-04T20:57:13.918756,1767.134688179,0.12482962791722722,0.0,-0.2,0.12482962791722722,False,0.12482962791722722,0.0,INIT
2025-12-04T20:57:13.940824,1767.156755786,-0.04273700094426539,0.0989469844505444,0.2,-0.14168398539480978,False,0.14168398539480978,0.0,INIT
2025-12-04T20:57:13.942814,1767.158747308,-0.04273700094426539,0.0,0.08917670950900798,-0.04273700094426539,False,0.04273700094426539,0.0,INIT
2025-12-04T20:57:13.953188,1767.169124575,-0.1942554140401041,0.0,0.2,-0.1942554140401041,False,0.1942554140401041,0.0,INIT
2025-12-04T20:57:13.966866,1767.182799171,-0.1942554140401041,0.0,0.2,-0.1942554140401041,False,0.1942554140401041,0.0,INIT
2025-12-04T20:57:13.977308,1767.193244472,0.19999997840901204,0.10248452520395723,-0.17780909192668842,0.09751545320505481,False,0.09751545320505481,0.0,INIT
2025-12-04T20:57:13.991586,1767.207524237,0.19999997840901204,0.09999351761399211,-0.18139675180685177,0.10000646079501993,False,0.10000646079501993,0.0,INIT
2025-12-04T20:57:14.004298,1767.220233282,0.005484767452446598,0.0,-0.009261136477592967,0.005484767452446598,False,0.005484767452446598,0.0,INIT
2025-12-04T20:57:14.012184,1767.22811973,0.005484767452446598,0.09802924758337417,0.17056251708254067,-0.09254448013092757,False,0.09254448013092757,0.0,INIT
2025-12-04T20:57:14.031779,1767.2477136,0.005484767452446598,0.0,-0.009261136477592967,0.005484767452446598,False,0.005484767452446598,0.0,INIT
2025-12-04T20:57:14.036188,1767.252127088,0.026043349184065312,0.0,-0.05621594018030062,0.026043349184065312,False,0.026043349184065312,0.0,INIT
2025-12-04T20:57:14.044974,1767.260906072,0.026043349184065312,0.0,-0.05621594018030062,0.026043349184065312,False,0.026043349184065312,0.0,INIT
2025-12-04T20:57:14.056018,1767.271954876,-0.022218315945873122,0.0,0.04800716928778544,-0.022218315945873122,False,0.022218315945873122,0.0,INIT
2025-12-04T20:57:14.070491,1767.286424434,-0.022218315945873122,0.0,0.04800716928778544,-0.022218315945873122,False,0.022218315945873122,0.0,INIT
2025-12-04T20:57:14.081123,1767.297053778,0.048007169255312565,0.0,-0.09879584840175189,0.048007169255312565,False,0.048007169255312565,0.0,INIT
2025-12-04T20:57:14.091576,1767.307505951,0.048007169255312565,0.0,-0.09879584840175189,0.048007169255312565,False,0.048007169255312565,0.0,INIT
2025-12-04T20:57:14.112523,1767.328473443,-0.09549243558897119,0.0,0.17487427635108296,-0.09549243558897119,False,0.09549243558897119,0.0,INIT
2025-12-04T20:57:14.121549,1767.337486932,-0.09549243558897119,0.0,0.17487427635108296,-0.09549243558897119,False,0.09549243558897119,0.0,INIT
2025-12-04T20:57:14.134729,1767.350658607,-0.09879584840628404,0.0,0.17965671665475716,-0.09879584840628404,False,0.09879584840628404,0.0,INIT
2025-12-04T20:57:14.136871,1767.352800847,-0.09879584840628404,0.0,0.17965671665475716,-0.09879584840628404,False,0.09879584840628404,0.0,INIT
2025-12-04T20:57:14.147568,1767.363500285,0.1772654939921074,0.10088193752633545,-0.14610622105246346,0.07638355646577194,False,0.07638355646577194,0.0,INIT
2025-12-04T20:57:14.164118,1767.380050627,0.1772654939921074,0.0,-0.2,0.1772654939921074,False,0.1772654939921074,0.0,INIT
2025-12-04T20:57:14.174117,1767.39006516,-0.1514955603721764,0.0,0.2,-0.1514955603721764,False,0.1514955603721764,0.0,INIT
2025-12-04T20:57:14.181168,1767.397103676,-0.1514955603721764,0.0,0.2,-0.1514955603721764,False,0.1514955603721764,0.0,INIT
2025-12-04T20:57:14.196646,1767.412581465,0.1412859767112998,0.0,-0.2,0.1412859767112998,False,0.1412859767112998,0.0,INIT
2025-12-04T20:57:14.204531,1767.42046505,0.1412859767112998,0.10052069614409476,-0.08549228993388405,0.04076528056720505,False,0.04076528056720505,0.0,INIT
2025-12-04T20:57:14.224923,1767.440860526,-0.11891875426466932,0.0,0.2,-0.11891875426466932,False,0.11891875426466932,0.0,INIT
2025-12-04T20:57:14.229790,1767.44573137,-0.11891875426466932,0.10065314966053007,0.2,-0.21957190392519937,False,0.21957190392519937,0.0,INIT
2025-12-04T20:57:14.244001,1767.459934991,-0.11891875426466932,0.0,0.2,-0.11891875426466932,False,0.11891875426466932,0.0,INIT
2025-12-04T20:57:14.252828,1767.468757374,0.08513791575817636,0.10065314966053007,0.03292225711881757,-0.015515233902353709,False,0.015515233902353709,0.0,INIT
2025-12-04T20:57:14.267237,1767.483174189,0.08513791575817636,0.0,-0.15953482164371588,0.08513791575817636,False,0.08513791575817636,0.0,INIT
2025-12-04T20:57:14.283499,1767.49943186,0.08263304137051423,0.10075130787487074,0.0388874755496065,-0.01811826650435651,False,0.01811826650435651,0.0,INIT
2025-12-04T20:57:14.292626,1767.508600578,0.08263304137051423,0.0,-0.1557383003266967,0.08263304137051423,False,0.08263304137051423,0.0,INIT
2025-12-04T20:57:14.306533,1767.522467092,-0.06587883230650465,0.0,0.1293443249993859,-0.06587883230650465,False,0.06587883230650465,0.0,INIT
2025-12-04T20:57:14.313975,1767.529909231,-0.06587883230650465,0.0,0.1293443249993859,-0.06587883230650465,False,0.06587883230650465,0.0,INIT
2025-12-04T20:57:14.322333,1767.538268596,0.06272289753600097,0.10012823539815052,0.07909696924146523,-0.03740533786214956,False,0.03740533786214956,0.0,INIT
2025-12-04T20:57:14.333505,1767.549436805,0.06272289753600097,0.0,-0.12415185624865459,0.06272289753600097,False,0.06272289753600097,0.0,INIT
2025-12-04T20:57:14.347648,1767.563585817,0.06700110951038736,0.0,-0.13117238277447787,0.06700110951038736,False,0.06700110951038736,0.0,INIT
2025-12-04T20:57:14.357718,1767.573665957,0.06700110951038736,0.0,-0.13117238277447787,0.06700110951038736,False,0.06700110951038736,0.0,INIT
2025-12-04T20:57:14.366508,1767.582442784,0.06700110951038736,0.0,-0.13117238277447787,0.06700110951038736,False,0.06700110951038736,0.0,INIT
2025-12-04T20:57:14.377720,1767.593651501,-0.13117238278706256,0.0,0.2,-0.13117238278706256,False,0.13117238278706256,0.0,INIT
2025-12-04T20:57:14.390933,1767.60687156,-0.13117238278706256,0.0,0.2,-0.13117238278706256,False,0.13117238278706256,0.0,INIT
2025-12-04T20:57:14.417521,1767.633467044,0.1951574811149547,0.09999539046366879,-0.17439319948580614,0.09516209065128592,False,0.09516209065128592,0.0,INIT
2025-12-04T20:57:14.419720,1767.635654667,0.2000000000106253,0.0,-0.2,0.2000000000106253,False,0.2000000000106253,0.0,INIT
2025-12-04T20:57:14.423139,1767.639080417,0.2000000000106253,0.0,-0.2,0.2000000000106253,False,0.2000000000106253,0.0,INIT
2025-12-04T20:57:14.433849,1767.649783052,0.2000000000106253,0.0,-0.2,0.2000000000106253,False,0.2000000000106253,0.0,INIT
2025-12-04T20:57:14.449999,1767.665929268,-0.18163206277887528,0.0,0.2,-0.18163206277887528,False,0.18163206277887528,0.0,INIT
2025-12-04T20:57:14.455723,1767.671655515,-0.18163206277887528,0.0,0.2,-0.18163206277887528,False,0.18163206277887528,0.0,INIT
2025-12-04T20:57:14.465784,1767.681717717,-0.001595246860818081,0.0,0.0015154005084229366,-0.001595246860818081,False,0.001595246860818081,0.0,INIT
2025-12-04T20:57:14.476825,1767.69275456,-0.001595246860818081,0.0,0.0015154005084229366,-0.001595246860818081,False,0.001595246860818081,0.0,INIT
2025-12-04T20:57:14.488177,1767.704111558,0.001515400886618653,0.0,-0.0013983560032682456,0.001515400886618653,False,0.001515400886618653,0.0,INIT
2025-12-04T20:57:14.503998,1767.719933224,0.001515400886618653,0.0,-0.0013983560032682456,0.001515400886618653,False,0.001515400886618653,0.0,INIT
2025-12-04T20:57:14.510892,1767.726824384,-0.0013983560028838857,0.0,0.0012322759137357666,-0.0013983560028838857,False,0.0013983560028838857,0.0,INIT
2025-12-04T20:57:14.521620,1767.737554551,-0.0013983560028838857,0.0,0.0012322759137357666,-0.0013983560028838857,False,0.0013983560028838857,0.0,INIT
2025-12-04T20:57:14.555368,1767.771306352,0.001232275914448726,0.0,-0.0010086390287220815,0.001232275914448726,False,0.001232275914448726,0.0,INIT
2025-12-04T20:57:14.558031,1767.773977073,0.001232275914448726,0.0,-0.0010086390287220815,0.001232275914448726,False,0.001232275914448726,0.0,INIT
2025-12-04T20:57:14.559173,1767.775100962,0.001232275914448726,0.0,-0.0010086390287220815,0.001232275914448726,False,0.001232275914448726,0.0,INIT
2025-12-04T20:57:14.564522,1767.780453074,0.001232275914448726,0.0,-0.0010086390287220815,0.001232275914448726,False,0.001232275914448726,0.0,INIT
2025-12-04T20:57:14.583896,1767.799830002,-0.0007845466480111153,0.0,0.0004875846420639008,-0.0007845466480111153,False,0.0007845466480111153,0.0,INIT
2025-12-04T20:57:14.590279,1767.806209631,-0.0007845466480111153,0.0,0.0004875846420639008,-0.0007845466480111153,False,0.0007845466480111153,0.0,INIT
2025-12-04T20:57:14.597183,1767.813112166,-0.0005597725191621276,0.0,0.00028052082855944873,-0.0005597725191621276,False,0.0005597725191621276,0.0,INIT
2025-12-04T20:57:14.611625,1767.827562098,-0.0005597725191621276,0.0,0.00028052082855944873,-0.0005597725191621276,False,0.0005597725191621276,0.0,INIT
2025-12-04T20:57:14.619475,1767.835405377,0.0002805208262350294,0.0,-8.902778508621476e-05,0.0002805208262350294,True,0.0002805208262350294,0.0,INIT
2025-12-04T20:57:14.637227,1767.853181135,0.0002805208262350294,0.0,-8.902778508621476e-05,0.0002805208262350294,True,0.0002805208262350294,0.0,INIT
2025-12-04T20:57:14.645761,1767.861690649,-1.5117916984090315e-05,0.0,6.375001019299229e-07,-1.5117916984090315e-05,True,1.5117916984090315e-05,0.0,INIT
2025-12-04T20:57:14.654202,1767.870134664,-1.5117916984090315e-05,0.0,6.375001019299229e-07,-1.5117916984090315e-05,True,1.5117916984090315e-05,0.0,INIT
2025-12-04T20:57:14.665051,1767.880982606,-4.419517883675152e-05,0.0,3.937514618942747e-06,-4.419517883675152e-05,True,4.419517883675152e-05,0.0,INIT
2025-12-04T20:57:14.685460,1767.901393113,2.9475039520995138e-06,0.0,-3.962273809022426e-08,2.9475039520995138e-06,True,2.9475039520995138e-06,0.0,INIT
2025-12-04T20:57:14.693453,1767.909386505,2.9475039520995138e-06,0.0,-3.962273809022426e-08,2.9475039520995138e-06,True,2.9475039520995138e-06,0.0,INIT
2025-12-04T20:57:14.727837,1767.943770282,-3.9621422673939736e-08,0.0,2.6090319094252204e-11,-3.9621422673939736e-08,True,3.9621422673939736e-08,0.0,INIT
2025-12-04T20:57:14.730556,1767.946599948,-3.9621422673939736e-08,0.0,2.6090319094252204e-11,-3.9621422673939736e-08,True,3.9621422673939736e-08,0.0,INIT
2025-12-04T20:57:14.731771,1767.94770129,-3.9621422673939736e-08,0.0,2.6090319094252204e-11,-3.9621422673939736e-08,True,3.9621422673939736e-08,0.0,INIT
2025-12-04T20:57:14.757950,1767.973888453,-3.9621422673939736e-08,0.0,2.6090319094252204e-11,-3.9621422673939736e-08,True,3.9621422673939736e-08,0.0,INIT
2025-12-04T20:57:14.761314,1767.977243713,2.599546594244269e-11,0.0,-1.0123389092747056e-16,2.599546594244269e-11,True,2.599546594244269e-11,0.0,INIT
2025-12-04T20:57:14.762529,1767.97845822,2.599546594244269e-11,0.0,-1.0123389092747056e-16,2.599546594244269e-11,True,2.599546594244269e-11,0.0,INIT
2025-12-04T20:57:14.766104,1767.982035859,2.599546594244269e-11,0.0,-1.0123389092747056e-16,2.599546594244269e-11,True,2.599546594244269e-11,0.0,INIT
2025-12-04T20:57:14.777474,1767.993402383,2.599546594244269e-11,0.0,-1.0123389092747056e-16,2.599546594244269e-11,True,2.599546594244269e-11,0.0,INIT
2025-12-04T20:57:14.788747,1768.004684417,-2.4757586611850183e-12,0.0,1.8591058689977904e-18,-2.4757586611850183e-12,True,2.4757586611850183e-12,0.0,INIT
2025-12-04T20:57:14.800557,1768.016493672,-2.4757586611850183e-12,0.0,1.8591058689977904e-18,-2.4757586611850183e-12,True,2.4757586611850183e-12,0.0,INIT
2025-12-04T20:57:14.811475,1768.027404456,-6.189396652962546e-13,0.0,1.7611734781624315e-19,-6.189396652962546e-13,True,6.189396652962546e-13,0.0,INIT
2025-12-04T20:57:14.825139,1768.041074103,0.0,0.0,0.0,0.0,True,0.0,0.0,INIT
2025-12-04T20:57:14.835095,1768.051034968,0.0,0.0,0.0,0.0,True,0.0,0.0,INIT
2025-12-04T20:57:14.850896,1768.066835777,0.0,0.0,0.0,0.0,True,0.0,0.0,INIT
2025-12-04T20:57:14.856851,1768.072785558,0.0,0.0,0.0,0.0,True,0.0,0.0,INIT
2025-12-04T20:57:14.885747,1768.101683976,0.0,0.0,0.0,0.0,True,0.0,0.0,INIT
2025-12-04T20:57:14.890859,1768.106801539,0.0,0.0,0.0,0.0,True,0.0,0.0,INIT
2025-12-04T20:57:14.893462,1768.109391247,0.0,0.0,0.0,0.0,True,0.0,0.0,INIT
2025-12-04T20:57:14.902138,1768.118073738,0.0,0.0,0.0,0.0,True,0.0,0.0,INIT
2025-12-04T20:57:14.920193,1768.136132451,0.0,0.0,0.0,0.0,True,0.0,0.0,INIT
2025-12-04T20:57:14.925707,1768.141643308,0.0,0.0,0.0,0.0,True,0.0,0.0,INIT
2025-12-04T20:57:14.936620,1768.152552711,0.0,0.0,0.0,0.0,True,0.0,0.0,INIT
2025-12-04T20:57:14.946927,1768.162857781,0.0,0.0,0.0,0.0,True,0.0,0.0,INIT
2025-12-04T20:57:14.991531,1768.207472885,0.0,0.0,0.0,0.0,True,0.0,0.0,INIT
2025-12-04T20:57:14.994984,1768.210915321,0.0,0.0,0.0,0.0,True,0.0,0.0,INIT
2025-12-04T20:57:15.001683,1768.217639172,0.0,0.0,0.0,0.0,True,0.0,0.0,INIT
2025-12-04T20:57:15.003875,1768.219824535,0.0,0.0,0.0,0.0,True,0.0,0.0,INIT
2025-12-04T20:57:15.015845,1768.231775668,0.0,0.0,0.0,0.0,True,0.0,0.0,INIT
2025-12-04T20:57:15.018137,1768.234079603,0.0,0.0,0.0,0.0,True,0.0,0.0,INIT
2025-12-04T20:57:15.048775,1768.264705984,0.0,0.0,0.0,0.0,True,0.0,0.0,INIT
2025-12-04T20:57:15.061689,1768.27762082,2.04250089547764e-11,0.0,-6.718554332854463e-17,2.04250089547764e-11,True,2.04250089547764e-11,0.0,INIT
2025-12-04T20:57:15.063644,1768.279574847,2.04250089547764e-11,0.0,-6.718554332854463e-17,2.04250089547764e-11,True,2.04250089547764e-11,0.0,INIT
2025-12-04T20:57:15.064418,1768.280344694,2.04250089547764e-11,0.0,-6.718554332854463e-17,2.04250089547764e-11,True,2.04250089547764e-11,0.0,INIT
2025-12-04T20:57:15.073639,1768.289573484,9.903034644740073e-12,0.0,-1.9624839194279297e-17,9.903034644740073e-12,True,9.903034644740073e-12,0.0,INIT
2025-12-04T20:57:15.085543,1768.30147859,9.903034644740073e-12,0.0,-1.9624839194279297e-17,9.903034644740073e-12,True,9.903034644740073e-12,0.0,INIT
2025-12-04T20:57:15.097438,1768.313372071,-6.189396652962546e-13,0.0,1.7611734781624315e-19,-6.189396652962546e-13,True,6.189396652962546e-13,0.0,INIT
2025-12-04T20:57:15.118794,1768.334728021,-6.189396652962546e-13,0.0,1.7611734781624315e-19,-6.189396652962546e-13,True,6.189396652962546e-13,0.0,INIT
2025-12-04T20:57:15.120819,1768.336752608,0.0,0.0,0.0,0.0,True,0.0,0.0,INIT
2025-12-04T20:57:15.129765,1768.345695385,0.0,0.0,0.0,0.0,True,0.0,0.0,INIT
2025-12-04T20:57:15.142102,1768.358030924,6.189396652962546e-13,0.0,-1.7611734781624315e-19,6.189396652962546e-13,True,6.189396652962546e-13,0.0,INIT
2025-12-04T20:57:15.152216,1768.368152101,6.189396652962546e-13,0.0,-1.7611734781624315e-19,6.189396652962546e-13,True,6.189396652962546e-13,0.0,INIT
2025-12-04T20:57:15.162455,1768.378384204,0.0,0.0,0.0,0.0,True,0.0,0.0,INIT
2025-12-04T20:57:15.173026,1768.388954587,0.0,0.0,0.0,0.0,True,0.0,0.0,INIT
2025-12-04T20:57:15.183908,1768.399849382,0.0,0.0,0.0,0.0,True,0.0,0.0,INIT
2025-12-04T20:57:15.194490,1768.410430134,0.0,0.0,0.0,0.0,True,0.0,0.0,INIT
2025-12-04T20:57:15.205845,1768.421784153,0.0,0.0,0.0,0.0,True,0.0,0.0,INIT
2025-12-04T20:57:15.226533,1768.442467223,-6.189396652962546e-13,0.0,1.7611734781624315e-19,-6.189396652962546e-13,True,6.189396652962546e-13,0.0,INIT
2025-12-04T20:57:15.241950,1768.457899434,-6.189396652962546e-13,0.0,1.7611734781624315e-19,-6.189396652962546e-13,True,6.189396652962546e-13,0.0,INIT
2025-12-04T20:57:15.260502,1768.476432958,6.189396652962546e-13,0.0,-1.7611734781624315e-19,6.189396652962546e-13,True,6.189396652962546e-13,0.0,INIT
2025-12-04T20:57:15.262250,1768.478177677,6.189396652962546e-13,0.0,-1.7611734781624315e-19,6.189396652962546e-13,True,6.189396652962546e-13,0.0,INIT
2025-12-04T20:57:15.263534,1768.479466957,6.189396652962546e-13,0.0,-1.7611734781624315e-19,6.189396652962546e-13,True,6.189396652962546e-13,0.0,INIT
2025-12-04T20:57:15.277640,1768.49357043,6.189396652962546e-13,0.0,-1.7611734781624315e-19,6.189396652962546e-13,True,6.189396652962546e-13,0.0,INIT
2025-12-04T20:57:15.306507,1768.522438435,0.0,0.0,0.0,0.0,True,0.0,0.0,INIT
2025-12-04T20:57:15.308496,1768.52442227,0.0,0.0,0.0,0.0,True,0.0,0.0,INIT
2025-12-04T20:57:15.309718,1768.525647253,0.0,0.0,0.0,0.0,True,0.0,0.0,INIT
2025-12-04T20:57:15.317571,1768.533520133,0.0,0.0,0.0,0.0,True,0.0,0.0,INIT
2025-12-04T20:57:15.361554,1768.577486211,-6.189396652962546e-13,0.0,1.7611734781624315e-19,-6.189396652962546e-13,True,6.189396652962546e-13,0.0,INIT
2025-12-04T20:57:15.365878,1768.581807905,1.8568189958887637e-12,0.0,-1.1400089730200058e-18,1.8568189958887637e-12,True,1.8568189958887637e-12,0.0,INIT
2025-12-04T20:57:15.368305,1768.584249919,1.8568189958887637e-12,0.0,-1.1400089730200058e-18,1.8568189958887637e-12,True,1.8568189958887637e-12,0.0,INIT
2025-12-04T20:57:15.370184,1768.586115017,1.8568189958887637e-12,0.0,-1.1400089730200058e-18,1.8568189958887637e-12,True,1.8568189958887637e-12,0.0,INIT
2025-12-04T20:57:15.374034,1768.589970276,1.8568189958887637e-12,0.0,-1.1400089730200058e-18,1.8568189958887637e-12,True,1.8568189958887637e-12,0.0,INIT
2025-12-04T20:57:15.384748,1768.600681759,-6.189396652962546e-13,0.0,1.7611734781624315e-19,-6.189396652962546e-13,True,6.189396652962546e-13,0.0,INIT
2025-12-04T20:57:15.394893,1768.610826179,-6.189396652962546e-13,0.0,1.7611734781624315e-19,-6.189396652962546e-13,True,6.189396652962546e-13,0.0,INIT
2025-12-04T20:57:15.408637,1768.624567489,-6.189396652962546e-13,0.10000724287512952,0.1813978737636533,-0.10000724287574846,False,0.10000724287574846,0.0,INIT
2025-12-04T20:57:15.417862,1768.633809543,-6.189396652962546e-13,0.0,1.7611734781624315e-19,-6.189396652962546e-13,False,6.189396652962546e-13,0.0,INIT
2025-12-04T20:57:15.436673,1768.652608678,-6.189396652962546e-13,0.1001053013461708,0.1815385246236129,-0.10010530134678973,False,0.10010530134678973,0.0,INIT
2025-12-04T20:57:15.465923,1768.681860194,0.0,0.0,0.0,0.0,False,0.0,0.0,INIT
2025-12-04T20:57:15.468078,1768.684030602,0.0,0.09911473560070938,0.18011570440031394,-0.09911473560070938,False,0.09911473560070938,0.0,INIT
2025-12-04T20:57:15.470400,1768.686331947,0.0,0.0,0.0,0.0,False,0.0,0.0,INIT
2025-12-04T20:57:15.477334,1768.693265579,0.0,0.0,0.0,0.0,False,0.0,0.0,INIT
2025-12-04T20:57:15.485603,1768.701541118,0.005744638761742046,0.0,-0.009854031142157651,0.005744638761742046,False,0.005744638761742046,0.0,INIT
2025-12-04T20:57:15.499834,1768.715768485,0.005744638761742046,0.0,-0.009854031142157651,0.005744638761742046,False,0.005744638761742046,0.0,INIT
2025-12-04T20:57:15.508473,1768.724404606,-0.005912414790042713,0.0,0.01023915765457106,-0.005912414790042713,False,0.005912414790042713,0.0,INIT
2025-12-04T20:57:15.519922,1768.735854465,-0.005912414790042713,0.0,0.01023915765457106,-0.005912414790042713,False,0.005912414790042713,0.0,INIT
2025-12-04T20:57:15.533951,1768.749885806,-0.005912414790042713,0.0,0.01023915765457106,-0.005912414790042713,False,0.005912414790042713,0.0,INIT
2025-12-04T20:57:15.545990,1768.761922489,0.010239157656471272,0.0,-0.020476548655817228,0.010239157656471272,False,0.010239157656471272,0.0,INIT
2025-12-04T20:57:15.558933,1768.774868572,0.010239157656471272,0.0,-0.020476548655817228,0.010239157656471272,False,0.010239157656471272,0.0,INIT
2025-12-04T20:57:15.565550,1768.781481497,-0.02047653651686192,0.0,0.04417437767948783,-0.02047653651686192,False,0.02047653651686192,0.0,INIT
2025-12-04T20:57:15.594833,1768.810786502,-0.02047653651686192,0.0,0.04417437767948783,-0.02047653651686192,False,0.02047653651686192,0.0,INIT
2025-12-04T20:57:15.597999,1768.813930909,0.04417437433608189,0.0,-0.09183236895245127,0.04417437433608189,False,0.04417437433608189,0.0,INIT
2025-12-04T20:57:15.602030,1768.817967884,0.04417437433608189,0.0,-0.09183236895245127,0.04417437433608189,False,0.04417437433608189,0.0,INIT
2025-12-04T20:57:15.610202,1768.826134111,0.027052611507644486,0.0,-0.058336021893758506,0.027052611507644486,False,0.027052611507644486,0.0,INIT
2025-12-04T20:57:15.621134,1768.837066246,0.027052611507644486,0.0,-0.058336021893758506,0.027052611507644486,False,0.027052611507644486,0.0,INIT
2025-12-04T20:57:15.635057,1768.851019099,-0.0583360351362177,0.0,0.11680003345144715,-0.0583360351362177,False,0.0583360351362177,0.0,INIT
2025-12-04T20:57:15.656307,1768.872253325,-0.0583360351362177,0.0,0.11680003345144715,-0.0583360351362177,False,0.0583360351362177,0.0,INIT
2025-12-04T20:57:15.673019,1768.888952422,0.11680003345673502,0.1003725705975067,-0.035027921568324745,0.016427462859228317,False,0.016427462859228317,0.0,INIT
2025-12-04T20:57:15.675387,1768.891314232,0.11680003345673502,0.0,-0.2,0.11680003345673502,False,0.11680003345673502,0.0,INIT
2025-12-04T20:57:15.689153,1768.905081187,0.11680003345673502,0.09884526338979382,-0.03851676615145257,0.017954770066941197,False,0.017954770066941197,0.0,INIT
2025-12-04T20:57:15.701557,1768.917511795,0.09967873122277153,0.0,-0.1809263552634046,0.09967873122277153,False,0.09967873122277153,0.0,INIT
2025-12-04T20:57:15.713283,1768.929215278,0.09967873122277153,0.0,-0.1809263552634046,0.09967873122277153,False,0.09967873122277153,0.0,INIT
2025-12-04T20:57:15.716989,1768.932924237,-0.20000000001124424,0.0,0.2,-0.20000000001124424,False,0.20000000001124424,0.0,INIT
2025-12-04T20:57:15.727033,1768.942970288,-0.20000000001124424,0.0,0.2,-0.20000000001124424,False,0.20000000001124424,0.0,INIT
2025-12-04T20:57:15.747235,1768.963163913,0.14946360798123862,0.10060370142990305,-0.10032286038166464,0.04885990655133557,False,0.04885990655133557,0.0,INIT
2025-12-04T20:57:15.767313,1768.983269039,0.14946360798123862,0.0,-0.2,0.14946360798123862,False,0.14946360798123862,0.0,INIT
2025-12-04T20:57:15.771132,1768.98706371,0.2000000000106253,0.10086740984921283,-0.18014138952266745,0.09913259016141246,False,0.09913259016141246,0.0,INIT
2025-12-04T20:57:15.772759,1768.98868675,0.2000000000106253,0.0,-0.2,0.2000000000106253,False,0.2000000000106253,0.0,INIT
2025-12-04T20:57:15.783267,1768.999202501,0.2000000000106253,0.09696569925171827,-0.1857200772834939,0.10303430075890702,False,0.10303430075890702,0.0,INIT
2025-12-04T20:57:15.794621,1769.010560106,0.2000000000106253,0.0,-0.2,0.2000000000106253,False,0.2000000000106253,0.0,INIT
2025-12-04T20:57:15.803963,1769.019901695,-0.19000404819428993,0.0,0.2,-0.19000404819428993,False,0.19000404819428993,0.0,INIT
2025-12-04T20:57:15.814965,1769.030892422,-0.19000404819428993,0.0,0.2,-0.19000404819428993,False,0.19000404819428993,0.0,INIT
2025-12-04T20:57:15.826589,1769.042523542,0.18163424814837587,0.0,-0.2,0.18163424814837587,False,0.18163424814837587,0.0,INIT
2025-12-04T20:57:15.839985,1769.055924645,0.18163424814837587,0.0,-0.2,0.18163424814837587,False,0.18163424814837587,0.0,INIT
2025-12-04T20:57:15.870753,1769.086701933,0.18163424814837587,0.0,-0.2,0.18163424814837587,False,0.18163424814837587,0.0,INIT
2025-12-04T20:57:15.882514,1769.098447044,-0.2000000000106253,0.0,0.2,-0.2000000000106253,False,0.2000000000106253,0.0,INIT
2025-12-04T20:57:15.895320,1769.111259765,-0.2000000000106253,0.0,0.2,-0.2000000000106253,False,0.2000000000106253,0.0,INIT
2025-12-04T20:57:15.896899,1769.112831641,-0.2000000000106253,0.0,0.2,-0.2000000000106253,False,0.2000000000106253,0.0,INIT
2025-12-04T20:57:15.898941,1769.114876379,-0.2000000000106253,0.0,0.2,-0.2000000000106253,False,0.2000000000106253,0.0,INIT
2025-12-04T20:57:15.918956,1769.134908277,-0.2000000000106253,0.10322092028380903,0.2,-0.3032209202944343,False,0.3032209202944343,0.0,INIT
2025-12-04T20:57:15.920534,1769.136465326,-0.2000000000106253,0.10732602376590528,0.2,-0.30732602377653057,False,0.30732602377653057,0.0,INIT
2025-12-04T20:57:15.928063,1769.144016193,0.1933603028803077,0.10732602376590528,-0.16088490939435832,0.08603427911440242,False,0.08603427911440242,0.0,INIT
2025-12-04T20:57:15.937580,1769.153519895,0.1933603028803077,0.1066501502715056,-0.16189999948551445,0.0867101526088021,False,0.0867101526088021,0.0,INIT
2025-12-04T20:57:15.955360,1769.171291442,-0.06349703327842497,0.1066501502715056,0.2,-0.17014718354993058,False,0.17014718354993058,0.0,INIT
2025-12-04T20:57:15.960229,1769.176162584,-0.06349703327842497,0.10539005513541833,0.2,-0.1688870884138433,False,0.1688870884138433,0.0,INIT
2025-12-04T20:57:15.970533,1769.186465746,-0.1051283674475196,0.10539005513541833,0.2,-0.21051842258293793,False,0.21051842258293793,0.0,INIT
2025-12-04T20:57:15.980215,1769.196143857,-0.1051283674475196,0.10816766216715212,0.2,-0.21329602961467173,False,0.21329602961467173,0.0,INIT
2025-12-04T20:57:15.991684,1769.207621741,0.2000000000106253,0.10816766216715212,-0.1695145084856873,0.09183233784347317,False,0.09183233784347317,0.0,INIT
2025-12-04T20:57:16.002997,1769.218930086,0.2000000000106253,0.10437646211696583,-0.17506505435009984,0.09562353789365946,False,0.09562353789365946,0.0,INIT
2025-12-04T20:57:16.013633,1769.229565771,0.007145291926389868,0.10437646211696583,0.17739783936960693,-0.09723117019057596,False,0.09723117019057596,0.0,INIT
2025-12-04T20:57:16.025873,1769.241810459,-0.020907778421455962,0.10240775346758957,0.2,-0.12331553188904554,False,0.12331553188904554,0.0,INIT
2025-12-04T20:57:16.036277,1769.252211752,-0.020907778421455962,0.10240775346758957,0.2,-0.12331553188904554,False,0.12331553188904554,0.0,INIT
2025-12-04T20:57:16.051553,1769.26750991,0.2000000000106253,0.10446113360190834,-0.17494185112057822,0.09553886640871695,False,0.09553886640871695,0.0,INIT
2025-12-04T20:57:16.057959,1769.273890716,0.2000000000106253,0.10067731855539908,-0.18041476023120265,0.09932268145522621,False,0.09932268145522621,0.0,INIT
2025-12-04T20:57:16.069377,1769.285312552,-0.03307552815668593,0.0,0.07062052277978777,-0.03307552815668593,False,0.03307552815668593,0.0,INIT
2025-12-04T20:57:16.088558,1769.304503849,-0.03307552815668593,0.09910753429476582,0.2,-0.13218306245145175,False,0.13218306245145175,0.0,INIT
2025-12-04T20:57:16.094981,1769.310918388,0.06815847015858853,0.0,-0.13304779079373763,0.06815847015858853,False,0.06815847015858853,0.0,INIT
2025-12-04T20:57:16.109431,1769.325364055,0.06815847015858853,0.0,-0.13304779079373763,0.06815847015858853,False,0.06815847015858853,0.0,INIT
2025-12-04T20:57:16.116578,1769.332510059,0.06815847015858853,0.09998987543228521,0.06813220210445357,-0.031831405273696683,False,0.031831405273696683,0.0,INIT
2025-12-04T20:57:16.125545,1769.341479027,-0.12801683104180028,0.0,0.2,-0.12801683104180028,False,0.12801683104180028,0.0,INIT
2025-12-04T20:57:16.140629,1769.3566029,-0.12801683104180028,0.10002523195832635,0.2,-0.22804206300012664,False,0.22804206300012664,0.0,INIT
2025-12-04T20:57:16.150012,1769.365948402,-0.12801683104180028,0.0,0.2,-0.12801683104180028,False,0.12801683104180028,0.0,INIT
2025-12-04T20:57:16.161381,1769.377316299,-0.12801683104180028,0.10002523195832635,0.2,-0.22804206300012664,False,0.22804206300012664,0.0,INIT
2025-12-04T20:57:16.177226,1769.393160831,0.19999999989178888,0.0,-0.2,0.19999999989178888,False,0.19999999989178888,0.0,INIT
2025-12-04T20:57:16.182982,1769.398913532,0.19999999989178888,0.09727335625467237,-0.18528262352187835,0.1027266436371165,False,0.1027266436371165,0.0,INIT
2025-12-04T20:57:16.193698,1769.409631994,0.11495652961207332,0.0,-0.2,0.11495652961207332,False,0.11495652961207332,0.0,INIT
2025-12-04T20:57:16.205403,1769.421348744,0.11495652961207332,0.0,-0.2,0.11495652961207332,False,0.11495652961207332,0.0,INIT
2025-12-04T20:57:16.215432,1769.431361378,-0.1970565188977304,0.0,0.2,-0.1970565188977304,False,0.1970565188977304,0.0,INIT
2025-12-04T20:57:16.226480,1769.442412387,-0.1970565188977304,0.0,0.2,-0.1970565188977304,False,0.1970565188977304,0.0,INIT
2025-12-04T20:57:16.241761,1769.457696673,0.11265906202508838,0.0,-0.1992061690100859,0.11265906202508838,False,0.11265906202508838,0.0,INIT
2025-12-04T20:57:16.247671,1769.463603148,0.11265906202508838,0.0,-0.1992061690100859,0.11265906202508838,False,0.11265906202508838,0.0,INIT
2025-12-04T20:57:16.279562,1769.495491419,-0.16379300087300508,0.0,0.2,-0.16379300087300508,False,0.16379300087300508,0.0,INIT
2025-12-04T20:57:16.281105,1769.497036616,-0.16379300087300508,0.0,0.2,-0.16379300087300508,False,0.16379300087300508,0.0,INIT
2025-12-04T20:57:16.281743,1769.497665279,-0.16379300087300508,0.0,0.2,-0.16379300087300508,False,0.16379300087300508,0.0,INIT
2025-12-04T20:57:16.293469,1769.509397583,-0.0008857739826944489,0.0,0.0005937308985684644,-0.0008857739826944489,False,0.0008857739826944489,0.0,INIT
2025-12-04T20:57:16.312456,1769.528388062,-0.0008857739826944489,0.0,0.0005937308985684644,-0.0008857739826944489,False,0.0008857739826944489,0.0,INIT
2025-12-04T20:57:16.339823,1769.555759796,0.0005937308995206884,0.10119328270596517,0.18224679976842897,-0.10059955180644448,False,0.10059955180644448,0.0,INIT
2025-12-04T20:57:16.347803,1769.563731206,0.0005937308995206884,0.10022894641013957,0.18086385988213985,-0.09963521551061888,False,0.09963521551061888,0.0,INIT
2025-12-04T20:57:16.349639,1769.565565655,0.0005937308989017486,0.0,-0.00030906759302653467,0.0005937308989017486,False,0.0005937308989017486,0.0,INIT
2025-12-04T20:57:16.353962,1769.569903566,0.0005937308989017486,0.10031902734684772,0.18099322074892374,-0.09972529644794598,False,0.09972529644794598,0.0,INIT
2025-12-04T20:57:16.360996,1769.576927127,0.0887959397458048,0.0,-0.16501718972135604,0.0887959397458048,False,0.0887959397458048,0.0,INIT
2025-12-04T20:57:16.372718,1769.588646985,0.0887959397458048,0.09952725154204689,0.02165125122895862,-0.010731311796242093,False,0.010731311796242093,0.0,INIT
2025-12-04T20:57:16.382862,1769.598793824,-0.14081047420470855,0.0,0.2,-0.14081047420470855,False,0.14081047420470855,0.0,INIT
2025-12-04T20:57:16.394619,1769.610558945,-0.14081047420470855,0.0,0.2,-0.14081047420470855,False,0.14081047420470855,0.0,INIT
2025-12-04T20:57:16.408004,1769.623949676,-0.14081047420470855,0.0,0.2,-0.14081047420470855,False,0.14081047420470855,0.0,INIT
2025-12-04T20:57:16.422731,1769.638663872,-0.14081047420470855,0.0,0.2,-0.14081047420470855,False,0.14081047420470855,0.0,INIT
2025-12-04T20:57:16.428964,1769.644893451,0.1999999999809162,0.0,-0.2,0.1999999999809162,False,0.1999999999809162,0.0,INIT
2025-12-04T20:57:16.440765,1769.656702191,0.1999999999809162,0.0,-0.2,0.1999999999809162,False,0.1999999999809162,0.0,INIT
2025-12-04T20:57:16.452466,1769.66839696,0.1999999999809162,0.0,-0.2,0.1999999999809162,False,0.1999999999809162,0.0,INIT
2025-12-04T20:57:16.463402,1769.679332019,-0.1994506788856074,0.0,0.2,-0.1994506788856074,False,0.1994506788856074,0.0,INIT
2025-12-04T20:57:16.485877,1769.701845629,-0.041597893922317,0.0,0.08705411562855121,-0.041597893922317,False,0.041597893922317,0.0,INIT
2025-12-04T20:57:16.494025,1769.70996056,-0.041597893922317,0.0,0.08705411562855121,-0.041597893922317,False,0.041597893922317,0.0,INIT
2025-12-04T20:57:16.497502,1769.713434989,0.2000000000106253,0.10019351193085191,-0.1811097847235533,0.09980648807977338,False,0.09980648807977338,0.0,INIT
2025-12-04T20:57:16.529396,1769.745329367,0.2000000000106253,0.0,-0.2,0.2000000000106253,False,0.2000000000106253,0.0,INIT
2025-12-04T20:57:16.538722,1769.754661797,-0.17693319990392684,0.0,0.2,-0.17693319990392684,False,0.17693319990392684,0.0,INIT
2025-12-04T20:57:16.540573,1769.756504908,-0.17693319990392684,0.0,0.2,-0.17693319990392684,False,0.17693319990392684,0.0,INIT
2025-12-04T20:57:16.541586,1769.757513337,-0.17693319990392684,0.0,0.2,-0.17693319990392684,False,0.17693319990392684,0.0,INIT
2025-12-04T20:57:16.553179,1769.769111201,-0.17693319990392684,0.0,0.2,-0.17693319990392684,False,0.17693319990392684,0.0,INIT
2025-12-04T20:57:16.565417,1769.781351135,0.0384047218395475,0.0,-0.08101512975202611,0.0384047218395475,False,0.0384047218395475,0.0,INIT
2025-12-04T20:57:16.575986,1769.791916367,0.0384047218395475,0.0,-0.08101512975202611,0.0384047218395475,False,0.0384047218395475,0.0,INIT
2025-12-04T20:57:16.585998,1769.80193655,0.08702753810388093,0.0,-0.1623758264847514,0.08702753810388093,False,0.08702753810388093,0.0,INIT
2025-12-04T20:57:16.603756,1769.819701314,-0.1355754033872913,0.0,0.2,-0.1355754033872913,False,0.1355754033872913,0.0,INIT
2025-12-04T20:57:16.618803,1769.834763779,-0.1355754033872913,0.0,0.2,-0.1355754033872913,False,0.1355754033872913,0.0,INIT
2025-12-04T20:57:16.630828,1769.84675938,-0.1355754033872913,0.0,0.2,-0.1355754033872913,False,0.1355754033872913,0.0,INIT
2025-12-04T20:57:16.639128,1769.855067983,0.1568739706214391,0.0,-0.2,0.1568739706214391,False,0.1568739706214391,0.0,INIT
2025-12-04T20:57:16.644623,1769.860554699,0.2000000000106253,0.0,-0.2,0.2000000000106253,False,0.2000000000106253,0.0,INIT
2025-12-04T20:57:16.655499,1769.871431645,0.2000000000106253,0.0,-0.2,0.2000000000106253,False,0.2000000000106253,0.0,INIT
2025-12-04T20:57:16.665774,1769.881703227,0.2000000000106253,0.0,-0.2,0.2000000000106253,False,0.2000000000106253,0.0,INIT
2025-12-04T20:57:16.699062,1769.914992232,-0.19999999978161764,0.0,0.2,-0.19999999978161764,False,0.19999999978161764,0.0,INIT
2025-12-04T20:57:16.701167,1769.917109679,-0.20000000001062532,0.0,0.2,-0.20000000001062532,False,0.20000000001062532,0.0,INIT
2025-12-04T20:57:16.703857,1769.919786146,-0.20000000001062532,0.0,0.2,-0.20000000001062532,False,0.20000000001062532,0.0,INIT
2025-12-04T20:57:16.711407,1769.9273378,-0.20000000001062532,0.0,0.2,-0.20000000001062532,False,0.20000000001062532,0.0,INIT
2025-12-04T20:57:16.721105,1769.937037213,0.14128315410937214,0.10083489254774092,-0.08489528253623296,0.04044826156163123,False,0.04044826156163123,0.0,INIT
2025-12-04T20:57:16.740382,1769.956320469,0.14128315410937214,0.0,-0.2,0.14128315410937214,False,0.14128315410937214,0.0,INIT
2025-12-04T20:57:16.752381,1769.968321913,-0.0787643588335125,0.10135656714657237,0.2,-0.1801209259800849,False,0.1801209259800849,0.0,INIT
2025-12-04T20:57:16.767516,1769.983450023,-0.0787643588335125,0.10135656714657237,0.2,-0.1801209259800849,False,0.1801209259800849,0.0,INIT
2025-12-04T20:57:16.769228,1769.985171006,-0.0787643588335125,0.10058897652026388,0.2,-0.1793533353537764,False,0.1793533353537764,0.0,INIT
2025-12-04T20:57:16.779312,1769.995243506,0.11265888630626057,0.0,-0.1992059261819935,0.11265888630626057,False,0.11265888630626057,0.0,INIT
2025-12-04T20:57:16.788894,1770.004823426,0.11265888630626057,0.10145146084006873,-0.02278620558929765,0.011207425466191842,False,0.011207425466191842,0.0,INIT
2025-12-04T20:57:16.799561,1770.015490399,0.11265888630626057,0.10145146084006873,-0.02278620558929765,0.011207425466191842,False,0.011207425466191842,0.0,INIT
2025-12-04T20:57:16.813472,1770.029405895,-0.029620494145105064,0.10145146084006873,0.2,-0.1310719549851738,False,0.1310719549851738,0.0,INIT
2025-12-04T20:57:16.822356,1770.038286137,-0.029620494145105064,0.1021778621272551,0.2,-0.13179835627236017,False,0.13179835627236017,0.0,INIT
2025-12-04T20:57:16.837971,1770.053915973,0.18382817775159926,0.1021778621272551,-0.15423907444364898,0.08165031562434416,False,0.08165031562434416,0.0,INIT
2025-12-04T20:57:16.843721,1770.05965104,0.18382817775159926,0.10061578600653132,-0.1566195445570894,0.08321239174506795,False,0.08321239174506795,0.0,INIT
2025-12-04T20:57:16.857990,1770.073924238,0.009754258585517131,0.0,-0.019318327100146786,0.009754258585517131,False,0.009754258585517131,0.0,INIT
2025-12-04T20:57:16.870653,1770.08659894,0.009754258585517131,0.09862064342843802,0.16512206766341161,-0.08886638484292088,False,0.08886638484292088,0.0,INIT
2025-12-04T20:57:16.883238,1770.099170765,-0.009259826203527336,0.0,0.01813729248633301,-0.009259826203527336,False,0.009259826203527336,0.0,INIT
2025-12-04T20:57:16.889005,1770.104954971,-0.009259826203527336,0.0,0.01813729248633301,-0.009259826203527336,False,0.009259826203527336,0.0,INIT
2025-12-04T20:57:16.900747,1770.116682978,0.01813730617711652,0.0,-0.038930610755035906,0.01813730617711652,False,0.01813730617711652,0.0,INIT
2025-12-04T20:57:16.915218,1770.131151693,0.01813730617711652,0.09882522158685747,0.15276540762898944,-0.08068791540974095,False,0.08068791540974095,0.0,INIT
2025-12-04T20:57:16.929109,1770.145037675,0.01813730617711652,0.0,-0.038930610755035906,0.01813730617711652,False,0.01813730617711652,0.0,INIT
2025-12-04T20:57:16.937839,1770.153777822,0.14281152150345594,0.0,-0.2,0.14281152150345594,False,0.14281152150345594,0.0,INIT
2025-12-04T20:57:16.946871,1770.162804168,0.14281152150345594,0.0,-0.2,0.14281152150345594,False,0.14281152150345594,0.0,INIT
2025-12-04T20:57:16.967354,1770.183286531,-0.07197307396385369,0.0,0.13916110439961296,-0.07197307396385369,False,0.07197307396385369,0.0,INIT
2025-12-04T20:57:16.988436,1770.204405645,-0.07197307396385369,0.0,0.13916110439961296,-0.07197307396385369,False,0.07197307396385369,0.0,INIT
2025-12-04T20:57:16.991273,1770.207200689,-0.2000000000106253,0.0,0.2,-0.2000000000106253,False,0.2000000000106253,0.0,INIT
2025-12-04T20:57:16.992422,1770.208349652,-0.2000000000106253,0.0,0.2,-0.2000000000106253,False,0.2000000000106253,0.0,INIT
2025-12-04T20:57:17.003637,1770.219578619,-0.16587129065918776,0.10117077728851553,0.2,-0.2670420679477033,False,0.2670420679477033,0.0,INIT
2025-12-04T20:57:17.016194,1770.232127847,-0.16587129065918776,0.10493735368568435,0.2,-0.2708086443448721,False,0.2708086443448721,0.0,INIT
2025-12-04T20:57:17.031366,1770.247297284,0.19999999997039422,0.10493735368568435,-0.1742482776454875,0.09506264628470987,False,0.09506264628470987,0.0,INIT
2025-12-04T20:57:17.039179,1770.255116636,0.19999999997039422,0.10493735368568435,-0.1742482776454875,0.09506264628470987,False,0.09506264628470987,0.0,INIT
2025-12-04T20:57:17.046688,1770.26261991,0.19999999997039422,0.10140288368801231,-0.17937043825416465,0.09859711628238191,False,0.09859711628238191,0.0,INIT
2025-12-04T20:57:17.057401,1770.273334417,0.19999999997039422,0.10140288368801231,-0.17937043825416465,0.09859711628238191,False,0.09859711628238191,0.0,INIT
2025-12-04T20:57:17.067807,1770.283734171,-0.17937043806836986,0.10140288368801231,0.2,-0.28077332175638214,False,0.28077332175638214,0.0,INIT
2025-12-04T20:57:17.079276,1770.295204677,-0.17937043806836986,0.10363055649943176,0.2,-0.2830009945678016,False,0.2830009945678016,0.0,INIT
2025-12-04T20:57:17.089473,1770.30540069,0.1959698444062635,0.10363055649943176,-0.1702608099606283,0.09233928790683174,False,0.09233928790683174,0.0,INIT
2025-12-04T20:57:17.100103,1770.316033496,0.1959698444062635,0.10272344830923918,-0.17159301037309535,0.09324639609702431,False,0.09324639609702431,0.0,INIT
2025-12-04T20:57:17.110810,1770.326740957,-0.16780711114675875,0.10272344830923918,0.2,-0.2705305594559979,False,0.2705305594559979,0.0,INIT
2025-12-04T20:57:17.122241,1770.3381831,-0.16780711114675875,0.10335877193224796,0.2,-0.2711658830790067,False,0.2711658830790067,0.0,INIT
2025-12-04T20:57:17.132686,1770.348626416,0.18786232705424832,0.10335877193224796,-0.15857667965452585,0.08450355512200036,False,0.08450355512200036,0.0,INIT
2025-12-04T20:57:17.143513,1770.359445727,0.18786232705424832,0.10273781450346231,-0.15951460042173682,0.08512451255078601,False,0.08512451255078601,0.0,INIT
2025-12-04T20:57:17.155713,1770.371643399,-0.15716748732073166,0.10273781450346231,0.2,-0.25990530182419397,False,0.25990530182419397,0.0,INIT
2025-12-04T20:57:17.165592,1770.381519689,-0.15716748732073166,0.10326697378604122,0.2,-0.2604344611067729,False,0.2604344611067729,0.0,INIT
2025-12-04T20:57:17.207974,1770.423905087,-0.15716748732073166,0.10326697378604122,0.2,-0.2604344611067729,False,0.2604344611067729,0.0,INIT
2025-12-04T20:57:17.218553,1770.434494508,0.2000000000106253,0.10326697378604122,-0.17667629917352512,0.09673302622458407,False,0.09673302622458407,0.0,INIT
2025-12-04T20:57:17.237883,1770.453824165,0.2000000000106253,0.1007023794002011,-0.18037872956843518,0.09929762061042419,False,0.09929762061042419,0.0,INIT
2025-12-04T20:57:17.240958,1770.45690837,0.2000000000112442,0.0,-0.2,0.2000000000112442,False,0.2000000000112442,0.0,INIT
2025-12-04T20:57:17.242556,1770.458493451,0.2000000000112442,0.09680637861418173,-0.18594645215848407,0.10319362139706248,False,0.10319362139706248,0.0,INIT
2025-12-04T20:57:17.244105,1770.460037722,0.2000000000112442,0.0,-0.2,0.2000000000112442,False,0.2000000000112442,0.0,INIT
2025-12-04T20:57:17.246772,1770.462699954,0.2000000000112442,0.0,-0.2,0.2000000000112442,False,0.2000000000112442,0.0,INIT
2025-12-04T20:57:17.257717,1770.473649972,0.18288009966695748,0.0,-0.2,0.18288009966695748,False,0.18288009966695748,0.0,INIT
2025-12-04T20:57:17.264277,1770.480204636,0.18288009966695748,0.0,-0.2,0.18288009966695748,False,0.18288009966695748,0.0,INIT
2025-12-04T20:57:17.276751,1770.492693409,-0.19999999992397371,0.0,0.2,-0.19999999992397371,False,0.19999999992397371,0.0,INIT
2025-12-04T20:57:17.287767,1770.50370261,-0.19999999992397371,0.0,0.2,-0.19999999992397371,False,0.19999999992397371,0.0,INIT
2025-12-04T20:57:17.298333,1770.514262078,-0.19999999992397371,0.0,0.2,-0.19999999992397371,False,0.19999999992397371,0.0,INIT
2025-12-04T20:57:17.322120,1770.538048986,0.19999999977914187,0.0,-0.2,0.19999999977914187,False,0.19999999977914187,0.0,INIT
2025-12-04T20:57:17.323435,1770.539360914,0.19999999977914187,0.0,-0.2,0.19999999977914187,False,0.19999999977914187,0.0,INIT
2025-12-04T20:57:17.340224,1770.556160396,0.2000000000106253,0.0,-0.2,0.2000000000106253,False,0.2000000000106253,0.0,INIT
2025-12-04T20:57:17.409814,1770.625750445,-0.20000000001124424,0.0,0.2,-0.20000000001124424,False,0.20000000001124424,0.0,INIT
2025-12-04T20:57:17.414726,1770.630661569,-0.20000000001124424,0.0,0.2,-0.20000000001124424,False,0.20000000001124424,0.0,INIT
2025-12-04T20:57:17.418737,1770.634671114,-0.20000000001124424,0.0,0.2,-0.20000000001124424,False,0.20000000001124424,0.0,INIT
2025-12-04T20:57:17.420341,1770.636269466,-0.20000000001124424,0.0,0.2,-0.20000000001124424,False,0.20000000001124424,0.0,INIT
2025-12-04T20:57:17.421223,1770.637153157,-0.20000000001124424,0.0,0.2,-0.20000000001124424,False,0.20000000001124424,0.0,INIT
2025-12-04T20:57:17.422614,1770.638543151,-0.20000000001124424,0.0,0.2,-0.20000000001124424,False,0.20000000001124424,0.0,INIT
2025-12-04T20:57:17.423448,1770.63937514,-0.20000000001124424,0.0,0.2,-0.20000000001124424,False,0.20000000001124424,0.0,INIT
2025-12-04T20:57:17.424253,1770.640179653,-0.20000000001124424,0.0,0.2,-0.20000000001124424,False,0.20000000001124424,0.0,INIT
2025-12-04T20:57:17.440459,1770.65642206,-0.20000000001124424,0.0,0.2,-0.20000000001124424,False,0.20000000001124424,0.0,INIT
2025-12-04T20:57:17.480900,1770.696837523,0.1999999970143384,0.100063739340988,-0.18129602865192834,0.0999362576733504,False,0.0999362576733504,0.0,INIT
2025-12-04T20:57:17.485894,1770.701830202,0.2000000000106253,0.0,-0.2,0.2000000000106253,False,0.2000000000106253,0.0,INIT
2025-12-04T20:57:17.487737,1770.703675555,0.2000000000106253,0.0,-0.2,0.2000000000106253,False,0.2000000000106253,0.0,INIT
2025-12-04T20:57:17.489110,1770.705037018,0.2000000000106253,0.0,-0.2,0.2000000000106253,False,0.2000000000106253,0.0,INIT
2025-12-04T20:57:17.492474,1770.708406673,0.2000000000106253,0.0,-0.2,0.2000000000106253,False,0.2000000000106253,0.0,INIT
2025-12-04T20:57:17.502725,1770.71867378,0.2000000000106253,0.0,-0.2,0.2000000000106253,False,0.2000000000106253,0.0,INIT
2025-12-04T20:57:17.512893,1770.728829187,-0.11265611520630248,0.0,0.19920209674782977,-0.11265611520630248,False,0.11265611520630248,0.0,INIT
2025-12-04T20:57:17.523841,1770.739772796,-0.11265611520630248,0.0,0.19920209674782977,-0.11265611520630248,False,0.11265611520630248,0.0,INIT
2025-12-04T20:57:17.539526,1770.755470107,0.19873039608449222,0.0,-0.2,0.19873039608449222,False,0.19873039608449222,0.0,INIT
2025-12-04T20:57:17.545054,1770.760985169,0.19873039608449222,0.0,-0.2,0.19873039608449222,False,0.19873039608449222,0.0,INIT
2025-12-04T20:57:17.556586,1770.7725133,-0.07895465088415439,0.0,0.15009750051872764,-0.07895465088415439,False,0.07895465088415439,0.0,INIT
2025-12-04T20:57:17.568187,1770.784137824,-0.07895465088415439,0.0,0.15009750051872764,-0.07895465088415439,False,0.07895465088415439,0.0,INIT
2025-12-04T20:57:17.578982,1770.794912611,0.1422074744542973,0.0,-0.2,0.1422074744542973,False,0.1422074744542973,0.0,INIT
2025-12-04T20:57:17.618753,1770.834710262,0.1422074744542973,0.0,-0.2,0.1422074744542973,False,0.1422074744542973,0.0,INIT
2025-12-04T20:57:17.645607,1770.861545867,-0.2000000000106253,0.0,0.2,-0.2000000000106253,False,0.2000000000106253,0.0,INIT
2025-12-04T20:57:17.675392,1770.891331802,-0.2000000000106253,0.0,0.2,-0.2000000000106253,False,0.2000000000106253,0.0,INIT
2025-12-04T20:57:17.679357,1770.895291641,-0.2000000000106253,0.0,0.2,-0.2000000000106253,False,0.2000000000106253,0.0,INIT
2025-12-04T20:57:17.680414,1770.896344546,-0.2000000000106253,0.0,0.2,-0.2000000000106253,False,0.2000000000106253,0.0,INIT
2025-12-04T20:57:17.682611,1770.898540864,-0.2000000000106253,0.0,0.2,-0.2000000000106253,False,0.2000000000106253,0.0,INIT
2025-12-04T20:57:17.684257,1770.900191172,-0.2000000000106253,0.0,0.2,-0.2000000000106253,False,0.2000000000106253,0.0,INIT
2025-12-04T20:57:17.685695,1770.901625637,-0.2000000000106253,0.0,0.2,-0.2000000000106253,False,0.2000000000106253,0.0,INIT
2025-12-04T20:57:17.686905,1770.902836543,-0.2000000000106253,0.0,0.2,-0.2000000000106253,False,0.2000000000106253,0.0,INIT
2025-12-04T20:57:17.704569,1770.920508285,-0.04159607422237073,0.10067027008123297,0.2,-0.1422663443036037,False,0.1422663443036037,0.0,INIT
2025-12-04T20:57:17.707218,1770.923157507,-0.04159607422237073,0.0,0.08705071182993829,-0.04159607422237073,False,0.04159607422237073,0.0,INIT
2025-12-04T20:57:17.714760,1770.930693985,0.19425608236187059,0.10319699897062051,-0.1683736829195462,0.09105908339125007,False,0.09105908339125007,0.0,INIT
2025-12-04T20:57:17.725935,1770.941863081,0.19425608236187059,0.09936356540540103,-0.17400023537088208,0.09489251695646955,False,0.09489251695646955,0.0,INIT
2025-12-04T20:57:17.741011,1770.956950907,0.19425608236187059,0.0,-0.2,0.19425608236187059,False,0.19425608236187059,0.0,INIT
2025-12-04T20:57:17.759014,1770.974950348,0.19425608236187059,0.0,-0.2,0.19425608236187059,False,0.19425608236187059,0.0,INIT
2025-12-04T20:57:17.760594,1770.97652195,0.19425608236187059,0.0,-0.2,0.19425608236187059,False,0.19425608236187059,0.0,INIT
2025-12-04T20:57:17.773472,1770.989405915,-0.1740002353867563,0.10217048370756965,0.2,-0.27617071909432594,False,0.27617071909432594,0.0,INIT
2025-12-04T20:57:17.783829,1770.999773983,-0.1740002353867563,0.10576278767716563,0.2,-0.2797630230639219,False,0.2797630230639219,0.0,INIT
2025-12-04T20:57:17.795486,1771.011414771,-0.001595351496901079,0.10576278767716563,0.19182545778445115,-0.10735813917406671,False,0.10735813917406671,0.0,INIT
2025-12-04T20:57:17.805206,1771.021137805,-0.001595351496901079,0.1077652756130254,0.1946267786193302,-0.10936062710992649,False,0.10936062710992649,0.0,INIT
2025-12-04T20:57:17.818006,1771.03397805,0.19210559202090027,0.1077652756130254,-0.1583297607997106,0.08434031640787487,False,0.08434031640787487,0.0,INIT
2025-12-04T20:57:17.826362,1771.042294138,0.19210559202090027,0.10395878506385525,-0.16404954090175383,0.08814680695704502,False,0.08814680695704502,0.0,INIT
2025-12-04T20:57:17.839595,1771.055528687,-0.16033205536558626,0.10395878506385525,0.2,-0.2642908404294415,False,0.2642908404294415,0.0,INIT
2025-12-04T20:57:17.848359,1771.064288872,-0.16033205536558626,0.10457808123397605,0.2,-0.2649101365995623,False,0.2649101365995623,0.0,INIT
2025-12-04T20:57:17.866924,1771.082861828,0.18937055453722276,0.10457808123397605,-0.1590133403404152,0.08479247330324671,False,0.08479247330324671,0.0,INIT
2025-12-04T20:57:17.881348,1771.097285981,0.18937055453722276,0.10387152211747086,-0.16007926015520746,0.0854990324197519,False,0.0854990324197519,0.0,INIT
2025-12-04T20:57:17.885182,1771.101141117,-0.06253671165302976,0.10387152211747086,0.2,-0.16640823377050062,False,0.16640823377050062,0.0,INIT
2025-12-04T20:57:17.892434,1771.108371355,-0.06253671165302976,0.10387152211747086,0.2,-0.16640823377050062,False,0.16640823377050062,0.0,INIT
2025-12-04T20:57:17.903220,1771.119159674,-0.06253671165302976,0.10260781059411439,0.2,-0.16514452224714415,False,0.16514452224714415,0.0,INIT
2025-12-04T20:57:17.919777,1771.135734012,0.17709979959530572,0.10260781059411439,-0.14314320468943242,0.07449198900119133,False,0.07449198900119133,0.0,INIT
2025-12-04T20:57:17.923950,1771.139895519,0.17709979959530572,0.10219826773424989,-0.14378668246568824,0.07490153186105583,False,0.07490153186105583,0.0,INIT
2025-12-04T20:57:17.962915,1771.178846891,-0.1437866824734707,0.10219826773424989,0.2,-0.2459849502077206,False,0.2459849502077206,0.0,INIT
2025-12-04T20:57:17.965063,1771.180989593,-0.1437866824734707,0.09887497269813483,0.2,-0.24266165517160554,False,0.24266165517160554,0.0,INIT
2025-12-04T20:57:17.966282,1771.18220746,-0.1437866824734707,0.0,0.2,-0.1437866824734707,False,0.1437866824734707,0.0,INIT
2025-12-04T20:57:17.970761,1771.186695272,-0.1437866824734707,0.0,0.2,-0.1437866824734707,False,0.1437866824734707,0.0,INIT
2025-12-04T20:57:18.000672,1771.216612274,-0.05874178339567643,0.10179339652262609,0.2,-0.16053517991830252,False,0.16053517991830252,0.0,INIT
2025-12-04T20:57:18.003977,1771.219912379,0.20000000001124424,0.10393151319910299,-0.17571192716989983,0.09606848681214125,False,0.09606848681214125,0.0,INIT
2025-12-04T20:57:18.005045,1771.220974887,0.20000000001124424,0.10393151319910299,-0.17571192716989983,0.09606848681214125,False,0.09606848681214125,0.0,INIT
2025-12-04T20:57:18.016838,1771.232774805,0.20000000001124424,0.10004835039621263,-0.1813181139691108,0.09995164961503161,False,0.09995164961503161,0.0,INIT
2025-12-04T20:57:18.033913,1771.249848462,0.08105021107379518,0.0,-0.15332080767762124,0.08105021107379518,False,0.08105021107379518,0.0,INIT
2025-12-04T20:57:18.037586,1771.253518763,0.08105021107379518,0.09734490640488591,0.034722458924840986,-0.016294695331090736,False,0.016294695331090736,0.0,INIT
2025-12-04T20:57:18.049484,1771.265426702,0.08105021107379518,0.0,-0.15332080767762124,0.08105021107379518,False,0.08105021107379518,0.0,INIT
2025-12-04T20:57:18.063814,1771.279751757,-0.08998416458294967,0.0,0.16678274948575836,-0.08998416458294967,False,0.08998416458294967,0.0,INIT
2025-12-04T20:57:18.078139,1771.294080388,-0.08998416458294967,0.10016649518029297,0.2,-0.19015065976324264,False,0.19015065976324264,0.0,INIT
2025-12-04T20:57:18.092595,1771.308539005,-0.09655073670648182,0.0,0.17641196984828736,-0.09655073670648182,False,0.09655073670648182,0.0,INIT
2025-12-04T20:57:18.098493,1771.314425295,-0.09655073670648182,0.10142441031616656,0.2,-0.19797514702264837,False,0.19797514702264837,0.0,INIT
2025-12-04T20:57:18.107773,1771.323715933,0.1976412061399066,0.10142441031616656,-0.1759273321834709,0.09621679582374004,False,0.09621679582374004,0.0,INIT
2025-12-04T20:57:18.117924,1771.33386374,0.1976412061399066,0.09782732963263197,-0.18112039055318507,0.09981387650727463,False,0.09981387650727463,0.0,INIT
2025-12-04T20:57:18.140977,1771.356907386,-0.15108546821465416,0.0,0.2,-0.15108546821465416,False,0.15108546821465416,0.0,INIT
2025-12-04T20:57:18.143029,1771.358972251,-0.15108546821465416,0.0,0.2,-0.15108546821465416,False,0.15108546821465416,0.0,INIT
2025-12-04T20:57:18.153282,1771.369212696,-0.15108546821465416,0.0,0.2,-0.15108546821465416,False,0.15108546821465416,0.0,INIT
2025-12-04T20:57:18.180727,1771.396661517,-0.06217028889252583,0.0,0.1232345437426828,-0.06217028889252583,False,0.06217028889252583,0.0,INIT
2025-12-04T20:57:18.186167,1771.402099226,0.2000000000106253,0.0,-0.2,0.2000000000106253,False,0.2000000000106253,0.0,INIT
2025-12-04T20:57:18.191325,1771.407260597,0.2000000000106253,0.10039910145799391,-0.18081456931715673,0.09960089855263138,False,0.09960089855263138,0.0,INIT
2025-12-04T20:57:18.198813,1771.414746756,0.2000000000106253,0.0,-0.2,0.2000000000106253,False,0.2000000000106253,0.0,INIT
2025-12-04T20:57:18.208993,1771.424921106,-0.18439960839300287,0.0,0.2,-0.18439960839300287,False,0.18439960839300287,0.0,INIT
2025-12-04T20:57:18.220139,1771.436074776,-0.18439960839300287,0.0,0.2,-0.18439960839300287,False,0.18439960839300287,0.0,INIT
2025-12-04T20:57:18.230579,1771.446510499,-0.18439960839300287,0.0,0.2,-0.18439960839300287,False,0.18439960839300287,0.0,INIT
2025-12-04T20:57:18.244179,1771.460112761,0.14128099586180778,0.0,-0.2,0.14128099586180778,False,0.14128099586180778,0.0,INIT
2025-12-04T20:57:18.252870,1771.468799046,0.14128099586180778,0.0,-0.2,0.14128099586180778,False,0.14128099586180778,0.0,INIT
2025-12-04T20:57:18.285152,1771.501111186,-0.2000000000106253,0.0,0.2,-0.2000000000106253,False,0.2000000000106253,0.0,INIT
2025-12-04T20:57:18.289317,1771.505264085,-0.2000000000106253,0.0,0.2,-0.2000000000106253,False,0.2000000000106253,0.0,INIT
2025-12-04T20:57:18.290192,1771.506118571,-0.2000000000106253,0.0,0.2,-0.2000000000106253,False,0.2000000000106253,0.0,INIT
2025-12-04T20:57:18.299717,1771.515652328,-0.16587154310301436,0.0,0.2,-0.16587154310301436,False,0.16587154310301436,0.0,INIT
2025-12-04T20:57:18.309348,1771.52528359,-0.16587154310301436,0.0,0.2,-0.16587154310301436,False,0.16587154310301436,0.0,INIT
2025-12-04T20:57:18.327481,1771.543412776,-0.16587154310301436,0.10315812386268153,0.2,-0.26902966696569586,False,0.26902966696569586,0.0,INIT
2025-12-04T20:57:18.340364,1771.556307121,0.1999999999685374,0.10315812386268153,-0.1768340627712976,0.09684187610585587,False,0.09684187610585587,0.0,INIT
2025-12-04T20:57:18.348636,1771.564576043,0.1999999999685374,0.09962815635283029,-0.18192062326596964,0.10037184361570711,False,0.10037184361570711,0.0,INIT
2025-12-04T20:57:18.354730,1771.570666142,0.2000000000106253,0.0,-0.2,0.2000000000106253,False,0.2000000000106253,0.0,INIT
2025-12-04T20:57:18.366326,1771.582258252,0.2000000000106253,0.0,-0.2,0.2000000000106253,False,0.2000000000106253,0.0,INIT
2025-12-04T20:57:18.381920,1771.597861504,-0.19999999982865704,0.0,0.2,-0.19999999982865704,False,0.19999999982865704,0.0,INIT
2025-12-04T20:57:18.391428,1771.607381296,-0.19999999982865704,0.0,0.2,-0.19999999982865704,False,0.19999999982865704,0.0,INIT
2025-12-04T20:57:18.415008,1771.630946512,0.03840144519090867,0.0,-0.08100886320844514,0.03840144519090867,False,0.03840144519090867,0.0,INIT
2025-12-04T20:57:18.466316,1771.682250684,-0.08100886321547948,0.0,0.15325746039178556,-0.08100886321547948,False,0.08100886321547948,0.0,INIT
2025-12-04T20:57:18.470896,1771.686829718,-0.08100886321547948,0.10034273437319952,0.2,-0.181351597588679,False,0.181351597588679,0.0,INIT
2025-12-04T20:57:18.474221,1771.690153752,-0.08100886321547948,0.0,0.15325746039178556,-0.08100886321547948,False,0.08100886321547948,0.0,INIT
2025-12-04T20:57:18.472900,1771.688826282,-0.08100886321547948,0.0,0.15325746039178556,-0.08100886321547948,False,0.08100886321547948,0.0,INIT
2025-12-04T20:57:18.472294,1771.688230749,-0.08100886321547948,0.0,0.15325746039178556,-0.08100886321547948,False,0.08100886321547948,0.0,INIT
2025-12-04T20:57:18.478273,1771.694209148,-0.08100886321547948,0.0,0.15325746039178556,-0.08100886321547948,False,0.08100886321547948,0.0,INIT
2025-12-04T20:57:18.479488,1771.695422304,-0.08100886321547948,0.0,0.15325746039178556,-0.08100886321547948,False,0.08100886321547948,0.0,INIT
2025-12-04T20:57:18.501903,1771.717838934,-0.08100886321547948,0.0,0.15325746039178556,-0.08100886321547948,False,0.08100886321547948,0.0,INIT
2025-12-04T20:57:18.504966,1771.720899264,0.1532574603017301,0.0,-0.2,0.1532574603017301,False,0.1532574603017301,0.0,INIT
2025-12-04T20:57:18.509953,1771.725882825,0.1532574603017301,0.0,-0.2,0.1532574603017301,False,0.1532574603017301,0.0,INIT
2025-12-04T20:57:18.525708,1771.741638748,-0.036304674717981225,0.0,0.07696822960053733,-0.036304674717981225,False,0.036304674717981225,0.0,INIT
2025-12-04T20:57:18.532206,1771.748134193,-0.036304674717981225,0.0,0.07696822960053733,-0.036304674717981225,False,0.036304674717981225,0.0,INIT
2025-12-04T20:57:18.544655,1771.760585894,-0.06013989590398233,0.0,0.11984265600276843,-0.06013989590398233,False,0.06013989590398233,0.0,INIT
2025-12-04T20:57:18.556178,1771.772108267,-0.06013989590398233,0.0,0.11984265600276843,-0.06013989590398233,False,0.06013989590398233,0.0,INIT
2025-12-04T20:57:18.567398,1771.783329799,0.11555519641863905,0.0,-0.2,0.11555519641863905,False,0.11555519641863905,0.0,INIT
2025-12-04T20:57:18.635029,1771.850967728,0.11555519641863905,0.0,-0.2,0.11555519641863905,False,0.11555519641863905,0.0,INIT
2025-12-04T20:57:18.641421,1771.8573535,-0.2000000000106253,0.0,0.2,-0.2000000000106253,False,0.2000000000106253,0.0,INIT
2025-12-04T20:57:18.645334,1771.861276668,-0.2000000000106253,0.0,0.2,-0.2000000000106253,False,0.2000000000106253,0.0,INIT
2025-12-04T20:57:18.646617,1771.862552461,-0.2000000000106253,0.0,0.2,-0.2000000000106253,False,0.2000000000106253,0.0,INIT
2025-12-04T20:57:18.649516,1771.865446165,-0.2000000000106253,0.0,0.2,-0.2000000000106253,False,0.2000000000106253,0.0,INIT
2025-12-04T20:57:18.650919,1771.866861046,-0.2000000000106253,0.1006062926388771,0.2,-0.3006062926495024,False,0.3006062926495024,0.0,INIT
2025-12-04T20:57:18.661837,1771.877769744,-0.20000000001062532,0.0,0.2,-0.20000000001062532,False,0.20000000001062532,0.0,INIT
2025-12-04T20:57:18.663566,1771.879495505,-0.20000000001062532,0.10472166170450459,0.2,-0.30472166171512993,False,0.30472166171512993,0.0,INIT
2025-12-04T20:57:18.667655,1771.883586353,-0.20000000001062532,0.10884177531362305,0.2,-0.3088417753242484,False,0.3088417753242484,0.0,INIT
2025-12-04T20:57:18.679421,1771.895355931,0.199452114824393,0.10884177531362305,-0.16771023733054882,0.09061033951076997,False,0.09061033951076997,0.0,INIT
2025-12-04T20:57:18.691297,1771.907230856,0.199452114824393,0.10778108805460196,-0.16927676597262753,0.09167102676979105,False,0.09167102676979105,0.0,INIT
2025-12-04T20:57:18.717227,1771.93316679,-0.09706197572415218,0.10778108805460196,0.2,-0.20484306377875414,False,0.20484306377875414,0.0,INIT
2025-12-04T20:57:18.719900,1771.935830746,-0.09706197572415218,0.10692883138756937,0.2,-0.20399080711172154,False,0.20399080711172154,0.0,INIT
2025-12-04T20:57:18.723916,1771.939849538,-0.16353284888571232,0.10692883138756937,0.2,-0.27046168027328166,False,0.27046168027328166,0.0,INIT
2025-12-04T20:57:18.736112,1771.952042903,-0.16353284888571232,0.11037960082555776,0.2,-0.27391244971127005,False,0.27391244971127005,0.0,INIT
2025-12-04T20:57:18.756668,1771.972602088,0.19999999992583056,0.11037960082555776,-0.16624301543760375,0.08962039910027281,False,0.08962039910027281,0.0,INIT
2025-12-04T20:57:18.759344,1771.97527329,0.19999999992583056,0.10721753472648299,-0.1709121796188254,0.09278246519934757,False,0.09278246519934757,0.0,INIT
2025-12-04T20:57:18.823584,1772.03951463,-0.1709121796290774,0.10721753472648299,0.2,-0.2781297143555604,False,0.2781297143555604,0.0,INIT
2025-12-04T20:57:18.827230,1772.043162266,-0.1709121796290774,0.10350778696453133,0.2,-0.27441996659360873,False,0.27441996659360873,0.0,INIT
2025-12-04T20:57:18.828594,1772.044526949,-0.1709121796290774,0.10350778696453133,0.2,-0.27441996659360873,False,0.27441996659360873,0.0,INIT
2025-12-04T20:57:18.829878,1772.045807714,-0.1709121796290774,0.10657910262177461,0.2,-0.277491282250852,False,0.277491282250852,0.0,INIT
2025-12-04T20:57:18.840836,1772.056770829,-0.1709121796290774,0.10657910262177461,0.2,-0.277491282250852,False,0.277491282250852,0.0,INIT
2025-12-04T20:57:18.842800,1772.058737579,-0.1709121796290774,0.11012018014650327,0.2,-0.28103235977558066,False,0.28103235977558066,0.0,INIT
2025-12-04T20:57:18.845752,1772.061684509,-0.1709121796290774,0.11012018014650327,0.2,-0.28103235977558066,False,0.28103235977558066,0.0,INIT
2025-12-04T20:57:18.847259,1772.063193722,-0.1709121796290774,0.11366540132233549,0.2,-0.2845775809514129,False,0.2845775809514129,0.0,INIT
2025-12-04T20:57:18.857547,1772.073482218,-0.1709121796290774,0.11366540132233549,0.2,-0.2845775809514129,False,0.2845775809514129,0.0,INIT
2025-12-04T20:57:18.866309,1772.082238154,0.1999999998763154,0.11366540132233549,-0.16133626318807492,0.0863345985539799,False,0.0863345985539799,0.0,INIT
2025-12-04T20:57:18.877299,1772.093234256,0.1999999998763154,0.1108297416958135,-0.16557417396392665,0.0891702581805019,False,0.0891702581805019,0.0,INIT
2025-12-04T20:57:18.888160,1772.104092784,-0.027341099242932244,0.1108297416958135,0.2,-0.13817084093874574,False,0.13817084093874574,0.0,INIT
2025-12-04T20:57:18.898211,1772.114140021,-0.027341099242932244,0.10922707940371712,0.2,-0.13656817864664936,False,0.13656817864664936,0.0,INIT
2025-12-04T20:57:18.909334,1772.125265226,-0.010064468007120565,0.10922707940371712,0.2,-0.11929154741083768,False,0.11929154741083768,0.0,INIT
2025-12-04T20:57:18.934821,1772.150773128,0.2000000000106253,0.11108876915117971,-0.16518882042823588,0.08891123085944558,False,0.08891123085944558,0.0,INIT
2025-12-04T20:57:18.936719,1772.152651764,0.2000000000106253,0.11108876915117971,-0.16518882042823588,0.08891123085944558,False,0.08891123085944558,0.0,INIT
2025-12-04T20:57:18.943745,1772.159676973,0.2000000000106253,0.10721321084364721,-0.17091853006513036,0.09278678916697808,False,0.09278678916697808,0.0,INIT
2025-12-04T20:57:18.955240,1772.171177406,0.11495594640936532,0.10721321084364721,-0.014524458377612778,0.007742735565718112,False,0.007742735565718112,0.0,INIT
2025-12-04T20:57:18.969006,1772.184941074,0.11495594640936532,0.10418364374349665,-0.021749029794491496,0.010772302665868677,False,0.010772302665868677,0.0,INIT
2025-12-04T20:57:18.976795,1772.192727025,-0.04432262799970533,0.10418364374349665,0.2,-0.14850627174320197,False,0.14850627174320197,0.0,INIT
2025-12-04T20:57:18.989052,1772.204985196,-0.04432262799970533,0.10641342956558697,0.2,-0.1507360575652923,False,0.1507360575652923,0.0,INIT
2025-12-04T20:57:18.998452,1772.214380274,0.14543015325887135,0.10641342956558697,-0.0821830164035804,0.03901672369328438,False,0.03901672369328438,0.0,INIT
2025-12-04T20:57:19.012877,1772.228815901,0.14543015325887135,0.10525503698189631,-0.08437985106002781,0.04017511627697504,False,0.04017511627697504,0.0,INIT
2025-12-04T20:57:19.020514,1772.23644394,0.0021596397206369287,0.10525503698189631,0.18580690081510406,-0.10309539726125938,False,0.10309539726125938,0.0,INIT
2025-12-04T20:57:19.031221,1772.247149685,0.0021596397206369287,0.10335202209950634,0.1830949051622122,-0.1011923823788694,False,0.1011923823788694,0.0,INIT
2025-12-04T20:57:19.055260,1772.271199579,0.10748447567961236,0.10335202209950634,-0.006270988507736706,0.004132453580106027,False,0.004132453580106027,0.0,INIT
2025-12-04T20:57:19.057410,1772.273340154,0.10748447567961236,0.10322711868091794,-0.006538815650819639,0.004257356998694423,False,0.004257356998694423,0.0,INIT
2025-12-04T20:57:19.085602,1772.301535225,0.18309490517707688,0.10322711868091794,-0.15150527611770032,0.07986778649615894,False,0.07986778649615894,0.0,INIT
2025-12-04T20:57:19.090605,1772.306555812,0.18309490517707688,0.09967899755689213,-0.1569286568145213,0.08341590762018475,False,0.08341590762018475,0.0,INIT
2025-12-04T20:57:19.091950,1772.307882022,0.18309490517707688,0.0,-0.2,0.18309490517707688,False,0.18309490517707688,0.0,INIT
2025-12-04T20:57:19.103912,1772.319862563,0.18309490517707688,0.0,-0.2,0.18309490517707688,False,0.18309490517707688,0.0,INIT
2025-12-04T20:57:19.107568,1772.32349942,-0.10839050787878164,0.0,0.1932716896733952,-0.10839050787878164,False,0.10839050787878164,0.0,INIT
2025-12-04T20:57:19.119512,1772.335446187,-0.10839050787878164,0.0,0.1932716896733952,-0.10839050787878164,False,0.10839050787878164,0.0,INIT
2025-12-04T20:57:19.129799,1772.345729469,0.1878507825123869,0.0,-0.2,0.1878507825123869,False,0.1878507825123869,0.0,INIT
2025-12-04T20:57:19.141333,1772.357268521,0.1878507825123869,0.0,-0.2,0.1878507825123869,False,0.1878507825123869,0.0,INIT
2025-12-04T20:57:19.153656,1772.369591136,-0.18352475008037966,0.0,0.2,-0.18352475008037966,False,0.18352475008037966,0.0,INIT
2025-12-04T20:57:19.164029,1772.379956692,-0.18352475008037966,0.0,0.2,-0.18352475008037966,False,0.18352475008037966,0.0,INIT
2025-12-04T20:57:19.175835,1772.391762983,0.1642716712743466,0.0,-0.2,0.1642716712743466,False,0.1642716712743466,0.0,INIT
2025-12-04T20:57:19.187725,1772.40365688,0.1642716712743466,0.0,-0.2,0.1642716712743466,False,0.1642716712743466,0.0,INIT
2025-12-04T20:57:19.209109,1772.425055467,-0.1412779405156652,0.0,0.2,-0.1412779405156652,False,0.1412779405156652,0.0,INIT
2025-12-04T20:57:19.210958,1772.426889861,-0.1412779405156652,0.0,0.2,-0.1412779405156652,False,0.1412779405156652,0.0,INIT
2025-12-04T20:57:19.223099,1772.439035085,-0.20000000001124424,0.0,0.2,-0.20000000001124424,False,0.20000000001124424,0.0,INIT
2025-12-04T20:57:19.232182,1772.44810844,-0.20000000001124424,0.0,0.2,-0.20000000001124424,False,0.20000000001124424,0.0,INIT
2025-12-04T20:57:19.243099,1772.459031338,0.19999999977728505,0.0,-0.2,0.19999999977728505,False,0.19999999977728505,0.0,INIT
2025-12-04T20:57:19.255316,1772.471249955,0.19999999977728505,0.0,-0.2,0.19999999977728505,False,0.19999999977728505,0.0,INIT
2025-12-04T20:57:19.278227,1772.494158837,-0.03839784632785055,0.0,0.08100198026545044,-0.03839784632785055,False,0.03839784632785055,0.0,INIT
2025-12-04T20:57:19.279859,1772.495793736,-0.03839784632785055,0.0,0.08100198026545044,-0.03839784632785055,False,0.03839784632785055,0.0,INIT
2025-12-04T20:57:19.288353,1772.504297155,-0.2000000000106253,0.0,0.2,-0.2000000000106253,False,0.2000000000106253,0.0,INIT
2025-12-04T20:57:19.298592,1772.514524086,-0.2000000000106253,0.0,0.2,-0.2000000000106253,False,0.2000000000106253,0.0,INIT
2025-12-04T20:57:19.327684,1772.543630292,0.19946524230506735,0.0,-0.2,0.19946524230506735,False,0.19946524230506735,0.0,INIT
2025-12-04T20:57:19.329858,1772.545787532,0.2000000000106253,0.0,-0.2,0.2000000000106253,False,0.2000000000106253,0.0,INIT
2025-12-04T20:57:19.335403,1772.551338605,0.2000000000106253,0.0,-0.2,0.2000000000106253,False,0.2000000000106253,0.0,INIT
2025-12-04T20:57:19.343160,1772.559088441,0.2000000000106253,0.0,-0.2,0.2000000000106253,False,0.2000000000106253,0.0,INIT
2025-12-04T20:57:19.354440,1772.570420192,-0.14127785576425683,0.0,0.2,-0.14127785576425683,False,0.14127785576425683,0.0,INIT
2025-12-04T20:57:19.365011,1772.580942581,-0.14127785576425683,0.0,0.2,-0.14127785576425683,False,0.14127785576425683,0.0,INIT
2025-12-04T20:57:19.397889,1772.61381931,0.2000000000106253,0.0,-0.2,0.2000000000106253,False,0.2000000000106253,0.0,INIT
2025-12-04T20:57:19.400471,1772.616417973,0.2000000000106253,0.0,-0.2,0.2000000000106253,False,0.2000000000106253,0.0,INIT
2025-12-04T20:57:19.402110,1772.618038618,0.2000000000106253,0.0,-0.2,0.2000000000106253,False,0.2000000000106253,0.0,INIT
2025-12-04T20:57:19.407679,1772.623607684,0.2000000000106253,0.0,-0.2,0.2000000000106253,False,0.2000000000106253,0.0,INIT
2025-12-04T20:57:19.424908,1772.640857377,-0.07839712031981383,0.0,0.1492354743821206,-0.07839712031981383,False,0.07839712031981383,0.0,INIT
2025-12-04T20:57:19.431582,1772.647523611,-0.07839712031981383,0.0,0.1492354743821206,-0.07839712031981383,False,0.07839712031981383,0.0,INIT
2025-12-04T20:57:19.455839,1772.671774814,0.05858871847574284,0.0,-0.11722793349702984,0.05858871847574284,False,0.05858871847574284,0.0,INIT
2025-12-04T20:57:19.457566,1772.673497982,0.05858871847574284,0.0,-0.11722793349702984,0.05858871847574284,False,0.05858871847574284,0.0,INIT
2025-12-04T20:57:19.464559,1772.680489085,0.11510725617547561,0.0,-0.2,0.11510725617547561,False,0.11510725617547561,0.0,INIT
2025-12-04T20:57:19.475792,1772.691726274,0.11510725617547561,0.0,-0.2,0.11510725617547561,False,0.11510725617547561,0.0,INIT
2025-12-04T20:57:19.485621,1772.701549801,-0.1974666543754588,0.0,0.2,-0.1974666543754588,False,0.1974666543754588,0.0,INIT
2025-12-04T20:57:19.496584,1772.712513228,-0.1974666543754588,0.0,0.2,-0.1974666543754588,False,0.1974666543754588,0.0,INIT
2025-12-04T20:57:19.627503,1772.843446206,-0.1974666543754588,0.0,0.2,-0.1974666543754588,False,0.1974666543754588,0.0,INIT
2025-12-04T20:57:19.633630,1772.849564997,0.20000000001062532,0.0,-0.2,0.20000000001062532,False,0.20000000001062532,0.0,INIT
2025-12-04T20:57:19.639627,1772.855560603,0.20000000001062532,0.0,-0.2,0.20000000001062532,False,0.20000000001062532,0.0,INIT
2025-12-04T20:57:19.695536,1772.911465501,0.20000000001062532,0.0,-0.2,0.20000000001062532,False,0.20000000001062532,0.0,INIT
2025-12-04T20:57:19.698035,1772.913964414,0.20000000001124424,0.0,-0.2,0.20000000001124424,False,0.20000000001124424,0.0,INIT
2025-12-04T20:57:19.698696,1772.914622335,0.20000000001124424,0.0,-0.2,0.20000000001124424,False,0.20000000001124424,0.0,INIT
2025-12-04T20:57:19.699702,1772.915631777,0.20000000001124424,0.0,-0.2,0.20000000001124424,False,0.20000000001124424,0.0,INIT
2025-12-04T20:57:19.701105,1772.917040323,0.20000000001124424,0.0,-0.2,0.20000000001124424,False,0.20000000001124424,0.0,INIT
2025-12-04T20:57:19.701962,1772.91789336,0.20000000001124424,0.0,-0.2,0.20000000001124424,False,0.20000000001124424,0.0,INIT
2025-12-04T20:57:19.703183,1772.919113507,0.20000000001124424,0.0,-0.2,0.20000000001124424,False,0.20000000001124424,0.0,INIT
2025-12-04T20:57:19.703916,1772.919843775,0.20000000001124424,0.0,-0.2,0.20000000001124424,False,0.20000000001124424,0.0,INIT
2025-12-04T20:57:19.704577,1772.920504736,0.20000000001124424,0.0,-0.2,0.20000000001124424,False,0.20000000001124424,0.0,INIT
2025-12-04T20:57:19.705398,1772.92132142,0.20000000001124424,0.0,-0.2,0.20000000001124424,False,0.20000000001124424,0.0,INIT
2025-12-04T20:57:19.706026,1772.921950395,0.20000000001124424,0.0,-0.2,0.20000000001124424,False,0.20000000001124424,0.0,INIT
2025-12-04T20:57:19.731247,1772.947182059,0.041607452343734905,0.0,-0.08707199423066414,0.041607452343734905,False,0.041607452343734905,0.0,INIT
2025-12-04T20:57:19.732926,1772.948854375,0.041607452343734905,0.0,-0.08707199423066414,0.041607452343734905,False,0.041607452343734905,0.0,INIT
2025-12-04T20:57:19.733697,1772.949631997,0.041607452343734905,0.0,-0.08707199423066414,0.041607452343734905,False,0.041607452343734905,0.0,INIT
2025-12-04T20:57:19.743785,1772.959714356,-0.20000000001062532,0.0,0.2,-0.20000000001062532,False,0.20000000001062532,0.0,INIT
2025-12-04T20:57:19.754866,1772.970797407,-0.20000000001062532,0.0,0.2,-0.20000000001062532,False,0.20000000001062532,0.0,INIT
2025-12-04T20:57:19.766807,1772.98274577,0.11273939600164798,0.0,-0.19931717109527697,0.11273939600164798,False,0.11273939600164798,0.0,INIT
2025-12-04T20:57:19.777570,1772.993502445,0.11273939600164798,0.0,-0.19931717109527697,0.11273939600164798,False,0.11273939600164798,0.0,INIT
2025-12-04T20:57:19.790035,1773.005979237,0.14323227901947005,0.0,-0.2,0.14323227901947005,False,0.14323227901947005,0.0,INIT
2025-12-04T20:57:19.802579,1773.018521919,-0.19959030239990633,0.0,0.2,-0.19959030239990633,False,0.19959030239990633,0.0,INIT
2025-12-04T20:57:19.812349,1773.028281456,-0.19959030239990633,0.0,0.2,-0.19959030239990633,False,0.19959030239990633,0.0,INIT
2025-12-04T20:57:19.825260,1773.041194145,0.1816264433154828,0.0,-0.2,0.1816264433154828,False,0.1816264433154828,0.0,INIT
2025-12-04T20:57:19.837333,1773.053279663,0.1816264433154828,0.0,-0.2,0.1816264433154828,False,0.1816264433154828,0.0,INIT
2025-12-04T20:57:19.844985,1773.06091453,-0.14127198781206224,0.0,0.2,-0.14127198781206224,False,0.14127198781206224,0.0,INIT
2025-12-04T20:57:19.865301,1773.081234398,-0.14127198781206224,0.0,0.2,-0.14127198781206224,False,0.14127198781206224,0.0,INIT
2025-12-04T20:57:19.870667,1773.086600295,0.19944865947611295,0.0,-0.2,0.19944865947611295,False,0.19944865947611295,0.0,INIT
2025-12-04T20:57:19.881020,1773.096952496,0.19944865947611295,0.0,-0.2,0.19944865947611295,False,0.19944865947611295,0.0,INIT
2025-12-04T20:57:19.892874,1773.108821338,-0.19944742644741256,0.0,0.2,-0.19944742644741256,False,0.19944742644741256,0.0,INIT
2025-12-04T20:57:19.902822,1773.118750619,-0.19944742644741256,0.0,0.2,-0.19944742644741256,False,0.19944742644741256,0.0,INIT
2025-12-04T20:57:19.924726,1773.140676647,0.19999999700876792,0.0,-0.2,0.19999999700876792,False,0.19999999700876792,0.0,INIT
2025-12-04T20:57:19.926479,1773.142408982,0.19999999700876792,0.0,-0.2,0.19999999700876792,False,0.19999999700876792,0.0,INIT
2025-12-04T20:57:19.949815,1773.165748503,0.1149616591828639,0.0,-0.2,0.1149616591828639,False,0.1149616591828639,0.0,INIT
2025-12-04T20:57:19.951451,1773.167389536,0.1149616591828639,0.0,-0.2,0.1149616591828639,False,0.1149616591828639,0.0,INIT
2025-12-04T20:57:19.961332,1773.17726795,-0.2000000000106253,0.0,0.2,-0.2000000000106253,False,0.2000000000106253,0.0,INIT
2025-12-04T20:57:19.971854,1773.187788017,-0.2000000000106253,0.0,0.2,-0.2000000000106253,False,0.2000000000106253,0.0,INIT
2025-12-04T20:57:19.985279,1773.201208821,0.11264864174132747,0.0,-0.19919176888109552,0.11264864174132747,False,0.11264864174132747,0.0,INIT
2025-12-04T20:57:19.995509,1773.211440183,0.11264864174132747,0.0,-0.19919176888109552,0.11264864174132747,False,0.11264864174132747,0.0,INIT
2025-12-04T20:57:20.006762,1773.222697509,0.041612985523224386,0.0,-0.08708234326932203,0.041612985523224386,False,0.041612985523224386,0.0,INIT
2025-12-04T20:57:20.018240,1773.23418393,-0.11497175108880431,0.0,0.2,-0.11497175108880431,False,0.11497175108880431,0.0,INIT
2025-12-04T20:57:20.030850,1773.246786444,-0.11497175108880431,0.0,0.2,-0.11497175108880431,False,0.11497175108880431,0.0,INIT
2025-12-04T20:57:20.052252,1773.268186164,0.19999999977047672,0.0,-0.2,0.19999999977047672,False,0.19999999977047672,0.0,INIT
2025-12-04T20:57:20.053882,1773.269816704,0.19999999977047672,0.0,-0.2,0.19999999977047672,False,0.19999999977047672,0.0,INIT
2025-12-04T20:57:20.085031,1773.30097097,0.19999999977047672,0.0,-0.2,0.19999999977047672,False,0.19999999977047672,0.0,INIT
2025-12-04T20:57:20.095726,1773.311655317,-0.19999999966525697,0.0,0.2,-0.19999999966525697,False,0.19999999966525697,0.0,INIT
2025-12-04T20:57:20.099254,1773.315183572,-0.19999999966525697,0.0,0.2,-0.19999999966525697,False,0.19999999966525697,0.0,INIT
2025-12-04T20:57:20.100429,1773.3163577,-0.19999999966525697,0.0,0.2,-0.19999999966525697,False,0.19999999966525697,0.0,INIT
2025-12-04T20:57:20.122853,1773.338783145,-0.2000000000106253,0.0,0.2,-0.2000000000106253,False,0.2000000000106253,0.0,INIT
2025-12-04T20:57:20.124658,1773.340606013,-0.2000000000106253,0.0,0.2,-0.2000000000106253,False,0.2000000000106253,0.0,INIT
2025-12-04T20:57:20.185931,1773.401866125,-0.2000000000106253,0.0,0.2,-0.2000000000106253,False,0.2000000000106253,0.0,INIT
2025-12-04T20:57:20.193312,1773.409251529,0.2000000000106253,0.0,-0.2,0.2000000000106253,False,0.2000000000106253,0.0,INIT
2025-12-04T20:57:20.210764,1773.42669907,0.2000000000106253,0.0,-0.2,0.2000000000106253,False,0.2000000000106253,0.0,INIT
2025-12-04T20:57:20.213143,1773.429070877,0.2000000000106253,0.0,-0.2,0.2000000000106253,False,0.2000000000106253,0.0,INIT
2025-12-04T20:57:20.214118,1773.430042157,0.2000000000106253,0.0,-0.2,0.2000000000106253,False,0.2000000000106253,0.0,INIT
2025-12-04T20:57:20.214705,1773.430632091,0.2000000000106253,0.0,-0.2,0.2000000000106253,False,0.2000000000106253,0.0,INIT
2025-12-04T20:57:20.215486,1773.431407606,0.2000000000106253,0.0,-0.2,0.2000000000106253,False,0.2000000000106253,0.0,INIT
2025-12-04T20:57:20.223538,1773.439475703,0.2000000000106253,0.0,-0.2,0.2000000000106253,False,0.2000000000106253,0.0,INIT
2025-12-04T20:57:20.225290,1773.441224748,0.11496075548886467,0.0,-0.2,0.11496075548886467,False,0.11496075548886467,0.0,INIT
2025-12-04T20:57:20.228078,1773.444023273,0.11496075548886467,0.0,-0.2,0.11496075548886467,False,0.11496075548886467,0.0,INIT
2025-12-04T20:57:20.238536,1773.454471038,0.11496075548886467,0.0,-0.2,0.11496075548886467,False,0.11496075548886467,0.0,INIT
2025-12-04T20:57:20.248958,1773.464886182,-0.2000000000106253,0.0,0.2,-0.2000000000106253,False,0.2000000000106253,0.0,INIT
2025-12-04T20:57:20.260261,1773.476189994,-0.2000000000106253,0.0,0.2,-0.2000000000106253,False,0.2000000000106253,0.0,INIT
2025-12-04T20:57:20.272169,1773.488101281,0.19335336518498045,0.0,-0.2,0.19335336518498045,False,0.19335336518498045,0.0,INIT
2025-12-04T20:57:20.282200,1773.498130062,0.19335336518498045,0.0,-0.2,0.19335336518498045,False,0.19335336518498045,0.0,INIT
2025-12-04T20:57:20.293323,1773.509254684,-0.16426345352823468,0.0,0.2,-0.16426345352823468,False,0.16426345352823468,0.0,INIT
2025-12-04T20:57:20.304518,1773.520450966,-0.16426345352823468,0.0,0.2,-0.16426345352823468,False,0.16426345352823468,0.0,INIT
2025-12-04T20:57:20.314919,1773.530848668,-0.16426345352823468,0.0,0.2,-0.16426345352823468,False,0.16426345352823468,0.0,INIT
2025-12-04T20:57:20.326232,1773.542160153,0.19999999977047672,0.0,-0.2,0.19999999977047672,False,0.19999999977047672,0.0,INIT
2025-12-04T20:57:20.336944,1773.552874854,0.19999999977047672,0.0,-0.2,0.19999999977047672,False,0.19999999977047672,0.0,INIT
2025-12-04T20:57:20.350380,1773.566316129,-0.19944714344158315,0.0,0.2,-0.19944714344158315,False,0.19944714344158315,0.0,INIT
2025-12-04T20:57:20.366194,1773.582123879,-0.19944714344158315,0.0,0.2,-0.19944714344158315,False,0.19944714344158315,0.0,INIT
2025-12-04T20:57:20.378746,1773.59467916,0.14127238436484896,0.0,-0.2,0.14127238436484896,False,0.14127238436484896,0.0,INIT
2025-12-04T20:57:20.390492,1773.606431643,0.14127238436484896,0.0,-0.2,0.14127238436484896,False,0.14127238436484896,0.0,INIT
2025-12-04T20:57:20.394539,1773.610471691,-0.03838910509309169,0.0,0.08098526163221473,-0.03838910509309169,False,0.03838910509309169,0.0,INIT
2025-12-04T20:57:20.405918,1773.621845359,-0.03838910509309169,0.0,0.08098526163221473,-0.03838910509309169,False,0.03838910509309169,0.0,INIT
2025-12-04T20:57:20.416517,1773.632449054,0.08098526093855216,0.0,-0.15322129584591623,0.08098526093855216,False,0.08098526093855216,0.0,INIT
2025-12-04T20:57:20.429219,1773.645169586,0.08098526093855216,0.0,-0.15322129584591623,0.08098526093855216,False,0.08098526093855216,0.0,INIT
2025-12-04T20:57:20.439601,1773.655530613,0.08098526093855216,0.0,-0.15322129584591623,0.08098526093855216,False,0.08098526093855216,0.0,INIT
2025-12-04T20:57:20.456922,1773.672862323,-0.15322129585081495,0.0,0.2,-0.15322129585081495,False,0.15322129585081495,0.0,INIT
2025-12-04T20:57:20.460808,1773.676745377,-0.15322129585081495,0.0,0.2,-0.15322129585081495,False,0.15322129585081495,0.0,INIT
2025-12-04T20:57:20.472786,1773.68871758,0.0010049675061931912,0.0,-0.0007278965637746806,0.0010049675061931912,False,0.0010049675061931912,0.0,INIT
2025-12-04T20:57:20.487131,1773.703374043,0.0010049675061931912,0.0,-0.0007278965637746806,0.0010049675061931912,False,0.0010049675061931912,0.0,INIT
2025-12-04T20:57:20.494163,1773.710091413,0.02536387695459691,0.0,-0.05477806830570396,0.02536387695459691,False,0.02536387695459691,0.0,INIT
2025-12-04T20:57:20.506095,1773.722041771,0.02536387695459691,0.0,-0.05477806830570396,0.02536387695459691,False,0.02536387695459691,0.0,INIT
2025-12-04T20:57:20.540676,1773.75660788,-0.054778067848022985,0.0,0.11071422294165462,-0.054778067848022985,False,0.054778067848022985,0.0,INIT
2025-12-04T20:57:20.542885,1773.758820074,-0.054778068308514095,0.0,0.11071422373683486,-0.054778068308514095,False,0.054778068308514095,0.0,INIT
2025-12-04T20:57:20.543714,1773.759641483,-0.054778068308514095,0.0,0.11071422373683486,-0.054778068308514095,False,0.054778068308514095,0.0,INIT
2025-12-04T20:57:20.566422,1773.782354662,-0.054778068308514095,0.0,0.11071422373683486,-0.054778068308514095,False,0.054778068308514095,0.0,INIT
2025-12-04T20:57:20.586169,1773.802107465,0.11071422374318578,0.0,-0.19651122683805214,0.11071422374318578,False,0.11071422374318578,0.0,INIT
2025-12-04T20:57:20.587897,1773.803830524,0.11071422374318578,0.0,-0.19651122683805214,0.11071422374318578,False,0.11071422374318578,0.0,INIT
2025-12-04T20:57:20.589678,1773.805611127,0.11071422374256683,0.0,-0.19651122683719213,0.11071422374256683,False,0.11071422374256683,0.0,INIT
2025-12-04T20:57:20.595893,1773.811824664,0.11071422374256683,0.0,-0.19651122683719213,0.11071422374256683,False,0.11071422374256683,0.0,INIT
2025-12-04T20:57:20.627174,1773.843115816,0.11071422374256683,0.0,-0.19651122683719213,0.11071422374256683,False,0.11071422374256683,0.0,INIT
2025-12-04T20:57:20.634943,1773.850882718,-0.19651122684587743,0.0,0.2,-0.19651122684587743,False,0.19651122684587743,0.0,INIT
2025-12-04T20:57:20.632464,1773.848407758,-0.19651122684587743,0.0,0.2,-0.19651122684587743,False,0.19651122684587743,0.0,INIT
2025-12-04T20:57:20.644674,1773.860606294,-0.19651122684587743,0.0,0.2,-0.19651122684587743,False,0.19651122684587743,0.0,INIT
2025-12-04T20:57:20.650960,1773.86689185,-0.19651122684587743,0.0,0.2,-0.19651122684587743,False,0.19651122684587743,0.0,INIT
2025-12-04T20:57:20.662331,1773.878265038,0.18266050387886895,0.0,-0.2,0.18266050387886895,False,0.18266050387886895,0.0,INIT
2025-12-04T20:57:20.672611,1773.888559016,0.18266050387886895,0.0,-0.2,0.18266050387886895,False,0.18266050387886895,0.0,INIT
2025-12-04T20:57:20.686618,1773.902553277,0.18266050387886895,0.0,-0.2,0.18266050387886895,False,0.18266050387886895,0.0,INIT
2025-12-04T20:57:20.699551,1773.915507844,-0.19999999700753007,0.0,0.2,-0.19999999700753007,False,0.19999999700753007,0.0,INIT
2025-12-04T20:57:20.705123,1773.921056964,-0.19999999700753007,0.0,0.2,-0.19999999700753007,False,0.19999999700753007,0.0,INIT
2025-12-04T20:57:20.715455,1773.931387703,-0.16587271352596764,0.0,0.2,-0.16587271352596764,False,0.16587271352596764,0.0,INIT
2025-12-04T20:57:20.727973,1773.943908424,-0.16587271352596764,0.0,0.2,-0.16587271352596764,False,0.16587271352596764,0.0,INIT
2025-12-04T20:57:20.744481,1773.960413876,0.19999999996172907,0.0,-0.2,0.19999999996172907,False,0.19999999996172907,0.0,INIT
2025-12-04T20:57:20.750693,1773.966624605,0.1658727639076564,0.0,-0.2,0.1658727639076564,False,0.1658727639076564,0.0,INIT
2025-12-04T20:57:20.765319,1773.981268838,0.1658727639076564,0.0,-0.2,0.1658727639076564,False,0.1658727639076564,0.0,INIT
2025-12-04T20:57:20.787898,1774.003836949,-0.19999999996482376,0.0,0.2,-0.19999999996482376,False,0.19999999996482376,0.0,INIT
2025-12-04T20:57:20.790386,1774.006321971,-0.19999999996482376,0.0,0.2,-0.19999999996482376,False,0.19999999996482376,0.0,INIT
2025-12-04T20:57:20.796983,1774.012922997,-0.19999999996482376,0.0,0.2,-0.19999999996482376,False,0.19999999996482376,0.0,INIT
2025-12-04T20:57:20.815171,1774.03110358,0.03839362740732209,0.0,-0.08099391121709071,0.03839362740732209,False,0.03839362740732209,0.0,INIT
2025-12-04T20:57:20.833254,1774.049189798,0.03839362740732209,0.0,-0.08099391121709071,0.03839362740732209,False,0.03839362740732209,0.0,INIT
2025-12-04T20:57:20.837189,1774.053136148,0.20000000001124424,0.0,-0.2,0.20000000001124424,False,0.20000000001124424,0.0,INIT
2025-12-04T20:57:20.874492,1774.090424851,0.20000000001124424,0.0,-0.2,0.20000000001124424,False,0.20000000001124424,0.0,INIT
2025-12-04T20:57:20.878823,1774.094752086,-0.0809939112201272,0.0,0.15323455060445093,-0.0809939112201272,False,0.0809939112201272,0.0,INIT
2025-12-04T20:57:20.877304,1774.093233821,-0.0809939112201272,0.0,0.15323455060445093,-0.0809939112201272,False,0.0809939112201272,0.0,INIT
2025-12-04T20:57:20.876109,1774.092036438,-0.0809939112201272,0.0,0.15323455060445093,-0.0809939112201272,False,0.0809939112201272,0.0,INIT
2025-12-04T20:57:20.883762,1774.099693779,-0.0809939112201272,0.0,0.15323455060445093,-0.0809939112201272,False,0.0809939112201272,0.0,INIT
2025-12-04T20:57:20.895707,1774.1116464,-0.10078358753791952,0.0,0.18251024927168355,-0.10078358753791952,False,0.10078358753791952,0.0,INIT
2025-12-04T20:57:20.907378,1774.123308687,-0.10078358753791952,0.0,0.18251024927168355,-0.10078358753791952,False,0.10078358753791952,0.0,INIT
2025-12-04T20:57:20.921315,1774.137254219,0.1825102492829569,0.0,-0.2,0.1825102492829569,False,0.1825102492829569,0.0,INIT
2025-12-04T20:57:20.931902,1774.14783775,0.1825102492829569,0.0,-0.2,0.1825102492829569,False,0.1825102492829569,0.0,INIT
2025-12-04T20:57:20.942255,1774.158184283,-0.12194455214838554,0.0,0.2,-0.12194455214838554,False,0.12194455214838554,0.0,INIT
2025-12-04T20:57:20.953503,1774.169440482,-0.12194455214838554,0.0,0.2,-0.12194455214838554,False,0.12194455214838554,0.0,INIT
2025-12-04T20:57:20.965435,1774.181368648,0.1412726587346132,0.0,-0.2,0.1412726587346132,False,0.1412726587346132,0.0,INIT
2025-12-04T20:57:20.977885,1774.193815759,0.1412726587346132,0.0,-0.2,0.1412726587346132,False,0.1412726587346132,0.0,INIT
2025-12-04T20:57:20.988054,1774.203989956,-0.0783894809678676,0.0,0.1492236496090379,-0.0783894809678676,False,0.0783894809678676,0.0,INIT
2025-12-04T20:57:20.999423,1774.215356824,-0.0783894809678676,0.0,0.1492236496090379,-0.0783894809678676,False,0.0783894809678676,0.0,INIT
2025-12-04T20:57:21.010396,1774.226323461,0.02365595395482154,0.0,-0.05112541986714504,0.02365595395482154,False,0.02365595395482154,0.0,INIT
2025-12-04T20:57:21.022065,1774.238011576,0.02365595395482154,0.0,-0.05112541986714504,0.02365595395482154,False,0.02365595395482154,0.0,INIT
2025-12-04T20:57:21.038100,1774.254046427,0.02365595395482154,0.0,-0.05112541986714504,0.02365595395482154,False,0.02365595395482154,0.0,INIT
2025-12-04T20:57:21.047970,1774.263900268,-0.05112541982178177,0.0,0.10434240759843882,-0.05112541982178177,False,0.05112541982178177,0.0,INIT
2025-12-04T20:57:21.057070,1774.273011368,-0.018459184475038123,0.0,0.039658731246648704,-0.018459184475038123,False,0.018459184475038123,0.0,INIT
2025-12-04T20:57:21.068421,1774.284360368,-0.018459184475038123,0.0,0.039658731246648704,-0.018459184475038123,False,0.018459184475038123,0.0,INIT
2025-12-04T20:57:21.087790,1774.303723193,0.03965873124906179,0.0,-0.08340274953749509,0.03965873124906179,False,0.03965873124906179,0.0,INIT
2025-12-04T20:57:21.092897,1774.308835856,0.03965873124906179,0.0,-0.08340274953749509,0.03965873124906179,False,0.03965873124906179,0.0,INIT
2025-12-04T20:57:21.102837,1774.318771437,0.03965873124906179,0.0,-0.08340274953749509,0.03965873124906179,False,0.03965873124906179,0.0,INIT
2025-12-04T20:57:21.121594,1774.337535312,0.03965873124906179,0.0,-0.08340274953749509,0.03965873124906179,False,0.03965873124906179,0.0,INIT
2025-12-04T20:57:21.123908,1774.33984621,-0.08340274954661075,0.0,0.15690867864007704,-0.08340274954661075,False,0.08340274954661075,0.0,INIT
2025-12-04T20:57:21.136751,1774.352702294,-0.08340274954661075,0.0,0.15690867864007704,-0.08340274954661075,False,0.08340274954661075,0.0,INIT
2025-12-04T20:57:21.144596,1774.360525903,-0.08340274954661075,0.0,0.15690867864007704,-0.08340274954661075,False,0.08340274954661075,0.0,INIT
2025-12-04T20:57:21.170389,1774.386341892,0.15690867853278084,0.0,-0.2,0.15690867853278084,False,0.15690867853278084,0.0,INIT
2025-12-04T20:57:21.173186,1774.389118223,0.15690867865223618,0.0,-0.2,0.15690867865223618,False,0.15690867865223618,0.0,INIT
2025-12-04T20:57:21.178762,1774.394692493,0.15690867865223618,0.0,-0.2,0.15690867865223618,False,0.15690867865223618,0.0,INIT
2025-12-04T20:57:21.193178,1774.409113992,-0.1777161951214866,0.0,0.2,-0.1777161951214866,False,0.1777161951214866,0.0,INIT
2025-12-04T20:57:21.201987,1774.417940825,-0.1777161951214866,0.0,0.2,-0.1777161951214866,False,0.1777161951214866,0.0,INIT
2025-12-04T20:57:21.219403,1774.435348248,0.18162471452601353,0.0,-0.2,0.18162471452601353,False,0.18162471452601353,0.0,INIT
2025-12-04T20:57:21.229233,1774.44517848,0.18162471452601353,0.0,-0.2,0.18162471452601353,False,0.18162471452601353,0.0,INIT
2025-12-04T20:57:21.237271,1774.453215112,0.0016110231482567184,0.0,-0.0015388721368634751,0.0016110231482567184,False,0.0016110231482567184,0.0,INIT
2025-12-04T20:57:21.247281,1774.463210445,0.0016110231482567184,0.0,-0.0015388721368634751,0.0016110231482567184,False,0.0016110231482567184,0.0,INIT
2025-12-04T20:57:21.258596,1774.4745324,0.0016110231482567184,0.0,-0.0015388721368634751,0.0016110231482567184,False,0.0016110231482567184,0.0,INIT
2025-12-04T20:57:21.271005,1774.486945633,-0.0015388721352566953,0.0,0.0014324548759759108,-0.0015388721352566953,False,0.0015388721352566953,0.0,INIT
2025-12-04T20:57:21.280455,1774.496385688,-0.0015388721352566953,0.0,0.0014324548759759108,-0.0015388721352566953,False,0.0015388721352566953,0.0,INIT
2025-12-04T20:57:21.301785,1774.517727326,0.0014324548515994855,0.0,-0.0012799650393022102,0.0014324548515994855,False,0.0014324548515994855,0.0,INIT
2025-12-04T20:57:21.305259,1774.52119199,0.0014324548515994855,0.0,-0.0012799650393022102,0.0014324548515994855,False,0.0014324548515994855,0.0,INIT
2025-12-04T20:57:21.317838,1774.533790498,0.0014324548714055546,0.0,-0.0012799650671707396,0.0014324548714055546,False,0.0014324548714055546,0.0,INIT
2025-12-04T20:57:21.324610,1774.540551524,0.0014324548714055546,0.0,-0.0012799650671707396,0.0014324548714055546,False,0.0014324548714055546,0.0,INIT
2025-12-04T20:57:21.337116,1774.553044851,0.0006187299629671951,0.0,-0.00033073440464259017,0.0006187299629671951,False,0.0006187299629671951,0.0,INIT
2025-12-04T20:57:21.348653,1774.564583262,-0.0007104270429389234,0.0,0.0004147403950165442,-0.0007104270429389234,False,0.0007104270429389234,0.0,INIT
2025-12-04T20:57:21.365904,1774.581839487,-0.0007104270429389234,0.0,0.0004147403950165442,-0.0007104270429389234,False,0.0007104270429389234,0.0,INIT
2025-12-04T20:57:21.371436,1774.587379654,-0.0007104270429389234,0.0,0.0004147403950165442,-0.0007104270429389234,False,0.0007104270429389234,0.0,INIT
2025-12-04T20:57:21.390246,1774.606181322,0.0004147403956465287,0.0,-0.00017083282592166815,0.0004147403956465287,True,0.0004147403956465287,0.0,INIT
2025-12-04T20:57:21.394284,1774.610221303,0.0004147403956465287,0.0,-0.00017083282592166815,0.0004147403956465287,True,0.0004147403956465287,0.0,INIT
2025-12-04T20:57:21.404980,1774.620923817,0.0004147409991127024,0.0,-0.00017083323859144113,0.0004147409991127024,True,0.0004147409991127024,0.0,INIT
2025-12-04T20:57:21.421952,1774.637901188,-0.00017083311613944678,0.0,3.872718930416651e-05,-0.00017083311613944678,True,0.00017083311613944678,0.0,INIT
2025-12-04T20:57:21.428075,1774.644021273,-0.00017083311613944678,0.0,3.872718930416651e-05,-0.00017083311613944678,True,0.00017083311613944678,0.0,INIT
2025-12-04T20:57:21.439347,1774.655278443,3.872710561063921e-05,0.0,-3.147363610978914e-06,3.872710561063921e-05,True,3.872710561063921e-05,0.0,INIT
2025-12-04T20:57:21.449965,1774.665901061,3.872710561063921e-05,0.0,-3.147363610978914e-06,3.872710561063921e-05,True,3.872710561063921e-05,0.0,INIT
2025-12-04T20:57:21.463239,1774.679172733,-3.147359570023674e-06,0.0,4.4296779028790466e-08,-3.147359570023674e-06,True,3.147359570023674e-06,0.0,INIT
2025-12-04T20:57:21.476261,1774.692193597,-3.147359570023674e-06,0.0,4.4296779028790466e-08,-3.147359570023674e-06,True,3.147359570023674e-06,0.0,INIT
2025-12-04T20:57:21.485566,1774.70149761,4.429998760391412e-08,0.0,-3.154163516664375e-11,4.429998760391412e-08,True,4.429998760391412e-08,0.0,INIT
2025-12-04T20:57:21.499881,1774.715821013,4.429998760391412e-08,0.0,-3.154163516664375e-11,4.429998760391412e-08,True,4.429998760391412e-08,0.0,INIT
2025-12-04T20:57:21.507962,1774.723891393,4.401898899586962e-09,0.0,-6.225696097339475e-13,4.401898899586962e-09,True,4.401898899586962e-09,0.0,INIT
2025-12-04T20:57:21.519055,1774.734992724,4.401898899586962e-09,0.0,-6.225696097339475e-13,4.401898899586962e-09,True,4.401898899586962e-09,0.0,INIT
2025-12-04T20:57:21.530008,1774.74594362,6.189396652962546e-13,0.0,-1.7611734781624315e-19,6.189396652962546e-13,True,6.189396652962546e-13,0.0,INIT
2025-12-04T20:57:21.541073,1774.75701216,6.189396652962546e-13,0.0,-1.7611734781624315e-19,6.189396652962546e-13,True,6.189396652962546e-13,0.0,INIT
2025-12-04T20:57:21.554131,1774.77006381,0.0,0.0,0.0,0.0,True,0.0,0.0,INIT
2025-12-04T20:57:21.568815,1774.784749714,-1.2378793305925091e-12,0.0,5.722069511791763e-19,-1.2378793305925091e-12,True,1.2378793305925091e-12,0.0,INIT
2025-12-04T20:57:21.576290,1774.792218821,-1.2378793305925091e-12,0.0,5.722069511791763e-19,-1.2378793305925091e-12,True,1.2378793305925091e-12,0.0,INIT
2025-12-04T20:57:21.588713,1774.804644821,-6.189396652962546e-13,0.0,1.7611734781624315e-19,-6.189396652962546e-13,True,6.189396652962546e-13,0.0,INIT
2025-12-04T20:57:21.599236,1774.815164315,-6.189396652962546e-13,0.0,1.7611734781624315e-19,-6.189396652962546e-13,True,6.189396652962546e-13,0.0,INIT
2025-12-04T20:57:21.614076,1774.830020587,0.0,0.0,0.0,0.0,True,0.0,0.0,INIT
2025-12-04T20:57:21.622495,1774.838424787,0.0,0.0,0.0,0.0,True,0.0,0.0,INIT
2025-12-04T20:57:21.632579,1774.848507437,0.0,0.0,0.0,0.0,True,0.0,0.0,INIT
2025-12-04T20:57:21.651331,1774.867261959,0.0,0.0,0.0,0.0,True,0.0,0.0,INIT
2025-12-04T20:57:21.655665,1774.871596718,0.0,0.0,0.0,0.0,True,0.0,0.0,INIT
2025-12-04T20:57:21.666121,1774.882053953,0.0,0.0,0.0,0.0,True,0.0,0.0,INIT
2025-12-04T20:57:21.677121,1774.893050974,0.0,0.0,0.0,0.0,True,0.0,0.0,INIT
2025-12-04T20:57:21.691361,1774.907296083,0.0,0.0,0.0,0.0,True,0.0,0.0,INIT
2025-12-04T20:57:21.698939,1774.914869949,0.0,0.0,0.0,0.0,True,0.0,0.0,INIT
2025-12-04T20:57:21.709812,1774.9257444,0.0,0.0,0.0,0.0,True,0.0,0.0,INIT
2025-12-04T20:57:21.721207,1774.937144935,0.0,0.0,0.0,0.0,True,0.0,0.0,INIT
2025-12-04T20:57:21.732371,1774.948301113,0.0,0.0,0.0,0.0,True,0.0,0.0,INIT
2025-12-04T20:57:21.743289,1774.959222542,0.0,0.0,0.0,0.0,True,0.0,0.0,INIT
2025-12-04T20:57:21.754266,1774.970200312,0.0,0.0,0.0,0.0,True,0.0,0.0,INIT
2025-12-04T20:57:21.777307,1774.993237704,0.0,0.0,0.0,0.0,True,0.0,0.0,INIT
2025-12-04T20:57:21.778490,1774.994420477,0.0,0.0,0.0,0.0,True,0.0,0.0,INIT
2025-12-04T20:57:21.792032,1775.007963047,0.0,0.0,0.0,0.0,True,0.0,0.0,INIT
2025-12-04T20:57:21.799385,1775.015317147,0.0,0.0,0.0,0.0,True,0.0,0.0,INIT
2025-12-04T20:57:21.810935,1775.026864063,0.0,0.0,0.0,0.0,True,0.0,0.0,INIT
2025-12-04T20:57:21.821234,1775.037172214,0.0,0.0,0.0,0.0,True,0.0,0.0,INIT
2025-12-04T20:57:21.831592,1775.047519864,0.0,0.0,0.0,0.0,True,0.0,0.0,INIT
2025-12-04T20:57:21.865521,1775.081451759,0.0,0.0,0.0,0.0,True,0.0,0.0,INIT
2025-12-04T20:57:21.874367,1775.090297763,0.0,0.0,0.0,0.0,True,0.0,0.0,INIT
2025-12-04T20:57:21.878475,1775.094407006,0.0,0.0,0.0,0.0,True,0.0,0.0,INIT
2025-12-04T20:57:21.879819,1775.095750455,0.0,0.0,0.0,0.0,True,0.0,0.0,INIT
2025-12-04T20:57:21.888616,1775.104560931,0.0,0.0,0.0,0.0,True,0.0,0.0,INIT
2025-12-04T20:57:21.899301,1775.115235803,0.0,0.0,0.0,0.0,True,0.0,0.0,INIT
2025-12-04T20:57:21.916673,1775.132609241,0.0,0.0,0.0,0.0,True,0.0,0.0,INIT
2025-12-04T20:57:21.926634,1775.142569699,0.0,0.0,0.0,0.0,True,0.0,0.0,INIT
2025-12-04T20:57:21.935580,1775.151516325,0.0,0.0,0.0,0.0,True,0.0,0.0,INIT
2025-12-04T20:57:21.944704,1775.160634216,0.0,0.0,0.0,0.0,True,0.0,0.0,INIT
2025-12-04T20:57:21.956176,1775.172106795,0.0,0.0,0.0,0.0,True,0.0,0.0,INIT
2025-12-04T20:57:21.966735,1775.182669273,0.0,0.0,0.0,0.0,True,0.0,0.0,INIT
2025-12-04T20:57:21.978038,1775.193968879,0.0,0.0,0.0,0.0,True,0.0,0.0,INIT
2025-12-04T20:57:21.999630,1775.215560992,0.0,0.0,0.0,0.0,True,0.0,0.0,INIT
2025-12-04T20:57:22.001206,1775.217153187,0.0,0.0,0.0,0.0,True,0.0,0.0,INIT
2025-12-04T20:57:22.037041,1775.2529765,0.0,0.0,0.0,0.0,True,0.0,0.0,INIT
2025-12-04T20:57:22.039527,1775.255458803,0.0,0.0,0.0,0.0,True,0.0,0.0,INIT
2025-12-04T20:57:22.040797,1775.256728282,0.0,0.0,0.0,0.0,True,0.0,0.0,INIT
2025-12-04T20:57:22.044760,1775.260687913,0.0,0.0,0.0,0.0,True,0.0,0.0,INIT
2025-12-04T20:57:22.061875,1775.27781116,0.0,0.0,0.0,0.0,True,0.0,0.0,INIT
2025-12-04T20:57:22.071599,1775.287534849,0.0,0.0,0.0,0.0,True,0.0,0.0,INIT
2025-12-04T20:57:22.082206,1775.298141487,0.0,0.0,0.0,0.0,True,0.0,0.0,INIT
2025-12-04T20:57:22.089499,1775.305430938,0.0,0.0,0.0,0.0,True,0.0,0.0,INIT
2025-12-04T20:57:22.100947,1775.316890626,0.0,0.0,0.0,0.0,True,0.0,0.0,INIT
2025-12-04T20:57:22.111752,1775.327685775,0.0,0.0,0.0,0.0,True,0.0,0.0,INIT
2025-12-04T20:57:22.135998,1775.351934217,0.0,0.0,0.0,0.0,True,0.0,0.0,INIT
2025-12-04T20:57:22.139307,1775.355250001,0.0,0.0,0.0,0.0,True,0.0,0.0,INIT
2025-12-04T20:57:22.151041,1775.366986219,0.0,0.0,0.0,0.0,True,0.0,0.0,INIT
2025-12-04T20:57:22.169530,1775.385462384,2.4757586611850183e-12,0.0,-1.8591058689977904e-18,2.4757586611850183e-12,True,2.4757586611850183e-12,0.0,INIT
2025-12-04T20:57:22.170772,1775.386711837,2.4757586611850183e-12,0.0,-1.8591058689977904e-18,2.4757586611850183e-12,True,2.4757586611850183e-12,0.0,INIT
2025-12-04T20:57:22.181159,1775.397090803,-6.189396652962546e-13,0.0,1.7611734781624315e-19,-6.189396652962546e-13,True,6.189396652962546e-13,0.0,INIT
2025-12-04T20:57:22.192276,1775.408207148,-6.189396652962546e-13,0.0,1.7611734781624315e-19,-6.189396652962546e-13,True,6.189396652962546e-13,0.0,INIT
2025-12-04T20:57:22.205331,1775.421265947,0.0,0.0,0.0,0.0,True,0.0,0.0,INIT
2025-12-04T20:57:22.215444,1775.431371582,0.0,0.0,0.0,0.0,True,0.0,0.0,INIT
2025-12-04T20:57:22.226412,1775.44234273,6.189396652962546e-13,0.0,-1.7611734781624315e-19,6.189396652962546e-13,True,6.189396652962546e-13,0.0,INIT
2025-12-04T20:57:22.237733,1775.453664955,6.189396652962546e-13,0.0,-1.7611734781624315e-19,6.189396652962546e-13,True,6.189396652962546e-13,0.0,INIT
2025-12-04T20:57:22.252098,1775.468037131,6.189396652962546e-13,0.0,-1.7611734781624315e-19,6.189396652962546e-13,True,6.189396652962546e-13,0.0,INIT
2025-12-04T20:57:22.259561,1775.475491303,6.189396652962546e-13,0.0,-1.7611734781624315e-19,6.189396652962546e-13,True,6.189396652962546e-13,0.0,INIT
2025-12-04T20:57:22.274870,1775.490805436,-6.189396652962546e-13,0.0,1.7611734781624315e-19,-6.189396652962546e-13,True,6.189396652962546e-13,0.0,INIT
2025-12-04T20:57:22.281611,1775.497541753,-6.189396652962546e-13,0.0,1.7611734781624315e-19,-6.189396652962546e-13,True,6.189396652962546e-13,0.0,INIT
2025-12-04T20:57:22.293154,1775.509086249,9.903034644740073e-12,0.0,-1.9624839194279297e-17,9.903034644740073e-12,True,9.903034644740073e-12,0.0,INIT
2025-12-04T20:57:22.306361,1775.52229498,9.903034644740073e-12,0.0,-1.9624839194279297e-17,9.903034644740073e-12,True,9.903034644740073e-12,0.0,INIT
2025-12-04T20:57:22.315847,1775.531781201,1.0521974310036328e-11,0.0,-2.1755311328595963e-17,1.0521974310036328e-11,True,1.0521974310036328e-11,0.0,INIT
2025-12-04T20:57:22.326553,1775.542484095,1.0521974310036328e-11,0.0,-2.1755311328595963e-17,1.0521974310036328e-11,True,1.0521974310036328e-11,0.0,INIT
2025-12-04T20:57:22.346244,1775.562175452,6.189396652962546e-13,0.0,-1.7611734781624315e-19,6.189396652962546e-13,True,6.189396652962546e-13,0.0,INIT
2025-12-04T20:57:22.350265,1775.566204483,6.189396652962546e-13,0.0,-1.7611734781624315e-19,6.189396652962546e-13,True,6.189396652962546e-13,0.0,INIT
2025-12-04T20:57:22.360937,1775.576866173,6.189396652962546e-13,0.0,-1.7611734781624315e-19,6.189396652962546e-13,True,6.189396652962546e-13,0.0,INIT
2025-12-04T20:57:22.385037,1775.600981916,0.0,0.0,0.0,0.0,True,0.0,0.0,INIT
2025-12-04T20:57:22.386064,1775.601990521,0.0,0.0,0.0,0.0,True,0.0,0.0,INIT
2025-12-04T20:57:22.397388,1775.613319156,-6.189396652962546e-13,0.0,1.7611734781624315e-19,-6.189396652962546e-13,True,6.189396652962546e-13,0.0,INIT
2025-12-04T20:57:22.422207,1775.638137501,-6.189396652962546e-13,0.0,1.7611734781624315e-19,-6.189396652962546e-13,True,6.189396652962546e-13,0.0,INIT
2025-12-04T20:57:22.424237,1775.640166619,-6.189396652962546e-13,0.0,1.7611734781624315e-19,-6.189396652962546e-13,True,6.189396652962546e-13,0.0,INIT
2025-12-04T20:57:22.430225,1775.646154171,-6.189396652962546e-13,0.0,1.7611734781624315e-19,-6.189396652962546e-13,True,6.189396652962546e-13,0.0,INIT
2025-12-04T20:57:22.441178,1775.65710818,6.189396652962546e-13,0.0,-1.7611734781624315e-19,6.189396652962546e-13,True,6.189396652962546e-13,0.0,INIT
2025-12-04T20:57:22.456870,1775.672811367,6.189396652962546e-13,0.0,-1.7611734781624315e-19,6.189396652962546e-13,True,6.189396652962546e-13,0.0,INIT
2025-12-04T20:57:22.480981,1775.696917135,6.189396652962546e-13,0.0,-1.7611734781624315e-19,6.189396652962546e-13,True,6.189396652962546e-13,0.0,INIT
2025-12-04T20:57:22.483653,1775.699585315,0.0,0.0,0.0,0.0,True,0.0,0.0,INIT
2025-12-04T20:57:22.502258,1775.718201253,0.0,0.0,0.0,0.0,True,0.0,0.0,INIT
2025-12-04T20:57:22.505526,1775.721463617,-6.189396652962546e-13,0.0,1.7611734781624315e-19,-6.189396652962546e-13,True,6.189396652962546e-13,0.0,INIT
2025-12-04T20:57:22.540578,1775.756510412,-6.189396652962546e-13,0.0,1.7611734781624315e-19,-6.189396652962546e-13,True,6.189396652962546e-13,0.0,INIT
2025-12-04T20:57:22.543493,1775.759426877,-6.189396652962546e-13,0.0,1.7611734781624315e-19,-6.189396652962546e-13,True,6.189396652962546e-13,0.0,INIT
2025-12-04T20:57:22.544212,1775.760142166,-6.189396652962546e-13,0.0,1.7611734781624315e-19,-6.189396652962546e-13,True,6.189396652962546e-13,0.0,INIT
2025-12-04T20:57:22.545395,1775.761322582,-6.189396652962546e-13,0.0,1.7611734781624315e-19,-6.189396652962546e-13,True,6.189396652962546e-13,0.0,INIT
2025-12-04T20:57:22.579791,1775.795722371,6.189396652962546e-13,0.0,-1.7611734781624315e-19,6.189396652962546e-13,True,6.189396652962546e-13,0.0,INIT
2025-12-04T20:57:22.606343,1775.822278408,0.0,0.0,0.0,0.0,True,0.0,0.0,INIT
2025-12-04T20:57:22.611210,1775.827141157,0.0,0.0,0.0,0.0,True,0.0,0.0,INIT
2025-12-04T20:57:22.619804,1775.835731357,-6.189396652962546e-13,0.0,1.7611734781624315e-19,-6.189396652962546e-13,True,6.189396652962546e-13,0.0,INIT
2025-12-04T20:57:22.621327,1775.837256407,-6.189396652962546e-13,0.0,1.7611734781624315e-19,-6.189396652962546e-13,True,6.189396652962546e-13,0.0,INIT
2025-12-04T20:57:22.622078,1775.838021911,-6.189396652962546e-13,0.0,1.7611734781624315e-19,-6.189396652962546e-13,True,6.189396652962546e-13,0.0,INIT
2025-12-04T20:57:22.622697,1775.838625215,-6.189396652962546e-13,0.0,1.7611734781624315e-19,-6.189396652962546e-13,True,6.189396652962546e-13,0.0,INIT
2025-12-04T20:57:22.635671,1775.851614417,-6.189396652962546e-13,0.0,1.7611734781624315e-19,-6.189396652962546e-13,True,6.189396652962546e-13,0.0,INIT
2025-12-04T20:57:22.642692,1775.858625519,-6.189396652962546e-13,0.0,1.7611734781624315e-19,-6.189396652962546e-13,True,6.189396652962546e-13,0.0,INIT
2025-12-04T20:57:22.655542,1775.871478529,6.189396652962546e-13,0.0,-1.7611734781624315e-19,6.189396652962546e-13,True,6.189396652962546e-13,0.0,INIT
2025-12-04T20:57:22.664141,1775.880070316,6.189396652962546e-13,0.0,-1.7611734781624315e-19,6.189396652962546e-13,True,6.189396652962546e-13,0.0,INIT
2025-12-04T20:57:22.680867,1775.896796737,6.189396652962546e-13,0.0,-1.7611734781624315e-19,6.189396652962546e-13,True,6.189396652962546e-13,0.0,INIT
2025-12-04T20:57:22.687125,1775.903055418,6.189396652962546e-13,0.0,-1.7611734781624315e-19,6.189396652962546e-13,True,6.189396652962546e-13,0.0,INIT
2025-12-04T20:57:22.706067,1775.922008405,-1.8568189958887637e-12,0.0,1.1400089730200058e-18,-1.8568189958887637e-12,True,1.8568189958887637e-12,0.0,INIT
2025-12-04T20:57:22.736987,1775.952924503,-1.8568189958887637e-12,0.0,1.1400089730200058e-18,-1.8568189958887637e-12,True,1.8568189958887637e-12,0.0,INIT
2025-12-04T20:57:22.739218,1775.955148781,0.0,0.0,0.0,0.0,True,0.0,0.0,INIT
2025-12-04T20:57:22.740450,1775.956379337,0.0,0.0,0.0,0.0,True,0.0,0.0,INIT
2025-12-04T20:57:22.743030,1775.958958028,0.0,0.0,0.0,0.0,True,0.0,0.0,INIT
2025-12-04T20:57:22.754370,1775.970308451,0.0,0.0,0.0,0.0,True,0.0,0.0,INIT
2025-12-04T20:57:22.766722,1775.982654,0.0,0.0,0.0,0.0,True,0.0,0.0,INIT
2025-12-04T20:57:22.779018,1775.994948497,0.0,0.0,0.0,0.0,True,0.0,0.0,INIT
2025-12-04T20:57:22.793799,1776.009730713,6.189396652962546e-13,0.0,-1.7611734781624315e-19,6.189396652962546e-13,True,6.189396652962546e-13,0.0,INIT
2025-12-04T20:57:22.804355,1776.020299853,6.189396652962546e-13,0.0,-1.7611734781624315e-19,6.189396652962546e-13,True,6.189396652962546e-13,0.0,INIT
2025-12-04T20:57:22.852536,1776.068471733,0.0,0.0,0.0,0.0,True,0.0,0.0,INIT
2025-12-04T20:57:22.856541,1776.07247161,-6.189396652962546e-13,0.0,1.7611734781624315e-19,-6.189396652962546e-13,True,6.189396652962546e-13,0.0,INIT
2025-12-04T20:57:22.857552,1776.073485118,-6.189396652962546e-13,0.0,1.7611734781624315e-19,-6.189396652962546e-13,True,6.189396652962546e-13,0.0,INIT
2025-12-04T20:57:22.858619,1776.074544533,-6.189396652962546e-13,0.0,1.7611734781624315e-19,-6.189396652962546e-13,True,6.189396652962546e-13,0.0,INIT
2025-12-04T20:57:22.859347,1776.07527465,-6.189396652962546e-13,0.0,1.7611734781624315e-19,-6.189396652962546e-13,True,6.189396652962546e-13,0.0,INIT
2025-12-04T20:57:22.873280,1776.089213821,0.0,0.0,0.0,0.0,True,0.0,0.0,INIT
2025-12-04T20:57:22.881021,1776.096953748,0.0,0.0,0.0,0.0,True,0.0,0.0,INIT
2025-12-04T20:57:22.895853,1776.111787049,0.0,0.0,0.0,0.0,True,0.0,0.0,INIT
2025-12-04T20:57:22.904305,1776.12025828,6.189396652962546e-13,0.0,-1.7611734781624315e-19,6.189396652962546e-13,True,6.189396652962546e-13,0.0,INIT
2025-12-04T20:57:22.917991,1776.133925129,0.0,0.0,0.0,0.0,True,0.0,0.0,INIT
2025-12-04T20:57:22.926366,1776.142299788,0.0,0.0,0.0,0.0,True,0.0,0.0,INIT
2025-12-04T20:57:22.937796,1776.153727984,0.0,0.0,0.0,0.0,True,0.0,0.0,INIT
2025-12-04T20:57:22.948434,1776.16436581,0.0,0.0,0.0,0.0,True,0.0,0.0,INIT
2025-12-04T20:57:22.959303,1776.175235052,-6.189396652962546e-13,0.0,1.7611734781624315e-19,-6.189396652962546e-13,True,6.189396652962546e-13,0.0,INIT
2025-12-04T20:57:22.970693,1776.186627022,-6.189396652962546e-13,0.0,1.7611734781624315e-19,-6.189396652962546e-13,True,6.189396652962546e-13,0.0,INIT
2025-12-04T20:57:22.988136,1776.204084693,0.0,0.0,0.0,0.0,True,0.0,0.0,INIT
2025-12-04T20:57:22.999893,1776.215833033,0.0,0.0,0.0,0.0,True,0.0,0.0,INIT
2025-12-04T20:57:23.003297,1776.219225799,6.189396652962546e-13,0.0,-1.7611734781624315e-19,6.189396652962546e-13,True,6.189396652962546e-13,0.0,INIT
2025-12-04T20:57:23.017653,1776.2335985,6.189396652962546e-13,0.0,-1.7611734781624315e-19,6.189396652962546e-13,True,6.189396652962546e-13,0.0,INIT
2025-12-04T20:57:23.025479,1776.241409421,0.0,0.0,0.0,0.0,True,0.0,0.0,INIT
2025-12-04T20:57:23.037389,1776.253325873,0.0,0.0,0.0,0.0,True,0.0,0.0,INIT
2025-12-04T20:57:23.060926,1776.276857702,0.0,0.0,0.0,0.0,True,0.0,0.0,INIT
2025-12-04T20:57:23.062780,1776.278707965,0.0,0.0,0.0,0.0,True,0.0,0.0,INIT
2025-12-04T20:57:23.073846,1776.28978357,-6.189396652962546e-13,0.0,1.7611734781624315e-19,-6.189396652962546e-13,True,6.189396652962546e-13,0.0,INIT
2025-12-04T20:57:23.081965,1776.297895444,-6.189396652962546e-13,0.0,1.7611734781624315e-19,-6.189396652962546e-13,True,6.189396652962546e-13,0.0,INIT
2025-12-04T20:57:23.092689,1776.308616763,0.0,0.0,0.0,0.0,True,0.0,0.0,INIT
2025-12-04T20:57:23.125009,1776.34093797,0.0,0.0,0.0,0.0,True,0.0,0.0,INIT
2025-12-04T20:57:23.142363,1776.35829805,0.0,0.0,0.0,0.0,True,0.0,0.0,INIT
2025-12-04T20:57:23.145447,1776.361380887,0.0,0.0,0.0,0.0,True,0.0,0.0,INIT
2025-12-04T20:57:23.146808,1776.362739334,0.0,0.0,0.0,0.0,True,0.0,0.0,INIT
2025-12-04T20:57:23.149534,1776.365466521,0.0,0.0,0.0,0.0,True,0.0,0.0,INIT
2025-12-04T20:57:23.159747,1776.375677103,0.0,0.0,0.0,0.0,True,0.0,0.0,INIT
2025-12-04T20:57:23.171326,1776.387262342,0.0,0.0,0.0,0.0,True,0.0,0.0,INIT
2025-12-04T20:57:23.180839,1776.396767354,0.0,0.0,0.0,0.0,True,0.0,0.0,INIT
2025-12-04T20:57:23.192058,1776.40798946,-6.189396652962546e-13,0.0,1.7611734781624315e-19,-6.189396652962546e-13,True,6.189396652962546e-13,0.0,INIT
2025-12-04T20:57:23.203534,1776.419461676,0.0,0.0,0.0,0.0,True,0.0,0.0,INIT
2025-12-04T20:57:23.224911,1776.440840922,0.0,0.0,0.0,0.0,True,0.0,0.0,INIT
2025-12-04T20:57:23.225742,1776.441672555,0.0,0.0,0.0,0.0,True,0.0,0.0,INIT
2025-12-04T20:57:23.240780,1776.456721547,6.189396652962546e-13,0.0,-1.7611734781624315e-19,6.189396652962546e-13,True,6.189396652962546e-13,0.0,INIT
2025-12-04T20:57:23.247835,1776.46376651,6.189396652962546e-13,0.0,-1.7611734781624315e-19,6.189396652962546e-13,True,6.189396652962546e-13,0.0,INIT
2025-12-04T20:57:23.267687,1776.483624782,0.0,0.0,0.0,0.0,True,0.0,0.0,INIT
2025-12-04T20:57:23.272069,1776.488016856,0.0,0.0,0.0,0.0,True,0.0,0.0,INIT
2025-12-04T20:57:23.280440,1776.49636995,1.237879330592509e-12,0.0,-5.722069511791761e-19,1.237879330592509e-12,True,1.237879330592509e-12,0.0,INIT
2025-12-04T20:57:23.294651,1776.510584174,1.237879330592509e-12,0.0,-5.722069511791761e-19,1.237879330592509e-12,True,1.237879330592509e-12,0.0,INIT
2025-12-04T20:57:23.302340,1776.518270057,6.808336318258799e-12,0.0,-1.0379339108110844e-17,6.808336318258799e-12,True,6.808336318258799e-12,0.0,INIT
2025-12-04T20:57:23.313915,1776.529845285,6.808336318258799e-12,0.0,-1.0379339108110844e-17,6.808336318258799e-12,True,6.808336318258799e-12,0.0,INIT
2025-12-04T20:57:23.324855,1776.540785823,0.0,0.0,0.0,0.0,True,0.0,0.0,INIT
2025-12-04T20:57:23.336530,1776.552477588,0.0,0.0,0.0,0.0,True,0.0,0.0,INIT
2025-12-04T20:57:23.347243,1776.563172907,0.0,0.0,0.0,0.0,True,0.0,0.0,INIT
2025-12-04T20:57:23.357679,1776.57360628,0.0,0.0,0.0,0.0,True,0.0,0.0,INIT
2025-12-04T20:57:23.387961,1776.603915153,0.0,0.0,0.0,0.0,True,0.0,0.0,INIT
2025-12-04T20:57:23.390454,1776.606382632,8.665155314147563e-12,0.0,-1.563938953982544e-17,8.665155314147563e-12,True,8.665155314147563e-12,0.0,INIT
2025-12-04T20:57:23.391786,1776.607714738,8.665155314147563e-12,0.0,-1.563938953982544e-17,8.665155314147563e-12,True,8.665155314147563e-12,0.0,INIT
2025-12-04T20:57:23.402812,1776.618755556,8.665155314147563e-12,0.0,-1.563938953982544e-17,8.665155314147563e-12,True,8.665155314147563e-12,0.0,INIT
2025-12-04T20:57:23.474000,1776.689940189,6.189396652962546e-13,0.0,-1.7611734781624315e-19,6.189396652962546e-13,True,6.189396652962546e-13,0.0,INIT
2025-12-04T20:57:23.478820,1776.694755273,9.903034644740073e-12,0.0,-1.9624839194279297e-17,9.903034644740073e-12,True,9.903034644740073e-12,0.0,INIT
2025-12-04T20:57:23.479739,1776.695664573,9.903034644740073e-12,0.0,-1.9624839194279297e-17,9.903034644740073e-12,True,9.903034644740073e-12,0.0,INIT
2025-12-04T20:57:23.480920,1776.696849672,9.903034644740073e-12,0.0,-1.9624839194279297e-17,9.903034644740073e-12,True,9.903034644740073e-12,0.0,INIT
2025-12-04T20:57:23.481713,1776.697642923,9.903034644740073e-12,0.0,-1.9624839194279297e-17,9.903034644740073e-12,True,9.903034644740073e-12,0.0,INIT
2025-12-04T20:57:23.484861,1776.700809032,-6.189396652962546e-13,0.0,1.7611734781624315e-19,-6.189396652962546e-13,True,6.189396652962546e-13,0.0,INIT
2025-12-04T20:57:23.487282,1776.703212696,-6.189396652962546e-13,0.0,1.7611734781624315e-19,-6.189396652962546e-13,True,6.189396652962546e-13,0.0,INIT
2025-12-04T20:57:23.495479,1776.71141552,-6.189396652962546e-13,0.0,1.7611734781624315e-19,-6.189396652962546e-13,True,6.189396652962546e-13,0.0,INIT
2025-12-04T20:57:23.505505,1776.721447423,-6.189396652962546e-13,0.0,1.7611734781624315e-19,-6.189396652962546e-13,True,6.189396652962546e-13,0.0,INIT
2025-12-04T20:57:23.542582,1776.758516341,-6.189396652962546e-13,0.0,1.7611734781624315e-19,-6.189396652962546e-13,True,6.189396652962546e-13,0.0,INIT
2025-12-04T20:57:23.545692,1776.761621039,6.189396652962546e-13,0.0,-1.7611734781624315e-19,6.189396652962546e-13,True,6.189396652962546e-13,0.0,INIT
2025-12-04T20:57:23.547596,1776.763525838,6.189396652962546e-13,0.0,-1.7611734781624315e-19,6.189396652962546e-13,True,6.189396652962546e-13,0.0,INIT
2025-12-04T20:57:23.548659,1776.764584004,6.189396652962546e-13,0.0,-1.7611734781624315e-19,6.189396652962546e-13,True,6.189396652962546e-13,0.0,INIT
2025-12-04T20:57:23.558835,1776.774768234,6.189396652962546e-13,0.0,-1.7611734781624315e-19,6.189396652962546e-13,True,6.189396652962546e-13,0.0,INIT
2025-12-04T20:57:23.569999,1776.785928039,0.0,0.0,0.0,0.0,True,0.0,0.0,INIT
2025-12-04T20:57:23.581872,1776.797800121,0.0,0.0,0.0,0.0,True,0.0,0.0,INIT
2025-12-04T20:57:23.596359,1776.812292955,-6.189396652962546e-13,0.0,1.7611734781624315e-19,-6.189396652962546e-13,True,6.189396652962546e-13,0.0,INIT
2025-12-04T20:57:23.611473,1776.827405428,-6.189396652962546e-13,0.0,1.7611734781624315e-19,-6.189396652962546e-13,True,6.189396652962546e-13,0.0,INIT
2025-12-04T20:57:23.620296,1776.836232761,-6.189396652962546e-13,0.0,1.7611734781624315e-19,-6.189396652962546e-13,True,6.189396652962546e-13,0.0,INIT
2025-12-04T20:57:23.626980,1776.842908608,-6.189396652962546e-13,0.0,1.7611734781624315e-19,-6.189396652962546e-13,True,6.189396652962546e-13,0.0,INIT
2025-12-04T20:57:23.681398,1776.897326857,6.189396652962546e-13,0.0,-1.7611734781624315e-19,6.189396652962546e-13,True,6.189396652962546e-13,0.0,INIT
2025-12-04T20:57:23.691356,1776.907284689,0.0,0.0,0.0,0.0,True,0.0,0.0,INIT
2025-12-04T20:57:23.692199,1776.908127997,0.0,0.0,0.0,0.0,True,0.0,0.0,INIT
2025-12-04T20:57:23.702218,1776.918150008,0.0,0.0,0.0,0.0,True,0.0,0.0,INIT
2025-12-04T20:57:23.707097,1776.923034317,-6.189396652962546e-13,0.0,1.7611734781624315e-19,-6.189396652962546e-13,True,6.189396652962546e-13,0.0,INIT
2025-12-04T20:57:23.709372,1776.925303802,-6.189396652962546e-13,0.0,1.7611734781624315e-19,-6.189396652962546e-13,True,6.189396652962546e-13,0.0,INIT
2025-12-04T20:57:23.710704,1776.926639039,-6.189396652962546e-13,0.0,1.7611734781624315e-19,-6.189396652962546e-13,True,6.189396652962546e-13,0.0,INIT
2025-12-04T20:57:23.735771,1776.951711729,-6.189396652962546e-13,0.0,1.7611734781624315e-19,-6.189396652962546e-13,True,6.189396652962546e-13,0.0,INIT
2025-12-04T20:57:23.771543,1776.987476531,6.189396652962546e-13,0.0,-1.7611734781624315e-19,6.189396652962546e-13,True,6.189396652962546e-13,0.0,INIT
2025-12-04T20:57:23.775046,1776.990982928,6.189396652962546e-13,0.0,-1.7611734781624315e-19,6.189396652962546e-13,True,6.189396652962546e-13,0.0,INIT
2025-12-04T20:57:23.776985,1776.992920026,6.189396652962546e-13,0.0,-1.7611734781624315e-19,6.189396652962546e-13,True,6.189396652962546e-13,0.0,INIT
2025-12-04T20:57:23.777942,1776.993871948,6.189396652962546e-13,0.0,-1.7611734781624315e-19,6.189396652962546e-13,True,6.189396652962546e-13,0.0,INIT
2025-12-04T20:57:23.778480,1776.994407893,6.189396652962546e-13,0.0,-1.7611734781624315e-19,6.189396652962546e-13,True,6.189396652962546e-13,0.0,INIT
2025-12-04T20:57:23.801574,1777.017521881,6.189396652962546e-13,0.0,-1.7611734781624315e-19,6.189396652962546e-13,True,6.189396652962546e-13,0.0,INIT
2025-12-04T20:57:23.815648,1777.031578318,6.189396652962546e-13,0.0,-1.7611734781624315e-19,6.189396652962546e-13,True,6.189396652962546e-13,0.0,INIT
2025-12-04T20:57:23.855229,1777.071158578,0.0,0.0,0.0,0.0,True,0.0,0.0,INIT
2025-12-04T20:57:23.872070,1777.088011008,6.189396652962546e-13,0.0,-1.7611734781624315e-19,6.189396652962546e-13,True,6.189396652962546e-13,0.0,INIT
2025-12-04T20:57:23.874850,1777.090789759,6.189396652962546e-13,0.0,-1.7611734781624315e-19,6.189396652962546e-13,True,6.189396652962546e-13,0.0,INIT
2025-12-04T20:57:23.877019,1777.092948886,6.189396652962546e-13,0.0,-1.7611734781624315e-19,6.189396652962546e-13,True,6.189396652962546e-13,0.0,INIT
2025-12-04T20:57:23.878221,1777.09414856,6.189396652962546e-13,0.0,-1.7611734781624315e-19,6.189396652962546e-13,True,6.189396652962546e-13,0.0,INIT
2025-12-04T20:57:23.878917,1777.09484491,6.189396652962546e-13,0.0,-1.7611734781624315e-19,6.189396652962546e-13,True,6.189396652962546e-13,0.0,INIT
2025-12-04T20:57:23.880407,1777.096334137,6.189396652962546e-13,0.0,-1.7611734781624315e-19,6.189396652962546e-13,True,6.189396652962546e-13,0.0,INIT
2025-12-04T20:57:23.884493,1777.100442783,6.189396652962546e-13,0.0,-1.7611734781624315e-19,6.189396652962546e-13,True,6.189396652962546e-13,0.0,INIT
2025-12-04T20:57:23.909344,1777.125283132,-2.4757586611850183e-12,0.0,1.8591058689977904e-18,-2.4757586611850183e-12,True,2.4757586611850183e-12,0.0,INIT
2025-12-04T20:57:23.910908,1777.126840961,-2.4757586611850183e-12,0.0,1.8591058689977904e-18,-2.4757586611850183e-12,True,2.4757586611850183e-12,0.0,INIT
2025-12-04T20:57:23.921065,1777.1369981,-2.4757586611850183e-12,0.0,1.8591058689977904e-18,-2.4757586611850183e-12,True,2.4757586611850183e-12,0.0,INIT
2025-12-04T20:57:23.958456,1777.174402542,-4.9515173223700366e-12,0.0,6.040252787198169e-18,-4.9515173223700366e-12,True,4.9515173223700366e-12,0.0,INIT
2025-12-04T20:57:23.960115,1777.176047103,-6.189396652962546e-13,0.0,1.7611734781624315e-19,-6.189396652962546e-13,True,6.189396652962546e-13,0.0,INIT
2025-12-04T20:57:23.961068,1777.176995005,-6.189396652962546e-13,0.0,1.7611734781624315e-19,-6.189396652962546e-13,True,6.189396652962546e-13,0.0,INIT
2025-12-04T20:57:23.962077,1777.178015889,-6.189396652962546e-13,0.0,1.7611734781624315e-19,-6.189396652962546e-13,True,6.189396652962546e-13,0.0,INIT
2025-12-04T20:57:23.973398,1777.189331608,-6.189396652962546e-13,0.0,1.7611734781624315e-19,-6.189396652962546e-13,True,6.189396652962546e-13,0.0,INIT
2025-12-04T20:57:23.984453,1777.200400649,-6.189396652962546e-13,0.0,1.7611734781624315e-19,-6.189396652962546e-13,True,6.189396652962546e-13,0.0,INIT
2025-12-04T20:57:23.994849,1777.210780131,6.189396652962546e-13,0.0,-1.7611734781624315e-19,6.189396652962546e-13,True,6.189396652962546e-13,0.0,INIT
2025-12-04T20:57:24.005699,1777.221628687,6.189396652962546e-13,0.0,-1.7611734781624315e-19,6.189396652962546e-13,True,6.189396652962546e-13,0.0,INIT
2025-12-04T20:57:24.016575,1777.232506237,6.189396652962546e-13,0.0,-1.7611734781624315e-19,6.189396652962546e-13,True,6.189396652962546e-13,0.0,INIT
2025-12-04T20:57:24.027483,1777.243410443,6.189396652962546e-13,0.0,-1.7611734781624315e-19,6.189396652962546e-13,True,6.189396652962546e-13,0.0,INIT
2025-12-04T20:57:24.038487,1777.254416835,6.189396652962546e-13,0.0,-1.7611734781624315e-19,6.189396652962546e-13,True,6.189396652962546e-13,0.0,INIT
2025-12-04T20:57:24.050413,1777.266348929,0.0,0.0,0.0,0.0,True,0.0,0.0,INIT
2025-12-04T20:57:24.061077,1777.27708783,0.0,0.0,0.0,0.0,True,0.0,0.0,INIT
2025-12-04T20:57:24.074267,1777.290209728,-1.237879330592509e-11,0.0,2.867828186042846e-17,-1.237879330592509e-11,True,1.237879330592509e-11,0.0,INIT
2025-12-04T20:57:24.083522,1777.299456644,-1.237879330592509e-11,0.0,2.867828186042846e-17,-1.237879330592509e-11,True,1.237879330592509e-11,0.0,INIT
2025-12-04T20:57:24.102413,1777.318344979,-6.189396652962546e-13,0.0,1.7611734781624315e-19,-6.189396652962546e-13,True,6.189396652962546e-13,0.0,INIT
2025-12-04T20:57:24.109414,1777.325360513,-6.189396652962546e-13,0.0,1.7611734781624315e-19,-6.189396652962546e-13,True,6.189396652962546e-13,0.0,INIT
2025-12-04T20:57:24.118582,1777.334522694,6.189396652962546e-13,0.0,-1.7611734781624315e-19,6.189396652962546e-13,True,6.189396652962546e-13,0.0,INIT
2025-12-04T20:57:24.127202,1777.343129826,6.189396652962546e-13,0.0,-1.7611734781624315e-19,6.189396652962546e-13,True,6.189396652962546e-13,0.0,INIT
2025-12-04T20:57:24.138550,1777.354482772,6.189396652962546e-13,0.0,-1.7611734781624315e-19,6.189396652962546e-13,True,6.189396652962546e-13,0.0,INIT
2025-12-04T20:57:24.149396,1777.365326261,6.189396652962546e-13,0.0,-1.7611734781624315e-19,6.189396652962546e-13,True,6.189396652962546e-13,0.0,INIT
2025-12-04T20:57:24.159798,1777.375727002,6.189396652962546e-13,0.0,-1.7611734781624315e-19,6.189396652962546e-13,True,6.189396652962546e-13,0.0,INIT
2025-12-04T20:57:24.179727,1777.395658613,0.0,0.0,0.0,0.0,True,0.0,0.0,INIT
2025-12-04T20:57:24.183444,1777.399379353,-6.189396652962546e-13,0.0,1.7611734781624315e-19,-6.189396652962546e-13,True,6.189396652962546e-13,0.0,INIT
2025-12-04T20:57:24.193834,1777.409766352,-6.189396652962546e-13,0.0,1.7611734781624315e-19,-6.189396652962546e-13,True,6.189396652962546e-13,0.0,INIT
2025-12-04T20:57:24.205647,1777.421583267,-6.189396652962546e-13,0.0,1.7611734781624315e-19,-6.189396652962546e-13,True,6.189396652962546e-13,0.0,INIT
2025-12-04T20:57:24.217269,1777.433202457,-6.189396652962546e-13,0.0,1.7611734781624315e-19,-6.189396652962546e-13,True,6.189396652962546e-13,0.0,INIT
2025-12-04T20:57:24.228719,1777.444651922,6.189396652962546e-13,0.0,-1.7611734781624315e-19,6.189396652962546e-13,True,6.189396652962546e-13,0.0,INIT
2025-12-04T20:57:24.242325,1777.458262076,6.189396652962546e-13,0.0,-1.7611734781624315e-19,6.189396652962546e-13,True,6.189396652962546e-13,0.0,INIT
2025-12-04T20:57:24.251978,1777.467911897,6.189396652962546e-13,0.0,-1.7611734781624315e-19,6.189396652962546e-13,True,6.189396652962546e-13,0.0,INIT
2025-12-04T20:57:24.261712,1777.477641159,6.189396652962546e-13,0.0,-1.7611734781624315e-19,6.189396652962546e-13,True,6.189396652962546e-13,0.0,INIT
2025-12-04T20:57:24.272794,1777.488729338,6.189396652962546e-13,0.0,-1.7611734781624315e-19,6.189396652962546e-13,True,6.189396652962546e-13,0.0,INIT
2025-12-04T20:57:24.283950,1777.499884012,0.0,0.0,0.0,0.0,True,0.0,0.0,INIT
2025-12-04T20:57:24.295167,1777.511097526,0.0,0.0,0.0,0.0,True,0.0,0.0,INIT
2025-12-04T20:57:24.306224,1777.522159828,-6.189396652962546e-13,0.0,1.7611734781624315e-19,-6.189396652962546e-13,True,6.189396652962546e-13,0.0,INIT
2025-12-04T20:57:24.317405,1777.533343263,-6.189396652962546e-13,0.0,1.7611734781624315e-19,-6.189396652962546e-13,True,6.189396652962546e-13,0.0,INIT
2025-12-04T20:57:24.341380,1777.557321844,-6.189396652962546e-13,0.0,1.7611734781624315e-19,-6.189396652962546e-13,True,6.189396652962546e-13,0.0,INIT
2025-12-04T20:57:24.343988,1777.559924117,-6.189396652962546e-13,0.0,1.7611734781624315e-19,-6.189396652962546e-13,True,6.189396652962546e-13,0.0,INIT
2025-12-04T20:57:24.372277,1777.588208322,6.189396652962546e-13,0.0,-1.7611734781624315e-19,6.189396652962546e-13,True,6.189396652962546e-13,0.0,INIT
2025-12-04T20:57:24.376843,1777.592777285,6.189396652962546e-13,0.0,-1.7611734781624315e-19,6.189396652962546e-13,True,6.189396652962546e-13,0.0,INIT
2025-12-04T20:57:24.377686,1777.593612385,6.189396652962546e-13,0.0,-1.7611734781624315e-19,6.189396652962546e-13,True,6.189396652962546e-13,0.0,INIT
2025-12-04T20:57:24.383511,1777.599441147,6.189396652962546e-13,0.0,-1.7611734781624315e-19,6.189396652962546e-13,True,6.189396652962546e-13,0.0,INIT
2025-12-04T20:57:24.399868,1777.615800722,0.0,0.0,0.0,0.0,True,0.0,0.0,INIT
2025-12-04T20:57:24.417944,1777.633902479,0.0,0.0,0.0,0.0,True,0.0,0.0,INIT
2025-12-04T20:57:24.420826,1777.636756149,-6.189396652962546e-13,0.0,1.7611734781624315e-19,-6.189396652962546e-13,True,6.189396652962546e-13,0.0,INIT
2025-12-04T20:57:24.452307,1777.668271089,-6.189396652962546e-13,0.0,1.7611734781624315e-19,-6.189396652962546e-13,True,6.189396652962546e-13,0.0,INIT
2025-12-04T20:57:24.455943,1777.671874328,-6.189396652962546e-13,0.0,1.7611734781624315e-19,-6.189396652962546e-13,True,6.189396652962546e-13,0.0,INIT
2025-12-04T20:57:24.457010,1777.672940537,-6.189396652962546e-13,0.0,1.7611734781624315e-19,-6.189396652962546e-13,True,6.189396652962546e-13,0.0,INIT
2025-12-04T20:57:24.461389,1777.677319752,6.189396652962546e-13,0.0,-1.7611734781624315e-19,6.189396652962546e-13,True,6.189396652962546e-13,0.0,INIT
2025-12-04T20:57:24.473234,1777.689168311,6.189396652962546e-13,0.0,-1.7611734781624315e-19,6.189396652962546e-13,True,6.189396652962546e-13,0.0,INIT
2025-12-04T20:57:24.484617,1777.70058974,6.189396652962546e-13,0.0,-1.7611734781624315e-19,6.189396652962546e-13,True,6.189396652962546e-13,0.0,INIT
2025-12-04T20:57:24.495390,1777.711317444,6.189396652962546e-13,0.0,-1.7611734781624315e-19,6.189396652962546e-13,True,6.189396652962546e-13,0.0,INIT
2025-12-04T20:57:24.513997,1777.729927994,6.189396652962546e-13,0.0,-1.7611734781624315e-19,6.189396652962546e-13,True,6.189396652962546e-13,0.0,INIT
2025-12-04T20:57:24.523675,1777.73960701,6.808336318258799e-12,0.0,-1.0379339108110844e-17,6.808336318258799e-12,True,6.808336318258799e-12,0.0,INIT
2025-12-04T20:57:24.528890,1777.744818302,6.808336318258799e-12,0.0,-1.0379339108110844e-17,6.808336318258799e-12,True,6.808336318258799e-12,0.0,INIT
2025-12-04T20:57:24.541418,1777.757363383,4.3325776570737816e-12,0.0,-4.813586767105778e-18,4.3325776570737816e-12,True,4.3325776570737816e-12,0.0,INIT
2025-12-04T20:57:24.585079,1777.801050198,6.189396652962546e-13,0.0,-1.7611734781624315e-19,6.189396652962546e-13,True,6.189396652962546e-13,0.0,INIT
2025-12-04T20:57:24.589518,1777.805447885,6.189396652962546e-13,0.0,-1.7611734781624315e-19,6.189396652962546e-13,True,6.189396652962546e-13,0.0,INIT
2025-12-04T20:57:24.590632,1777.80656013,6.189396652962546e-13,0.0,-1.7611734781624315e-19,6.189396652962546e-13,True,6.189396652962546e-13,0.0,INIT
2025-12-04T20:57:24.591600,1777.807526238,6.189396652962546e-13,0.0,-1.7611734781624315e-19,6.189396652962546e-13,True,6.189396652962546e-13,0.0,INIT
2025-12-04T20:57:24.610841,1777.826775414,6.189396652962546e-13,0.0,-1.7611734781624315e-19,6.189396652962546e-13,True,6.189396652962546e-13,0.0,INIT
2025-12-04T20:57:24.612498,1777.828438553,6.189396652962546e-13,0.0,-1.7611734781624315e-19,6.189396652962546e-13,True,6.189396652962546e-13,0.0,INIT
2025-12-04T20:57:24.621784,1777.837716161,6.189396652962546e-13,0.0,-1.7611734781624315e-19,6.189396652962546e-13,True,6.189396652962546e-13,0.0,INIT
2025-12-04T20:57:24.638311,1777.854248136,0.0,0.0,0.0,0.0,True,0.0,0.0,INIT
2025-12-04T20:57:24.644604,1777.860535444,0.0,0.0,0.0,0.0,True,0.0,0.0,INIT
2025-12-04T20:57:24.656021,1777.871950129,-6.189396652962546e-13,0.0,1.7611734781624315e-19,-6.189396652962546e-13,True,6.189396652962546e-13,0.0,INIT
2025-12-04T20:57:24.671716,1777.887657756,-6.189396652962546e-13,0.0,1.7611734781624315e-19,-6.189396652962546e-13,True,6.189396652962546e-13,0.0,INIT
2025-12-04T20:57:24.688331,1777.904272091,1.1140913975332583e-11,0.0,-2.3975374239134293e-17,1.1140913975332583e-11,True,1.1140913975332583e-11,0.0,INIT
2025-12-04T20:57:24.691730,1777.907660438,0.0,0.0,0.0,0.0,True,0.0,0.0,INIT
2025-12-04T20:57:24.702552,1777.918485006,0.0,0.0,0.0,0.0,True,0.0,0.0,INIT
2025-12-04T20:57:24.714970,1777.930903274,6.189396652962546e-13,0.0,-1.7611734781624315e-19,6.189396652962546e-13,True,6.189396652962546e-13,0.0,INIT
2025-12-04T20:57:24.736072,1777.952010928,6.189396652962546e-13,0.0,-1.7611734781624315e-19,6.189396652962546e-13,True,6.189396652962546e-13,0.0,INIT
2025-12-04T20:57:24.744654,1777.960592922,0.0,0.0,0.0,0.0,True,0.0,0.0,INIT
2025-12-04T20:57:24.752686,1777.968625263,0.0,0.0,0.0,0.0,True,0.0,0.0,INIT
2025-12-04T20:57:24.758828,1777.974764607,0.0,0.0,0.0,0.0,True,0.0,0.0,INIT
2025-12-04T20:57:24.769999,1777.985935576,0.0,0.0,0.0,0.0,True,0.0,0.0,INIT
2025-12-04T20:57:24.783226,1777.999156177,-6.189396652962546e-13,0.0,1.7611734781624315e-19,-6.189396652962546e-13,True,6.189396652962546e-13,0.0,INIT
2025-12-04T20:57:24.792791,1778.008719008,-6.189396652962546e-13,0.0,1.7611734781624315e-19,-6.189396652962546e-13,True,6.189396652962546e-13,0.0,INIT
2025-12-04T20:57:24.806153,1778.022097848,0.0,0.0,0.0,0.0,True,0.0,0.0,INIT
2025-12-04T20:57:24.814428,1778.030356752,0.0,0.0,0.0,0.0,True,0.0,0.0,INIT
2025-12-04T20:57:24.825362,1778.041294321,6.189396652962546e-13,0.0,-1.7611734781624315e-19,6.189396652962546e-13,True,6.189396652962546e-13,0.0,INIT
2025-12-04T20:57:24.844452,1778.060398665,6.189396652962546e-13,0.0,-1.7611734781624315e-19,6.189396652962546e-13,True,6.189396652962546e-13,0.0,INIT
2025-12-04T20:57:24.848297,1778.064227871,6.189396652962546e-13,0.0,-1.7611734781624315e-19,6.189396652962546e-13,True,6.189396652962546e-13,0.0,INIT
2025-12-04T20:57:24.912600,1778.128539378,0.0,0.0,0.0,0.0,True,0.0,0.0,INIT
2025-12-04T20:57:24.916603,1778.132532432,0.0,0.0,0.0,0.0,True,0.0,0.0,INIT
2025-12-04T20:57:24.917435,1778.13336742,0.0,0.0,0.0,0.0,True,0.0,0.0,INIT
2025-12-04T20:57:24.918558,1778.134485985,0.0,0.0,0.0,0.0,True,0.0,0.0,INIT
2025-12-04T20:57:24.919755,1778.13568219,0.0,0.0,0.0,0.0,True,0.0,0.0,INIT
2025-12-04T20:57:24.920814,1778.136743604,0.0,0.0,0.0,0.0,True,0.0,0.0,INIT
2025-12-04T20:57:24.928346,1778.144276205,0.0,0.0,0.0,0.0,True,0.0,0.0,INIT
2025-12-04T20:57:24.958429,1778.174360957,6.189396652962546e-13,0.0,-1.7611734781624315e-19,6.189396652962546e-13,True,6.189396652962546e-13,0.0,INIT
2025-12-04T20:57:24.961421,1778.177351971,0.0,0.0,0.0,0.0,True,0.0,0.0,INIT
2025-12-04T20:57:24.969423,1778.185357392,0.0,0.0,0.0,0.0,True,0.0,0.0,INIT
2025-12-04T20:57:24.974680,1778.190620934,0.0,0.0,0.0,0.0,True,0.0,0.0,INIT
2025-12-04T20:57:24.985818,1778.20174808,0.0,0.0,0.0,0.0,True,0.0,0.0,INIT
2025-12-04T20:57:24.995962,1778.211889335,0.0,0.0,0.0,0.0,True,0.0,0.0,INIT
2025-12-04T20:57:25.006865,1778.222792571,-6.189396652962546e-13,0.0,1.7611734781624315e-19,-6.189396652962546e-13,True,6.189396652962546e-13,0.0,INIT
2025-12-04T20:57:25.018898,1778.234829191,0.0,0.0,0.0,0.0,True,0.0,0.0,INIT
2025-12-04T20:57:25.029173,1778.245104434,0.0,0.0,0.0,0.0,True,0.0,0.0,INIT
2025-12-04T20:57:25.043471,1778.259406792,6.189396652962546e-13,0.0,-1.7611734781624315e-19,6.189396652962546e-13,True,6.189396652962546e-13,0.0,INIT
2025-12-04T20:57:25.052211,1778.268143151,6.189396652962546e-13,0.0,-1.7611734781624315e-19,6.189396652962546e-13,True,6.189396652962546e-13,0.0,INIT
2025-12-04T20:57:25.078997,1778.294932799,0.0,0.0,0.0,0.0,True,0.0,0.0,INIT
2025-12-04T20:57:25.081592,1778.297543143,0.0,0.0,0.0,0.0,True,0.0,0.0,INIT
2025-12-04T20:57:25.090490,1778.306420322,0.0,0.0,0.0,0.0,True,0.0,0.0,INIT
2025-12-04T20:57:25.140574,1778.356506197,0.0,0.0,0.0,0.0,True,0.0,0.0,INIT
2025-12-04T20:57:25.148730,1778.364656727,0.0,0.0,0.0,0.0,True,0.0,0.0,INIT
2025-12-04T20:57:25.147136,1778.363075315,0.0,0.0,0.0,0.0,True,0.0,0.0,INIT
2025-12-04T20:57:25.149566,1778.365491975,0.0,0.0,0.0,0.0,True,0.0,0.0,INIT
2025-12-04T20:57:25.150231,1778.366158911,0.0,0.0,0.0,0.0,True,0.0,0.0,INIT
2025-12-04T20:57:25.155528,1778.371459524,0.0,0.0,0.0,0.0,True,0.0,0.0,INIT
2025-12-04T20:57:25.165029,1778.380957356,0.0,0.0,0.0,0.0,True,0.0,0.0,INIT
2025-12-04T20:57:25.176212,1778.39214836,0.0,0.0,0.0,0.0,True,0.0,0.0,INIT
2025-12-04T20:57:25.187731,1778.403661194,0.0,0.0,0.0,0.0,True,0.0,0.0,INIT
2025-12-04T20:57:25.226355,1778.442292933,0.0,0.0,0.0,0.0,True,0.0,0.0,INIT
2025-12-04T20:57:25.228669,1778.444599661,0.0,0.0,0.0,0.0,True,0.0,0.0,INIT
2025-12-04T20:57:25.229316,1778.445243916,0.0,0.0,0.0,0.0,True,0.0,0.0,INIT
2025-12-04T20:57:25.232924,1778.448849841,0.0,0.0,0.0,0.0,True,0.0,0.0,INIT
2025-12-04T20:57:25.244852,1778.460789524,-2.3519707281257673e-11,0.0,8.539535532995195e-17,-2.3519707281257673e-11,True,2.3519707281257673e-11,0.0,INIT
2025-12-04T20:57:25.256707,1778.472655101,-2.3519707281257673e-11,0.0,8.539535532995195e-17,-2.3519707281257673e-11,True,2.3519707281257673e-11,0.0,INIT
2025-12-04T20:57:25.271680,1778.487621643,0.0,0.0,0.0,0.0,True,0.0,0.0,INIT
2025-12-04T20:57:25.278980,1778.494911424,0.0,0.0,0.0,0.0,True,0.0,0.0,INIT
2025-12-04T20:57:25.290642,1778.506575406,0.0,0.0,0.0,0.0,True,0.0,0.0,INIT
2025-12-04T20:57:25.302221,1778.518151022,0.0,0.0,0.0,0.0,True,0.0,0.0,INIT
2025-12-04T20:57:25.331520,1778.547449864,0.0,0.0,0.0,0.0,True,0.0,0.0,INIT
2025-12-04T20:57:25.365945,1778.581878813,0.0,0.0,0.0,0.0,True,0.0,0.0,INIT
2025-12-04T20:57:25.371081,1778.58702981,0.0,0.0,0.0,0.0,True,0.0,0.0,INIT
2025-12-04T20:57:25.376341,1778.592270104,0.0,0.0,0.0,0.0,True,0.0,0.0,INIT
2025-12-04T20:57:25.374728,1778.59065813,0.0,0.0,0.0,0.0,True,0.0,0.0,INIT
2025-12-04T20:57:25.373340,1778.589272766,0.0,0.0,0.0,0.0,True,0.0,0.0,INIT
2025-12-04T20:57:25.386330,1778.602280976,0.0,0.0,0.0,0.0,True,0.0,0.0,INIT
2025-12-04T20:57:25.401790,1778.617722663,0.0,0.0,0.0,0.0,True,0.0,0.0,INIT
2025-12-04T20:57:25.403869,1778.6198038,0.0,0.0,0.0,0.0,True,0.0,0.0,INIT
2025-12-04T20:57:25.412440,1778.62837398,0.0,0.0,0.0,0.0,True,0.0,0.0,INIT
2025-12-04T20:57:25.426760,1778.642693743,0.0,0.0,0.0,0.0,True,0.0,0.0,INIT
2025-12-04T20:57:25.434676,1778.650616742,0.0,0.0,0.0,0.0,True,0.0,0.0,INIT
2025-12-04T20:57:25.445943,1778.661872343,0.0,0.0,0.0,0.0,True,0.0,0.0,INIT
2025-12-04T20:57:25.457354,1778.673287649,0.0,0.0,0.0,0.0,True,0.0,0.0,INIT
2025-12-04T20:57:25.468040,1778.683981755,0.0,0.0,0.0,0.0,True,0.0,0.0,INIT
2025-12-04T20:57:25.489736,1778.7056651,0.0,0.0,0.0,0.0,True,0.0,0.0,INIT
2025-12-04T20:57:25.498665,1778.714597358,0.0,0.0,0.0,0.0,True,0.0,0.0,INIT
2025-12-04T20:57:25.517261,1778.733200428,0.0,0.0,0.0,0.0,True,0.0,0.0,INIT
2025-12-04T20:57:25.520477,1778.736411583,0.0,0.0,0.0,0.0,True,0.0,0.0,INIT
2025-12-04T20:57:25.525712,1778.741645584,0.0,0.0,0.0,0.0,True,0.0,0.0,INIT
2025-12-04T20:57:25.548862,1778.764795125,0.0,0.0,0.0,0.0,True,0.0,0.0,INIT
2025-12-04T20:57:25.553269,1778.769207124,0.0,0.0,0.0,0.0,True,0.0,0.0,INIT
2025-12-04T20:57:25.558705,1778.774640148,0.0,0.0,0.0,0.0,True,0.0,0.0,INIT
2025-12-04T20:57:25.570117,1778.786063433,0.0,0.0,0.0,0.0,True,0.0,0.0,INIT
2025-12-04T20:57:25.580473,1778.796406031,0.0,0.0,0.0,0.0,True,0.0,0.0,INIT
2025-12-04T20:57:25.592657,1778.80858997,0.0,0.0,0.0,0.0,True,0.0,0.0,INIT
2025-12-04T20:57:25.604778,1778.820714248,0.0,0.0,0.0,0.0,True,0.0,0.0,INIT
2025-12-04T20:57:25.615198,1778.83112924,0.0,0.0,0.0,0.0,True,0.0,0.0,INIT
2025-12-04T20:57:25.627578,1778.843529202,0.0,0.0,0.0,0.0,True,0.0,0.0,INIT
2025-12-04T20:57:25.637329,1778.853257445,0.0,0.0,0.0,0.0,True,0.0,0.0,INIT
2025-12-04T20:57:25.649346,1778.865280938,1.8568189958887637e-12,0.0,-1.1400089730200058e-18,1.8568189958887637e-12,True,1.8568189958887637e-12,0.0,INIT
2025-12-04T20:57:25.661050,1778.876982427,3.0946983264812724e-12,0.0,-2.7167591847038943e-18,3.0946983264812724e-12,True,3.0946983264812724e-12,0.0,INIT
2025-12-04T20:57:25.672114,1778.888057528,3.0946983264812724e-12,0.0,-2.7167591847038943e-18,3.0946983264812724e-12,True,3.0946983264812724e-12,0.0,INIT
2025-12-04T20:57:25.685228,1778.90117231,0.0,0.0,0.0,0.0,True,0.0,0.0,INIT
2025-12-04T20:57:25.704765,1778.920699939,0.0,0.0,0.0,0.0,True,0.0,0.0,INIT
2025-12-04T20:57:25.725869,1778.941808814,0.0,0.0,0.0,0.0,True,0.0,0.0,INIT
2025-12-04T20:57:25.733558,1778.949490675,0.0,0.0,0.0,0.0,True,0.0,0.0,INIT
2025-12-04T20:57:25.735048,1778.95098375,0.0,0.0,0.0,0.0,True,0.0,0.0,INIT
2025-12-04T20:57:25.740853,1778.956785611,0.0,0.0,0.0,0.0,True,0.0,0.0,INIT
2025-12-04T20:57:25.751192,1778.967122631,0.0,0.0,0.0,0.0,True,0.0,0.0,INIT
2025-12-04T20:57:25.772385,1778.988333758,0.0,0.0,0.0,0.0,True,0.0,0.0,INIT
2025-12-04T20:57:25.786954,1779.002894811,0.0,0.0,0.0,0.0,True,0.0,0.0,INIT
2025-12-04T20:57:25.788536,1779.004472134,0.0,0.0,0.0,0.0,True,0.0,0.0,INIT
2025-12-04T20:57:25.806015,1779.021947086,0.0,0.0,0.0,0.0,True,0.0,0.0,INIT
2025-12-04T20:57:25.821697,1779.037634441,0.0,0.0,0.0,0.0,True,0.0,0.0,INIT
2025-12-04T20:57:25.823845,1779.039778868,0.0,0.0,0.0,0.0,True,0.0,0.0,INIT
2025-12-04T20:57:25.831148,1779.047080004,0.0,0.0,0.0,0.0,True,0.0,0.0,INIT
2025-12-04T20:57:25.842577,1779.05850754,0.0,0.0,0.0,0.0,True,0.0,0.0,INIT
2025-12-04T20:57:25.855696,1779.071657245,0.0,0.0,0.0,0.0,True,0.0,0.0,INIT
2025-12-04T20:57:25.877702,1779.093631118,0.0,0.0,0.0,0.0,True,0.0,0.0,INIT
2025-12-04T20:57:25.879752,1779.09568466,0.0,0.0,0.0,0.0,True,0.0,0.0,INIT
2025-12-04T20:57:25.887946,1779.103883699,0.0,0.0,0.0,0.0,True,0.0,0.0,INIT
2025-12-04T20:57:25.898908,1779.114838713,0.0,0.0,0.0,0.0,True,0.0,0.0,INIT
2025-12-04T20:57:25.909437,1779.125366788,0.0,0.0,0.0,0.0,True,0.0,0.0,INIT
2025-12-04T20:57:25.922876,1779.13881289,0.0,0.0,0.0,0.0,True,0.0,0.0,INIT
2025-12-04T20:57:25.932845,1779.148778924,0.0,0.0,0.0,0.0,True,0.0,0.0,INIT
2025-12-04T20:57:25.952993,1779.168931318,0.0,0.0,0.0,0.0,True,0.0,0.0,INIT
2025-12-04T20:57:25.956867,1779.172801892,0.0,0.0,0.0,0.0,True,0.0,0.0,INIT
2025-12-04T20:57:25.982477,1779.198408046,0.0,0.0,0.0,0.0,True,0.0,0.0,INIT
2025-12-04T20:57:25.988008,1779.203945341,0.0,0.0,0.0,0.0,True,0.0,0.0,INIT
2025-12-04T20:57:25.990437,1779.206376551,0.0,0.0,0.0,0.0,True,0.0,0.0,INIT
2025-12-04T20:57:26.000595,1779.216529593,0.0,0.0,0.0,0.0,True,0.0,0.0,INIT
2025-12-04T20:57:26.023945,1779.239884597,0.0,0.0,0.0,0.0,True,0.0,0.0,INIT
2025-12-04T20:57:26.049553,1779.265485639,0.0,0.0,0.0,0.0,True,0.0,0.0,INIT
2025-12-04T20:57:26.052374,1779.268312808,0.0,0.0,0.0,0.0,True,0.0,0.0,INIT
2025-12-04T20:57:26.053643,1779.269570311,0.0,0.0,0.0,0.0,True,0.0,0.0,INIT
2025-12-04T20:57:26.056586,1779.272524589,0.0,0.0,0.0,0.0,True,0.0,0.0,INIT
2025-12-04T20:57:26.066830,1779.282761599,0.0,0.0,0.0,0.0,True,0.0,0.0,INIT
2025-12-04T20:57:26.091838,1779.307777882,0.0,0.0,0.0,0.0,True,0.0,0.0,INIT
2025-12-04T20:57:26.094437,1779.310372388,0.0,0.0,0.0,0.0,True,0.0,0.0,INIT
2025-12-04T20:57:26.101517,1779.317473931,0.0,0.0,0.0,0.0,True,0.0,0.0,INIT
2025-12-04T20:57:26.117964,1779.333903241,0.0,0.0,0.0,0.0,True,0.0,0.0,INIT
2025-12-04T20:57:26.124631,1779.340604754,0.0,0.0,0.0,0.0,True,0.0,0.0,INIT
2025-12-04T20:57:26.135783,1779.351734664,0.0,0.0,0.0,0.0,True,0.0,0.0,INIT
2025-12-04T20:57:26.146011,1779.361939993,0.0,0.0,0.0,0.0,True,0.0,0.0,INIT
2025-12-04T20:57:26.158449,1779.374382235,0.0,0.0,0.0,0.0,True,0.0,0.0,INIT
2025-12-04T20:57:26.168748,1779.384677625,0.0,0.0,0.0,0.0,True,0.0,0.0,INIT
2025-12-04T20:57:26.178564,1779.39449393,-6.189396652962546e-13,0.0,1.7611734781624315e-19,-6.189396652962546e-13,True,6.189396652962546e-13,0.0,INIT
2025-12-04T20:57:26.194595,1779.410529159,-6.189396652962546e-13,0.0,1.7611734781624315e-19,-6.189396652962546e-13,True,6.189396652962546e-13,0.0,INIT
2025-12-04T20:57:26.219877,1779.435811236,0.0,0.0,0.0,0.0,True,0.0,0.0,INIT
2025-12-04T20:57:26.222329,1779.438261427,-3.0946983264812724e-12,0.0,2.7167591847038943e-18,-3.0946983264812724e-12,True,3.0946983264812724e-12,0.0,INIT
2025-12-04T20:57:26.223301,1779.439232709,-3.0946983264812724e-12,0.0,2.7167591847038943e-18,-3.0946983264812724e-12,True,3.0946983264812724e-12,0.0,INIT
2025-12-04T20:57:26.244251,1779.460183704,-3.0946983264812724e-12,0.0,2.7167591847038943e-18,-3.0946983264812724e-12,True,3.0946983264812724e-12,0.0,INIT
2025-12-04T20:57:26.275233,1779.491164233,0.0,0.0,0.0,0.0,True,0.0,0.0,INIT
2025-12-04T20:57:26.277691,1779.493613581,0.0,0.0,0.0,0.0,True,0.0,0.0,INIT
2025-12-04T20:57:26.278605,1779.494530297,0.0,0.0,0.0,0.0,True,0.0,0.0,INIT
2025-12-04T20:57:26.279237,1779.495159648,0.0,0.0,0.0,0.0,True,0.0,0.0,INIT
2025-12-04T20:57:26.290362,1779.506301474,0.0,0.0,0.0,0.0,True,0.0,0.0,INIT
2025-12-04T20:57:26.301305,1779.517252251,0.0,0.0,0.0,0.0,True,0.0,0.0,INIT
2025-12-04T20:57:26.311413,1779.527343208,-6.189396652962546e-13,0.0,1.7611734781624315e-19,-6.189396652962546e-13,True,6.189396652962546e-13,0.0,INIT
2025-12-04T20:57:26.323390,1779.539325394,-6.189396652962546e-13,0.0,1.7611734781624315e-19,-6.189396652962546e-13,True,6.189396652962546e-13,0.0,INIT
2025-12-04T20:57:26.338367,1779.554316525,0.0,0.0,0.0,0.0,True,0.0,0.0,INIT
2025-12-04T20:57:26.345126,1779.561054604,0.0,0.0,0.0,0.0,True,0.0,0.0,INIT
2025-12-04T20:57:26.356332,1779.572269588,6.189396652962546e-13,0.0,-1.7611734781624315e-19,6.189396652962546e-13,True,6.189396652962546e-13,0.0,INIT
2025-12-04T20:57:26.368551,1779.584489057,-3.527956092188651e-11,0.0,1.7013332505189135e-16,-3.527956092188651e-11,True,3.527956092188651e-11,0.0,INIT
2025-12-04T20:57:26.378708,1779.594637592,-3.527956092188651e-11,0.0,1.7013332505189135e-16,-3.527956092188651e-11,True,3.527956092188651e-11,0.0,INIT
2025-12-04T20:57:26.406078,1779.622021787,0.0,0.0,0.0,0.0,True,0.0,0.0,INIT
2025-12-04T20:57:26.424854,1779.640790915,-6.189396652962546e-13,0.0,1.7611734781624315e-19,-6.189396652962546e-13,True,6.189396652962546e-13,0.0,INIT
2025-12-04T20:57:26.426948,1779.642896311,-6.189396652962546e-13,0.0,1.7611734781624315e-19,-6.189396652962546e-13,True,6.189396652962546e-13,0.0,INIT
2025-12-04T20:57:26.428962,1779.644896552,0.0,0.0,0.0,0.0,True,0.0,0.0,INIT
2025-12-04T20:57:26.433965,1779.649903497,0.0,0.0,0.0,0.0,True,0.0,0.0,INIT
2025-12-04T20:57:26.461619,1779.677564296,0.0,0.0,0.0,0.0,True,0.0,0.0,INIT
2025-12-04T20:57:26.465680,1779.681617845,6.189396652962546e-13,0.0,-1.7611734781624315e-19,6.189396652962546e-13,True,6.189396652962546e-13,0.0,INIT
2025-12-04T20:57:26.469132,1779.685064491,6.189396652962546e-13,0.0,-1.7611734781624315e-19,6.189396652962546e-13,True,6.189396652962546e-13,0.0,INIT
2025-12-04T20:57:26.477722,1779.693651479,0.0,0.0,0.0,0.0,True,0.0,0.0,INIT
2025-12-04T20:57:26.488733,1779.704664919,0.0,0.0,0.0,0.0,True,0.0,0.0,INIT
2025-12-04T20:57:26.518505,1779.734455622,0.0,0.0,0.0,0.0,True,0.0,0.0,INIT
2025-12-04T20:57:26.579160,1779.795090031,6.189396652962546e-13,0.0,-1.7611734781624315e-19,6.189396652962546e-13,True,6.189396652962546e-13,0.0,INIT
2025-12-04T20:57:26.583231,1779.799167901,6.189396652962546e-13,0.0,-1.7611734781624315e-19,6.189396652962546e-13,True,6.189396652962546e-13,0.0,INIT
2025-12-04T20:57:26.586318,1779.802253859,0.0,0.0,0.0,0.0,True,0.0,0.0,INIT
2025-12-04T20:57:26.591613,1779.807542653,0.0,0.0,0.0,0.0,True,0.0,0.0,INIT
2025-12-04T20:57:26.590015,1779.805950615,0.0,0.0,0.0,0.0,True,0.0,0.0,INIT
2025-12-04T20:57:26.587870,1779.803802708,0.0,0.0,0.0,0.0,True,0.0,0.0,INIT
2025-12-04T20:57:26.593556,1779.809492315,0.0,0.0,0.0,0.0,True,0.0,0.0,INIT
2025-12-04T20:57:26.594750,1779.810680752,0.0,0.0,0.0,0.0,True,0.0,0.0,INIT
2025-12-04T20:57:26.599534,1779.815462555,0.0,0.0,0.0,0.0,True,0.0,0.0,INIT
2025-12-04T20:57:26.610787,1779.826718526,0.0,0.0,0.0,0.0,True,0.0,0.0,INIT
2025-12-04T20:57:26.621965,1779.837900793,0.0,0.0,0.0,0.0,True,0.0,0.0,INIT
2025-12-04T20:57:26.632740,1779.848673221,-6.189396652962546e-13,0.0,1.7611734781624315e-19,-6.189396652962546e-13,True,6.189396652962546e-13,0.0,INIT
2025-12-04T20:57:26.644905,1779.860837759,-6.189396652962546e-13,0.0,1.7611734781624315e-19,-6.189396652962546e-13,True,6.189396652962546e-13,0.0,INIT
2025-12-04T20:57:26.655017,1779.870946904,0.0,0.0,0.0,0.0,True,0.0,0.0,INIT
2025-12-04T20:57:26.669992,1779.885925384,6.189396652962546e-13,0.0,-1.7611734781624315e-19,6.189396652962546e-13,True,6.189396652962546e-13,0.0,INIT
2025-12-04T20:57:26.685356,1779.90129318,6.189396652962546e-13,0.0,-1.7611734781624315e-19,6.189396652962546e-13,True,6.189396652962546e-13,0.0,INIT
2025-12-04T20:57:26.688431,1779.90436304,6.189396652962546e-13,0.0,-1.7611734781624315e-19,6.189396652962546e-13,True,6.189396652962546e-13,0.0,INIT
2025-12-04T20:57:26.699305,1779.915237705,0.0,0.0,0.0,0.0,True,0.0,0.0,INIT
2025-12-04T20:57:26.713873,1779.929806084,0.0,0.0,0.0,0.0,True,0.0,0.0,INIT
2025-12-04T20:57:26.723036,1779.938970614,0.0,0.0,0.0,0.0,True,0.0,0.0,INIT
2025-12-04T20:57:26.771264,1779.987198776,4.9515173223700366e-12,0.0,-6.040252787198169e-18,4.9515173223700366e-12,True,4.9515173223700366e-12,0.0,INIT
2025-12-04T20:57:26.774318,1779.990246819,4.9515173223700366e-12,0.0,-6.040252787198169e-18,4.9515173223700366e-12,True,4.9515173223700366e-12,0.0,INIT
2025-12-04T20:57:26.776137,1779.992069897,3.7136379917775274e-12,0.0,-3.7039000801246946e-18,3.7136379917775274e-12,True,3.7136379917775274e-12,0.0,INIT
2025-12-04T20:57:26.777435,1779.993362475,3.7136379917775274e-12,0.0,-3.7039000801246946e-18,3.7136379917775274e-12,True,3.7136379917775274e-12,0.0,INIT
2025-12-04T20:57:26.799280,1780.015218176,3.7136379917775274e-12,0.0,-3.7039000801246946e-18,3.7136379917775274e-12,True,3.7136379917775274e-12,0.0,INIT
2025-12-04T20:57:26.803873,1780.019806415,0.0,0.0,0.0,0.0,True,0.0,0.0,INIT
2025-12-04T20:57:26.805663,1780.021602965,0.0,0.0,0.0,0.0,True,0.0,0.0,INIT
2025-12-04T20:57:26.815247,1780.031175131,0.0,0.0,0.0,0.0,True,0.0,0.0,INIT
2025-12-04T20:57:26.826108,1780.042046211,0.0,0.0,0.0,0.0,True,0.0,0.0,INIT
2025-12-04T20:57:26.837741,1780.053672042,0.0,0.0,0.0,0.0,True,0.0,0.0,INIT
2025-12-04T20:57:26.848671,1780.064601981,0.0,0.0,0.0,0.0,True,0.0,0.0,INIT
2025-12-04T20:57:26.861690,1780.077624494,0.0,0.0,0.0,0.0,True,0.0,0.0,INIT
2025-12-04T20:57:26.872652,1780.08859477,0.0,0.0,0.0,0.0,True,0.0,0.0,INIT
2025-12-04T20:57:26.885401,1780.101334654,0.0,0.0,0.0,0.0,True,0.0,0.0,INIT
2025-12-04T20:57:26.969545,1780.185478872,0.0,0.0,0.0,0.0,True,0.0,0.0,INIT
2025-12-04T20:57:26.996145,1780.212079375,6.189396652962546e-13,0.0,-1.7611734781624315e-19,6.189396652962546e-13,True,6.189396652962546e-13,0.0,INIT
2025-12-04T20:57:27.028784,1780.244728452,6.189396652962546e-13,0.0,-1.7611734781624315e-19,6.189396652962546e-13,True,6.189396652962546e-13,0.0,INIT
2025-12-04T20:57:27.033282,1780.249214155,-6.189396652962546e-13,0.0,1.7611734781624315e-19,-6.189396652962546e-13,True,6.189396652962546e-13,0.0,INIT
2025-12-04T20:57:27.034025,1780.249955797,-6.189396652962546e-13,0.0,1.7611734781624315e-19,-6.189396652962546e-13,True,6.189396652962546e-13,0.0,INIT
2025-12-04T20:57:27.036729,1780.252658225,-6.189396652962546e-13,0.0,1.7611734781624315e-19,-6.189396652962546e-13,True,6.189396652962546e-13,0.0,INIT
2025-12-04T20:57:27.038214,1780.254149884,-6.189396652962546e-13,0.0,1.7611734781624315e-19,-6.189396652962546e-13,True,6.189396652962546e-13,0.0,INIT
2025-12-04T20:57:27.040709,1780.25664359,-6.189396652962546e-13,0.0,1.7611734781624315e-19,-6.189396652962546e-13,True,6.189396652962546e-13,0.0,INIT
2025-12-04T20:57:27.042002,1780.257928634,-6.189396652962546e-13,0.0,1.7611734781624315e-19,-6.189396652962546e-13,True,6.189396652962546e-13,0.0,INIT
2025-12-04T20:57:27.042739,1780.258667344,-6.189396652962546e-13,0.0,1.7611734781624315e-19,-6.189396652962546e-13,True,6.189396652962546e-13,0.0,INIT
2025-12-04T20:57:27.043687,1780.259614895,-6.189396652962546e-13,0.0,1.7611734781624315e-19,-6.189396652962546e-13,True,6.189396652962546e-13,0.0,INIT
2025-12-04T20:57:27.044676,1780.260604059,-6.189396652962546e-13,0.0,1.7611734781624315e-19,-6.189396652962546e-13,True,6.189396652962546e-13,0.0,INIT
2025-12-04T20:57:27.045652,1780.261574857,-6.189396652962546e-13,0.0,1.7611734781624315e-19,-6.189396652962546e-13,True,6.189396652962546e-13,0.0,INIT
2025-12-04T20:57:27.051359,1780.267297252,-6.189396652962546e-13,0.0,1.7611734781624315e-19,-6.189396652962546e-13,True,6.189396652962546e-13,0.0,INIT
2025-12-04T20:57:27.063014,1780.278944245,0.0,0.0,0.0,0.0,True,0.0,0.0,INIT
2025-12-04T20:57:27.074577,1780.290504951,0.0,0.0,0.0,0.0,True,0.0,0.0,INIT
2025-12-04T20:57:27.095425,1780.311361553,6.189396652962546e-13,0.0,-1.7611734781624315e-19,6.189396652962546e-13,True,6.189396652962546e-13,0.0,INIT
2025-12-04T20:57:27.098673,1780.314600255,6.189396652962546e-13,0.0,-1.7611734781624315e-19,6.189396652962546e-13,True,6.189396652962546e-13,0.0,INIT
2025-12-04T20:57:27.110858,1780.32679312,6.189396652962546e-13,0.0,-1.7611734781624315e-19,6.189396652962546e-13,True,6.189396652962546e-13,0.0,INIT
2025-12-04T20:57:27.122141,1780.338073336,-6.189396652962546e-13,0.0,1.7611734781624315e-19,-6.189396652962546e-13,True,6.189396652962546e-13,0.0,INIT
2025-12-04T20:57:27.132549,1780.348483721,-6.189396652962546e-13,0.0,1.7611734781624315e-19,-6.189396652962546e-13,True,6.189396652962546e-13,0.0,INIT
2025-12-04T20:57:27.143472,1780.359402422,-6.189396652962546e-13,0.0,1.7611734781624315e-19,-6.189396652962546e-13,True,6.189396652962546e-13,0.0,INIT
2025-12-04T20:57:27.154706,1780.370647222,-6.189396652962546e-13,0.0,1.7611734781624315e-19,-6.189396652962546e-13,True,6.189396652962546e-13,0.0,INIT
2025-12-04T20:57:27.165386,1780.381318281,-6.189396652962546e-13,0.0,1.7611734781624315e-19,-6.189396652962546e-13,True,6.189396652962546e-13,0.0,INIT
2025-12-04T20:57:27.176105,1780.392033593,0.0,0.0,0.0,0.0,True,0.0,0.0,INIT
2025-12-04T20:57:27.188465,1780.404403443,0.0,0.0,0.0,0.0,True,0.0,0.0,INIT
2025-12-04T20:57:27.201197,1780.417153893,6.189396652962546e-13,0.0,-1.7611734781624315e-19,6.189396652962546e-13,True,6.189396652962546e-13,0.0,INIT
2025-12-04T20:57:27.210833,1780.426766976,6.189396652962546e-13,0.0,-1.7611734781624315e-19,6.189396652962546e-13,True,6.189396652962546e-13,0.0,INIT
2025-12-04T20:57:27.222616,1780.438554432,6.189396652962546e-13,0.0,-1.7611734781624315e-19,6.189396652962546e-13,True,6.189396652962546e-13,0.0,INIT
2025-12-04T20:57:27.236763,1780.452691499,-6.189396652962546e-13,0.0,1.7611734781624315e-19,-6.189396652962546e-13,True,6.189396652962546e-13,0.0,INIT
2025-12-04T20:57:27.245504,1780.461432547,-6.189396652962546e-13,0.0,1.7611734781624315e-19,-6.189396652962546e-13,True,6.189396652962546e-13,0.0,INIT
2025-12-04T20:57:27.256984,1780.472917172,-6.189396652962546e-13,0.0,1.7611734781624315e-19,-6.189396652962546e-13,True,6.189396652962546e-13,0.0,INIT
2025-12-04T20:57:27.268638,1780.484584567,-6.189396652962546e-13,0.0,1.7611734781624315e-19,-6.189396652962546e-13,True,6.189396652962546e-13,0.0,INIT
2025-12-04T20:57:27.279215,1780.49514917,0.0,0.0,0.0,0.0,True,0.0,0.0,INIT
2025-12-04T20:57:27.289878,1780.505814936,0.0,0.0,0.0,0.0,True,0.0,0.0,INIT
2025-12-04T20:57:27.300654,1780.516593476,6.189396652962546e-13,0.0,-1.7611734781624315e-19,6.189396652962546e-13,True,6.189396652962546e-13,0.0,INIT
2025-12-04T20:57:27.338749,1780.554686044,6.189396652962546e-13,0.0,-1.7611734781624315e-19,6.189396652962546e-13,True,6.189396652962546e-13,0.0,INIT
2025-12-04T20:57:27.341895,1780.557821451,-1.8568189958887637e-12,0.0,1.1400089730200058e-18,-1.8568189958887637e-12,True,1.8568189958887637e-12,0.0,INIT
2025-12-04T20:57:27.342679,1780.558610116,-1.8568189958887637e-12,0.0,1.1400089730200058e-18,-1.8568189958887637e-12,True,1.8568189958887637e-12,0.0,INIT
2025-12-04T20:57:27.344838,1780.560763436,-1.8568189958887637e-12,0.0,1.1400089730200058e-18,-1.8568189958887637e-12,True,1.8568189958887637e-12,0.0,INIT
2025-12-04T20:57:27.356182,1780.572111504,-1.8568189958887637e-12,0.0,1.1400089730200058e-18,-1.8568189958887637e-12,True,1.8568189958887637e-12,0.0,INIT
2025-12-04T20:57:27.371793,1780.587748896,-3.7136379917775274e-12,0.0,3.7039000801246946e-18,-3.7136379917775274e-12,True,3.7136379917775274e-12,0.0,INIT
2025-12-04T20:57:27.389204,1780.605136181,0.0,0.0,0.0,0.0,True,0.0,0.0,INIT
2025-12-04T20:57:27.393547,1780.609485777,0.0,0.0,0.0,0.0,True,0.0,0.0,INIT
2025-12-04T20:57:27.404198,1780.620130612,6.189396652962546e-13,0.0,-1.7611734781624315e-19,6.189396652962546e-13,True,6.189396652962546e-13,0.0,INIT
2025-12-04T20:57:27.415193,1780.631119826,6.189396652962546e-13,0.0,-1.7611734781624315e-19,6.189396652962546e-13,True,6.189396652962546e-13,0.0,INIT
2025-12-04T20:57:27.437412,1780.653341958,0.0,0.0,0.0,0.0,True,0.0,0.0,INIT
2025-12-04T20:57:27.446182,1780.662113748,0.0,0.0,0.0,0.0,True,0.0,0.0,INIT
2025-12-04T20:57:27.449789,1780.665719449,-6.189396652962546e-13,0.0,1.7611734781624315e-19,-6.189396652962546e-13,True,6.189396652962546e-13,0.0,INIT
2025-12-04T20:57:27.460092,1780.676025966,-6.189396652962546e-13,0.0,1.7611734781624315e-19,-6.189396652962546e-13,True,6.189396652962546e-13,0.0,INIT
2025-12-04T20:57:27.472114,1780.688048132,-6.189396652962546e-13,0.0,1.7611734781624315e-19,-6.189396652962546e-13,True,6.189396652962546e-13,0.0,INIT
2025-12-04T20:57:27.482971,1780.698904876,0.0,0.0,0.0,0.0,True,0.0,0.0,INIT
2025-12-04T20:57:27.513946,1780.729877069,0.0,0.0,0.0,0.0,True,0.0,0.0,INIT
2025-12-04T20:57:27.578430,1780.79436611,0.0,0.0,0.0,0.0,True,0.0,0.0,INIT
2025-12-04T20:57:27.582410,1780.798339314,-6.189396652962546e-13,0.0,1.7611734781624315e-19,-6.189396652962546e-13,True,6.189396652962546e-13,0.0,INIT
2025-12-04T20:57:27.583709,1780.799642541,-6.189396652962546e-13,0.0,1.7611734781624315e-19,-6.189396652962546e-13,True,6.189396652962546e-13,0.0,INIT
2025-12-04T20:57:27.584803,1780.800737054,-6.189396652962546e-13,0.0,1.7611734781624315e-19,-6.189396652962546e-13,True,6.189396652962546e-13,0.0,INIT
2025-12-04T20:57:27.586391,1780.802317336,-6.189396652962546e-13,0.0,1.7611734781624315e-19,-6.189396652962546e-13,True,6.189396652962546e-13,0.0,INIT
2025-12-04T20:57:27.587139,1780.803066908,-6.189396652962546e-13,0.0,1.7611734781624315e-19,-6.189396652962546e-13,True,6.189396652962546e-13,0.0,INIT
2025-12-04T20:57:27.588072,1780.803996711,-6.189396652962546e-13,0.0,1.7611734781624315e-19,-6.189396652962546e-13,True,6.189396652962546e-13,0.0,INIT
2025-12-04T20:57:27.589529,1780.80546543,-6.189396652962546e-13,0.0,1.7611734781624315e-19,-6.189396652962546e-13,True,6.189396652962546e-13,0.0,INIT
2025-12-04T20:57:27.596301,1780.812247744,-6.189396652962546e-13,0.0,1.7611734781624315e-19,-6.189396652962546e-13,True,6.189396652962546e-13,0.0,INIT
2025-12-04T20:57:27.605172,1780.821107989,0.0,0.0,0.0,0.0,True,0.0,0.0,INIT
2025-12-04T20:57:27.618384,1780.834317815,0.0,0.0,0.0,0.0,True,0.0,0.0,INIT
2025-12-04T20:57:27.628581,1780.844519932,0.0,0.0,0.0,0.0,True,0.0,0.0,INIT
2025-12-04T20:57:27.639255,1780.855188567,0.0,0.0,0.0,0.0,True,0.0,0.0,INIT
2025-12-04T20:57:27.649528,1780.865458513,6.189396652962546e-13,0.0,-1.7611734781624315e-19,6.189396652962546e-13,True,6.189396652962546e-13,0.0,INIT
2025-12-04T20:57:27.660042,1780.875974358,6.189396652962546e-13,0.0,-1.7611734781624315e-19,6.189396652962546e-13,True,6.189396652962546e-13,0.0,INIT
2025-12-04T20:57:27.673340,1780.889276762,0.0,0.0,0.0,0.0,True,0.0,0.0,INIT
2025-12-04T20:57:27.685459,1780.901393208,0.0,0.0,0.0,0.0,True,0.0,0.0,INIT
2025-12-04T20:57:27.702761,1780.91870052,-6.189396652962546e-13,0.0,1.7611734781624315e-19,-6.189396652962546e-13,True,6.189396652962546e-13,0.0,INIT
2025-12-04T20:57:27.706697,1780.922630269,-6.189396652962546e-13,0.0,1.7611734781624315e-19,-6.189396652962546e-13,True,6.189396652962546e-13,0.0,INIT
2025-12-04T20:57:27.717330,1780.933269948,0.0,0.0,0.0,0.0,True,0.0,0.0,INIT
2025-12-04T20:57:27.729283,1780.945218018,0.0,0.0,0.0,0.0,True,0.0,0.0,INIT
2025-12-04T20:57:27.758469,1780.974405739,0.0,0.0,0.0,0.0,True,0.0,0.0,INIT
2025-12-04T20:57:27.777159,1780.993097704,6.189396652962546e-13,0.0,-1.7611734781624315e-19,6.189396652962546e-13,True,6.189396652962546e-13,0.0,INIT
2025-12-04T20:57:27.778833,1780.994767537,6.189396652962546e-13,0.0,-1.7611734781624315e-19,6.189396652962546e-13,True,6.189396652962546e-13,0.0,INIT
2025-12-04T20:57:27.780001,1780.995930011,6.189396652962546e-13,0.0,-1.7611734781624315e-19,6.189396652962546e-13,True,6.189396652962546e-13,0.0,INIT
2025-12-04T20:57:27.802000,1781.017932004,-6.189396652962546e-13,0.0,1.7611734781624315e-19,-6.189396652962546e-13,True,6.189396652962546e-13,0.0,INIT
2025-12-04T20:57:27.805966,1781.021897024,-6.189396652962546e-13,0.0,1.7611734781624315e-19,-6.189396652962546e-13,True,6.189396652962546e-13,0.0,INIT
2025-12-04T20:57:27.822461,1781.038407193,-6.189396652962546e-13,0.0,1.7611734781624315e-19,-6.189396652962546e-13,True,6.189396652962546e-13,0.0,INIT
2025-12-04T20:57:27.823709,1781.039636515,-6.189396652962546e-13,0.0,1.7611734781624315e-19,-6.189396652962546e-13,True,6.189396652962546e-13,0.0,INIT
2025-12-04T20:57:27.834268,1781.050210548,-6.189396652962546e-13,0.0,1.7611734781624315e-19,-6.189396652962546e-13,True,6.189396652962546e-13,0.0,INIT
2025-12-04T20:57:27.849363,1781.065296283,0.0,0.0,0.0,0.0,True,0.0,0.0,INIT
2025-12-04T20:57:27.853947,1781.069878998,0.0,0.0,0.0,0.0,True,0.0,0.0,INIT
2025-12-04T20:57:27.865126,1781.081057154,0.0,0.0,0.0,0.0,True,0.0,0.0,INIT
2025-12-04T20:57:27.876528,1781.092455805,0.0,0.0,0.0,0.0,True,0.0,0.0,INIT
2025-12-04T20:57:27.887944,1781.103873103,6.189396652962546e-13,0.0,-1.7611734781624315e-19,6.189396652962546e-13,True,6.189396652962546e-13,0.0,INIT
2025-12-04T20:57:27.898918,1781.114854515,6.189396652962546e-13,0.0,-1.7611734781624315e-19,6.189396652962546e-13,True,6.189396652962546e-13,0.0,INIT
2025-12-04T20:57:27.933878,1781.149827989,0.0,0.0,0.0,0.0,True,0.0,0.0,INIT
2025-12-04T20:57:27.939061,1781.155028176,-6.189396652962546e-13,0.0,1.7611734781624315e-19,-6.189396652962546e-13,True,6.189396652962546e-13,0.0,INIT
2025-12-04T20:57:27.941779,1781.157711802,-6.189396652962546e-13,0.0,1.7611734781624315e-19,-6.189396652962546e-13,True,6.189396652962546e-13,0.0,INIT
2025-12-04T20:57:27.968849,1781.184784568,-6.189396652962546e-13,0.0,1.7611734781624315e-19,-6.189396652962546e-13,True,6.189396652962546e-13,0.0,INIT
2025-12-04T20:57:27.972382,1781.188316981,0.0,0.0,0.0,0.0,True,0.0,0.0,INIT
2025-12-04T20:57:27.973387,1781.189317859,0.0,0.0,0.0,0.0,True,0.0,0.0,INIT
2025-12-04T20:57:27.985638,1781.201594772,0.0,0.0,0.0,0.0,True,0.0,0.0,INIT
2025-12-04T20:57:27.997917,1781.213855083,0.0,0.0,0.0,0.0,True,0.0,0.0,INIT
2025-12-04T20:57:28.011972,1781.227900119,4.9515173223700366e-12,0.0,-6.040252787198169e-18,4.9515173223700366e-12,True,4.9515173223700366e-12,0.0,INIT
2025-12-04T20:57:28.013033,1781.228956968,4.9515173223700366e-12,0.0,-6.040252787198169e-18,4.9515173223700366e-12,True,4.9515173223700366e-12,0.0,INIT
2025-12-04T20:57:28.024570,1781.240499252,-6.189396652962546e-13,0.0,1.7611734781624315e-19,-6.189396652962546e-13,True,6.189396652962546e-13,0.0,INIT
2025-12-04T20:57:28.033162,1781.249095478,-6.189396652962546e-13,0.0,1.7611734781624315e-19,-6.189396652962546e-13,True,6.189396652962546e-13,0.0,INIT
2025-12-04T20:57:28.045031,1781.260959322,-6.189396652962546e-13,0.0,1.7611734781624315e-19,-6.189396652962546e-13,True,6.189396652962546e-13,0.0,INIT
2025-12-04T20:57:28.056436,1781.272363274,-6.189396652962546e-13,0.0,1.7611734781624315e-19,-6.189396652962546e-13,True,6.189396652962546e-13,0.0,INIT
2025-12-04T20:57:28.075433,1781.291366996,0.0,0.0,0.0,0.0,True,0.0,0.0,INIT
2025-12-04T20:57:28.079220,1781.295155693,0.0,0.0,0.0,0.0,True,0.0,0.0,INIT
2025-12-04T20:57:28.089167,1781.30509989,6.189396652962546e-13,0.0,-1.7611734781624315e-19,6.189396652962546e-13,True,6.189396652962546e-13,0.0,INIT
2025-12-04T20:57:28.100896,1781.316836734,6.189396652962546e-13,0.0,-1.7611734781624315e-19,6.189396652962546e-13,True,6.189396652962546e-13,0.0,INIT
2025-12-04T20:57:28.118397,1781.334353579,1.1759853640628836e-11,0.0,-2.6283503690927605e-17,1.1759853640628836e-11,True,1.1759853640628836e-11,0.0,INIT
2025-12-04T20:57:28.123379,1781.339306312,1.1759853640628836e-11,0.0,-2.6283503690927605e-17,1.1759853640628836e-11,True,1.1759853640628836e-11,0.0,INIT
2025-12-04T20:57:28.137968,1781.353921537,-6.189396652962546e-13,0.0,1.7611734781624315e-19,-6.189396652962546e-13,True,6.189396652962546e-13,0.0,INIT
2025-12-04T20:57:28.146582,1781.362510049,-6.189396652962546e-13,0.0,1.7611734781624315e-19,-6.189396652962546e-13,True,6.189396652962546e-13,0.0,INIT
2025-12-04T20:57:28.158151,1781.37408335,-6.189396652962546e-13,0.0,1.7611734781624315e-19,-6.189396652962546e-13,True,6.189396652962546e-13,0.0,INIT
2025-12-04T20:57:28.170192,1781.386128834,-6.189396652962546e-13,0.0,1.7611734781624315e-19,-6.189396652962546e-13,True,6.189396652962546e-13,0.0,INIT
2025-12-04T20:57:28.197371,1781.413304349,6.189396652962546e-13,0.0,-1.7611734781624315e-19,6.189396652962546e-13,True,6.189396652962546e-13,0.0,INIT
2025-12-04T20:57:28.199473,1781.415411049,6.189396652962546e-13,0.0,-1.7611734781624315e-19,6.189396652962546e-13,True,6.189396652962546e-13,0.0,INIT
2025-12-04T20:57:28.203584,1781.419513762,6.189396652962546e-13,0.0,-1.7611734781624315e-19,6.189396652962546e-13,True,6.189396652962546e-13,0.0,INIT
2025-12-04T20:57:28.215470,1781.431399531,6.189396652962546e-13,0.0,-1.7611734781624315e-19,6.189396652962546e-13,True,6.189396652962546e-13,0.0,INIT
2025-12-04T20:57:28.226378,1781.442312146,6.189396652962546e-13,0.0,-1.7611734781624315e-19,6.189396652962546e-13,True,6.189396652962546e-13,0.0,INIT
2025-12-04T20:57:28.269525,1781.485470665,6.189396652962546e-13,0.0,-1.7611734781624315e-19,6.189396652962546e-13,True,6.189396652962546e-13,0.0,INIT
2025-12-04T20:57:28.273654,1781.489589588,-6.189396652962546e-13,0.0,1.7611734781624315e-19,-6.189396652962546e-13,True,6.189396652962546e-13,0.0,INIT
2025-12-04T20:57:28.274550,1781.4904861,-6.189396652962546e-13,0.0,1.7611734781624315e-19,-6.189396652962546e-13,True,6.189396652962546e-13,0.0,INIT
2025-12-04T20:57:28.275336,1781.491261788,-6.189396652962546e-13,0.0,1.7611734781624315e-19,-6.189396652962546e-13,True,6.189396652962546e-13,0.0,INIT
2025-12-04T20:57:28.281335,1781.497263822,-6.189396652962546e-13,0.0,1.7611734781624315e-19,-6.189396652962546e-13,True,6.189396652962546e-13,0.0,INIT
2025-12-04T20:57:28.292343,1781.508271116,-6.189396652962546e-13,0.0,1.7611734781624315e-19,-6.189396652962546e-13,True,6.189396652962546e-13,0.0,INIT
2025-12-04T20:57:28.304579,1781.520515487,0.0,0.0,0.0,0.0,True,0.0,0.0,INIT
2025-12-04T20:57:28.314914,1781.530841666,0.0,0.0,0.0,0.0,True,0.0,0.0,INIT
2025-12-04T20:57:28.325494,1781.541425178,6.189396652962546e-13,0.0,-1.7611734781624315e-19,6.189396652962546e-13,True,6.189396652962546e-13,0.0,INIT
2025-12-04T20:57:28.358834,1781.574763119,6.189396652962546e-13,0.0,-1.7611734781624315e-19,6.189396652962546e-13,True,6.189396652962546e-13,0.0,INIT
2025-12-04T20:57:28.364080,1781.580030511,-6.189396652962546e-13,0.0,1.7611734781624315e-19,-6.189396652962546e-13,True,6.189396652962546e-13,0.0,INIT
2025-12-04T20:57:28.366645,1781.582577243,-6.189396652962546e-13,0.0,1.7611734781624315e-19,-6.189396652962546e-13,True,6.189396652962546e-13,0.0,INIT
2025-12-04T20:57:28.395203,1781.611132785,-6.189396652962546e-13,0.0,1.7611734781624315e-19,-6.189396652962546e-13,True,6.189396652962546e-13,0.0,INIT
2025-12-04T20:57:28.398768,1781.614705759,-6.189396652962546e-13,0.0,1.7611734781624315e-19,-6.189396652962546e-13,True,6.189396652962546e-13,0.0,INIT
2025-12-04T20:57:28.400333,1781.61627144,-6.189396652962546e-13,0.0,1.7611734781624315e-19,-6.189396652962546e-13,True,6.189396652962546e-13,0.0,INIT
2025-12-04T20:57:28.404371,1781.620307266,-6.189396652962546e-13,0.0,1.7611734781624315e-19,-6.189396652962546e-13,True,6.189396652962546e-13,0.0,INIT
2025-12-04T20:57:28.418946,1781.634878329,0.0,0.09996195636244831,0.18133290213647194,-0.09996195636244831,False,0.09996195636244831,0.0,INIT
2025-12-04T20:57:28.435207,1781.651145626,0.0,0.0,0.0,0.0,False,0.0,0.0,INIT
2025-12-04T20:57:28.440934,1781.656868181,0.0,0.1001812303589773,0.18164740425997775,-0.1001812303589773,False,0.1001812303589773,0.0,INIT
2025-12-04T20:57:28.452494,1781.668430784,0.1677021694913932,0.0,-0.2,0.1677021694913932,False,0.1677021694913932,0.0,INIT
2025-12-04T20:57:28.470692,1781.686628419,0.1677021694913932,0.09866618106086644,-0.13446323061587467,0.06903598843052675,False,0.06903598843052675,0.0,INIT
2025-12-04T20:57:28.479538,1781.695471481,-0.1223767379570131,0.0,0.2,-0.1223767379570131,False,0.1223767379570131,0.0,INIT
2025-12-04T20:57:28.487659,1781.703595335,-0.1223767379570131,0.0,0.2,-0.1223767379570131,False,0.1223767379570131,0.0,INIT
2025-12-04T20:57:28.496785,1781.712722157,0.05091749980871292,0.0,-0.10397572304730981,0.05091749980871292,False,0.05091749980871292,0.0,INIT
2025-12-04T20:57:28.508902,1781.724835104,0.05091749980871292,0.0,-0.10397572304730981,0.05091749980871292,False,0.05091749980871292,0.0,INIT
2025-12-04T20:57:28.535612,1781.75155129,-0.10397572264793595,0.0,0.18705613483489875,-0.10397572264793595,False,0.10397572264793595,0.0,INIT
2025-12-04T20:57:28.538769,1781.754706234,-0.10397572264793595,0.0,0.18705613483489875,-0.10397572264793595,False,0.10397572264793595,0.0,INIT
2025-12-04T20:57:28.540729,1781.756657221,-0.10397572264793595,0.10028173084030323,0.2,-0.20425745348823918,False,0.20425745348823918,0.0,INIT
2025-12-04T20:57:28.552682,1781.768614244,-0.06984754414310008,0.0,0.1357673609418254,-0.06984754414310008,False,0.06984754414310008,0.0,INIT
2025-12-04T20:57:28.563366,1781.779297674,-0.06984754414310008,0.10224482885423125,0.2,-0.17209237299733132,False,0.17209237299733132,0.0,INIT
2025-12-04T20:57:28.576131,1781.792077375,-0.06984754414310008,0.10224482885423125,0.2,-0.17209237299733132,False,0.17209237299733132,0.0,INIT
2025-12-04T20:57:28.601042,1781.816988927,0.1428701536195752,0.10224482885423125,-0.08522888672171465,0.040625324765343945,False,0.040625324765343945,0.0,INIT
2025-12-04T20:57:28.606824,1781.822762267,0.1428701536195752,0.09913853620648361,-0.09101699739674009,0.04373161741309159,False,0.04373161741309159,0.0,INIT
2025-12-04T20:57:28.612634,1781.828567394,0.2000000000106253,0.0,-0.2,0.2000000000106253,False,0.2000000000106253,0.0,INIT
2025-12-04T20:57:28.625834,1781.841767595,0.2000000000106253,0.0,-0.2,0.2000000000106253,False,0.2000000000106253,0.0,INIT
2025-12-04T20:57:28.634838,1781.850770967,-0.03829824989547163,0.0,0.08081142860073362,-0.03829824989547163,False,0.03829824989547163,0.0,INIT
2025-12-04T20:57:28.648316,1781.864251841,-0.16587230816381265,0.0,0.2,-0.16587230816381265,False,0.16587230816381265,0.0,INIT
2025-12-04T20:57:28.670506,1781.886440607,-0.16587230816381265,0.0,0.2,-0.16587230816381265,False,0.16587230816381265,0.0,INIT
2025-12-04T20:57:28.674339,1781.890271083,0.19999999995987222,0.0,-0.2,0.19999999995987222,False,0.19999999995987222,0.0,INIT
2025-12-04T20:57:28.680176,1781.896106315,0.19999999995987222,0.0,-0.2,0.19999999995987222,False,0.19999999995987222,0.0,INIT
2025-12-04T20:57:28.699201,1781.915137313,-0.07838924938106984,0.0,0.14922329113570068,-0.07838924938106984,False,0.07838924938106984,0.0,INIT
2025-12-04T20:57:28.724002,1781.939936419,-0.07838924938106984,0.0,0.14922329113570068,-0.07838924938106984,False,0.07838924938106984,0.0,INIT
2025-12-04T20:57:28.726862,1781.942790181,-0.04618840200716183,0.0,0.0955123019359645,-0.04618840200716183,False,0.04618840200716183,0.0,INIT
2025-12-04T20:57:28.727529,1781.943458687,-0.04618840200716183,0.0,0.0955123019359645,-0.04618840200716183,False,0.04618840200716183,0.0,INIT
2025-12-04T20:57:28.740195,1781.956128479,0.14922329114659127,0.0,-0.2,0.14922329114659127,False,0.14922329114659127,0.0,INIT
2025-12-04T20:57:28.750193,1781.966124336,0.14922329114659127,0.0,-0.2,0.14922329114659127,False,0.14922329114659127,0.0,INIT
2025-12-04T20:57:28.760464,1781.976394871,-0.04859945110009719,0.0,0.09985728895821146,-0.04859945110009719,False,0.04859945110009719,0.0,INIT
2025-12-04T20:57:28.775077,1781.991047937,-0.04859945110009719,0.0,0.09985728895821146,-0.04859945110009719,False,0.04859945110009719,0.0,INIT
2025-12-04T20:57:28.788143,1782.004080195,0.09985728140801628,0.0,-0.18118269180200414,0.09985728140801628,False,0.09985728140801628,0.0,INIT
2025-12-04T20:57:28.797409,1782.013339692,0.09985728140801628,0.0,-0.18118269180200414,0.09985728140801628,False,0.09985728140801628,0.0,INIT
2025-12-04T20:57:28.808907,1782.02483991,-0.12553412231454092,0.0,0.2,-0.12553412231454092,False,0.12553412231454092,0.0,INIT
2025-12-04T20:57:28.822273,1782.03820361,-0.12553412231454092,0.0,0.2,-0.12553412231454092,False,0.12553412231454092,0.0,INIT
2025-12-04T20:57:28.841403,1782.057335967,0.09023393952003606,0.0,-0.1671529562125403,0.09023393952003606,False,0.09023393952003606,0.0,INIT
2025-12-04T20:57:28.843034,1782.058961148,0.09023393952003606,0.0,-0.1671529562125403,0.09023393952003606,False,0.09023393952003606,0.0,INIT
2025-12-04T20:57:28.853687,1782.06961831,0.2000000000106253,0.0,-0.2,0.2000000000106253,False,0.2000000000106253,0.0,INIT
2025-12-04T20:57:28.864355,1782.080283777,0.2000000000106253,0.0,-0.2,0.2000000000106253,False,0.2000000000106253,0.0,INIT
2025-12-04T20:57:28.885351,1782.101282209,-0.19999998688910442,0.0,0.2,-0.19999998688910442,False,0.19999998688910442,0.0,INIT
2025-12-04T20:57:28.887183,1782.103109632,-0.19999998688910442,0.0,0.2,-0.19999998688910442,False,0.19999998688910442,0.0,INIT
2025-12-04T20:57:28.897686,1782.113614357,-0.16587307793969328,0.0,0.2,-0.16587307793969328,False,0.16587307793969328,0.0,INIT
2025-12-04T20:57:28.909539,1782.125469278,-0.16587307793969328,0.0,0.2,-0.16587307793969328,False,0.16587307793969328,0.0,INIT
2025-12-04T20:57:28.921367,1782.137299696,0.1999999999592533,0.0,-0.2,0.1999999999592533,False,0.1999999999592533,0.0,INIT
2025-12-04T20:57:28.932497,1782.148429191,0.1999999999592533,0.0,-0.2,0.1999999999592533,False,0.1999999999592533,0.0,INIT
2025-12-04T20:57:28.955553,1782.171492718,-0.2000000000106253,0.0,0.2,-0.2000000000106253,False,0.2000000000106253,0.0,INIT
2025-12-04T20:57:28.957733,1782.173664808,-0.2000000000106253,0.0,0.2,-0.2000000000106253,False,0.2000000000106253,0.0,INIT
2025-12-04T20:57:28.966888,1782.182820038,-0.2000000000106253,0.0,0.2,-0.2000000000106253,False,0.2000000000106253,0.0,INIT
2025-12-04T20:57:28.988646,1782.204578924,0.19335163847391054,0.0,-0.2,0.19335163847391054,False,0.19335163847391054,0.0,INIT
2025-12-04T20:57:28.991748,1782.207677399,0.19335163847391054,0.0,-0.2,0.19335163847391054,False,0.19335163847391054,0.0,INIT
2025-12-04T20:57:29.001652,1782.217589009,0.19335163847391054,0.0,-0.2,0.19335163847391054,False,0.19335163847391054,0.0,INIT
2025-12-04T20:57:29.013618,1782.229550429,-0.07838792617409807,0.0,0.1492212429365673,-0.07838792617409807,False,0.07838792617409807,0.0,INIT
2025-12-04T20:57:29.025941,1782.241869139,-0.0811120508261616,0.0,0.1534155309716412,-0.0811120508261616,False,0.0811120508261616,0.0,INIT
2025-12-04T20:57:29.037461,1782.253396578,-0.0811120508261616,0.0,0.1534155309716412,-0.0811120508261616,False,0.0811120508261616,0.0,INIT
2025-12-04T20:57:29.052504,1782.268437904,0.1534155309797636,0.0,-0.2,0.1534155309797636,False,0.1534155309797636,0.0,INIT
2025-12-04T20:57:29.058480,1782.274407592,0.1534155309797636,0.0,-0.2,0.1534155309797636,False,0.1534155309797636,0.0,INIT
2025-12-04T20:57:29.070596,1782.28653235,-0.03616990858647101,0.0,0.07670639707821995,-0.03616990858647101,False,0.03616990858647101,0.0,INIT
2025-12-04T20:57:29.081481,1782.297415368,-0.03616990858647101,0.0,0.07670639707821995,-0.03616990858647101,False,0.03616990858647101,0.0,INIT
2025-12-04T20:57:29.101906,1782.317849134,0.02279041092554754,0.0,-0.049252899883563,0.02279041092554754,False,0.02279041092554754,0.0,INIT
2025-12-04T20:57:29.105852,1782.321795206,0.02279041092554754,0.0,-0.049252899883563,0.02279041092554754,False,0.02279041092554754,0.0,INIT
2025-12-04T20:57:29.119545,1782.33547716,0.02279041092554754,0.0,-0.049252899883563,0.02279041092554754,False,0.02279041092554754,0.0,INIT
2025-12-04T20:57:29.126513,1782.342443746,0.009203295827637865,0.0,-0.01800229927366718,0.009203295827637865,False,0.009203295827637865,0.0,INIT
2025-12-04T20:57:29.138129,1782.354065825,0.009203295827637865,0.0,-0.01800229927366718,0.009203295827637865,False,0.009203295827637865,0.0,INIT
2025-12-04T20:57:29.148377,1782.36430755,-0.021127371688603243,0.0,0.045613652770212565,-0.021127371688603243,False,0.021127371688603243,0.0,INIT
2025-12-04T20:57:29.162061,1782.377990935,-0.021127371688603243,0.0,0.045613652770212565,-0.021127371688603243,False,0.021127371688603243,0.0,INIT
2025-12-04T20:57:29.173538,1782.389476043,0.038634218713239764,0.0,-0.08145367518197648,0.038634218713239764,False,0.038634218713239764,0.0,INIT
2025-12-04T20:57:29.183169,1782.399099298,0.038634218713239764,0.0,-0.08145367518197648,0.038634218713239764,False,0.038634218713239764,0.0,INIT
2025-12-04T20:57:29.194293,1782.410222276,-0.03503970997859872,0.0,0.07450017099851218,-0.03503970997859872,False,0.03503970997859872,0.0,INIT
2025-12-04T20:57:29.210441,1782.426373546,0.013642885420841683,0.0,-0.02855223545994511,0.013642885420841683,False,0.013642885420841683,0.0,INIT
2025-12-04T20:57:29.219649,1782.435594038,0.013642885420841683,0.0,-0.02855223545994511,0.013642885420841683,False,0.013642885420841683,0.0,INIT
2025-12-04T20:57:29.230754,1782.446684558,-0.028552235018109624,0.0,0.06145236843832974,-0.028552235018109624,False,0.028552235018109624,0.0,INIT
2025-12-04T20:57:29.244078,1782.460020806,-0.028552235018109624,0.0,0.06145236843832974,-0.028552235018109624,False,0.028552235018109624,0.0,INIT
2025-12-04T20:57:29.375873,1782.591805041,0.06145236843928118,0.0,-0.12203911083145424,0.06145236843928118,False,0.06145236843928118,0.0,INIT
2025-12-04T20:57:29.384785,1782.600732838,0.06145236843928118,0.0,-0.12203911083145424,0.06145236843928118,False,0.06145236843928118,0.0,INIT
2025-12-04T20:57:29.385651,1782.601578484,0.06145236843928118,0.0,-0.12203911083145424,0.06145236843928118,False,0.06145236843928118,0.0,INIT
2025-12-04T20:57:29.386417,1782.602345422,0.06145236843928118,0.0,-0.12203911083145424,0.06145236843928118,False,0.06145236843928118,0.0,INIT
2025-12-04T20:57:29.387568,1782.603496116,0.06145236843928118,0.0,-0.12203911083145424,0.06145236843928118,False,0.06145236843928118,0.0,INIT
2025-12-04T20:57:29.392319,1782.608246464,-0.009374749844243465,0.0,0.018411762557102702,-0.009374749844243465,False,0.009374749844243465,0.0,INIT
2025-12-04T20:57:29.393300,1782.60922701,-0.009374749844243465,0.0,0.018411762557102702,-0.009374749844243465,False,0.009374749844243465,0.0,INIT
2025-12-04T20:57:29.394074,1782.610011533,-0.009374749844243465,0.0,0.018411762557102702,-0.009374749844243465,False,0.009374749844243465,0.0,INIT
2025-12-04T20:57:29.394538,1782.610463839,-0.009374749844243465,0.0,0.018411762557102702,-0.009374749844243465,False,0.009374749844243465,0.0,INIT
2025-12-04T20:57:29.394966,1782.610889855,-0.009374749844243465,0.0,0.018411762557102702,-0.009374749844243465,False,0.009374749844243465,0.0,INIT
2025-12-04T20:57:29.395554,1782.611479126,-0.009374749844243465,0.0,0.018411762557102702,-0.009374749844243465,False,0.009374749844243465,0.0,INIT
2025-12-04T20:57:29.396918,1782.612846799,-0.009374749844243465,0.0,0.018411762557102702,-0.009374749844243465,False,0.009374749844243465,0.0,INIT
2025-12-04T20:57:29.402286,1782.61822479,-0.009374749844243465,0.0,0.018411762557102702,-0.009374749844243465,False,0.009374749844243465,0.0,INIT
2025-12-04T20:57:29.414407,1782.630343331,0.007441831334517504,0.0,-0.013812224103203123,0.007441831334517504,False,0.007441831334517504,0.0,INIT
2025-12-04T20:57:29.423502,1782.639433209,0.007441831334517504,0.0,-0.013812224103203123,0.007441831334517504,False,0.007441831334517504,0.0,INIT
2025-12-04T20:57:29.435029,1782.65096668,-0.013812224104064574,0.0,0.02894997455433484,-0.013812224104064574,False,0.013812224104064574,0.0,INIT
2025-12-04T20:57:29.445450,1782.661381418,-0.013812224104064574,0.0,0.02894997455433484,-0.013812224104064574,False,0.013812224104064574,0.0,INIT
2025-12-04T20:57:29.471620,1782.687559801,0.028949974546143502,0.0,-0.062272275893427036,0.028949974546143502,False,0.028949974546143502,0.0,INIT
2025-12-04T20:57:29.476578,1782.69251044,0.02894997455171396,0.0,-0.06227227590489091,0.02894997455171396,False,0.02894997455171396,0.0,INIT
2025-12-04T20:57:29.502067,1782.718012566,0.02894997455171396,0.0,-0.06227227590489091,0.02894997455171396,False,0.02894997455171396,0.0,INIT
2025-12-04T20:57:29.505906,1782.721842205,-0.06227227590694602,0.0,0.12340402475504439,-0.06227227590694602,False,0.06227227590694602,0.0,INIT
2025-12-04T20:57:29.507127,1782.723059629,-0.06227227590694602,0.0,0.12340402475504439,-0.06227227590694602,False,0.06227227590694602,0.0,INIT
2025-12-04T20:57:29.544256,1782.760197491,-0.06227227590694602,0.0,0.12340402475504439,-0.06227227590694602,False,0.06227227590694602,0.0,INIT
2025-12-04T20:57:29.548231,1782.764168351,0.12340402476485898,0.0,-0.2,0.12340402476485898,False,0.12340402476485898,0.0,INIT
2025-12-04T20:57:29.550128,1782.766055543,0.12340402476485898,0.0,-0.2,0.12340402476485898,False,0.12340402476485898,0.0,INIT
2025-12-04T20:57:29.550949,1782.766877022,0.12340402476485898,0.0,-0.2,0.12340402476485898,False,0.12340402476485898,0.0,INIT
2025-12-04T20:57:29.561505,1782.777436377,0.006022050642278445,0.0,-0.010491736762935263,0.006022050642278445,False,0.006022050642278445,0.0,INIT
2025-12-04T20:57:29.572067,1782.788012518,0.006022050642278445,0.0,-0.010491736762935263,0.006022050642278445,False,0.006022050642278445,0.0,INIT
2025-12-04T20:57:29.585549,1782.801483491,0.006022050642278445,0.0,-0.010491736762935263,0.006022050642278445,False,0.006022050642278445,0.0,INIT
2025-12-04T20:57:29.594678,1782.81060897,-0.010491736768413609,0.0,0.02107957194405716,-0.010491736768413609,False,0.010491736768413609,0.0,INIT
2025-12-04T20:57:29.605134,1782.821068273,-0.010491736768413609,0.0,0.02107957194405716,-0.010491736768413609,False,0.010491736768413609,0.0,INIT
2025-12-04T20:57:29.617925,1782.833860676,0.01476529772254195,0.0,-0.03117943211140466,0.01476529772254195,False,0.01476529772254195,0.0,INIT
2025-12-04T20:57:29.627152,1782.843090185,0.01476529772254195,0.0,-0.03117943211140466,0.01476529772254195,False,0.01476529772254195,0.0,INIT
2025-12-04T20:57:29.651924,1782.867884314,-0.02072761064296641,0.0,0.044730620258393444,-0.02072761064296641,False,0.02072761064296641,0.0,INIT
2025-12-04T20:57:29.653686,1782.869621276,-0.02072761064296641,0.0,0.044730620258393444,-0.02072761064296641,False,0.02072761064296641,0.0,INIT
2025-12-04T20:57:29.662055,1782.877984501,-0.0311794321099636,0.0,0.06681832557919218,-0.0311794321099636,False,0.0311794321099636,0.0,INIT
2025-12-04T20:57:29.671783,1782.887711652,-0.0311794321099636,0.0,0.06681832557919218,-0.0311794321099636,False,0.0311794321099636,0.0,INIT
2025-12-04T20:57:29.683578,1782.899511275,0.062400775791159734,0.0,-0.12361744456917492,0.062400775791159734,False,0.062400775791159734,0.0,INIT
2025-12-04T20:57:29.743413,1782.959345655,0.062400775791159734,0.0,-0.12361744456917492,0.062400775791159734,False,0.062400775791159734,0.0,INIT
2025-12-04T20:57:29.747705,1782.963638484,-0.12361744457923907,0.0,0.2,-0.12361744457923907,False,0.12361744457923907,0.0,INIT
2025-12-04T20:57:29.748703,1782.964633741,-0.12361744457923907,0.0,0.2,-0.12361744457923907,False,0.12361744457923907,0.0,INIT
2025-12-04T20:57:29.759693,1782.975625664,-0.12361744457923907,0.0,0.2,-0.12361744457923907,False,0.12361744457923907,0.0,INIT
2025-12-04T20:57:29.760938,1782.976864151,-0.12361744457923907,0.0,0.2,-0.12361744457923907,False,0.12361744457923907,0.0,INIT
2025-12-04T20:57:29.762626,1782.978559279,-0.12361744457923907,0.0,0.2,-0.12361744457923907,False,0.12361744457923907,0.0,INIT
2025-12-04T20:57:29.763579,1782.979511283,-0.12361744457923907,0.0,0.2,-0.12361744457923907,False,0.12361744457923907,0.0,INIT
2025-12-04T20:57:29.772193,1782.988129308,0.17083635988401513,0.10151097919415486,-0.13492880756820533,0.06932538068986027,False,0.06932538068986027,0.0,INIT
2025-12-04T20:57:29.783145,1782.999077626,0.17083635988401513,0.10112499364005156,-0.1355488562797696,0.06971136624396357,False,0.06971136624396357,0.0,INIT
2025-12-04T20:57:29.794372,1783.010302843,0.17083635988401513,0.10112499364005156,-0.1355488562797696,0.06971136624396357,False,0.06971136624396357,0.0,INIT
2025-12-04T20:57:29.806867,1783.022806048,-0.10280398277795708,0.10112499364005156,0.2,-0.20392897641800864,False,0.20392897641800864,0.0,INIT
2025-12-04T20:57:29.819062,1783.034994639,-0.10280398277795708,0.10057591255073506,0.2,-0.20337989532869213,False,0.20337989532869213,0.0,INIT
2025-12-04T20:57:29.827624,1783.043556353,0.1450776027479031,0.0,-0.2,0.1450776027479031,False,0.1450776027479031,0.0,INIT
2025-12-04T20:57:29.840568,1783.056508052,0.1450776027479031,0.10068017523708273,-0.0922422545925182,0.044397427510820375,False,0.044397427510820375,0.0,INIT
2025-12-04T20:57:29.852101,1783.06804693,-0.11264536948777921,0.0,0.19918724676113203,-0.11264536948777921,False,0.11264536948777921,0.0,INIT
2025-12-04T20:57:29.864135,1783.08007017,-0.11264536948777921,0.1001153343696366,0.2,-0.2127607038574158,False,0.2127607038574158,0.0,INIT
2025-12-04T20:57:29.878513,1783.094452551,-0.11264536948777921,0.0,0.19918724676113203,-0.11264536948777921,False,0.11264536948777921,0.0,INIT
2025-12-04T20:57:29.886381,1783.102316756,-0.11264536948777921,0.1001153343696366,0.2,-0.2127607038574158,False,0.2127607038574158,0.0,INIT
2025-12-04T20:57:29.895893,1783.11182065,0.19983744502744621,0.0,-0.2,0.19983744502744621,False,0.19983744502744621,0.0,INIT
2025-12-04T20:57:29.908135,1783.12406939,0.0016110871831355594,0.0,-0.001538967634832165,0.0016110871831355594,False,0.0016110871831355594,0.0,INIT
2025-12-04T20:57:29.922249,1783.138184081,0.0016110871831355594,0.0,-0.001538967634832165,0.0016110871831355594,False,0.0016110871831355594,0.0,INIT
2025-12-04T20:57:29.931924,1783.147853843,0.0016110871831355594,0.0,-0.001538967634832165,0.0016110871831355594,False,0.0016110871831355594,0.0,INIT
2025-12-04T20:57:29.953466,1783.169427626,-0.0015389676395038696,0.0,0.001432594151818907,-0.0015389676395038696,False,0.0015389676395038696,0.0,INIT
2025-12-04T20:57:29.959697,1783.175625117,-0.0015389676395038696,0.0,0.001432594151818907,-0.0015389676395038696,False,0.0015389676395038696,0.0,INIT
2025-12-04T20:57:29.969296,1783.185241675,-0.0006475002771663446,0.0,0.0003563364669333242,-0.0006475002771663446,False,0.0006475002771663446,0.0,INIT
2025-12-04T20:57:29.978594,1783.19452895,-0.0006475002771663446,0.0,0.0003563364669333242,-0.0006475002771663446,False,0.0006475002771663446,0.0,INIT
2025-12-04T20:57:29.995344,1783.211278024,0.0003563364708220149,0.0,-0.0001327260942515415,0.0003563364708220149,False,0.0003563364708220149,0.0,INIT
2025-12-04T20:57:30.001382,1783.217320881,0.0003563364708220149,0.0,-0.0001327260942515415,0.0003563364708220149,False,0.0003563364708220149,0.0,INIT
2025-12-04T20:57:30.014606,1783.230540144,-0.00013272609213778634,0.0,2.5310423969849357e-05,-0.00013272609213778634,True,0.00013272609213778634,0.0,INIT
2025-12-04T20:57:30.026736,1783.242666776,-0.00013272609213778634,0.0,2.5310423969849357e-05,-0.00013272609213778634,True,0.00013272609213778634,0.0,INIT
2025-12-04T20:57:30.034158,1783.250087415,2.5310422901953128e-05,0.0,-1.5293650242562087e-06,2.5310422901953128e-05,True,2.5310422901953128e-05,0.0,INIT
2025-12-04T20:57:30.045070,1783.261013025,2.5310422901953128e-05,0.0,-1.5293650242562087e-06,2.5310422901953128e-05,True,2.5310422901953128e-05,0.0,INIT
2025-12-04T20:57:30.059960,1783.275894623,-1.5293658712654534e-06,0.0,1.2989814705084777e-08,-1.5293658712654534e-06,True,1.5293658712654534e-06,0.0,INIT
2025-12-04T20:57:30.068135,1783.284075019,-1.5293658712654534e-06,0.0,1.2989814705084777e-08,-1.5293658712654534e-06,True,1.5293658712654534e-06,0.0,INIT
2025-12-04T20:57:30.079891,1783.295821007,1.2993400393564271e-08,0.0,-3.920380607579597e-12,1.2993400393564271e-08,True,1.2993400393564271e-08,0.0,INIT
2025-12-04T20:57:30.090864,1783.306794046,1.2993400393564271e-08,0.0,-3.920380607579597e-12,1.2993400393564271e-08,True,1.2993400393564271e-08,0.0,INIT
2025-12-04T20:57:30.113000,1783.32893516,0.0,0.0,0.0,0.0,True,0.0,0.0,INIT
2025-12-04T20:57:30.118324,1783.334261327,0.0,0.0,0.0,0.0,True,0.0,0.0,INIT
2025-12-04T20:57:30.131270,1783.34720487,-6.189396652962546e-13,0.0,1.7611734781624315e-19,-6.189396652962546e-13,True,6.189396652962546e-13,0.0,INIT
2025-12-04T20:57:30.147564,1783.363498152,-6.189396652962546e-13,0.0,1.7611734781624315e-19,-6.189396652962546e-13,True,6.189396652962546e-13,0.0,INIT
2025-12-04T20:57:30.149531,1783.365461024,-6.189396652962546e-13,0.09990967066740941,0.18125787744705854,-0.09990967066802835,False,0.09990967066802835,0.0,INIT
2025-12-04T20:57:30.161826,1783.377759378,-6.189396652962546e-13,0.0,1.7611734781624315e-19,-6.189396652962546e-13,False,6.189396652962546e-13,0.0,INIT
2025-12-04T20:57:30.173126,1783.389055286,-6.189396652962546e-13,0.10017114098988511,0.18163293793797386,-0.10017114099050405,False,0.10017114099050405,0.0,INIT
2025-12-04T20:57:30.183589,1783.399525163,0.024920617358476477,0.0,-0.0538354120909788,0.024920617358476477,False,0.024920617358476477,0.0,INIT
2025-12-04T20:57:30.197470,1783.413401117,0.024920617358476477,0.09953782292743218,0.1433400620282441,-0.07461720556895571,False,0.07461720556895571,0.0,INIT
2025-12-04T20:57:30.205300,1783.421230376,-0.010642749651448277,0.0,0.02143996111024805,-0.010642749651448277,False,0.010642749651448277,0.0,INIT
2025-12-04T20:57:30.216227,1783.432159948,-0.010642749651448277,0.0,0.02143996111024805,-0.010642749651448277,False,0.010642749651448277,0.0,INIT
2025-12-04T20:57:30.241025,1783.45695535,0.02143996124764109,0.0,-0.04630189771153498,0.02143996124764109,False,0.02143996124764109,0.0,INIT
2025-12-04T20:57:30.242720,1783.45865365,0.02143996124764109,0.0,-0.04630189771153498,0.02143996124764109,False,0.02143996124764109,0.0,INIT
2025-12-04T20:57:30.248947,1783.464878012,0.021439961113950117,0.0,-0.04630189741759882,0.021439961113950117,False,0.021439961113950117,0.0,INIT
2025-12-04T20:57:30.265899,1783.481830199,0.021439961113950117,0.0,-0.04630189741759882,0.021439961113950117,False,0.021439961113950117,0.0,INIT
2025-12-04T20:57:30.289001,1783.504934691,-0.04630189741798589,0.0,0.0957182851152678,-0.04630189741798589,False,0.04630189741798589,0.0,INIT
2025-12-04T20:57:30.291304,1783.507235312,-0.04630189741798589,0.0,0.0957182851152678,-0.04630189741798589,False,0.04630189741798589,0.0,INIT
2025-12-04T20:57:30.296825,1783.512758799,-0.04630189741798589,0.0,0.0957182851152678,-0.04630189741798589,False,0.04630189741798589,0.0,INIT
2025-12-04T20:57:30.303970,1783.51990975,-0.04055780860827511,0.0,0.08510172768734214,-0.04055780860827511,False,0.04055780860827511,0.0,INIT
2025-12-04T20:57:30.315395,1783.531323199,-0.04055780860827511,0.0,0.08510172768734214,-0.04055780860827511,False,0.04055780860827511,0.0,INIT
2025-12-04T20:57:30.326482,1783.542409481,0.08722504337084208,0.0,-0.16267165470408015,0.08722504337084208,False,0.08722504337084208,0.0,INIT
2025-12-04T20:57:30.342164,1783.558093084,-0.04599954506964003,0.0,0.09516922074830399,-0.04599954506964003,False,0.04599954506964003,0.0,INIT
2025-12-04T20:57:30.353828,1783.569767498,-0.04599954506964003,0.0,0.09516922074830399,-0.04599954506964003,False,0.04599954506964003,0.0,INIT
2025-12-04T20:57:30.385792,1783.601722016,0.09516922075768786,0.0,-0.17440358847965115,0.09516922075768786,False,0.09516922075768786,0.0,INIT
2025-12-04T20:57:30.387950,1783.603887246,0.09516922075768786,0.0,-0.17440358847965115,0.09516922075768786,False,0.09516922075768786,0.0,INIT
2025-12-04T20:57:30.389314,1783.605240129,0.09516922075768786,0.0,-0.17440358847965115,0.09516922075768786,False,0.09516922075768786,0.0,INIT
2025-12-04T20:57:30.396956,1783.612885985,0.09516922075768786,0.0,-0.17440358847965115,0.09516922075768786,False,0.09516922075768786,0.0,INIT
2025-12-04T20:57:30.409476,1783.625407536,-0.17008675633018294,0.0,0.2,-0.17008675633018294,False,0.17008675633018294,0.0,INIT
2025-12-04T20:57:30.421283,1783.637218401,-0.17008675633018294,0.0,0.2,-0.17008675633018294,False,0.17008675633018294,0.0,INIT
2025-12-04T20:57:30.435869,1783.651805321,0.17249705315208924,0.0,-0.2,0.17249705315208924,False,0.17249705315208924,0.0,INIT
2025-12-04T20:57:30.441994,1783.657921294,0.17249705315208924,0.0,-0.2,0.17249705315208924,False,0.17249705315208924,0.0,INIT
2025-12-04T20:57:30.454370,1783.670302127,-0.038389387304821464,0.0,0.08098580141143932,-0.038389387304821464,False,0.038389387304821464,0.0,INIT
2025-12-04T20:57:30.464897,1783.68082774,-0.038389387304821464,0.0,0.08098580141143932,-0.038389387304821464,False,0.038389387304821464,0.0,INIT
2025-12-04T20:57:30.485892,1783.701830813,0.06443691360437342,0.0,-0.12698156759433568,0.06443691360437342,False,0.06443691360437342,0.0,INIT
2025-12-04T20:57:30.488613,1783.704544722,0.06443691360437342,0.0,-0.12698156759433568,0.06443691360437342,False,0.06443691360437342,0.0,INIT
2025-12-04T20:57:30.503303,1783.719232868,0.08098580141276032,0.0,-0.15322212402319216,0.08098580141276032,False,0.08098580141276032,0.0,INIT
2025-12-04T20:57:30.509757,1783.725685376,0.08098580141276032,0.0,-0.15322212402319216,0.08098580141276032,False,0.08098580141276032,0.0,INIT
2025-12-04T20:57:30.521728,1783.73765899,0.08098580141276032,0.0,-0.15322212402319216,0.08098580141276032,False,0.08098580141276032,0.0,INIT
2025-12-04T20:57:30.531777,1783.747704948,-0.1532221240168447,0.0,0.2,-0.1532221240168447,False,0.1532221240168447,0.0,INIT
2025-12-04T20:57:30.542537,1783.758466145,-0.1532221240168447,0.0,0.2,-0.1532221240168447,False,0.1532221240168447,0.0,INIT
2025-12-04T20:57:30.554318,1783.770250721,0.07164842941846095,0.0,-0.13864477652538537,0.07164842941846095,False,0.07164842941846095,0.0,INIT
2025-12-04T20:57:30.565715,1783.781643285,0.04728526514917138,0.0,-0.09749693905742503,0.04728526514917138,False,0.04728526514917138,0.0,INIT
2025-12-04T20:57:30.581946,1783.79788198,0.04728526514917138,0.09821885066655334,0.10400410728532,-0.05093358551738196,False,0.05093358551738196,0.0,INIT
2025-12-04T20:57:30.593611,1783.80954856,0.04728526514917138,0.0,-0.09749693905742503,0.04728526514917138,False,0.04728526514917138,0.0,INIT
2025-12-04T20:57:30.604626,1783.82055654,-0.04321890831464272,0.0,0.09006985963326102,-0.04321890831464272,False,0.04321890831464272,0.0,INIT
2025-12-04T20:57:30.615617,1783.831552948,-0.04321890831464272,0.0,0.09006985963326102,-0.04321890831464272,False,0.04321890831464272,0.0,INIT
2025-12-04T20:57:30.628243,1783.844175548,-0.025855814660034653,0.10006429036210163,0.2,-0.12592010502213627,False,0.12592010502213627,0.0,INIT
2025-12-04T20:57:30.635321,1783.851271503,-0.025855814660034653,0.0,0.055819943153410184,-0.025855814660034653,False,0.025855814660034653,0.0,INIT
2025-12-04T20:57:30.652777,1783.868718919,-0.025855814660034653,0.10010106328193569,0.2,-0.12595687794197033,False,0.12595687794197033,0.0,INIT
2025-12-04T20:57:30.658776,1783.874708659,0.06156378436880265,0.0,-0.12222490989327899,0.06156378436880265,False,0.06156378436880265,0.0,INIT
2025-12-04T20:57:30.677459,1783.893392506,0.06156378436880265,0.0985330636700672,0.07825566329802865,-0.03696927930126455,False,0.03696927930126455,0.0,INIT
2025-12-04T20:57:30.685034,1783.900985139,-0.11827439440814039,0.0,0.2,-0.11827439440814039,False,0.11827439440814039,0.0,INIT
2025-12-04T20:57:30.692821,1783.908756927,-0.11827439440814039,0.0,0.2,-0.11827439440814039,False,0.11827439440814039,0.0,INIT
2025-12-04T20:57:30.705235,1783.921183911,-0.11827439440814039,0.0,0.2,-0.11827439440814039,False,0.11827439440814039,0.0,INIT
2025-12-04T20:57:30.719894,1783.935831987,0.19999999984846312,0.0,-0.2,0.19999999984846312,False,0.19999999984846312,0.0,INIT
2025-12-04T20:57:30.726487,1783.942418727,0.19999999984846312,0.0,-0.2,0.19999999984846312,False,0.19999999984846312,0.0,INIT
2025-12-04T20:57:30.738930,1783.95486106,-0.11264426135181912,0.0,0.19918571535340493,-0.11264426135181912,False,0.11264426135181912,0.0,INIT
2025-12-04T20:57:30.748398,1783.964329269,-0.11264426135181912,0.0,0.19918571535340493,-0.11264426135181912,False,0.11264426135181912,0.0,INIT
2025-12-04T20:57:30.760274,1783.976214756,0.14086066764915386,0.0,-0.2,0.14086066764915386,False,0.14086066764915386,0.0,INIT
2025-12-04T20:57:30.778278,1783.994207297,0.14086066764915386,0.0,-0.2,0.14086066764915386,False,0.14086066764915386,0.0,INIT
2025-12-04T20:57:30.795541,1784.011476323,0.14086066764915386,0.0,-0.2,0.14086066764915386,False,0.14086066764915386,0.0,INIT
2025-12-04T20:57:30.798470,1784.014401634,-0.1995230087746465,0.0,0.2,-0.1995230087746465,False,0.1995230087746465,0.0,INIT
2025-12-04T20:57:30.804283,1784.020220475,-0.1995230087746465,0.0,0.2,-0.1995230087746465,False,0.1995230087746465,0.0,INIT
2025-12-04T20:57:30.819665,1784.035608178,-0.14323301255890908,0.0,0.2,-0.14323301255890908,False,0.14323301255890908,0.0,INIT
2025-12-04T20:57:30.827483,1784.043416486,-0.14323301255890908,0.0,0.2,-0.14323301255890908,False,0.14323301255890908,0.0,INIT
2025-12-04T20:57:30.856278,1784.072211132,0.2000000000106253,0.10157874220976115,-0.17911695900523483,0.09842125780086414,False,0.09842125780086414,0.0,INIT
2025-12-04T20:57:30.858262,1784.074196309,0.2000000000106253,0.09804469951279327,-0.18418404870043453,0.10195530049783202,False,0.10195530049783202,0.0,INIT
2025-12-04T20:57:30.861680,1784.077611125,0.2000000000106253,0.0,-0.2,0.2000000000106253,False,0.2000000000106253,0.0,INIT
2025-12-04T20:57:30.872146,1784.088085326,0.2000000000106253,0.0,-0.2,0.2000000000106253,False,0.2000000000106253,0.0,INIT
2025-12-04T20:57:30.882476,1784.098408729,-0.1642607116156144,0.0,0.2,-0.1642607116156144,False,0.1642607116156144,0.0,INIT
2025-12-04T20:57:30.893379,1784.109315136,-0.1642607116156144,0.0,0.2,-0.1642607116156144,False,0.1642607116156144,0.0,INIT
2025-12-04T20:57:30.905440,1784.121384808,-0.1642607116156144,0.0,0.2,-0.1642607116156144,False,0.1642607116156144,0.0,INIT
2025-12-04T20:57:30.915461,1784.13139422,0.19999999700567322,0.0,-0.2,0.19999999700567322,False,0.19999999700567322,0.0,INIT
2025-12-04T20:57:30.927075,1784.143027259,0.19999999700567322,0.0,-0.2,0.19999999700567322,False,0.19999999700567322,0.0,INIT
2025-12-04T20:57:30.937787,1784.153718513,-0.07838789899583842,0.0,0.1492212008670817,-0.07838789899583842,False,0.07838789899583842,0.0,INIT
2025-12-04T20:57:30.947581,1784.163511241,-0.07838789899583842,0.0,0.1492212008670817,-0.07838789899583842,False,0.07838789899583842,0.0,INIT
2025-12-04T20:57:30.968388,1784.184335819,-0.07838789899583842,0.0,0.1492212008670817,-0.07838789899583842,False,0.07838789899583842,0.0,INIT
2025-12-04T20:57:30.971779,1784.187715196,0.14149741355687723,0.0,-0.2,0.14149741355687723,False,0.14149741355687723,0.0,INIT
2025-12-04T20:57:30.981610,1784.197543884,0.14149741355687723,0.0,-0.2,0.14149741355687723,False,0.14149741355687723,0.0,INIT
2025-12-04T20:57:30.991417,1784.207346964,0.06418113353578074,0.0,-0.12656076345545225,0.06418113353578074,False,0.06418113353578074,0.0,INIT
2025-12-04T20:57:31.019825,1784.235789508,-0.1722245898817156,0.0,0.2,-0.1722245898817156,False,0.1722245898817156,0.0,INIT
2025-12-04T20:57:31.022710,1784.238642536,-0.1722245898817156,0.0,0.2,-0.1722245898817156,False,0.1722245898817156,0.0,INIT
2025-12-04T20:57:31.029994,1784.245947436,-0.1722245898817156,0.0,0.2,-0.1722245898817156,False,0.1722245898817156,0.0,INIT
2025-12-04T20:57:31.038243,1784.254190221,-0.1722245898817156,0.0,0.2,-0.1722245898817156,False,0.1722245898817156,0.0,INIT
2025-12-04T20:57:31.069070,1784.285022852,0.1856008662686753,0.0,-0.2,0.1856008662686753,False,0.1856008662686753,0.0,INIT
2025-12-04T20:57:31.070853,1784.286782859,0.2000000000106253,0.0,-0.2,0.2000000000106253,False,0.2000000000106253,0.0,INIT
2025-12-04T20:57:31.092220,1784.308161773,0.2000000000106253,0.0,-0.2,0.2000000000106253,False,0.2000000000106253,0.0,INIT
2025-12-04T20:57:31.096556,1784.312483982,-0.07838855734153538,0.0,0.14922221992534998,-0.07838855734153538,False,0.07838855734153538,0.0,INIT
2025-12-04T20:57:31.097750,1784.313679352,-0.07838855734153538,0.0,0.14922221992534998,-0.07838855734153538,False,0.07838855734153538,0.0,INIT
2025-12-04T20:57:31.106400,1784.322330582,-0.07838855734153538,0.0,0.14922221992534998,-0.07838855734153538,False,0.07838855734153538,0.0,INIT
2025-12-04T20:57:31.118467,1784.334404111,-0.08111138224196472,0.0,0.1534145069851466,-0.08111138224196472,False,0.08111138224196472,0.0,INIT
2025-12-04T20:57:31.129960,1784.345890254,-0.08111138224196472,0.0,0.1534145069851466,-0.08111138224196472,False,0.08111138224196472,0.0,INIT
2025-12-04T20:57:31.140364,1784.356294516,0.15131836180880456,0.0,-0.2,0.15131836180880456,False,0.15131836180880456,0.0,INIT
2025-12-04T20:57:31.156079,1784.372019531,0.15131836180880456,0.0,-0.2,0.15131836180880456,False,0.15131836180880456,0.0,INIT
2025-12-04T20:57:31.162818,1784.378748536,-0.07151294832127213,0.0,0.13842908872675927,-0.07151294832127213,False,0.07151294832127213,0.0,INIT
2025-12-04T20:57:31.174195,1784.390126257,-0.07151294832127213,0.0,0.13842908872675927,-0.07151294832127213,False,0.07151294832127213,0.0,INIT
2025-12-04T20:57:31.185416,1784.401355794,0.054221927664176085,0.0,-0.10975241455864196,0.054221927664176085,False,0.054221927664176085,0.0,INIT
2025-12-04T20:57:31.196229,1784.412157739,0.054221927664176085,0.0,-0.10975241455864196,0.054221927664176085,False,0.054221927664176085,0.0,INIT
2025-12-04T20:57:31.220067,1784.436036086,-0.017611758366813057,0.0,0.03773727676341624,-0.017611758366813057,False,0.017611758366813057,0.0,INIT
2025-12-04T20:57:31.222519,1784.438450837,-0.1097524145612937,0.0,0.19517296650401683,-0.1097524145612937,False,0.1097524145612937,0.0,INIT
2025-12-04T20:57:31.229314,1784.445244178,-0.1097524145612937,0.0,0.19517296650401683,-0.1097524145612937,False,0.1097524145612937,0.0,INIT
2025-12-04T20:57:31.241453,1784.457384046,-0.1097524145612937,0.0,0.19517296650401683,-0.1097524145612937,False,0.1097524145612937,0.0,INIT
2025-12-04T20:57:31.254486,1784.470419131,0.19517296638377107,0.0,-0.2,0.19517296638377107,False,0.19517296638377107,0.0,INIT
2025-12-04T20:57:31.263364,1784.479297225,0.19517296638377107,0.0,-0.2,0.19517296638377107,False,0.19517296638377107,0.0,INIT
2025-12-04T20:57:31.274194,1784.49012206,0.11013219073216111,0.0,-0.19570182517502244,0.11013219073216111,False,0.11013219073216111,0.0,INIT
2025-12-04T20:57:31.288621,1784.504564506,0.11013219073216111,0.0,-0.19570182517502244,0.11013219073216111,False,0.11013219073216111,0.0,INIT
2025-12-04T20:57:31.296936,1784.512869854,-0.19742109681695882,0.0,0.2,-0.19742109681695882,False,0.19742109681695882,0.0,INIT
2025-12-04T20:57:31.320968,1784.536905412,-0.19742109681695882,0.0,0.2,-0.19742109681695882,False,0.19742109681695882,0.0,INIT
2025-12-04T20:57:31.323169,1784.53909738,-0.03732576219704937,0.0,0.07894363995273958,-0.03732576219704937,False,0.03732576219704937,0.0,INIT
2025-12-04T20:57:31.331867,1784.54779699,-0.03732576219704937,0.0,0.07894363995273958,-0.03732576219704937,False,0.03732576219704937,0.0,INIT
2025-12-04T20:57:31.354994,1784.570932034,0.12235735697548573,0.0,-0.2,0.12235735697548573,False,0.12235735697548573,0.0,INIT
2025-12-04T20:57:31.360757,1784.576688275,0.12235735697548573,0.0,-0.2,0.12235735697548573,False,0.12235735697548573,0.0,INIT
2025-12-04T20:57:31.365037,1784.580969457,0.07894363995803073,0.0,-0.15008049429436807,0.07894363995803073,False,0.07894363995803073,0.0,INIT
2025-12-04T20:57:31.376519,1784.592462403,0.07894363995803073,0.0,-0.15008049429436807,0.07894363995803073,False,0.07894363995803073,0.0,INIT
2025-12-04T20:57:31.388640,1784.604577411,0.07894363995803073,0.0,-0.15008049429436807,0.07894363995803073,False,0.07894363995803073,0.0,INIT
2025-12-04T20:57:31.400141,1784.61607764,-0.15008049430119755,0.0,0.2,-0.15008049430119755,False,0.15008049430119755,0.0,INIT
2025-12-04T20:57:31.418597,1784.634536253,-0.15008049430119755,0.0,0.2,-0.15008049430119755,False,0.15008049430119755,0.0,INIT
2025-12-04T20:57:31.422367,1784.638301757,0.16174082341661988,0.0,-0.2,0.16174082341661988,False,0.16174082341661988,0.0,INIT
2025-12-04T20:57:31.440612,1784.656542135,0.16174082341661988,0.0,-0.2,0.16174082341661988,False,0.16174082341661988,0.0,INIT
2025-12-04T20:57:31.445764,1784.661697828,-0.18162062593932402,0.0,0.2,-0.18162062593932402,False,0.18162062593932402,0.0,INIT
2025-12-04T20:57:31.456942,1784.672891371,-0.18162062593932402,0.0,0.2,-0.18162062593932402,False,0.18162062593932402,0.0,INIT
2025-12-04T20:57:31.492218,1784.708162019,0.2000000000106253,0.0,-0.2,0.2000000000106253,False,0.2000000000106253,0.0,INIT
2025-12-04T20:57:31.495953,1784.711887184,0.2000000000106253,0.0,-0.2,0.2000000000106253,False,0.2000000000106253,0.0,INIT
2025-12-04T20:57:31.496998,1784.712925055,0.2000000000106253,0.0,-0.2,0.2000000000106253,False,0.2000000000106253,0.0,INIT
2025-12-04T20:57:31.524364,1784.740295403,0.2000000000106253,0.0,-0.2,0.2000000000106253,False,0.2000000000106253,0.0,INIT
2025-12-04T20:57:31.526582,1784.742517967,-0.19999999700134063,0.0,0.2,-0.19999999700134063,False,0.19999999700134063,0.0,INIT
2025-12-04T20:57:31.528353,1784.744282465,-0.19999999700134063,0.0,0.2,-0.19999999700134063,False,0.19999999700134063,0.0,INIT
2025-12-04T20:57:31.536971,1784.752910397,-0.19999999700134063,0.0,0.2,-0.19999999700134063,False,0.19999999700134063,0.0,INIT
2025-12-04T20:57:31.555921,1784.771856909,-0.08105388320940662,0.0,0.15332643311375888,-0.08105388320940662,False,0.08105388320940662,0.0,INIT
2025-12-04T20:57:31.558654,1784.774585213,-0.08105388320940662,0.0,0.15332643311375888,-0.08105388320940662,False,0.08105388320940662,0.0,INIT
2025-12-04T20:57:31.584060,1784.799998547,0.2000000000106253,0.0,-0.2,0.2000000000106253,False,0.2000000000106253,0.0,INIT
2025-12-04T20:57:31.590905,1784.806838568,0.1533264331171102,0.0,-0.2,0.1533264331171102,False,0.1533264331171102,0.0,INIT
2025-12-04T20:57:31.592106,1784.808035441,0.1533264331171102,0.0,-0.2,0.1533264331171102,False,0.1533264331171102,0.0,INIT
2025-12-04T20:57:31.599106,1784.815039666,0.1533264331171102,0.0,-0.2,0.1533264331171102,False,0.1533264331171102,0.0,INIT
2025-12-04T20:57:31.609789,1784.825717907,-0.07157501289666368,0.0,0.13852791201336548,-0.07157501289666368,False,0.07157501289666368,0.0,INIT
2025-12-04T20:57:31.622306,1784.838277473,-0.07157501289666368,0.0,0.13852791201336548,-0.07157501289666368,False,0.07157501289666368,0.0,INIT
2025-12-04T20:57:31.631869,1784.847801902,-0.07157501289666368,0.0,0.13852791201336548,-0.07157501289666368,False,0.07157501289666368,0.0,INIT
2025-12-04T20:57:31.642150,1784.858079612,0.1385279119276948,0.0,-0.2,0.1385279119276948,False,0.1385279119276948,0.0,INIT
2025-12-04T20:57:31.653645,1784.869579799,0.1385279119276948,0.0,-0.2,0.1385279119276948,False,0.1385279119276948,0.0,INIT
2025-12-04T20:57:31.665229,1784.881160721,-0.1999999990853105,0.0,0.2,-0.1999999990853105,False,0.1999999990853105,0.0,INIT
2025-12-04T20:57:31.677458,1784.8933938,-0.1999999990853105,0.0,0.2,-0.1999999990853105,False,0.1999999990853105,0.0,INIT
2025-12-04T20:57:31.686772,1784.90270461,0.19335002110162725,0.0,-0.2,0.19335002110162725,False,0.19335002110162725,0.0,INIT
2025-12-04T20:57:31.698711,1784.914642429,0.19335002110162725,0.0,-0.2,0.19335002110162725,False,0.19335002110162725,0.0,INIT
2025-12-04T20:57:31.724422,1784.940361778,-0.1933479960176939,0.0,0.2,-0.1933479960176939,False,0.1933479960176939,0.0,INIT
2025-12-04T20:57:31.726323,1784.942252562,-0.1933479960176939,0.0,0.2,-0.1933479960176939,False,0.1933479960176939,0.0,INIT
2025-12-04T20:57:31.732422,1784.948352673,-0.2000000000106253,0.0,0.2,-0.2000000000106253,False,0.2000000000106253,0.0,INIT
2025-12-04T20:57:31.743664,1784.959595911,-0.2000000000106253,0.0,0.2,-0.2000000000106253,False,0.2000000000106253,0.0,INIT
2025-12-04T20:57:31.757899,1784.973833693,-0.2000000000106253,0.0,0.2,-0.2000000000106253,False,0.2000000000106253,0.0,INIT
2025-12-04T20:57:31.765774,1784.981702611,-0.2000000000106253,0.0,0.2,-0.2000000000106253,False,0.2000000000106253,0.0,INIT
2025-12-04T20:57:31.777021,1784.992950192,0.19999999976119262,0.0,-0.2,0.19999999976119262,False,0.19999999976119262,0.0,INIT
2025-12-04T20:57:31.788499,1785.004435876,0.19999999976119262,0.0,-0.2,0.19999999976119262,False,0.19999999976119262,0.0,INIT
2025-12-04T20:57:31.799743,1785.015673107,0.04161119598730271,0.0,-0.08707899623488315,0.04161119598730271,False,0.04161119598730271,0.0,INIT
2025-12-04T20:57:31.812921,1785.028853617,-0.12650363248177215,0.0,0.2,-0.12650363248177215,False,0.12650363248177215,0.0,INIT
2025-12-04T20:57:31.822999,1785.038936996,-0.12650363248177215,0.0,0.2,-0.12650363248177215,False,0.12650363248177215,0.0,INIT
2025-12-04T20:57:31.841959,1785.057889315,0.1995025606414869,0.0,-0.2,0.1995025606414869,False,0.1995025606414869,0.0,INIT
2025-12-04T20:57:31.850358,1785.066297151,0.1995025606414869,0.0,-0.2,0.1995025606414869,False,0.1995025606414869,0.0,INIT
2025-12-04T20:57:31.861997,1785.077930937,0.0810544510283692,0.0,-0.1533273029627175,0.0810544510283692,False,0.0810544510283692,0.0,INIT
2025-12-04T20:57:31.868161,1785.084106689,0.0810544510283692,0.0,-0.1533273029627175,0.0810544510283692,False,0.0810544510283692,0.0,INIT
2025-12-04T20:57:31.879896,1785.095830287,0.0810544510283692,0.0,-0.1533273029627175,0.0810544510283692,False,0.0810544510283692,0.0,INIT
2025-12-04T20:57:31.889968,1785.105902968,0.0810544510283692,0.0,-0.1533273029627175,0.0810544510283692,False,0.0810544510283692,0.0,INIT
2025-12-04T20:57:31.901633,1785.117581763,-0.15332730296748853,0.0,0.2,-0.15332730296748853,False,0.15332730296748853,0.0,INIT
2025-12-04T20:57:31.914808,1785.13073983,-0.09655847074196125,0.0,0.17642318777796234,-0.09655847074196125,False,0.09655847074196125,0.0,INIT
2025-12-04T20:57:31.922633,1785.138566702,-0.09655847074196125,0.0,0.17642318777796234,-0.09655847074196125,False,0.09655847074196125,0.0,INIT
2025-12-04T20:57:31.936079,1785.152019537,0.17642318797127937,0.0,-0.2,0.17642318797127937,False,0.17642318797127937,0.0,INIT
2025-12-04T20:57:31.944737,1785.160664704,0.17642318797127937,0.0,-0.2,0.17642318797127937,False,0.17642318797127937,0.0,INIT
2025-12-04T20:57:31.958838,1785.174778548,-0.09309221871447201,0.0,0.17136686885955849,-0.09309221871447201,False,0.09309221871447201,0.0,INIT
2025-12-04T20:57:31.967437,1785.183371597,-0.09309221871447201,0.0,0.17136686885955849,-0.09309221871447201,False,0.09309221871447201,0.0,INIT
2025-12-04T20:57:31.978135,1785.194064651,0.09888625120914285,0.0,-0.1797868843178934,0.09888625120914285,False,0.09888625120914285,0.0,INIT
2025-12-04T20:57:31.997274,1785.213210314,0.09888625120914285,0.0,-0.1797868843178934,0.09888625120914285,False,0.09888625120914285,0.0,INIT
2025-12-04T20:57:32.007611,1785.223541174,0.09888625120914285,0.0,-0.1797868843178934,0.09888625120914285,False,0.09888625120914285,0.0,INIT
2025-12-04T20:57:32.090892,1785.306824436,-0.17978688433414988,0.0,0.2,-0.17978688433414988,False,0.17978688433414988,0.0,INIT
2025-12-04T20:57:32.099818,1785.315746745,-0.17978688433353093,0.0,0.2,-0.17978688433353093,False,0.17978688433353093,0.0,INIT
2025-12-04T20:57:32.101705,1785.317637088,-0.17978688433353093,0.0,0.2,-0.17978688433353093,False,0.17978688433353093,0.0,INIT
2025-12-04T20:57:32.109568,1785.325492454,-0.17978688433353093,0.0,0.2,-0.17978688433353093,False,0.17978688433353093,0.0,INIT
2025-12-04T20:57:32.108585,1785.324518279,-0.17978688433353093,0.0,0.2,-0.17978688433353093,False,0.17978688433353093,0.0,INIT
2025-12-04T20:57:32.110415,1785.326342252,-0.17978688433353093,0.0,0.2,-0.17978688433353093,False,0.17978688433353093,0.0,INIT
2025-12-04T20:57:32.111420,1785.327347248,-0.17978688433353093,0.10344926027063561,0.2,-0.2832361446041666,False,0.2832361446041666,0.0,INIT
2025-12-04T20:57:32.122738,1785.338683072,-0.17978688433353093,0.10739190459733106,0.2,-0.287178788930862,False,0.287178788930862,0.0,INIT
2025-12-04T20:57:32.125525,1785.341460901,-0.17978688433353093,0.10739190459733106,0.2,-0.287178788930862,False,0.287178788930862,0.0,INIT
2025-12-04T20:57:32.127010,1785.342940631,-0.17978688433353093,0.11134867867905651,0.2,-0.2911355630125875,False,0.2911355630125875,0.0,INIT
2025-12-04T20:57:32.128382,1785.344307225,-0.17978688433353093,0.11134867867905651,0.2,-0.2911355630125875,False,0.2911355630125875,0.0,INIT
2025-12-04T20:57:32.217338,1785.433283186,0.1999999997970911,0.11134867867905651,-0.16480180150996238,0.08865132111803459,False,0.08865132111803459,0.0,INIT
2025-12-04T20:57:32.224140,1785.440073951,0.2000000000106253,0.1091859607641763,-0.16801152429737723,0.09081403924644899,False,0.09081403924644899,0.0,INIT
2025-12-04T20:57:32.231362,1785.44731828,0.2000000000106253,0.1091859607641763,-0.16801152429737723,0.09081403924644899,False,0.09081403924644899,0.0,INIT
2025-12-04T20:57:32.234374,1785.450313707,0.20000000001124424,0.10554275107049094,-0.17336499592139218,0.0944572489407533,False,0.0944572489407533,0.0,INIT
2025-12-04T20:57:32.236447,1785.452380781,0.20000000001124424,0.10554275107049094,-0.17336499592139218,0.0944572489407533,False,0.0944572489407533,0.0,INIT
2025-12-04T20:57:32.238570,1785.454519918,0.20000000001124424,0.10188860560388413,-0.1786699817383142,0.09811139440736011,False,0.09811139440736011,0.0,INIT
2025-12-04T20:57:32.240066,1785.456010479,0.20000000001124424,0.10188860560388413,-0.1786699817383142,0.09811139440736011,False,0.09811139440736011,0.0,INIT
2025-12-04T20:57:32.240920,1785.456860238,0.20000000001124424,0.09822341060861639,-0.18392915032496504,0.10177658940262785,False,0.10177658940262785,0.0,INIT
2025-12-04T20:57:32.242032,1785.457959664,0.20000000001124424,0.0,-0.2,0.20000000001124424,False,0.20000000001124424,0.0,INIT
2025-12-04T20:57:32.243410,1785.459342907,0.20000000001124424,0.0,-0.2,0.20000000001124424,False,0.20000000001124424,0.0,INIT
2025-12-04T20:57:32.248557,1785.464484786,0.20000000001124424,0.0,-0.2,0.20000000001124424,False,0.20000000001124424,0.0,INIT
2025-12-04T20:57:32.290743,1785.506683363,-0.2000000000106253,0.0,0.2,-0.2000000000106253,False,0.2000000000106253,0.0,INIT
2025-12-04T20:57:32.294024,1785.50995699,-0.2000000000106253,0.0,0.2,-0.2000000000106253,False,0.2000000000106253,0.0,INIT
2025-12-04T20:57:32.295543,1785.511474678,-0.2000000000106253,0.0,0.2,-0.2000000000106253,False,0.2000000000106253,0.0,INIT
2025-12-04T20:57:32.296646,1785.512570609,-0.2000000000106253,0.0,0.2,-0.2000000000106253,False,0.2000000000106253,0.0,INIT
2025-12-04T20:57:32.302612,1785.518548287,-0.2000000000106253,0.0,0.2,-0.2000000000106253,False,0.2000000000106253,0.0,INIT
2025-12-04T20:57:32.313052,1785.528984202,-0.14323034734343526,0.10187172837109681,0.2,-0.24510207571453207,False,0.24510207571453207,0.0,INIT
2025-12-04T20:57:32.333368,1785.549300492,-0.14323034734343526,0.10565726905617501,0.2,-0.24888761639961027,False,0.24888761639961027,0.0,INIT
2025-12-04T20:57:32.344061,1785.559992704,0.20000000000381696,0.10565726905617501,-0.17319771375651952,0.09434273094764195,False,0.09434273094764195,0.0,INIT
2025-12-04T20:57:32.347606,1785.563534552,0.20000000000381696,0.1021956128765753,-0.17822668784292275,0.09780438712724165,False,0.09780438712724165,0.0,INIT
2025-12-04T20:57:32.359197,1785.575143704,0.14323087337468637,0.1021956128765753,-0.08599969186502143,0.04103526049811107,False,0.04103526049811107,0.0,INIT
2025-12-04T20:57:32.378937,1785.594868252,0.14323087337468637,0.09910561392743489,-0.09174203539692562,0.044125259447251486,False,0.044125259447251486,0.0,INIT
2025-12-04T20:57:32.383630,1785.599565168,0.14323087337468637,0.0,-0.2,0.14323087337468637,False,0.14323087337468637,0.0,INIT
2025-12-04T20:57:32.393166,1785.609103671,-0.08829662701155641,0.0,0.1642730715262231,-0.08829662701155641,False,0.08829662701155641,0.0,INIT
2025-12-04T20:57:32.402900,1785.618834,-0.08829662701155641,0.0,0.1642730715262231,-0.08829662701155641,False,0.08829662701155641,0.0,INIT
2025-12-04T20:57:32.414976,1785.630908621,0.09533637708936,0.10155316932688985,0.010942028673337564,-0.006216792237529842,False,0.006216792237529842,0.0,INIT
2025-12-04T20:57:32.426015,1785.64196294,0.09533637708936,0.10273820255155108,0.01371769743715488,-0.007401825462191078,False,0.007401825462191078,0.0,INIT
2025-12-04T20:57:32.436899,1785.652837378,0.09533637708936,0.10273820255155108,0.01371769743715488,-0.007401825462191078,False,0.007401825462191078,0.0,INIT
2025-12-04T20:57:32.446660,1785.662591828,0.04093143593851114,0.10273820255155108,0.12262975765748221,-0.061806766613039944,False,0.061806766613039944,0.0,INIT
2025-12-04T20:57:32.460591,1785.676529305,0.04093143593851114,0.1010362052794207,0.11978367258707058,-0.06010476934090956,False,0.06010476934090956,0.0,INIT
2025-12-04T20:57:32.475916,1785.691848487,0.117482654137583,0.1010362052794207,-0.035071575143469085,0.016446448858162308,False,0.016446448858162308,0.0,INIT
2025-12-04T20:57:32.481305,1785.697232026,0.117482654137583,0.1000732676063647,-0.03727628125230077,0.017409386531218304,False,0.017409386531218304,0.0,INIT
2025-12-04T20:57:32.491383,1785.707326319,0.05620667243131853,0.0,-0.11317164445114648,0.05620667243131853,False,0.05620667243131853,0.0,INIT
2025-12-04T20:57:32.503439,1785.719390078,0.05620667243131853,0.09865178824306398,0.08863435326426997,-0.04244511581174545,False,0.04244511581174545,0.0,INIT
2025-12-04T20:57:32.513157,1785.72908709,0.05620667243131853,0.0,-0.11317164445114648,0.05620667243131853,False,0.05620667243131853,0.0,INIT
2025-12-04T20:57:32.524600,1785.740535027,0.02186032031443733,0.0,-0.04722434559083962,0.02186032031443733,False,0.02186032031443733,0.0,INIT
2025-12-04T20:57:32.535509,1785.751450147,0.02186032031443733,0.0,-0.04722434559083962,0.02186032031443733,False,0.02186032031443733,0.0,INIT
2025-12-04T20:57:32.553129,1785.769064267,0.02186032031443733,0.0,-0.04722434559083962,0.02186032031443733,False,0.02186032031443733,0.0,INIT
2025-12-04T20:57:32.557715,1785.773650352,-0.047224345683338706,0.0,0.09738706516099897,-0.047224345683338706,False,0.047224345683338706,0.0,INIT
2025-12-04T20:57:32.569593,1785.785530543,-0.047224345683338706,0.0,0.09738706516099897,-0.047224345683338706,False,0.047224345683338706,0.0,INIT
2025-12-04T20:57:32.584690,1785.800649526,0.09738705241940862,0.1011571520818042,0.00550633625675262,-0.003770099662395582,False,0.003770099662395582,0.0,INIT
2025-12-04T20:57:32.591454,1785.807751521,0.09738705241940862,0.1008402284915082,0.0048545279152802144,-0.0034531760720995786,False,0.0034531760720995786,0.0,INIT
2025-12-04T20:57:32.602299,1785.818245117,0.09738705241940862,0.1008402284915082,0.0048545279152802144,-0.0034531760720995786,False,0.0034531760720995786,0.0,INIT
2025-12-04T20:57:32.617407,1785.833348911,0.008819951751217539,0.1008402284915082,0.1697913307961465,-0.09202027674029066,False,0.09202027674029066,0.0,INIT
2025-12-04T20:57:32.628937,1785.844873389,0.021975235751108203,0.10013124078904401,0.1488620850625809,-0.07815600503793581,False,0.07815600503793581,0.0,INIT
2025-12-04T20:57:32.634984,1785.85091426,0.021975235751108203,0.0,-0.047475906705459266,0.021975235751108203,False,0.021975235751108203,0.0,INIT
2025-12-04T20:57:32.646210,1785.862141204,0.021975235751108203,0.1002174805110494,0.14899567624481982,-0.0782422447599412,False,0.0782422447599412,0.0,INIT
2025-12-04T20:57:32.660122,1785.876061451,0.01656412136867699,0.0,-0.03534197627411504,0.01656412136867699,False,0.01656412136867699,0.0,INIT
2025-12-04T20:57:32.686004,1785.901938346,0.01656412136867699,0.09874664080754147,0.1550516860908627,-0.08218251943886448,False,0.08218251943886448,0.0,INIT
2025-12-04T20:57:32.689770,1785.905705838,0.022698055579722057,0.0,-0.04905223339327471,0.022698055579722057,False,0.022698055579722057,0.0,INIT
2025-12-04T20:57:32.695634,1785.911573214,0.022698055579722057,0.0,-0.04905223339327471,0.022698055579722057,False,0.022698055579722057,0.0,INIT
2025-12-04T20:57:32.704519,1785.920453189,0.022698055579722057,0.0,-0.04905223339327471,0.022698055579722057,False,0.022698055579722057,0.0,INIT
2025-12-04T20:57:32.727807,1785.943738568,-0.04905222797671597,0.0,0.10066617496523009,-0.04905222797671597,False,0.04905222797671597,0.0,INIT
2025-12-04T20:57:32.729318,1785.945250762,-0.04905222797671597,0.0,0.10066617496523009,-0.04905222797671597,False,0.04905222797671597,0.0,INIT
2025-12-04T20:57:32.763575,1785.979514244,-0.04905223339738956,0.0,0.100666184636167,-0.04905223339738956,False,0.04905223339738956,0.0,INIT
2025-12-04T20:57:32.766386,1785.982328468,0.10066617497307662,0.0,-0.1823421891252142,0.10066617497307662,False,0.10066617497307662,0.0,INIT
2025-12-04T20:57:32.769083,1785.985022935,0.10066617497307662,0.10052814103761065,-2.704096828742278e-05,0.00013803393546596432,False,0.00013803393546596432,0.0,INIT
2025-12-04T20:57:32.772626,1785.988574358,0.10066617497307662,0.0,-0.1823421891252142,0.10066617497307662,False,0.10066617497307662,0.0,INIT
2025-12-04T20:57:32.782858,1785.998790556,0.10066617497307662,0.0,-0.1823421891252142,0.10066617497307662,False,0.10066617497307662,0.0,INIT
2025-12-04T20:57:32.797716,1786.013660846,0.10066617497307662,0.0,-0.1823421891252142,0.10066617497307662,False,0.10066617497307662,0.0,INIT
2025-12-04T20:57:32.806198,1786.022143069,-0.18234218909079072,0.0,0.2,-0.18234218909079072,False,0.18234218909079072,0.0,INIT
2025-12-04T20:57:32.815997,1786.031935289,-0.18234218909079072,0.0,0.2,-0.18234218909079072,False,0.18234218909079072,0.0,INIT
2025-12-04T20:57:32.827001,1786.042937507,-0.18234218909079072,0.10231299966247764,0.2,-0.28465518875326834,False,0.28465518875326834,0.0,INIT
2025-12-04T20:57:32.840696,1786.056627901,0.12203299375921481,0.10231299966247764,-0.04249059456852598,0.019719994096737165,False,0.019719994096737165,0.0,INIT
2025-12-04T20:57:32.849412,1786.065342889,0.12203299375921481,0.10323553322425116,-0.04042168534978825,0.018797460534963645,False,0.018797460534963645,0.0,INIT
2025-12-04T20:57:32.862971,1786.078903899,0.07048944367422835,0.10323553322425116,0.06996400554072957,-0.03274608955002281,False,0.03274608955002281,0.0,INIT
2025-12-04T20:57:32.878540,1786.094471724,0.07048944367422835,0.10089961978624729,0.06525915510337986,-0.030410176112018933,False,0.030410176112018933,0.0,INIT
2025-12-04T20:57:32.883146,1786.099081581,0.009476674836576606,0.10089961978624729,0.1689108840323598,-0.09142294494967068,False,0.09142294494967068,0.0,INIT
2025-12-04T20:57:32.893426,1786.109370437,0.009476674836576606,0.10158146874061291,0.16991576167292166,-0.09210479390403631,False,0.09210479390403631,0.0,INIT
2025-12-04T20:57:32.904471,1786.120415647,0.14355962928869978,0.10158146874061291,-0.08776449958673012,0.04197816054808687,False,0.04197816054808687,0.0,INIT
2025-12-04T20:57:32.914937,1786.130868115,0.14355962928869978,0.09981607418392358,-0.09103901236972622,0.043743555104776205,False,0.043743555104776205,0.0,INIT
2025-12-04T20:57:32.927331,1786.143268862,0.035842035220383164,0.0,-0.07606828681911638,0.035842035220383164,False,0.035842035220383164,0.0,INIT
2025-12-04T20:57:32.938292,1786.154236318,0.035842035220383164,0.0,-0.07606828681911638,0.035842035220383164,False,0.035842035220383164,0.0,INIT
2025-12-04T20:57:32.949303,1786.16523413,-0.08055951040531109,0.0,0.15256837653125419,-0.08055951040531109,False,0.08055951040531109,0.0,INIT
2025-12-04T20:57:32.970869,1786.186817718,0.049238315864207835,0.0,-0.10099798746578036,0.049238315864207835,False,0.049238315864207835,0.0,INIT
2025-12-04T20:57:32.973915,1786.189846858,0.049238315864207835,0.10084112503952891,0.10518266462154933,-0.05160280917532108,False,0.05160280917532108,0.0,INIT
2025-12-04T20:57:32.985011,1786.200963441,0.13835268169396467,0.10084112503952891,-0.07930149740702114,0.03751155665443576,False,0.03751155665443576,0.0,INIT
2025-12-04T20:57:32.995251,1786.21118187,0.13835268169396467,0.09830192073725375,-0.08414486687481394,0.040050760956710924,False,0.040050760956710924,0.0,INIT
2025-12-04T20:57:33.008600,1786.22453597,-0.08172317998969646,0.0,0.15435042675708435,-0.08172317998969646,False,0.08172317998969646,0.0,INIT
2025-12-04T20:57:33.019556,1786.235491342,-0.08172317998969646,0.0,0.15435042675708435,-0.08172317998969646,False,0.08172317998969646,0.0,INIT
2025-12-04T20:57:33.044129,1786.260066083,0.1543504266454085,0.0,-0.2,0.1543504266454085,False,0.1543504266454085,0.0,INIT
2025-12-04T20:57:33.048844,1786.264774361,0.1543504266454085,0.0,-0.2,0.1543504266454085,False,0.1543504266454085,0.0,INIT
2025-12-04T20:57:33.059321,1786.275252805,0.09758023095212207,0.0,-0.17790274882463614,0.09758023095212207,False,0.09758023095212207,0.0,INIT
2025-12-04T20:57:33.074977,1786.290930188,0.09758023095212207,0.0,-0.17790274882463614,0.09758023095212207,False,0.09758023095212207,0.0,INIT
2025-12-04T20:57:33.093767,1786.30970577,-0.18232220780772818,0.0,0.2,-0.18232220780772818,False,0.18232220780772818,0.0,INIT
2025-12-04T20:57:33.095235,1786.311165371,-0.18232220780772818,0.0,0.2,-0.18232220780772818,False,0.18232220780772818,0.0,INIT
2025-12-04T20:57:33.110427,1786.326357591,-0.17790274884030083,0.0,0.2,-0.17790274884030083,False,0.17790274884030083,0.0,INIT
2025-12-04T20:57:33.118263,1786.33421291,-0.17790274884030083,0.0,0.2,-0.17790274884030083,False,0.17790274884030083,0.0,INIT
2025-12-04T20:57:33.128597,1786.344535732,0.19999999937683108,0.10347118491953555,-0.17638017091444738,0.09652881445729553,False,0.09652881445729553,0.0,INIT
2025-12-04T20:57:33.136952,1786.352883387,0.19999999937683108,0.10207775063349755,-0.17839692206767788,0.09792224874333352,False,0.09792224874333352,0.0,INIT
2025-12-04T20:57:33.151183,1786.367118456,0.19999999937683108,0.10207775063349755,-0.17839692206767788,0.09792224874333352,False,0.09792224874333352,0.0,INIT
2025-12-04T20:57:33.159377,1786.375312942,-0.17839690573967293,0.10207775063349755,0.2,-0.2804746563731705,False,0.2804746563731705,0.0,INIT
2025-12-04T20:57:33.172168,1786.388100005,-0.17839690573967293,0.10343900532336292,0.2,-0.28183591106303585,False,0.28183591106303585,0.0,INIT
2025-12-04T20:57:33.185598,1786.401535228,0.15046919321954583,0.10343900532336292,-0.09703660892158816,0.04703018789618291,False,0.04703018789618291,0.0,INIT
2025-12-04T20:57:33.196496,1786.412430459,0.15046919321954583,0.10394914654393794,-0.09611379583466628,0.046520046675607885,False,0.046520046675607885,0.0,INIT
2025-12-04T20:57:33.204494,1786.420432577,0.025875162118551863,0.10394914654393794,0.1487349871359018,-0.07807398442538607,False,0.07807398442538607,0.0,INIT
2025-12-04T20:57:33.213652,1786.429582863,0.025875162118551863,0.10208348530656952,0.1458326918445107,-0.07620832318801765,False,0.07620832318801765,0.0,INIT
2025-12-04T20:57:33.224512,1786.440442975,0.05801509116918981,0.10208348530656952,0.09163741117312332,-0.04406839413737971,False,0.04406839413737971,0.0,INIT
2025-12-04T20:57:33.236756,1786.452688161,0.05801509116918981,0.10287013906877629,0.09308134573202474,-0.04485504789958648,False,0.04485504789958648,0.0,INIT
2025-12-04T20:57:33.246777,1786.462711734,0.09163741163920008,0.10287013906877629,0.022846469125614725,-0.011232727429576206,False,0.011232727429576206,0.0,INIT
2025-12-04T20:57:33.261261,1786.477192728,0.09163741163920008,0.10094409989441289,0.018249207076852153,-0.009306688255212803,False,0.009306688255212803,0.0,INIT
2025-12-04T20:57:33.276436,1786.492371559,0.03114932875322244,0.10094409989441289,0.13568269942048075,-0.06979477114119045,False,0.06979477114119045,0.0,INIT
2025-12-04T20:57:33.280220,1786.496151639,0.03114932875322244,0.10009798725406682,0.13432261572119736,-0.06894865850084439,False,0.06894865850084439,0.0,INIT
2025-12-04T20:57:33.289793,1786.505724451,0.01962838750877067,0.0,-0.04228592581561942,0.01962838750877067,False,0.01962838750877067,0.0,INIT
2025-12-04T20:57:33.305966,1786.521902044,0.01962838750877067,0.10006414940400266,0.1523783982148122,-0.080435761895232,False,0.080435761895232,0.0,INIT
2025-12-04T20:57:33.315272,1786.531200262,-0.00574757558217658,0.0,0.009860757381297637,-0.00574757558217658,False,0.00574757558217658,0.0,INIT
2025-12-04T20:57:33.328992,1786.544931711,-0.00574757558217658,0.09945887223787686,0.1887970575298958,-0.10520644782005344,False,0.10520644782005344,0.0,INIT
2025-12-04T20:57:33.350399,1786.566337416,0.06399909592880249,0.0,-0.126260967402095,0.06399909592880249,False,0.06399909592880249,0.0,INIT
2025-12-04T20:57:33.352156,1786.56809372,0.06399909592880249,0.0,-0.126260967402095,0.06399909592880249,False,0.06399909592880249,0.0,INIT
2025-12-04T20:57:33.359923,1786.575856195,0.06399909592880249,0.0,-0.126260967402095,0.06399909592880249,False,0.06399909592880249,0.0,INIT
2025-12-04T20:57:33.372517,1786.588454121,0.18879705747600026,0.0,-0.2,0.18879705747600026,False,0.18879705747600026,0.0,INIT
2025-12-04T20:57:33.385678,1786.601611217,0.18879705747600026,0.0,-0.2,0.18879705747600026,False,0.18879705747600026,0.0,INIT
2025-12-04T20:57:33.398460,1786.61439464,0.18879705747600026,0.0,-0.2,0.18879705747600026,False,0.18879705747600026,0.0,INIT
2025-12-04T20:57:33.403256,1786.61918541,-0.16887458903572983,0.0,0.2,-0.16887458903572983,False,0.16887458903572983,0.0,INIT
2025-12-04T20:57:33.425874,1786.641803582,-0.08105117383444452,0.0,0.15332228256233807,-0.08105117383444452,False,0.08105117383444452,0.0,INIT
2025-12-04T20:57:33.427771,1786.643697496,-0.08105117383444452,0.0,0.15332228256233807,-0.08105117383444452,False,0.08105117383444452,0.0,INIT
2025-12-04T20:57:33.440300,1786.656234298,0.18132893148505766,0.0,-0.2,0.18132893148505766,False,0.18132893148505766,0.0,INIT
