timestamp_wall,timestamp_mono,state_x,desired_x,output_cmd,error,converged_flag,distance_to_converge,estimated_time_to_converge,fsm_mode
2025-12-04T19:33:42.995489,4206.662963567,-3.42400894673518e-19,0.0,2.0308568805239406e-30,-3.42400894673518e-19,False,3.42400894673518e-19,0.0,INIT
2025-12-04T19:33:43.076925,4206.744403398,5.88572937967657e-11,0.0,-2.0306285801693086e-16,5.88572937967657e-11,False,5.88572937967657e-11,0.0,INIT
2025-12-04T19:33:43.084749,4206.752220256,5.88572937967657e-11,0.0,-2.0306285801693086e-16,5.88572937967657e-11,False,5.88572937967657e-11,0.0,INIT
2025-12-04T19:33:43.094541,4206.762021735,5.885729379676571e-11,0.0,-2.0306285801693096e-16,5.885729379676571e-11,False,5.885729379676571e-11,0.0,INIT
2025-12-04T19:33:43.104521,4206.771997604,5.885729379676571e-11,0.0,-2.0306285801693096e-16,5.885729379676571e-11,False,5.885729379676571e-11,0.0,INIT
2025-12-04T19:33:43.154708,4206.822181709,5.885668936349883e-11,0.0,-2.0305931293789052e-16,5.885668936349883e-11,False,5.885668936349883e-11,0.0,INIT
2025-12-04T19:33:43.164812,4206.832284356,5.885668936349883e-11,0.0,-2.0305931293789052e-16,5.885668936349883e-11,False,5.885668936349883e-11,0.0,INIT
2025-12-04T19:33:43.174667,4206.842139735,5.885668936349883e-11,0.0,-2.0305931293789052e-16,5.885668936349883e-11,False,5.885668936349883e-11,0.0,INIT
2025-12-04T19:33:43.184422,4206.851891891,5.885668936349882e-11,0.0,-2.0305931293789044e-16,5.885668936349882e-11,False,5.885668936349882e-11,0.0,INIT
2025-12-04T19:33:43.194690,4206.862164578,5.885668936349882e-11,0.0,-2.0305931293789044e-16,5.885668936349882e-11,False,5.885668936349882e-11,0.0,INIT
2025-12-04T19:33:43.204452,4206.87192793,5.885729379676572e-11,0.0,-2.0306285801693103e-16,5.885729379676572e-11,False,5.885729379676572e-11,0.0,INIT
2025-12-04T19:33:43.214518,4206.881986024,5.885729379676572e-11,0.0,-2.0306285801693103e-16,5.885729379676572e-11,False,5.885729379676572e-11,0.0,INIT
2025-12-04T19:33:43.246470,4206.913947363,0.0,0.0,0.0,0.0,False,0.0,0.0,INIT
2025-12-04T19:33:43.254468,4206.921940623,0.0,0.0,0.0,0.0,False,0.0,0.0,INIT
2025-12-04T19:33:43.376857,4207.044334361,-2.4177330675634944e-15,0.0,7.091926076727338e-24,-2.4177330675634944e-15,False,2.4177330675634944e-15,0.0,INIT
2025-12-04T19:33:43.384527,4207.051996695,-2.4177330675634944e-15,0.0,7.091926076727338e-24,-2.4177330675634944e-15,False,2.4177330675634944e-15,0.0,INIT
2025-12-04T19:33:43.394392,4207.061874179,-2.4177330675634944e-15,0.0,7.091926076727338e-24,-2.4177330675634944e-15,False,2.4177330675634944e-15,0.0,INIT
2025-12-04T19:33:43.416408,4207.083883846,0.0,0.0,0.0,0.0,False,0.0,0.0,INIT
2025-12-04T19:33:43.476522,4207.144015684,0.0,0.0,0.0,0.0,False,0.0,0.0,INIT
2025-12-04T19:33:43.484550,4207.152025676,0.0,0.0,0.0,0.0,False,0.0,0.0,INIT
2025-12-04T19:33:43.494664,4207.162144767,0.0,0.0,0.0,0.0,False,0.0,0.0,INIT
2025-12-04T19:33:43.504329,4207.171796396,0.0,0.0,0.0,0.0,False,0.0,0.0,INIT
2025-12-04T19:33:43.561445,4207.228916318,0.0,0.0,0.0,0.0,False,0.0,0.0,INIT
2025-12-04T19:33:43.564542,4207.232016547,0.0,0.0,0.0,0.0,False,0.0,0.0,INIT
2025-12-04T19:33:43.767701,4207.435174865,0.0,0.0,0.0,0.0,False,0.0,0.0,INIT
2025-12-04T19:33:43.778156,4207.445633355,0.0,0.0,0.0,0.0,False,0.0,0.0,INIT
2025-12-04T19:33:43.784377,4207.451843262,0.0,0.0,0.0,0.0,False,0.0,0.0,INIT
2025-12-04T19:33:43.794590,4207.462060168,0.0,0.0,0.0,0.0,False,0.0,0.0,INIT
2025-12-04T19:33:43.814157,4207.481625329,-9.670932270253978e-15,0.0,7.48628204868121e-23,-9.670932270253978e-15,False,9.670932270253978e-15,0.0,INIT
2025-12-04T19:33:43.824611,4207.492088876,0.0,0.0,0.0,0.0,False,0.0,0.0,INIT
2025-12-04T19:33:43.834628,4207.502103127,0.0,0.0,0.0,0.0,False,0.0,0.0,INIT
2025-12-04T19:33:43.863871,4207.531338822,0.0,0.0,0.0,0.0,False,0.0,0.0,INIT
2025-12-04T19:33:43.865635,4207.533104372,0.0,0.0,0.0,0.0,False,0.0,0.0,INIT
2025-12-04T19:33:43.874380,4207.541853694,0.0,0.0,0.0,0.0,False,0.0,0.0,INIT
2025-12-04T19:33:43.884650,4207.552126549,0.0,0.0,0.0,0.0,False,0.0,0.0,INIT
2025-12-04T19:33:43.894745,4207.562225311,0.0,0.0,0.0,0.0,False,0.0,0.0,INIT
2025-12-04T19:33:44.179795,4207.847268558,9.670932270253978e-15,0.0,-7.48628204868121e-23,9.670932270253978e-15,False,9.670932270253978e-15,0.0,INIT
2025-12-04T19:33:44.195295,4207.862768819,9.670932270253978e-15,0.0,-7.48628204868121e-23,9.670932270253978e-15,False,9.670932270253978e-15,0.0,INIT
2025-12-04T19:33:44.699281,4208.366757655,0.0,0.0,0.0,0.0,False,0.0,0.0,INIT
2025-12-04T19:33:44.718021,4208.385502523,0.0,0.0,0.0,0.0,False,0.0,0.0,INIT
2025-12-04T19:33:44.730676,4208.398151945,0.0,0.0,0.0,0.0,False,0.0,0.0,INIT
2025-12-04T19:33:44.835089,4208.502559667,1.9341864540507955e-14,0.0,-2.43230021353364e-22,1.9341864540507955e-14,False,1.9341864540507955e-14,0.0,INIT
2025-12-04T19:33:44.844950,4208.512425589,1.9341864540507955e-14,0.0,-2.43230021353364e-22,1.9341864540507955e-14,False,1.9341864540507955e-14,0.0,INIT
2025-12-04T19:33:44.854253,4208.52172491,-1.9341864540507955e-14,0.0,2.43230021353364e-22,-1.9341864540507955e-14,False,1.9341864540507955e-14,0.0,INIT
2025-12-04T19:33:44.864450,4208.53192619,-1.9341864540507955e-14,0.0,2.43230021353364e-22,-1.9341864540507955e-14,False,1.9341864540507955e-14,0.0,INIT
2025-12-04T19:33:46.155664,4209.823136696,3.868372908101591e-14,0.0,-7.902566708386645e-22,3.868372908101591e-14,False,3.868372908101591e-14,0.0,INIT
2025-12-04T19:33:46.191206,4209.858680345,3.868372908101591e-14,0.0,-7.902566708386644e-22,3.868372908101591e-14,False,3.868372908101591e-14,0.0,INIT
2025-12-04T19:33:46.254081,4209.921555696,3.868372908101591e-14,0.0,-7.902566708386644e-22,3.868372908101591e-14,False,3.868372908101591e-14,0.0,INIT
2025-12-04T19:33:46.264613,4209.93208833,-1.6285849943107698e-11,0.0,2.285850024558041e-17,-1.6285849943107698e-11,False,1.6285849943107698e-11,0.0,INIT
2025-12-04T19:33:46.274715,4209.942188501,0.0,0.0,0.0,0.0,True,0.0,0.0,INIT
2025-12-04T19:33:46.284539,4209.952016907,0.0,0.0,0.0,0.0,True,0.0,0.0,INIT
2025-12-04T19:33:46.294754,4209.96223276,-3.868372908101591e-14,0.0,7.902566708386644e-22,-3.868372908101591e-14,True,3.868372908101591e-14,0.0,INIT
2025-12-04T19:33:46.304485,4209.971959867,-3.868372908101591e-14,0.0,7.902566708386644e-22,-3.868372908101591e-14,True,3.868372908101591e-14,0.0,INIT
2025-12-04T19:33:46.330441,4209.997914117,0.0,0.0,0.0,0.0,True,0.0,0.0,INIT
2025-12-04T19:33:46.334421,4210.001891507,0.0,0.0,0.0,0.0,True,0.0,0.0,INIT
2025-12-04T19:33:46.344699,4210.012182021,0.0,0.0,0.0,0.0,True,0.0,0.0,INIT
2025-12-04T19:33:46.354457,4210.021934255,0.0,0.0,0.0,0.0,True,0.0,0.0,INIT
2025-12-04T19:33:46.387970,4210.055441995,0.0,0.0,0.0,0.0,True,0.0,0.0,INIT
2025-12-04T19:33:46.394537,4210.062028802,0.0,0.0,0.0,0.0,True,0.0,0.0,INIT
2025-12-04T19:33:46.413180,4210.080652229,0.0,0.0,0.0,0.0,True,0.0,0.0,INIT
2025-12-04T19:33:46.414631,4210.08209856,0.0,0.0,0.0,0.0,True,0.0,0.0,INIT
2025-12-04T19:33:46.532731,4210.200204811,0.0,0.0,0.0,0.0,True,0.0,0.0,INIT
2025-12-04T19:33:47.245264,4210.912743323,3.868372908101591e-14,0.0,-7.902566708386644e-22,3.868372908101591e-14,True,3.868372908101591e-14,0.0,INIT
2025-12-04T19:33:47.279411,4210.946886021,0.0,0.0,0.0,0.0,True,0.0,0.0,INIT
2025-12-04T19:33:47.329104,4210.996578503,-3.868372908101591e-14,0.0,7.902566708386644e-22,-3.868372908101591e-14,True,3.868372908101591e-14,0.0,INIT
2025-12-04T19:33:47.757767,4211.425234562,-3.868372908101591e-14,0.0,7.902566708386644e-22,-3.868372908101591e-14,True,3.868372908101591e-14,0.0,INIT
2025-12-04T19:33:47.772998,4211.44047884,-3.868372908101591e-14,0.0,7.902566708386644e-22,-3.868372908101591e-14,True,3.868372908101591e-14,0.0,INIT
2025-12-04T19:33:47.833902,4211.501374319,3.868372908101591e-14,0.0,-7.902566708386644e-22,3.868372908101591e-14,True,3.868372908101591e-14,0.0,INIT
2025-12-04T19:33:47.838026,4211.505499883,3.868372908101591e-14,0.0,-7.902566708386644e-22,3.868372908101591e-14,True,3.868372908101591e-14,0.0,INIT
2025-12-04T19:33:48.037928,4211.705402712,0.0,0.0,0.0,0.0,True,0.0,0.0,INIT
2025-12-04T19:33:48.050006,4211.717482524,0.0,0.0,0.0,0.0,True,0.0,0.0,INIT
2025-12-04T19:33:48.102234,4211.769702984,3.868372908101591e-14,0.0,-7.902566708386644e-22,3.868372908101591e-14,True,3.868372908101591e-14,0.0,INIT
2025-12-04T19:33:48.106801,4211.774273157,3.868372908101591e-14,0.0,-7.902566708386644e-22,3.868372908101591e-14,True,3.868372908101591e-14,0.0,INIT
2025-12-04T19:33:48.116332,4211.783802679,-3.868372908101591e-14,0.0,7.902566708386644e-22,-3.868372908101591e-14,True,3.868372908101591e-14,0.0,INIT
2025-12-04T19:33:48.124258,4211.791726604,-3.868372908101591e-14,0.0,7.902566708386644e-22,-3.868372908101591e-14,True,3.868372908101591e-14,0.0,INIT
2025-12-04T19:33:48.364289,4212.031762864,0.0,0.0,0.0,0.0,True,0.0,0.0,INIT
2025-12-04T19:33:48.600801,4212.26827392,0.0,0.0,0.0,0.0,True,0.0,0.0,INIT
2025-12-04T19:33:48.615839,4212.283318787,0.0,0.0,0.0,0.0,True,0.0,0.0,INIT
2025-12-04T19:33:48.624448,4212.291915935,0.0,0.0,0.0,0.0,True,0.0,0.0,INIT
2025-12-04T19:33:48.634610,4212.302085009,0.0,0.0,0.0,0.0,True,0.0,0.0,INIT
2025-12-04T19:33:48.685580,4212.353052528,0.0,0.0,0.0,0.0,True,0.0,0.0,INIT
2025-12-04T19:33:48.694473,4212.361946568,0.0,0.0,0.0,0.0,True,0.0,0.0,INIT
2025-12-04T19:33:48.771190,4212.438667912,0.0,0.0,0.0,0.0,True,0.0,0.0,INIT
2025-12-04T19:33:48.774653,4212.442120633,0.0,0.0,0.0,0.0,True,0.0,0.0,INIT
2025-12-04T19:33:48.784659,4212.452135904,0.0,0.0,0.0,0.0,True,0.0,0.0,INIT
2025-12-04T19:33:48.794542,4212.462026595,7.736745816203182e-14,0.0,-2.5675514984908918e-21,7.736745816203182e-14,True,7.736745816203182e-14,0.0,INIT
2025-12-04T19:33:48.804470,4212.471940994,7.736745816203182e-14,0.0,-2.5675514984908918e-21,7.736745816203182e-14,True,7.736745816203182e-14,0.0,INIT
2025-12-04T19:33:48.814507,4212.481979373,0.0,0.0,0.0,0.0,True,0.0,0.0,INIT
2025-12-04T19:33:48.824609,4212.492083956,0.0,0.0,0.0,0.0,True,0.0,0.0,INIT
2025-12-04T19:33:48.834454,4212.50192621,0.0,0.0,0.0,0.0,True,0.0,0.0,INIT
2025-12-04T19:33:48.844526,4212.511996105,0.0,0.0,0.0,0.0,True,0.0,0.0,INIT
2025-12-04T19:33:49.086713,4212.754182842,7.736745816203182e-14,0.0,-2.5675514984908918e-21,7.736745816203182e-14,True,7.736745816203182e-14,0.0,INIT
2025-12-04T19:33:49.101156,4212.768631649,7.736745816203182e-14,0.0,-2.5675514984908918e-21,7.736745816203182e-14,True,7.736745816203182e-14,0.0,INIT
2025-12-04T19:33:49.106008,4212.773479409,7.736745816203182e-14,0.0,-2.5675514984908918e-21,7.736745816203182e-14,True,7.736745816203182e-14,0.0,INIT
2025-12-04T19:33:49.131618,4212.799097429,-7.736745816203182e-14,0.0,2.5675514984908918e-21,-7.736745816203182e-14,True,7.736745816203182e-14,0.0,INIT
2025-12-04T19:33:49.134483,4212.801952659,-7.736745816203182e-14,0.0,2.5675514984908918e-21,-7.736745816203182e-14,True,7.736745816203182e-14,0.0,INIT
2025-12-04T19:33:49.144625,4212.812101312,-7.736745816203182e-14,0.0,2.5675514984908918e-21,-7.736745816203182e-14,True,7.736745816203182e-14,0.0,INIT
2025-12-04T19:33:49.154531,4212.822013253,-7.736745816203182e-14,0.0,2.5675514984908918e-21,-7.736745816203182e-14,True,7.736745816203182e-14,0.0,INIT
2025-12-04T19:33:49.164726,4212.832208637,-7.736745816203182e-14,0.0,2.5675514984908918e-21,-7.736745816203182e-14,True,7.736745816203182e-14,0.0,INIT
2025-12-04T19:33:49.174489,4212.841965489,7.736745816203182e-14,0.0,-2.5675514984908918e-21,7.736745816203182e-14,True,7.736745816203182e-14,0.0,INIT
2025-12-04T19:33:49.184627,4212.852105367,7.736745816203182e-14,0.0,-2.5675514984908918e-21,7.736745816203182e-14,True,7.736745816203182e-14,0.0,INIT
2025-12-04T19:33:49.219528,4212.887011073,-7.736745816203182e-14,0.0,2.5675514984908918e-21,-7.736745816203182e-14,True,7.736745816203182e-14,0.0,INIT
2025-12-04T19:33:49.224591,4212.892061539,-7.736745816203182e-14,0.0,2.5675514984908918e-21,-7.736745816203182e-14,True,7.736745816203182e-14,0.0,INIT
2025-12-04T19:33:49.234575,4212.902053428,-7.736745816203182e-14,0.0,2.5675514984908918e-21,-7.736745816203182e-14,True,7.736745816203182e-14,0.0,INIT
2025-12-04T19:33:49.244435,4212.911904581,7.736745816203182e-14,0.0,-2.5675514984908918e-21,7.736745816203182e-14,True,7.736745816203182e-14,0.0,INIT
2025-12-04T19:33:49.254718,4212.922216091,7.736745816203182e-14,0.0,-2.5675514984908918e-21,7.736745816203182e-14,True,7.736745816203182e-14,0.0,INIT
2025-12-04T19:33:49.300311,4212.967781471,-7.736745816203182e-14,0.0,2.5675514984908918e-21,-7.736745816203182e-14,True,7.736745816203182e-14,0.0,INIT
2025-12-04T19:33:49.304880,4212.972351065,-7.736745816203182e-14,0.0,2.5675514984908918e-21,-7.736745816203182e-14,True,7.736745816203182e-14,0.0,INIT
2025-12-04T19:33:49.314440,4212.981915696,-7.736745816203182e-14,0.0,2.5675514984908918e-21,-7.736745816203182e-14,True,7.736745816203182e-14,0.0,INIT
2025-12-04T19:33:49.324434,4212.991905563,-7.736745816203182e-14,0.0,2.5675514984908918e-21,-7.736745816203182e-14,True,7.736745816203182e-14,0.0,INIT
2025-12-04T19:33:49.481675,4213.149150031,7.736745816203182e-14,0.0,-2.5675514984908918e-21,7.736745816203182e-14,True,7.736745816203182e-14,0.0,INIT
2025-12-04T19:33:49.489122,4213.156588379,7.736745816203182e-14,0.0,-2.5675514984908918e-21,7.736745816203182e-14,True,7.736745816203182e-14,0.0,INIT
2025-12-04T19:33:49.584330,4213.251798404,-7.736745816203182e-14,0.0,2.5675514984908918e-21,-7.736745816203182e-14,True,7.736745816203182e-14,0.0,INIT
2025-12-04T19:33:49.594721,4213.262195709,-7.736745816203182e-14,0.0,2.5675514984908918e-21,-7.736745816203182e-14,True,7.736745816203182e-14,0.0,INIT
2025-12-04T19:33:49.861339,4213.528812034,0.0,0.0,0.0,0.0,True,0.0,0.0,INIT
2025-12-04T19:33:49.876629,4213.544103472,0.0,0.0,0.0,0.0,True,0.0,0.0,INIT
2025-12-04T19:33:49.919832,4213.587303768,-7.736745816203182e-14,0.0,2.5675514984908918e-21,-7.736745816203182e-14,True,7.736745816203182e-14,0.0,INIT
2025-12-04T19:33:51.558304,4215.225779126,0.0,0.0,0.0,0.0,True,0.0,0.0,INIT
2025-12-04T19:33:51.595151,4215.262622328,0.0,0.0,0.0,0.0,True,0.0,0.0,INIT
2025-12-04T19:33:51.645195,4215.312664467,0.0,0.0,0.0,0.0,True,0.0,0.0,INIT
2025-12-04T19:33:51.654349,4215.321820043,0.0,0.0,0.0,0.0,True,0.0,0.0,INIT
2025-12-04T19:33:51.664511,4215.331984145,0.0,0.0,0.0,0.0,True,0.0,0.0,INIT
2025-12-04T19:33:51.735942,4215.403415023,0.0,0.0,0.0,0.0,True,0.0,0.0,INIT
2025-12-04T19:33:51.791555,4215.459022994,-7.427275983555055e-12,0.0,6.017003429656175e-18,-7.427275983555055e-12,True,7.427275983555055e-12,0.0,INIT
2025-12-04T19:33:51.794908,4215.462373804,-7.427275983555055e-12,0.0,6.017003429656175e-18,-7.427275983555055e-12,True,7.427275983555055e-12,0.0,INIT
2025-12-04T19:33:51.804548,4215.472017408,-9.670932270253977e-12,0.0,9.424670701837848e-18,-9.670932270253977e-12,True,9.670932270253977e-12,0.0,INIT
2025-12-04T19:33:51.814430,4215.481897415,-9.670932270253977e-12,0.0,9.424670701837848e-18,-9.670932270253977e-12,True,9.670932270253977e-12,0.0,INIT
2025-12-04T19:33:51.824499,4215.491970164,7.736745816203182e-14,0.0,-2.5675514984915376e-21,7.736745816203182e-14,True,7.736745816203182e-14,0.0,INIT
2025-12-04T19:33:51.834625,4215.50210381,7.736745816203182e-14,0.0,-2.5675514984908918e-21,7.736745816203182e-14,True,7.736745816203182e-14,0.0,INIT
2025-12-04T19:33:51.844319,4215.511793779,0.0,0.0,0.0,0.0,True,0.0,0.0,INIT
2025-12-04T19:33:51.854557,4215.522027398,0.0,0.0,0.0,0.0,True,0.0,0.0,INIT
2025-12-04T19:33:51.864432,4215.531902987,-7.736745816203182e-14,0.0,2.5675514984908918e-21,-7.736745816203182e-14,True,7.736745816203182e-14,0.0,INIT
2025-12-04T19:33:51.874768,4215.542240721,-7.736745816203182e-14,0.0,2.5675514984908918e-21,-7.736745816203182e-14,True,7.736745816203182e-14,0.0,INIT
2025-12-04T19:33:51.885323,4215.552797009,7.736745816203182e-14,0.0,-2.5675514984908918e-21,7.736745816203182e-14,True,7.736745816203182e-14,0.0,INIT
2025-12-04T19:33:51.894333,4215.561801217,7.736745816203182e-14,0.0,-2.5675514984908918e-21,7.736745816203182e-14,True,7.736745816203182e-14,0.0,INIT
2025-12-04T19:33:51.904893,4215.57236928,0.0,0.0,0.0,0.0,True,0.0,0.0,INIT
2025-12-04T19:33:51.914449,4215.581919096,0.0,0.0,0.0,0.0,True,0.0,0.0,INIT
2025-12-04T19:33:51.924538,4215.592023487,0.0,0.0,0.0,0.0,True,0.0,0.0,INIT
2025-12-04T19:33:51.934586,4215.602065402,0.0,0.0,0.0,0.0,True,0.0,0.0,INIT
2025-12-04T19:33:51.953830,4215.621301489,-7.736745816203182e-14,0.0,2.5675514984908918e-21,-7.736745816203182e-14,True,7.736745816203182e-14,0.0,INIT
2025-12-04T19:33:51.955022,4215.622493628,-7.736745816203182e-14,0.0,2.5675514984908918e-21,-7.736745816203182e-14,True,7.736745816203182e-14,0.0,INIT
2025-12-04T19:33:51.964375,4215.631847389,7.736745816203182e-14,0.0,-2.5675514984908918e-21,7.736745816203182e-14,True,7.736745816203182e-14,0.0,INIT
2025-12-04T19:33:51.974567,4215.64204184,7.736745816203182e-14,0.0,-2.5675514984908918e-21,7.736745816203182e-14,True,7.736745816203182e-14,0.0,INIT
2025-12-04T19:33:51.989888,4215.657356844,0.0,0.0,0.0,0.0,True,0.0,0.0,INIT
2025-12-04T19:33:51.994322,4215.66178742,0.0,0.0,0.0,0.0,True,0.0,0.0,INIT
2025-12-04T19:33:52.004396,4215.671866685,0.0,0.0,0.0,0.0,True,0.0,0.0,INIT
2025-12-04T19:33:52.014339,4215.681809504,-7.736745816203182e-14,0.0,2.5675514984908918e-21,-7.736745816203182e-14,True,7.736745816203182e-14,0.0,INIT
2025-12-04T19:33:52.024433,4215.691901029,-7.736745816203182e-14,0.0,2.5675514984908918e-21,-7.736745816203182e-14,True,7.736745816203182e-14,0.0,INIT
2025-12-04T19:33:52.644430,4216.311903466,7.736745816203182e-14,0.0,-2.5675514984908918e-21,7.736745816203182e-14,True,7.736745816203182e-14,0.0,INIT
2025-12-04T19:33:52.664574,4216.332048212,7.736745816203182e-14,0.0,-2.5675514984908918e-21,7.736745816203182e-14,True,7.736745816203182e-14,0.0,INIT
2025-12-04T19:33:53.095280,4216.762754256,0.0,0.0,0.0,0.0,True,0.0,0.0,INIT
2025-12-04T19:33:53.115773,4216.783248436,0.0,0.0,0.0,0.0,True,0.0,0.0,INIT
2025-12-04T19:33:53.936903,4217.60437412,0.0,0.0,0.0,0.0,True,0.0,0.0,INIT
2025-12-04T19:33:53.958711,4217.626184027,0.0,0.0,0.0,0.0,True,0.0,0.0,INIT
2025-12-04T19:33:53.987723,4217.65519041,0.0,0.0,0.0,0.0,True,0.0,0.0,INIT
2025-12-04T19:33:53.994206,4217.661671122,-1.5473491632406364e-13,0.0,8.34199942960454e-21,-1.5473491632406364e-13,True,1.5473491632406364e-13,0.0,INIT
2025-12-04T19:33:54.013344,4217.680818611,-6.963071234582863e-12,0.0,5.391770881183019e-18,-6.963071234582863e-12,True,6.963071234582863e-12,0.0,INIT
2025-12-04T19:33:54.014965,4217.682431431,-6.963071234582863e-12,0.0,5.391770881183019e-18,-6.963071234582863e-12,True,6.963071234582863e-12,0.0,INIT
2025-12-04T19:33:54.025004,4217.692470588,-1.5937696381378555e-11,0.0,2.203400466923605e-17,-1.5937696381378555e-11,True,1.5937696381378555e-11,0.0,INIT
2025-12-04T19:33:54.034529,4217.701999957,-1.5937696381378555e-11,0.0,2.203400466923605e-17,-1.5937696381378555e-11,True,1.5937696381378555e-11,0.0,INIT
2025-12-04T19:33:54.055668,4217.723137843,-9.903034644740073e-12,0.0,9.812419597139649e-18,-9.903034644740073e-12,True,9.903034644740073e-12,0.0,INIT
2025-12-04T19:33:54.064345,4217.7318111,-9.903034644740073e-12,0.0,9.812419597139649e-18,-9.903034644740073e-12,True,9.903034644740073e-12,0.0,INIT
2025-12-04T19:33:54.152685,4217.820163185,0.0,0.0,0.0,0.0,True,0.0,0.0,INIT
2025-12-04T19:33:54.157619,4217.825088227,0.0,0.0,0.0,0.0,True,0.0,0.0,INIT
2025-12-04T19:33:54.164407,4217.831883103,0.0,0.0,0.0,0.0,True,0.0,0.0,INIT
2025-12-04T19:33:54.174923,4217.842395476,0.0,0.0,0.0,0.0,True,0.0,0.0,INIT
2025-12-04T19:33:54.184610,4217.852083181,0.0,0.0,0.0,0.0,True,0.0,0.0,INIT
2025-12-04T19:33:54.194319,4217.861791927,0.0,0.0,0.0,0.0,True,0.0,0.0,INIT
2025-12-04T19:33:54.204337,4217.871809371,0.0,0.0,0.0,0.0,True,0.0,0.0,INIT
2025-12-04T19:33:54.396762,4218.06423622,-1.5473491632406364e-13,0.0,8.34199942960454e-21,-1.5473491632406364e-13,True,1.5473491632406364e-13,0.0,INIT
2025-12-04T19:33:54.604557,4218.272026492,1.0367239393712262e-11,0.0,-1.0607116039478664e-17,1.0367239393712262e-11,True,1.0367239393712262e-11,0.0,INIT
2025-12-04T19:33:54.652482,4218.319952878,0.0,0.0,0.0,0.0,True,0.0,0.0,INIT
2025-12-04T19:33:54.657744,4218.325216089,0.0,0.0,0.0,0.0,True,0.0,0.0,INIT
2025-12-04T19:33:54.664710,4218.332175527,0.0,0.0,0.0,0.0,True,0.0,0.0,INIT
2025-12-04T19:33:54.674709,4218.342189366,0.0,0.0,0.0,0.0,True,0.0,0.0,INIT
2025-12-04T19:33:54.768252,4218.435726312,0.0,0.0,0.0,0.0,True,0.0,0.0,INIT
2025-12-04T19:33:54.824670,4218.492140334,0.0,0.0,0.0,0.0,True,0.0,0.0,INIT
2025-12-04T19:33:55.654458,4219.321931533,1.825872012623951e-11,0.0,-2.77632029269964e-17,1.825872012623951e-11,True,1.825872012623951e-11,0.0,INIT
2025-12-04T19:33:55.723623,4219.391103538,9.28409497944382e-12,0.0,-8.79280174544441e-18,9.28409497944382e-12,True,9.28409497944382e-12,0.0,INIT
2025-12-04T19:33:55.725197,4219.392674871,-1.5473491632406364e-13,0.0,8.341999429603967e-21,-1.5473491632406364e-13,True,1.5473491632406364e-13,0.0,INIT
2025-12-04T19:33:55.734419,4219.40189111,1.5473491632406364e-13,0.0,-8.341999429604538e-21,1.5473491632406364e-13,True,1.5473491632406364e-13,0.0,INIT
2025-12-04T19:33:55.745879,4219.413346396,1.5473491632406364e-13,0.0,-8.34199942960454e-21,1.5473491632406364e-13,True,1.5473491632406364e-13,0.0,INIT
2025-12-04T19:33:55.754468,4219.421942599,1.5473491632406364e-13,0.0,-8.34199942960454e-21,1.5473491632406364e-13,True,1.5473491632406364e-13,0.0,INIT
2025-12-04T19:33:55.903624,4219.571094578,-1.5473491632406364e-13,0.0,8.34199942960454e-21,-1.5473491632406364e-13,True,1.5473491632406364e-13,0.0,INIT
2025-12-04T19:33:55.913877,4219.581345839,-1.5473491632406364e-13,0.0,8.34199942960454e-21,-1.5473491632406364e-13,True,1.5473491632406364e-13,0.0,INIT
2025-12-04T19:33:56.120521,4219.78799681,-1.5473491632406364e-13,0.0,8.34199942960454e-21,-1.5473491632406364e-13,True,1.5473491632406364e-13,0.0,INIT
2025-12-04T19:33:56.133104,4219.800578609,-1.5473491632406364e-13,0.0,8.34199942960454e-21,-1.5473491632406364e-13,True,1.5473491632406364e-13,0.0,INIT
2025-12-04T19:33:56.350522,4220.017995802,0.0,0.0,0.0,0.0,True,0.0,0.0,INIT
2025-12-04T19:33:56.365046,4220.03252123,0.0,0.0,0.0,0.0,True,0.0,0.0,INIT
2025-12-04T19:33:57.040881,4220.708349555,1.5473491632406364e-13,0.0,-8.34199942960454e-21,1.5473491632406364e-13,True,1.5473491632406364e-13,0.0,INIT
2025-12-04T19:33:57.059279,4220.72675548,1.5473491632406364e-13,0.0,-8.34199942960454e-21,1.5473491632406364e-13,True,1.5473491632406364e-13,0.0,INIT
2025-12-04T19:33:58.114176,4221.781645667,1.5473491632406364e-13,0.0,-8.34199942960454e-21,1.5473491632406364e-13,True,1.5473491632406364e-13,0.0,INIT
2025-12-04T19:33:58.801417,4222.46888911,1.5473491632406364e-13,0.0,-8.34199942960454e-21,1.5473491632406364e-13,True,1.5473491632406364e-13,0.0,INIT
2025-12-04T19:33:58.815287,4222.482757853,1.5473491632406364e-13,0.0,-8.34199942960454e-21,1.5473491632406364e-13,True,1.5473491632406364e-13,0.0,INIT
2025-12-04T19:33:58.922245,4222.589714932,1.5473491632406364e-13,0.0,-8.34199942960454e-21,1.5473491632406364e-13,True,1.5473491632406364e-13,0.0,INIT
2025-12-04T19:33:58.925683,4222.593156615,0.0,0.0,0.0,0.0,True,0.0,0.0,INIT
2025-12-04T19:33:58.934854,4222.602328452,0.0,0.0,0.0,0.0,True,0.0,0.0,INIT
2025-12-04T19:33:58.944578,4222.612050559,-1.5473491632406364e-13,0.0,8.34199942960454e-21,-1.5473491632406364e-13,True,1.5473491632406364e-13,0.0,INIT
2025-12-04T19:33:58.954482,4222.62196233,-1.5473491632406364e-13,0.0,8.34199942960454e-21,-1.5473491632406364e-13,True,1.5473491632406364e-13,0.0,INIT
2025-12-04T19:33:58.964458,4222.631927934,0.0,0.0,0.0,0.0,True,0.0,0.0,INIT
2025-12-04T19:33:58.974767,4222.642240975,0.0,0.0,0.0,0.0,True,0.0,0.0,INIT
2025-12-04T19:33:59.004863,4222.672334672,1.5473491632406364e-13,0.0,-8.34199942960454e-21,1.5473491632406364e-13,True,1.5473491632406364e-13,0.0,INIT
2025-12-04T19:33:59.014891,4222.682389881,1.5473491632406364e-13,0.0,-8.34199942960454e-21,1.5473491632406364e-13,True,1.5473491632406364e-13,0.0,INIT
2025-12-04T19:33:59.046092,4222.713563534,0.0,0.0,0.0,0.0,True,0.0,0.0,INIT
2025-12-04T19:33:59.054524,4222.722016324,0.0,0.0,0.0,0.0,True,0.0,0.0,INIT
2025-12-04T19:33:59.066177,4222.733652024,-1.5473491632406364e-13,0.0,8.34199942960454e-21,-1.5473491632406364e-13,True,1.5473491632406364e-13,0.0,INIT
2025-12-04T19:33:59.074619,4222.74209545,-1.5473491632406364e-13,0.0,8.34199942960454e-21,-1.5473491632406364e-13,True,1.5473491632406364e-13,0.0,INIT
2025-12-04T19:33:59.084505,4222.751980593,0.0,0.0,0.0,0.0,True,0.0,0.0,INIT
2025-12-04T19:33:59.094516,4222.761986743,0.0,0.0,0.0,0.0,True,0.0,0.0,INIT
2025-12-04T19:33:59.104410,4222.771880619,1.5473491632406364e-13,0.0,-8.34199942960454e-21,1.5473491632406364e-13,True,1.5473491632406364e-13,0.0,INIT
2025-12-04T19:33:59.114658,4222.782134795,1.5473491632406364e-13,0.0,-8.34199942960454e-21,1.5473491632406364e-13,True,1.5473491632406364e-13,0.0,INIT
2025-12-04T19:33:59.132036,4222.799508941,0.0,0.0,0.0,0.0,True,0.0,0.0,INIT
2025-12-04T19:33:59.134423,4222.801893366,0.0,0.0,0.0,0.0,True,0.0,0.0,INIT
2025-12-04T19:33:59.144515,4222.811988067,0.0,0.0,0.0,0.0,True,0.0,0.0,INIT
2025-12-04T19:33:59.155577,4222.823048023,0.0,0.0,0.0,0.0,True,0.0,0.0,INIT
2025-12-04T19:33:59.164512,4222.831982439,0.0,0.0,0.0,0.0,True,0.0,0.0,INIT
2025-12-04T19:33:59.174575,4222.842044483,-1.5473491632406364e-13,0.0,8.34199942960454e-21,-1.5473491632406364e-13,True,1.5473491632406364e-13,0.0,INIT
2025-12-04T19:33:59.184600,4222.852067932,-1.5473491632406364e-13,0.0,8.34199942960454e-21,-1.5473491632406364e-13,True,1.5473491632406364e-13,0.0,INIT
2025-12-04T19:33:59.194638,4222.862112923,0.0,0.0,0.0,0.0,True,0.0,0.0,INIT
2025-12-04T19:33:59.204379,4222.871850629,0.0,0.0,0.0,0.0,True,0.0,0.0,INIT
2025-12-04T19:33:59.236432,4222.903907269,0.0,0.0,0.0,0.0,True,0.0,0.0,INIT
2025-12-04T19:33:59.244568,4222.912038858,0.0,0.0,0.0,0.0,True,0.0,0.0,INIT
2025-12-04T19:33:59.254333,4222.921810465,0.0,0.0,0.0,0.0,True,0.0,0.0,INIT
2025-12-04T19:33:59.264475,4222.931946359,0.0,0.0,0.0,0.0,True,0.0,0.0,INIT
2025-12-04T19:33:59.291575,4222.959050925,0.0,0.0,0.0,0.0,True,0.0,0.0,INIT
2025-12-04T19:33:59.294497,4222.961968843,0.0,0.0,0.0,0.0,True,0.0,0.0,INIT
2025-12-04T19:33:59.304501,4222.971973413,0.0,0.0,0.0,0.0,True,0.0,0.0,INIT
2025-12-04T19:33:59.322598,4222.990070454,1.5473491632406364e-13,0.0,-8.34199942960454e-21,1.5473491632406364e-13,True,1.5473491632406364e-13,0.0,INIT
2025-12-04T19:33:59.324540,4222.992018845,1.5473491632406364e-13,0.0,-8.34199942960454e-21,1.5473491632406364e-13,True,1.5473491632406364e-13,0.0,INIT
2025-12-04T19:33:59.334530,4223.001999977,0.0,0.0,0.0,0.0,True,0.0,0.0,INIT
2025-12-04T19:33:59.344713,4223.012184932,0.0,0.0,0.0,0.0,True,0.0,0.0,INIT
2025-12-04T19:33:59.354641,4223.022115916,0.0,0.0,0.0,0.0,True,0.0,0.0,INIT
2025-12-04T19:33:59.364687,4223.032166401,0.0,0.0,0.0,0.0,True,0.0,0.0,INIT
2025-12-04T19:33:59.374598,4223.042070148,0.0,0.0,0.0,0.0,True,0.0,0.0,INIT
2025-12-04T19:33:59.384439,4223.051909964,-1.5473491632406364e-13,0.0,8.34199942960454e-21,-1.5473491632406364e-13,True,1.5473491632406364e-13,0.0,INIT
2025-12-04T19:33:59.394719,4223.06219706,-1.5473491632406364e-13,0.0,8.34199942960454e-21,-1.5473491632406364e-13,True,1.5473491632406364e-13,0.0,INIT
2025-12-04T19:33:59.572913,4223.240385977,0.0,0.0,0.0,0.0,True,0.0,0.0,INIT
2025-12-04T19:33:59.583711,4223.251180065,0.0,0.0,0.0,0.0,True,0.0,0.0,INIT
2025-12-04T19:33:59.584718,4223.252189375,0.0,0.0,0.0,0.0,True,0.0,0.0,INIT
2025-12-04T19:33:59.610178,4223.277651074,-1.5473491632406364e-13,0.0,8.34199942960454e-21,-1.5473491632406364e-13,True,1.5473491632406364e-13,0.0,INIT
2025-12-04T19:34:00.203977,4223.871455507,1.5473491632406364e-13,0.0,-8.34199942960454e-21,1.5473491632406364e-13,True,1.5473491632406364e-13,0.0,INIT
2025-12-04T19:34:00.225104,4223.892578768,1.5473491632406364e-13,0.0,-8.34199942960454e-21,1.5473491632406364e-13,True,1.5473491632406364e-13,0.0,INIT
2025-12-04T19:34:00.246731,4223.914200841,1.5473491632406364e-13,0.0,-8.34199942960454e-21,1.5473491632406364e-13,True,1.5473491632406364e-13,0.0,INIT
2025-12-04T19:34:00.255307,4223.922785036,-1.5473491632406364e-13,0.0,8.34199942960454e-21,-1.5473491632406364e-13,True,1.5473491632406364e-13,0.0,INIT
2025-12-04T19:34:00.275707,4223.943179002,-1.5473491632406364e-13,0.0,8.34199942960454e-21,-1.5473491632406364e-13,True,1.5473491632406364e-13,0.0,INIT
2025-12-04T19:34:00.315867,4223.983338738,-1.5473491632406364e-13,0.0,8.34199942960454e-21,-1.5473491632406364e-13,True,1.5473491632406364e-13,0.0,INIT
2025-12-04T19:34:00.324704,4223.992180696,1.5473491632406364e-13,0.0,-8.34199942960454e-21,1.5473491632406364e-13,True,1.5473491632406364e-13,0.0,INIT
2025-12-04T19:34:00.334392,4224.001862189,1.5473491632406364e-13,0.0,-8.34199942960454e-21,1.5473491632406364e-13,True,1.5473491632406364e-13,0.0,INIT
2025-12-04T19:34:00.768412,4224.435907279,1.5473491632406364e-13,0.0,-8.34199942960454e-21,1.5473491632406364e-13,True,1.5473491632406364e-13,0.0,INIT
2025-12-04T19:34:00.786712,4224.454184419,1.5473491632406364e-13,0.0,-8.34199942960454e-21,1.5473491632406364e-13,True,1.5473491632406364e-13,0.0,INIT
2025-12-04T19:34:00.802562,4224.470034423,1.5473491632406364e-13,0.0,-8.34199942960454e-21,1.5473491632406364e-13,True,1.5473491632406364e-13,0.0,INIT
2025-12-04T19:34:00.804682,4224.472150527,1.5473491632406364e-13,0.0,-8.34199942960454e-21,1.5473491632406364e-13,True,1.5473491632406364e-13,0.0,INIT
2025-12-04T19:34:00.814430,4224.481900961,0.0,0.0,0.0,0.0,True,0.0,0.0,INIT
2025-12-04T19:34:00.824562,4224.492037049,0.0,0.0,0.0,0.0,True,0.0,0.0,INIT
2025-12-04T19:34:00.866698,4224.534170459,-1.5473491632406364e-13,0.0,8.34199942960454e-21,-1.5473491632406364e-13,True,1.5473491632406364e-13,0.0,INIT
2025-12-04T19:34:01.918931,4225.586407009,-1.5473491632406364e-13,0.0,8.34199942960454e-21,-1.5473491632406364e-13,True,1.5473491632406364e-13,0.0,INIT
2025-12-04T19:34:01.971458,4225.638932037,-1.5473491632406364e-13,0.0,8.34199942960454e-21,-1.5473491632406364e-13,True,1.5473491632406364e-13,0.0,INIT
2025-12-04T19:34:02.005947,4225.6734131,-1.5473491632406364e-13,0.0,8.34199942960454e-21,-1.5473491632406364e-13,True,1.5473491632406364e-13,0.0,INIT
2025-12-04T19:34:02.014384,4225.681855797,-1.5473491632406364e-13,0.0,8.34199942960454e-21,-1.5473491632406364e-13,True,1.5473491632406364e-13,0.0,INIT
2025-12-04T19:34:02.024687,4225.692160508,-1.5473491632406364e-13,0.0,8.34199942960454e-21,-1.5473491632406364e-13,True,1.5473491632406364e-13,0.0,INIT
2025-12-04T19:34:02.034420,4225.701888559,0.0,0.0,0.0,0.0,True,0.0,0.0,INIT
2025-12-04T19:34:02.044573,4225.712048626,0.0,0.0,0.0,0.0,True,0.0,0.0,INIT
2025-12-04T19:34:02.054728,4225.722198859,0.0,0.0,0.0,0.0,True,0.0,0.0,INIT
2025-12-04T19:34:02.064612,4225.732085438,0.0,0.0,0.0,0.0,True,0.0,0.0,INIT
2025-12-04T19:34:02.075239,4225.742708799,1.5473491632406364e-13,0.0,-8.34199942960454e-21,1.5473491632406364e-13,True,1.5473491632406364e-13,0.0,INIT
2025-12-04T19:34:02.084446,4225.751914101,1.5473491632406364e-13,0.0,-8.34199942960454e-21,1.5473491632406364e-13,True,1.5473491632406364e-13,0.0,INIT
2025-12-04T19:34:02.094619,4225.762092114,0.0,0.0,0.0,0.0,True,0.0,0.0,INIT
2025-12-04T19:34:02.104452,4225.77192519,0.0,0.0,0.0,0.0,True,0.0,0.0,INIT
2025-12-04T19:34:02.114536,4225.782015564,-1.5473491632406364e-13,0.0,8.34199942960454e-21,-1.5473491632406364e-13,True,1.5473491632406364e-13,0.0,INIT
2025-12-04T19:34:02.124933,4225.792406949,-1.5473491632406364e-13,0.0,8.34199942960454e-21,-1.5473491632406364e-13,True,1.5473491632406364e-13,0.0,INIT
2025-12-04T19:34:02.134615,4225.802093605,0.0,0.0,0.0,0.0,True,0.0,0.0,INIT
2025-12-04T19:34:02.144571,4225.812043024,0.0,0.0,0.0,0.0,True,0.0,0.0,INIT
2025-12-04T19:34:02.155335,4225.822809934,0.0,0.0,0.0,0.0,True,0.0,0.0,INIT
2025-12-04T19:34:02.164764,4225.832237632,0.0,0.0,0.0,0.0,True,0.0,0.0,INIT
2025-12-04T19:34:02.174434,4225.841907547,1.5473491632406364e-13,0.0,-8.34199942960454e-21,1.5473491632406364e-13,True,1.5473491632406364e-13,0.0,INIT
2025-12-04T19:34:02.184393,4225.851863437,1.5473491632406364e-13,0.0,-8.34199942960454e-21,1.5473491632406364e-13,True,1.5473491632406364e-13,0.0,INIT
2025-12-04T19:34:02.194983,4225.862456809,0.0,0.0,0.0,0.0,True,0.0,0.0,INIT
2025-12-04T19:34:02.204310,4225.871782612,0.0,0.0,0.0,0.0,True,0.0,0.0,INIT
2025-12-04T19:34:02.214357,4225.881833233,-1.5473491632406364e-13,0.0,8.34199942960454e-21,-1.5473491632406364e-13,True,1.5473491632406364e-13,0.0,INIT
2025-12-04T19:34:02.224632,4225.892109794,-1.5473491632406364e-13,0.0,8.34199942960454e-21,-1.5473491632406364e-13,True,1.5473491632406364e-13,0.0,INIT
2025-12-04T19:34:02.234517,4225.901991379,0.0,0.0,0.0,0.0,True,0.0,0.0,INIT
2025-12-04T19:34:02.244464,4225.911935059,0.0,0.0,0.0,0.0,True,0.0,0.0,INIT
2025-12-04T19:34:02.325014,4225.992490373,0.0,0.0,0.0,0.0,True,0.0,0.0,INIT
2025-12-04T19:34:02.428124,4226.095597114,0.0,0.0,0.0,0.0,True,0.0,0.0,INIT
2025-12-04T19:34:02.434788,4226.102255364,0.0,0.0,0.0,0.0,True,0.0,0.0,INIT
2025-12-04T19:34:02.452235,4226.119710356,-1.5473491632406364e-13,0.0,8.34199942960454e-21,-1.5473491632406364e-13,True,1.5473491632406364e-13,0.0,INIT
2025-12-04T19:34:02.454395,4226.121865173,-1.5473491632406364e-13,0.0,8.34199942960454e-21,-1.5473491632406364e-13,True,1.5473491632406364e-13,0.0,INIT
2025-12-04T19:34:02.464578,4226.132051017,0.0,0.0,0.0,0.0,True,0.0,0.0,INIT
2025-12-04T19:34:02.474530,4226.141998604,0.0,0.0,0.0,0.0,True,0.0,0.0,INIT
2025-12-04T19:34:02.484530,4226.152007409,0.0,0.0,0.0,0.0,True,0.0,0.0,INIT
2025-12-04T19:34:02.494691,4226.162168347,0.0,0.0,0.0,0.0,True,0.0,0.0,INIT
2025-12-04T19:34:02.509001,4226.176472043,1.5473491632406364e-13,0.0,-8.34199942960454e-21,1.5473491632406364e-13,True,1.5473491632406364e-13,0.0,INIT
2025-12-04T19:34:02.514493,4226.181967774,1.5473491632406364e-13,0.0,-8.34199942960454e-21,1.5473491632406364e-13,True,1.5473491632406364e-13,0.0,INIT
2025-12-04T19:34:02.524661,4226.192137221,0.0,0.0,0.0,0.0,True,0.0,0.0,INIT
2025-12-04T19:34:02.534611,4226.202083623,0.0,0.0,0.0,0.0,True,0.0,0.0,INIT
2025-12-04T19:34:02.544337,4226.211807651,-1.5473491632406364e-13,0.0,8.34199942960454e-21,-1.5473491632406364e-13,True,1.5473491632406364e-13,0.0,INIT
2025-12-04T19:34:02.554302,4226.221775275,-1.5473491632406364e-13,0.0,8.34199942960454e-21,-1.5473491632406364e-13,True,1.5473491632406364e-13,0.0,INIT
2025-12-04T19:34:02.591918,4226.259389821,0.0,0.0,0.0,0.0,True,0.0,0.0,INIT
2025-12-04T19:34:02.594637,4226.262108143,0.0,0.0,0.0,0.0,True,0.0,0.0,INIT
2025-12-04T19:34:02.604370,4226.271847789,1.5473491632406364e-13,0.0,-8.34199942960454e-21,1.5473491632406364e-13,True,1.5473491632406364e-13,0.0,INIT
2025-12-04T19:34:02.614415,4226.28188664,1.5473491632406364e-13,0.0,-8.34199942960454e-21,1.5473491632406364e-13,True,1.5473491632406364e-13,0.0,INIT
2025-12-04T19:34:02.833868,4226.501340686,-5.322881121547789e-11,0.0,1.7116678989697786e-16,-5.322881121547789e-11,True,5.322881121547789e-11,0.0,INIT
2025-12-04T19:34:02.848822,4226.516297035,-5.322881121547789e-11,0.0,1.7116678989697786e-16,-5.322881121547789e-11,True,5.322881121547789e-11,0.0,INIT
2025-12-04T19:34:03.709484,4227.376958548,0.0,0.0,0.0,0.0,True,0.0,0.0,INIT
2025-12-04T19:34:03.737040,4227.404515451,0.0,0.0,0.0,0.0,True,0.0,0.0,INIT
2025-12-04T19:34:04.072842,4227.740313978,0.0,0.0,0.0,0.0,True,0.0,0.0,INIT
2025-12-04T19:34:04.084922,4227.752390872,1.5473491632406364e-13,0.0,-8.34199942960454e-21,1.5473491632406364e-13,True,1.5473491632406364e-13,0.0,INIT
2025-12-04T19:34:04.154668,4227.822135876,0.0,0.0,0.0,0.0,True,0.0,0.0,INIT
2025-12-04T19:34:04.911625,4228.579099953,0.0,0.0,0.0,0.0,True,0.0,0.0,INIT
2025-12-04T19:34:04.937245,4228.604718588,0.0,0.0,0.0,0.0,True,0.0,0.0,INIT
2025-12-04T19:34:05.357599,4229.02507454,3.094698326481273e-13,0.0,-2.710323610797517e-20,3.094698326481273e-13,True,3.094698326481273e-13,0.0,INIT
2025-12-04T19:34:05.376662,4229.04413503,3.094698326481273e-13,0.0,-2.710323610797517e-20,3.094698326481273e-13,True,3.094698326481273e-13,0.0,INIT
2025-12-04T19:34:05.594788,4229.262260393,3.094698326481273e-13,0.0,-2.710323610797517e-20,3.094698326481273e-13,True,3.094698326481273e-13,0.0,INIT
2025-12-04T19:34:06.401382,4230.068851665,3.094698326481273e-13,0.0,-2.710323610797517e-20,3.094698326481273e-13,True,3.094698326481273e-13,0.0,INIT
2025-12-04T19:34:06.412769,4230.080239582,3.094698326481273e-13,0.0,-2.710323610797517e-20,3.094698326481273e-13,True,3.094698326481273e-13,0.0,INIT
2025-12-04T19:34:07.361941,4231.029416425,3.094698326481273e-13,0.0,-2.710323610797517e-20,3.094698326481273e-13,True,3.094698326481273e-13,0.0,INIT
2025-12-04T19:34:07.377204,4231.044677155,3.094698326481273e-13,0.0,-2.710323610797517e-20,3.094698326481273e-13,True,3.094698326481273e-13,0.0,INIT
2025-12-04T19:34:07.642816,4231.310287978,3.094698326481273e-13,0.0,-2.710323610797517e-20,3.094698326481273e-13,True,3.094698326481273e-13,0.0,INIT
2025-12-04T19:34:07.653268,4231.320747197,0.0,0.0,0.0,0.0,True,0.0,0.0,INIT
2025-12-04T19:34:07.658528,4231.326012966,0.0,0.0,0.0,0.0,True,0.0,0.0,INIT
2025-12-04T19:34:07.843018,4231.51049454,1.8258720126239508e-11,0.0,-2.776320292699639e-17,1.8258720126239508e-11,True,1.8258720126239508e-11,0.0,INIT
2025-12-04T19:34:07.850720,4231.518190237,1.8258720126239508e-11,0.0,-2.776320292699639e-17,1.8258720126239508e-11,True,1.8258720126239508e-11,0.0,INIT
2025-12-04T19:34:09.215095,4232.882575348,1.8258720126239508e-11,0.0,-2.776320292699639e-17,1.8258720126239508e-11,True,1.8258720126239508e-11,0.0,INIT
2025-12-04T19:34:09.966433,4233.633906425,0.0,0.0,0.0,0.0,True,0.0,0.0,INIT
2025-12-04T19:34:10.452624,4234.120093547,0.0,0.0,0.0,0.0,True,0.0,0.0,INIT
2025-12-04T19:34:10.705594,4234.373068878,3.094698326481273e-13,0.0,-2.710323610797517e-20,3.094698326481273e-13,True,3.094698326481273e-13,0.0,INIT
2025-12-04T19:34:10.731246,4234.398723412,0.0,0.0,0.0,0.0,True,0.0,0.0,INIT
2025-12-04T19:34:10.734374,4234.401846174,0.0,0.0,0.0,0.0,True,0.0,0.0,INIT
2025-12-04T19:34:10.744340,4234.41181455,0.0,0.0,0.0,0.0,True,0.0,0.0,INIT
2025-12-04T19:34:11.830930,4235.498405524,0.0,0.0,0.0,0.0,True,0.0,0.0,INIT
2025-12-04T19:34:11.857883,4235.525354131,0.0,0.0,0.0,0.0,True,0.0,0.0,INIT
2025-12-04T19:34:11.883554,4235.551025473,0.0,0.0,0.0,0.0,True,0.0,0.0,INIT
2025-12-04T19:34:11.884633,4235.552104563,0.0,0.0,0.0,0.0,True,0.0,0.0,INIT
2025-12-04T19:34:11.894463,4235.56193317,0.0,0.0,0.0,0.0,True,0.0,0.0,INIT
2025-12-04T19:34:11.904526,4235.572009588,0.0,0.0,0.0,0.0,True,0.0,0.0,INIT
2025-12-04T19:34:11.914643,4235.582117693,0.0,0.0,0.0,0.0,True,0.0,0.0,INIT
2025-12-04T19:34:11.924582,4235.592057256,0.0,0.0,0.0,0.0,True,0.0,0.0,INIT
2025-12-04T19:34:11.934831,4235.602304494,0.0,0.0,0.0,0.0,True,0.0,0.0,INIT
2025-12-04T19:34:12.366458,4236.033928558,0.0,0.0,0.0,0.0,True,0.0,0.0,INIT
2025-12-04T19:34:12.376320,4236.043789542,0.0,0.0,0.0,0.0,True,0.0,0.0,INIT
2025-12-04T19:34:12.384722,4236.052195455,0.0,0.0,0.0,0.0,True,0.0,0.0,INIT
2025-12-04T19:34:12.394297,4236.061771239,0.0,0.0,0.0,0.0,True,0.0,0.0,INIT
2025-12-04T19:34:12.487505,4236.154977558,0.0,0.0,0.0,0.0,True,0.0,0.0,INIT
2025-12-04T19:34:12.494607,4236.162084579,0.0,0.0,0.0,0.0,True,0.0,0.0,INIT
2025-12-04T19:34:12.504259,4236.171729943,3.094698326481273e-13,0.0,-2.710323610797517e-20,3.094698326481273e-13,True,3.094698326481273e-13,0.0,INIT
2025-12-04T19:34:12.514484,4236.181955024,3.094698326481273e-13,0.0,-2.710323610797517e-20,3.094698326481273e-13,True,3.094698326481273e-13,0.0,INIT
2025-12-04T19:34:12.524484,4236.191960321,0.0,0.0,0.0,0.0,True,0.0,0.0,INIT
2025-12-04T19:34:12.534641,4236.202124362,0.0,0.0,0.0,0.0,True,0.0,0.0,INIT
2025-12-04T19:34:12.549600,4236.217070772,-3.094698326481273e-13,0.0,2.710323610797517e-20,-3.094698326481273e-13,True,3.094698326481273e-13,0.0,INIT
2025-12-04T19:34:12.554466,4236.221936033,-3.094698326481273e-13,0.0,2.710323610797517e-20,-3.094698326481273e-13,True,3.094698326481273e-13,0.0,INIT
2025-12-04T19:34:12.564894,4236.232370914,0.0,0.0,0.0,0.0,True,0.0,0.0,INIT
2025-12-04T19:34:12.574374,4236.241843699,0.0,0.0,0.0,0.0,True,0.0,0.0,INIT
2025-12-04T19:34:12.762002,4236.429475985,-3.094698326481273e-13,0.0,2.710323610797517e-20,-3.094698326481273e-13,True,3.094698326481273e-13,0.0,INIT
2025-12-04T19:34:12.795513,4236.462986578,-3.094698326481273e-13,0.0,2.710323610797517e-20,-3.094698326481273e-13,True,3.094698326481273e-13,0.0,INIT
2025-12-04T19:34:12.805421,4236.472889566,-8.974625146795691e-12,0.0,8.30037558898109e-18,-8.974625146795691e-12,True,8.974625146795691e-12,0.0,INIT
2025-12-04T19:34:12.814397,4236.481866465,0.0,0.0,0.0,0.0,True,0.0,0.0,INIT
2025-12-04T19:34:12.824562,4236.492033281,0.0,0.0,0.0,0.0,True,0.0,0.0,INIT
2025-12-04T19:34:12.836941,4236.504409672,3.094698326481273e-13,0.0,-2.710323610797517e-20,3.094698326481273e-13,True,3.094698326481273e-13,0.0,INIT
2025-12-04T19:34:12.844529,4236.511999551,3.094698326481273e-13,0.0,-2.710323610797517e-20,3.094698326481273e-13,True,3.094698326481273e-13,0.0,INIT
2025-12-04T19:34:12.854455,4236.521924372,0.0,0.0,0.0,0.0,True,0.0,0.0,INIT
2025-12-04T19:34:12.864647,4236.53212268,0.0,0.0,0.0,0.0,True,0.0,0.0,INIT
2025-12-04T19:34:12.874524,4236.54199841,0.0,0.0,0.0,0.0,True,0.0,0.0,INIT
2025-12-04T19:34:12.884643,4236.552116041,0.0,0.0,0.0,0.0,True,0.0,0.0,INIT
2025-12-04T19:34:12.894369,4236.561838423,-3.094698326481273e-13,0.0,2.710323610797517e-20,-3.094698326481273e-13,True,3.094698326481273e-13,0.0,INIT
2025-12-04T19:34:12.904684,4236.572155829,-3.094698326481273e-13,0.0,2.710323610797517e-20,-3.094698326481273e-13,True,3.094698326481273e-13,0.0,INIT
2025-12-04T19:34:12.918147,4236.585619063,0.0,0.0,0.0,0.0,True,0.0,0.0,INIT
2025-12-04T19:34:12.924486,4236.591957675,0.0,0.0,0.0,0.0,True,0.0,0.0,INIT
2025-12-04T19:34:12.934650,4236.602124592,0.0,0.0,0.0,0.0,True,0.0,0.0,INIT
2025-12-04T19:34:12.944507,4236.611975384,3.094698326481273e-13,0.0,-2.710323610797517e-20,3.094698326481273e-13,True,3.094698326481273e-13,0.0,INIT
2025-12-04T19:34:12.959014,4236.62648309,0.0,0.0,0.0,0.0,True,0.0,0.0,INIT
2025-12-04T19:34:12.964706,4236.632189085,0.0,0.0,0.0,0.0,True,0.0,0.0,INIT
2025-12-04T19:34:12.984563,4236.652043388,0.0,0.0,0.0,0.0,True,0.0,0.0,INIT
2025-12-04T19:34:12.994530,4236.662013471,0.0,0.0,0.0,0.0,True,0.0,0.0,INIT
2025-12-04T19:34:13.209626,4236.87709868,-3.094698326481273e-13,0.0,2.710323610797517e-20,-3.094698326481273e-13,True,3.094698326481273e-13,0.0,INIT
2025-12-04T19:34:13.214916,4236.882388524,-3.094698326481273e-13,0.0,2.710323610797517e-20,-3.094698326481273e-13,True,3.094698326481273e-13,0.0,INIT
2025-12-04T19:34:13.252963,4236.920435702,3.094698326481273e-13,0.0,-2.710323610797517e-20,3.094698326481273e-13,True,3.094698326481273e-13,0.0,INIT
2025-12-04T19:34:13.256542,4236.924028728,3.094698326481273e-13,0.0,-2.710323610797517e-20,3.094698326481273e-13,True,3.094698326481273e-13,0.0,INIT
2025-12-04T19:34:13.264451,4236.93191633,3.094698326481273e-13,0.0,-2.710323610797517e-20,3.094698326481273e-13,True,3.094698326481273e-13,0.0,INIT
2025-12-04T19:34:13.274692,4236.942162547,0.0,0.0,0.0,0.0,True,0.0,0.0,INIT
2025-12-04T19:34:13.284538,4236.952021583,0.0,0.0,0.0,0.0,True,0.0,0.0,INIT
2025-12-04T19:34:13.756704,4237.424178021,0.0,0.0,0.0,0.0,True,0.0,0.0,INIT
2025-12-04T19:34:13.775652,4237.443125042,0.0,0.0,0.0,0.0,True,0.0,0.0,INIT
2025-12-04T19:34:13.789097,4237.456566293,-3.094698326481273e-13,0.0,2.710323610797517e-20,-3.094698326481273e-13,True,3.094698326481273e-13,0.0,INIT
2025-12-04T19:34:13.794722,4237.462198039,-3.094698326481273e-13,0.0,2.710323610797517e-20,-3.094698326481273e-13,True,3.094698326481273e-13,0.0,INIT
2025-12-04T19:34:13.804359,4237.471834264,-3.094698326481273e-13,0.0,2.710323610797517e-20,-3.094698326481273e-13,True,3.094698326481273e-13,0.0,INIT
2025-12-04T19:34:14.449421,4238.116919674,1.7330310628295126e-11,0.0,-2.5406263240528794e-17,1.7330310628295126e-11,True,1.7330310628295126e-11,0.0,INIT
2025-12-04T19:34:14.476606,4238.144076617,1.7330310628295126e-11,0.0,-2.5406263240528794e-17,1.7330310628295126e-11,True,1.7330310628295126e-11,0.0,INIT
2025-12-04T19:34:14.484807,4238.152286554,0.0,0.0,0.0,0.0,True,0.0,0.0,INIT
2025-12-04T19:34:14.494594,4238.162071268,0.0,0.0,0.0,0.0,True,0.0,0.0,INIT
2025-12-04T19:34:14.585488,4238.252956432,0.0,0.0,0.0,0.0,True,0.0,0.0,INIT
2025-12-04T19:34:14.594789,4238.262256622,0.0,0.0,0.0,0.0,True,0.0,0.0,INIT
2025-12-04T19:34:14.604606,4238.272078638,0.0,0.0,0.0,0.0,True,0.0,0.0,INIT
2025-12-04T19:34:14.614340,4238.281814989,0.0,0.0,0.0,0.0,True,0.0,0.0,INIT
2025-12-04T19:34:15.252719,4238.920198709,3.094698326481273e-13,0.0,-2.710323610797517e-20,3.094698326481273e-13,True,3.094698326481273e-13,0.0,INIT
2025-12-04T19:34:15.273228,4238.940699259,3.094698326481273e-13,0.0,-2.710323610797517e-20,3.094698326481273e-13,True,3.094698326481273e-13,0.0,INIT
2025-12-04T19:34:15.322286,4238.989762833,3.094698326481273e-13,0.0,-2.710323610797517e-20,3.094698326481273e-13,True,3.094698326481273e-13,0.0,INIT
2025-12-04T19:34:15.564848,4239.232321973,8.974625146795691e-12,0.0,-8.30037558898109e-18,8.974625146795691e-12,True,8.974625146795691e-12,0.0,INIT
2025-12-04T19:34:15.575317,4239.24279006,8.974625146795691e-12,0.0,-8.30037558898109e-18,8.974625146795691e-12,True,8.974625146795691e-12,0.0,INIT
2025-12-04T19:34:15.584352,4239.251823476,8.974625146795691e-12,0.0,-8.30037558898109e-18,8.974625146795691e-12,True,8.974625146795691e-12,0.0,INIT
2025-12-04T19:34:15.680423,4239.347895413,0.0,0.0,0.0,0.0,True,0.0,0.0,INIT
2025-12-04T19:34:15.688183,4239.355657427,0.0,0.0,0.0,0.0,True,0.0,0.0,INIT
2025-12-04T19:34:15.707092,4239.374562047,0.0,0.0,0.0,0.0,True,0.0,0.0,INIT
2025-12-04T19:34:15.714468,4239.381937565,0.0,0.0,0.0,0.0,True,0.0,0.0,INIT
2025-12-04T19:34:15.724653,4239.392129817,0.0,0.0,0.0,0.0,True,0.0,0.0,INIT
2025-12-04T19:34:15.781614,4239.449085434,0.0,0.0,0.0,0.0,True,0.0,0.0,INIT
2025-12-04T19:34:15.784945,4239.452423991,0.0,0.0,0.0,0.0,True,0.0,0.0,INIT
2025-12-04T19:34:15.804214,4239.47168737,0.0,0.0,0.0,0.0,True,0.0,0.0,INIT
2025-12-04T19:34:16.513445,4240.180919934,0.0,0.0,0.0,0.0,True,0.0,0.0,INIT
2025-12-04T19:34:16.535473,4240.202946018,0.0,0.0,0.0,0.0,True,0.0,0.0,INIT
2025-12-04T19:34:18.137583,4241.805053429,0.0,0.0,0.0,0.0,True,0.0,0.0,INIT
2025-12-04T19:34:18.205105,4241.872576526,-3.094698326481273e-13,0.0,2.710323610797517e-20,-3.094698326481273e-13,True,3.094698326481273e-13,0.0,INIT
2025-12-04T19:34:18.263150,4241.930617375,-3.094698326481273e-13,0.0,2.710323610797517e-20,-3.094698326481273e-13,True,3.094698326481273e-13,0.0,INIT
2025-12-04T19:34:18.264536,4241.932014784,-3.094698326481273e-13,0.0,2.710323610797517e-20,-3.094698326481273e-13,True,3.094698326481273e-13,0.0,INIT
2025-12-04T19:34:18.274792,4241.942264928,-3.094698326481273e-13,0.0,2.710323610797517e-20,-3.094698326481273e-13,True,3.094698326481273e-13,0.0,INIT
2025-12-04T19:34:18.284504,4241.951973774,0.0,0.0,0.0,0.0,True,0.0,0.0,INIT
2025-12-04T19:34:18.294578,4241.962046491,0.0,0.0,0.0,0.0,True,0.0,0.0,INIT
2025-12-04T19:34:18.304555,4241.972023996,-6.498866485610672e-12,0.0,4.795058933444792e-18,-6.498866485610672e-12,True,6.498866485610672e-12,0.0,INIT
2025-12-04T19:34:18.314418,4241.98189108,-6.498866485610672e-12,0.0,4.795058933444792e-18,-6.498866485610672e-12,True,6.498866485610672e-12,0.0,INIT
2025-12-04T19:34:18.455392,4242.122866502,0.0,0.0,0.0,0.0,True,0.0,0.0,INIT
2025-12-04T19:34:18.465288,4242.132761522,0.0,0.0,0.0,0.0,True,0.0,0.0,INIT
2025-12-04T19:34:18.474734,4242.142209131,0.0,0.0,0.0,0.0,True,0.0,0.0,INIT
2025-12-04T19:34:18.484434,4242.151906617,0.0,0.0,0.0,0.0,True,0.0,0.0,INIT
2025-12-04T19:34:18.872681,4242.54015265,-3.094698326481273e-13,0.0,2.710323610797517e-20,-3.094698326481273e-13,True,3.094698326481273e-13,0.0,INIT
2025-12-04T19:34:18.892958,4242.560430804,-3.094698326481273e-13,0.0,2.710323610797517e-20,-3.094698326481273e-13,True,3.094698326481273e-13,0.0,INIT
2025-12-04T19:34:18.940491,4242.607964046,-3.094698326481273e-13,0.0,2.710323610797517e-20,-3.094698326481273e-13,True,3.094698326481273e-13,0.0,INIT
2025-12-04T19:34:18.944317,4242.611785533,0.0,0.0,0.0,0.0,True,0.0,0.0,INIT
2025-12-04T19:34:19.200451,4242.867923601,0.0,0.0,0.0,0.0,True,0.0,0.0,INIT
2025-12-04T19:34:19.242322,4242.909790714,0.0,0.0,0.0,0.0,True,0.0,0.0,INIT
2025-12-04T19:34:19.247137,4242.914606676,0.0,0.0,0.0,0.0,True,0.0,0.0,INIT
2025-12-04T19:34:19.254797,4242.92226581,0.0,0.0,0.0,0.0,True,0.0,0.0,INIT
2025-12-04T19:34:19.338200,4243.005674582,0.0,0.0,0.0,0.0,True,0.0,0.0,INIT
2025-12-04T19:34:19.426180,4243.093650165,0.0,0.0,0.0,0.0,True,0.0,0.0,INIT
2025-12-04T19:34:19.984261,4243.651735846,9.903034644740073e-12,0.0,-9.812419597139649e-18,9.903034644740073e-12,True,9.903034644740073e-12,0.0,INIT
2025-12-04T19:34:20.010424,4243.677895244,9.903034644740073e-12,0.0,-9.812419597139649e-18,9.903034644740073e-12,True,9.903034644740073e-12,0.0,INIT
2025-12-04T19:34:21.756679,4245.424152801,9.903034644740073e-12,0.0,-9.812419597139649e-18,9.903034644740073e-12,True,9.903034644740073e-12,0.0,INIT
2025-12-04T19:34:21.820363,4245.487836526,0.0,0.0,0.0,0.0,True,0.0,0.0,INIT
2025-12-04T19:34:22.207663,4245.875136673,0.0,0.0,0.0,0.0,True,0.0,0.0,INIT
2025-12-04T19:34:22.317434,4245.98491007,0.0,0.0,0.0,0.0,True,0.0,0.0,INIT
2025-12-04T19:34:22.332638,4246.000110218,3.094698326481273e-13,0.0,-2.710323610797517e-20,3.094698326481273e-13,True,3.094698326481273e-13,0.0,INIT
2025-12-04T19:34:22.334765,4246.002236308,3.094698326481273e-13,0.0,-2.710323610797517e-20,3.094698326481273e-13,True,3.094698326481273e-13,0.0,INIT
2025-12-04T19:34:22.475541,4246.14303113,-3.094698326481273e-13,0.0,2.710323610797517e-20,-3.094698326481273e-13,True,3.094698326481273e-13,0.0,INIT
2025-12-04T19:34:22.484613,4246.152083152,-3.094698326481273e-13,0.0,2.710323610797517e-20,-3.094698326481273e-13,True,3.094698326481273e-13,0.0,INIT
2025-12-04T19:34:22.688721,4246.356195567,-3.094698326481273e-13,0.0,2.710323610797517e-20,-3.094698326481273e-13,True,3.094698326481273e-13,0.0,INIT
2025-12-04T19:34:22.703530,4246.371008495,0.0,0.0,0.0,0.0,True,0.0,0.0,INIT
2025-12-04T19:34:22.704708,4246.372174702,0.0,0.0,0.0,0.0,True,0.0,0.0,INIT
2025-12-04T19:34:23.441961,4247.109437114,0.0,0.0,0.0,0.0,True,0.0,0.0,INIT
2025-12-04T19:34:23.471366,4247.138838394,0.0,0.0,0.0,0.0,True,0.0,0.0,INIT
2025-12-04T19:34:23.968112,4247.635584255,0.0,0.0,0.0,0.0,True,0.0,0.0,INIT
2025-12-04T19:34:23.985328,4247.652798829,3.094698326481273e-13,0.0,-2.710323610797517e-20,3.094698326481273e-13,True,3.094698326481273e-13,0.0,INIT
2025-12-04T19:34:23.994662,4247.662131614,0.0,0.0,0.0,0.0,True,0.0,0.0,INIT
2025-12-04T19:34:24.004360,4247.67183151,0.0,0.0,0.0,0.0,True,0.0,0.0,INIT
2025-12-04T19:34:24.560356,4248.227827852,0.0,0.0,0.0,0.0,True,0.0,0.0,INIT
2025-12-04T19:34:24.576998,4248.244468758,0.0,0.0,0.0,0.0,True,0.0,0.0,INIT
2025-12-04T19:34:24.584951,4248.252420761,0.0,0.0,0.0,0.0,True,0.0,0.0,INIT
2025-12-04T19:34:24.595193,4248.262663591,0.0,0.0,0.0,0.0,True,0.0,0.0,INIT
2025-12-04T19:34:24.608622,4248.276092645,0.0,0.0,0.0,0.0,True,0.0,0.0,INIT
2025-12-04T19:34:24.615293,4248.282761704,0.0,0.0,0.0,0.0,True,0.0,0.0,INIT
2025-12-04T19:34:24.624714,4248.29218484,0.0,0.0,0.0,0.0,True,0.0,0.0,INIT
2025-12-04T19:34:24.636598,4248.304068619,-3.094698326481273e-13,0.0,2.710323610797517e-20,-3.094698326481273e-13,True,3.094698326481273e-13,0.0,INIT
2025-12-04T19:34:24.644995,4248.312466388,-3.094698326481273e-13,0.0,2.710323610797517e-20,-3.094698326481273e-13,True,3.094698326481273e-13,0.0,INIT
2025-12-04T19:34:24.654581,4248.322051809,-3.094698326481273e-13,0.0,2.710323610797517e-20,-3.094698326481273e-13,True,3.094698326481273e-13,0.0,INIT
2025-12-04T19:34:24.696190,4248.363660851,0.0,0.0,0.0,0.0,True,0.0,0.0,INIT
2025-12-04T19:34:24.704390,4248.371859054,0.0,0.0,0.0,0.0,True,0.0,0.0,INIT
2025-12-04T19:34:24.714420,4248.381892574,0.0,0.0,0.0,0.0,True,0.0,0.0,INIT
2025-12-04T19:34:24.737023,4248.404492395,0.0,0.0,0.0,0.0,True,0.0,0.0,INIT
2025-12-04T19:34:24.746718,4248.414188197,-3.094698326481273e-13,0.0,2.710323610797517e-20,-3.094698326481273e-13,True,3.094698326481273e-13,0.0,INIT
2025-12-04T19:34:24.754294,4248.421763197,-3.094698326481273e-13,0.0,2.710323610797517e-20,-3.094698326481273e-13,True,3.094698326481273e-13,0.0,INIT
2025-12-04T19:34:24.764419,4248.43189052,3.094698326481273e-13,0.0,-2.710323610797517e-20,3.094698326481273e-13,True,3.094698326481273e-13,0.0,INIT
2025-12-04T19:34:24.774460,4248.441932767,3.094698326481273e-13,0.0,-2.710323610797517e-20,3.094698326481273e-13,True,3.094698326481273e-13,0.0,INIT
2025-12-04T19:34:24.836311,4248.503784379,0.0,0.0,0.0,0.0,True,0.0,0.0,INIT
2025-12-04T19:34:24.844617,4248.512086555,0.0,0.0,0.0,0.0,True,0.0,0.0,INIT
2025-12-04T19:34:24.892327,4248.559802674,0.0,0.0,0.0,0.0,True,0.0,0.0,INIT
2025-12-04T19:34:24.895682,4248.563150022,0.0,0.0,0.0,0.0,True,0.0,0.0,INIT
2025-12-04T19:34:24.904395,4248.571864327,0.0,0.0,0.0,0.0,True,0.0,0.0,INIT
2025-12-04T19:34:25.129063,4248.796533838,3.094698326481273e-13,0.0,-2.710323610797517e-20,3.094698326481273e-13,True,3.094698326481273e-13,0.0,INIT
2025-12-04T19:34:25.140324,4248.807793565,3.094698326481273e-13,0.0,-2.710323610797517e-20,3.094698326481273e-13,True,3.094698326481273e-13,0.0,INIT
2025-12-04T19:34:25.145078,4248.812549257,0.0,0.0,0.0,0.0,True,0.0,0.0,INIT
2025-12-04T19:34:25.154588,4248.822058647,0.0,0.0,0.0,0.0,True,0.0,0.0,INIT
2025-12-04T19:34:25.164352,4248.83182063,0.0,0.0,0.0,0.0,True,0.0,0.0,INIT
2025-12-04T19:34:25.174666,4248.842136797,0.0,0.0,0.0,0.0,True,0.0,0.0,INIT
2025-12-04T19:34:25.184581,4248.85205301,0.0,0.0,0.0,0.0,True,0.0,0.0,INIT
2025-12-04T19:34:25.194579,4248.862051405,0.0,0.0,0.0,0.0,True,0.0,0.0,INIT
2025-12-04T19:34:25.204459,4248.871929153,0.0,0.0,0.0,0.0,True,0.0,0.0,INIT
2025-12-04T19:34:25.214646,4248.882122902,-3.094698326481273e-13,0.0,2.710323610797517e-20,-3.094698326481273e-13,True,3.094698326481273e-13,0.0,INIT
2025-12-04T19:34:25.224581,4248.892053811,-3.094698326481273e-13,0.0,2.710323610797517e-20,-3.094698326481273e-13,True,3.094698326481273e-13,0.0,INIT
2025-12-04T19:34:25.234380,4248.901850078,3.094698326481273e-13,0.0,-2.710323610797517e-20,3.094698326481273e-13,True,3.094698326481273e-13,0.0,INIT
2025-12-04T19:34:25.244628,4248.912102665,3.094698326481273e-13,0.0,-2.710323610797517e-20,3.094698326481273e-13,True,3.094698326481273e-13,0.0,INIT
2025-12-04T19:34:25.263152,4248.930622273,0.0,0.0,0.0,0.0,True,0.0,0.0,INIT
2025-12-04T19:34:25.265070,4248.932537612,0.0,0.0,0.0,0.0,True,0.0,0.0,INIT
2025-12-04T19:34:25.279036,4248.946505536,0.0,0.0,0.0,0.0,True,0.0,0.0,INIT
2025-12-04T19:34:25.284528,4248.951996662,0.0,0.0,0.0,0.0,True,0.0,0.0,INIT
2025-12-04T19:34:25.294639,4248.962110928,0.0,0.0,0.0,0.0,True,0.0,0.0,INIT
2025-12-04T19:34:25.304528,4248.971998581,0.0,0.0,0.0,0.0,True,0.0,0.0,INIT
2025-12-04T19:34:25.314692,4248.982158879,0.0,0.0,0.0,0.0,True,0.0,0.0,INIT
2025-12-04T19:34:25.324472,4248.991943619,0.0,0.0,0.0,0.0,True,0.0,0.0,INIT
2025-12-04T19:34:25.334338,4249.001810598,-3.094698326481273e-13,0.0,2.710323610797517e-20,-3.094698326481273e-13,True,3.094698326481273e-13,0.0,INIT
2025-12-04T19:34:25.344464,4249.01194091,-3.094698326481273e-13,0.0,2.710323610797517e-20,-3.094698326481273e-13,True,3.094698326481273e-13,0.0,INIT
2025-12-04T19:34:25.609826,4249.277309471,-3.094698326481273e-13,0.0,2.710323610797517e-20,-3.094698326481273e-13,True,3.094698326481273e-13,0.0,INIT
2025-12-04T19:34:25.623207,4249.290678946,-3.094698326481273e-13,0.0,2.710323610797517e-20,-3.094698326481273e-13,True,3.094698326481273e-13,0.0,INIT
2025-12-04T19:34:25.624333,4249.291806843,-3.094698326481273e-13,0.0,2.710323610797517e-20,-3.094698326481273e-13,True,3.094698326481273e-13,0.0,INIT
2025-12-04T19:34:25.853299,4249.520771669,-3.094698326481273e-13,0.0,2.710323610797517e-20,-3.094698326481273e-13,True,3.094698326481273e-13,0.0,INIT
2025-12-04T19:34:25.865506,4249.53297867,0.0,0.0,0.0,0.0,True,0.0,0.0,INIT
2025-12-04T19:34:26.026136,4249.693604544,0.0,0.0,0.0,0.0,True,0.0,0.0,INIT
2025-12-04T19:34:26.092280,4249.759752009,-1.9187129624183893e-11,0.0,3.0205568899946544e-17,-1.9187129624183893e-11,True,1.9187129624183893e-11,0.0,INIT
2025-12-04T19:34:26.097126,4249.764597198,-1.9187129624183893e-11,0.0,3.0205568899946544e-17,-1.9187129624183893e-11,True,1.9187129624183893e-11,0.0,INIT
2025-12-04T19:34:26.104539,4249.772014149,-1.9187129624183893e-11,0.0,3.0205568899946544e-17,-1.9187129624183893e-11,True,1.9187129624183893e-11,0.0,INIT
2025-12-04T19:34:26.235289,4249.902761106,0.0,0.0,0.0,0.0,True,0.0,0.0,INIT
2025-12-04T19:34:26.244852,4249.912328557,0.0,0.0,0.0,0.0,True,0.0,0.0,INIT
2025-12-04T19:34:26.254711,4249.922178481,-6.189396652962546e-13,0.0,8.805867390812157e-20,-6.189396652962546e-13,True,6.189396652962546e-13,0.0,INIT
2025-12-04T19:34:26.264444,4249.93192431,-6.189396652962546e-13,0.0,8.805867390812157e-20,-6.189396652962546e-13,True,6.189396652962546e-13,0.0,INIT
2025-12-04T19:34:26.347902,4250.015371571,0.0,0.0,0.0,0.0,True,0.0,0.0,INIT
2025-12-04T19:34:26.379888,4250.047359525,0.0,0.0,0.0,0.0,True,0.0,0.0,INIT
2025-12-04T19:34:26.769928,4250.437401089,6.189396652962546e-13,0.0,-8.805867390812157e-20,6.189396652962546e-13,True,6.189396652962546e-13,0.0,INIT
2025-12-04T19:34:26.787810,4250.455284643,6.189396652962546e-13,0.0,-8.805867390812157e-20,6.189396652962546e-13,True,6.189396652962546e-13,0.0,INIT
2025-12-04T19:34:27.243666,4250.911138794,6.189396652962546e-13,0.0,-8.805867390812157e-20,6.189396652962546e-13,True,6.189396652962546e-13,0.0,INIT
2025-12-04T19:34:27.277706,4250.945185145,0.0,0.0,0.0,0.0,True,0.0,0.0,INIT
2025-12-04T19:34:27.289058,4250.95652465,0.0,0.0,0.0,0.0,True,0.0,0.0,INIT
2025-12-04T19:34:27.294694,4250.962172226,0.0,0.0,0.0,0.0,True,0.0,0.0,INIT
2025-12-04T19:34:28.177407,4251.844883624,6.189396652962546e-13,0.0,-8.805867390812157e-20,6.189396652962546e-13,True,6.189396652962546e-13,0.0,INIT
2025-12-04T19:34:28.204836,4251.872310952,6.189396652962546e-13,0.0,-8.805867390812157e-20,6.189396652962546e-13,True,6.189396652962546e-13,0.0,INIT
2025-12-04T19:34:28.245368,4251.912843023,6.189396652962546e-13,0.0,-8.805867390812157e-20,6.189396652962546e-13,True,6.189396652962546e-13,0.0,INIT
2025-12-04T19:34:28.327961,4251.995435155,-6.189396652962546e-13,0.0,8.805867390812157e-20,-6.189396652962546e-13,True,6.189396652962546e-13,0.0,INIT
2025-12-04T19:34:28.334675,4252.002147892,-6.189396652962546e-13,0.0,8.805867390812157e-20,-6.189396652962546e-13,True,6.189396652962546e-13,0.0,INIT
2025-12-04T19:34:28.344469,4252.011939682,-6.189396652962546e-13,0.0,8.805867390812157e-20,-6.189396652962546e-13,True,6.189396652962546e-13,0.0,INIT
2025-12-04T19:34:28.354438,4252.021907114,6.189396652962546e-13,0.0,-8.805867390812157e-20,6.189396652962546e-13,True,6.189396652962546e-13,0.0,INIT
2025-12-04T19:34:28.364683,4252.032154544,6.189396652962546e-13,0.0,-8.805867390812157e-20,6.189396652962546e-13,True,6.189396652962546e-13,0.0,INIT
2025-12-04T19:34:28.374426,4252.041909945,6.189396652962546e-13,0.0,-8.805867390812157e-20,6.189396652962546e-13,True,6.189396652962546e-13,0.0,INIT
2025-12-04T19:34:28.384491,4252.051962376,6.189396652962546e-13,0.0,-8.805867390812157e-20,6.189396652962546e-13,True,6.189396652962546e-13,0.0,INIT
2025-12-04T19:34:28.600255,4252.267728246,6.189396652962546e-13,0.0,-8.805867390812157e-20,6.189396652962546e-13,True,6.189396652962546e-13,0.0,INIT
2025-12-04T19:34:28.614315,4252.281790711,6.189396652962546e-13,0.0,-8.805867390812157e-20,6.189396652962546e-13,True,6.189396652962546e-13,0.0,INIT
2025-12-04T19:34:28.624499,4252.291971242,0.0,0.0,0.0,0.0,True,0.0,0.0,INIT
2025-12-04T19:34:28.634607,4252.302080631,0.0,0.0,0.0,0.0,True,0.0,0.0,INIT
2025-12-04T19:34:28.644357,4252.311830047,-6.189396652962546e-13,0.0,8.805867390812157e-20,-6.189396652962546e-13,True,6.189396652962546e-13,0.0,INIT
2025-12-04T19:34:28.654342,4252.321812282,-6.189396652962546e-13,0.0,8.805867390812157e-20,-6.189396652962546e-13,True,6.189396652962546e-13,0.0,INIT
2025-12-04T19:34:28.699495,4252.366967334,6.189396652962546e-13,0.0,-8.805867390812157e-20,6.189396652962546e-13,True,6.189396652962546e-13,0.0,INIT
2025-12-04T19:34:28.704632,4252.372101627,6.189396652962546e-13,0.0,-8.805867390812157e-20,6.189396652962546e-13,True,6.189396652962546e-13,0.0,INIT
2025-12-04T19:34:28.714532,4252.382012699,6.189396652962546e-13,0.0,-8.805867390812157e-20,6.189396652962546e-13,True,6.189396652962546e-13,0.0,INIT
2025-12-04T19:34:28.724495,4252.391965349,6.189396652962546e-13,0.0,-8.805867390812157e-20,6.189396652962546e-13,True,6.189396652962546e-13,0.0,INIT
2025-12-04T19:34:28.743306,4252.410780044,0.0,0.0,0.0,0.0,True,0.0,0.0,INIT
2025-12-04T19:34:28.744787,4252.412262991,0.0,0.0,0.0,0.0,True,0.0,0.0,INIT
2025-12-04T19:34:28.754466,4252.421939414,-6.189396652962546e-13,0.0,8.805867390812157e-20,-6.189396652962546e-13,True,6.189396652962546e-13,0.0,INIT
2025-12-04T19:34:28.764423,4252.431902522,-6.189396652962546e-13,0.0,8.805867390812157e-20,-6.189396652962546e-13,True,6.189396652962546e-13,0.0,INIT
2025-12-04T19:34:28.809146,4252.476617711,7.427275983555055e-12,0.0,-6.017003429656175e-18,7.427275983555055e-12,True,7.427275983555055e-12,0.0,INIT
2025-12-04T19:34:28.814570,4252.482043295,7.427275983555055e-12,0.0,-6.017003429656175e-18,7.427275983555055e-12,True,7.427275983555055e-12,0.0,INIT
2025-12-04T19:34:28.824423,4252.491900776,2.5376526277146436e-11,0.0,-4.8585278485345515e-17,2.5376526277146436e-11,True,2.5376526277146436e-11,0.0,INIT
2025-12-04T19:34:28.834539,4252.502024035,2.5376526277146436e-11,0.0,-4.8585278485345515e-17,2.5376526277146436e-11,True,2.5376526277146436e-11,0.0,INIT
2025-12-04T19:34:28.844411,4252.511884913,9.28409497944382e-12,0.0,-8.79280174544441e-18,9.28409497944382e-12,True,9.28409497944382e-12,0.0,INIT
2025-12-04T19:34:28.854482,4252.521961902,9.28409497944382e-12,0.0,-8.792801745444412e-18,9.28409497944382e-12,True,9.28409497944382e-12,0.0,INIT
2025-12-04T19:34:28.866571,4252.53404295,6.189396652962546e-13,0.0,-8.80586739081211e-20,6.189396652962546e-13,True,6.189396652962546e-13,0.0,INIT
2025-12-04T19:34:28.874410,4252.54188145,6.189396652962546e-13,0.0,-8.805867390812157e-20,6.189396652962546e-13,True,6.189396652962546e-13,0.0,INIT
2025-12-04T19:34:28.884371,4252.551848795,0.0,0.0,0.0,0.0,True,0.0,0.0,INIT
2025-12-04T19:34:28.894488,4252.561962094,0.0,0.0,0.0,0.0,True,0.0,0.0,INIT
2025-12-04T19:34:28.904555,4252.572029761,0.0,0.0,0.0,0.0,True,0.0,0.0,INIT
2025-12-04T19:34:28.985135,4252.652603764,6.189396652962546e-13,0.0,-8.805867390812157e-20,6.189396652962546e-13,True,6.189396652962546e-13,0.0,INIT
2025-12-04T19:34:28.994285,4252.661757126,0.0,0.0,0.0,0.0,True,0.0,0.0,INIT
2025-12-04T19:34:29.004469,4252.67194053,0.0,0.0,0.0,0.0,True,0.0,0.0,INIT
2025-12-04T19:34:29.014592,4252.682062794,0.0,0.0,0.0,0.0,True,0.0,0.0,INIT
2025-12-04T19:34:29.024359,4252.691826467,0.0,0.0,0.0,0.0,True,0.0,0.0,INIT
2025-12-04T19:34:29.034458,4252.701928041,0.0,0.0,0.0,0.0,True,0.0,0.0,INIT
2025-12-04T19:34:29.070396,4252.737870582,0.0,0.0,0.0,0.0,True,0.0,0.0,INIT
2025-12-04T19:34:29.074455,4252.74192862,0.0,0.0,0.0,0.0,True,0.0,0.0,INIT
2025-12-04T19:34:29.141296,4252.808771129,0.0,0.0,0.0,0.0,True,0.0,0.0,INIT
2025-12-04T19:34:29.244649,4252.912124313,0.0,0.0,0.0,0.0,True,0.0,0.0,INIT
2025-12-04T19:34:29.291814,4252.959288686,0.0,0.0,0.0,0.0,True,0.0,0.0,INIT
2025-12-04T19:34:29.295558,4252.963030666,0.0,0.0,0.0,0.0,True,0.0,0.0,INIT
2025-12-04T19:34:29.304434,4252.971904403,6.189396652962546e-13,0.0,-8.805867390812157e-20,6.189396652962546e-13,True,6.189396652962546e-13,0.0,INIT
2025-12-04T19:34:29.315307,4252.982780796,0.0,0.0,0.0,0.0,True,0.0,0.0,INIT
2025-12-04T19:34:29.324630,4252.992104603,0.0,0.0,0.0,0.0,True,0.0,0.0,INIT
2025-12-04T19:34:29.334456,4253.001925488,0.0,0.0,0.0,0.0,True,0.0,0.0,INIT
2025-12-04T19:34:29.909635,4253.577107978,1.4235612301813855e-11,0.0,-1.818483905532622e-17,1.4235612301813855e-11,True,1.4235612301813855e-11,0.0,INIT
2025-12-04T19:34:29.931479,4253.598949825,1.4235612301813855e-11,0.0,-1.818483905532622e-17,1.4235612301813855e-11,True,1.4235612301813855e-11,0.0,INIT
2025-12-04T19:34:30.004934,4253.672407171,1.4235612301813855e-11,0.0,-1.818483905532622e-17,1.4235612301813855e-11,True,1.4235612301813855e-11,0.0,INIT
2025-12-04T19:34:30.015098,4253.68258085,0.0,0.0,0.0,0.0,True,0.0,0.0,INIT
2025-12-04T19:34:30.071360,4253.738834528,0.0,0.0,0.0,0.0,True,0.0,0.0,INIT
2025-12-04T19:34:30.075115,4253.742586997,0.0,0.0,0.0,0.0,True,0.0,0.0,INIT
2025-12-04T19:34:30.084409,4253.751886344,0.0,0.0,0.0,0.0,True,0.0,0.0,INIT
2025-12-04T19:34:30.109663,4253.777135998,0.0,0.0,0.0,0.0,True,0.0,0.0,INIT
2025-12-04T19:34:30.114414,4253.781884827,0.0,0.0,0.0,0.0,True,0.0,0.0,INIT
2025-12-04T19:34:30.124388,4253.791866042,0.0,0.0,0.0,0.0,True,0.0,0.0,INIT
2025-12-04T19:34:30.136117,4253.803586177,0.0,0.0,0.0,0.0,True,0.0,0.0,INIT
2025-12-04T19:34:30.144487,4253.811964256,0.0,0.0,0.0,0.0,True,0.0,0.0,INIT
2025-12-04T19:34:30.485904,4254.153378795,0.0,0.0,0.0,0.0,True,0.0,0.0,INIT
2025-12-04T19:34:30.496738,4254.164221296,0.0,0.0,0.0,0.0,True,0.0,0.0,INIT
2025-12-04T19:34:30.504583,4254.172055227,6.189396652962546e-13,0.0,-8.805867390812157e-20,6.189396652962546e-13,True,6.189396652962546e-13,0.0,INIT
2025-12-04T19:34:30.514749,4254.182233556,6.189396652962546e-13,0.0,-8.805867390812157e-20,6.189396652962546e-13,True,6.189396652962546e-13,0.0,INIT
2025-12-04T19:34:30.524496,4254.191977061,0.0,0.0,0.0,0.0,True,0.0,0.0,INIT
2025-12-04T19:34:30.534657,4254.202131269,0.0,0.0,0.0,0.0,True,0.0,0.0,INIT
2025-12-04T19:34:30.544399,4254.211871004,0.0,0.0,0.0,0.0,True,0.0,0.0,INIT
2025-12-04T19:34:30.554676,4254.222151088,0.0,0.0,0.0,0.0,True,0.0,0.0,INIT
2025-12-04T19:34:30.564418,4254.231890033,-6.189396652962546e-13,0.0,8.805867390812157e-20,-6.189396652962546e-13,True,6.189396652962546e-13,0.0,INIT
2025-12-04T19:34:30.574519,4254.241990802,-6.189396652962546e-13,0.0,8.805867390812157e-20,-6.189396652962546e-13,True,6.189396652962546e-13,0.0,INIT
2025-12-04T19:34:30.584559,4254.252030668,0.0,0.0,0.0,0.0,True,0.0,0.0,INIT
2025-12-04T19:34:30.594432,4254.26190184,0.0,0.0,0.0,0.0,True,0.0,0.0,INIT
2025-12-04T19:34:30.604366,4254.271836064,6.189396652962546e-13,0.0,-8.805867390812157e-20,6.189396652962546e-13,True,6.189396652962546e-13,0.0,INIT
2025-12-04T19:34:30.614806,4254.282275795,6.189396652962546e-13,0.0,-8.805867390812157e-20,6.189396652962546e-13,True,6.189396652962546e-13,0.0,INIT
2025-12-04T19:34:30.624475,4254.291944533,0.0,0.0,0.0,0.0,True,0.0,0.0,INIT
2025-12-04T19:34:30.634603,4254.30207592,0.0,0.0,0.0,0.0,True,0.0,0.0,INIT
2025-12-04T19:34:30.655063,4254.322536085,0.0,0.0,0.0,0.0,True,0.0,0.0,INIT
2025-12-04T19:34:30.790195,4254.457675177,0.0,0.0,0.0,0.0,True,0.0,0.0,INIT
2025-12-04T19:34:30.799665,4254.467138187,0.0,0.0,0.0,0.0,True,0.0,0.0,INIT
2025-12-04T19:34:30.804414,4254.471886141,0.0,0.0,0.0,0.0,True,0.0,0.0,INIT
2025-12-04T19:34:31.016188,4254.683659966,0.0,0.0,0.0,0.0,True,0.0,0.0,INIT
2025-12-04T19:34:31.026193,4254.693663708,-6.189396652962546e-13,0.0,8.805867390812157e-20,-6.189396652962546e-13,True,6.189396652962546e-13,0.0,INIT
2025-12-04T19:34:31.034536,4254.702025346,-6.189396652962546e-13,0.0,8.805867390812157e-20,-6.189396652962546e-13,True,6.189396652962546e-13,0.0,INIT
2025-12-04T19:34:31.044442,4254.71191336,0.0,0.0,0.0,0.0,True,0.0,0.0,INIT
2025-12-04T19:34:31.054582,4254.722053072,0.0,0.0,0.0,0.0,True,0.0,0.0,INIT
2025-12-04T19:34:31.064763,4254.732238124,0.0,0.0,0.0,0.0,True,0.0,0.0,INIT
2025-12-04T19:34:31.074561,4254.742034782,0.0,0.0,0.0,0.0,True,0.0,0.0,INIT
2025-12-04T19:34:31.084468,4254.751940377,6.189396652962546e-13,0.0,-8.805867390812157e-20,6.189396652962546e-13,True,6.189396652962546e-13,0.0,INIT
2025-12-04T19:34:31.094452,4254.761921382,6.189396652962546e-13,0.0,-8.805867390812157e-20,6.189396652962546e-13,True,6.189396652962546e-13,0.0,INIT
2025-12-04T19:34:31.104598,4254.772071507,6.189396652962546e-13,0.0,-8.805867390812157e-20,6.189396652962546e-13,True,6.189396652962546e-13,0.0,INIT
2025-12-04T19:34:31.163413,4254.830886796,0.0,0.0,0.0,0.0,True,0.0,0.0,INIT
2025-12-04T19:34:31.166276,4254.833745258,0.0,0.0,0.0,0.0,True,0.0,0.0,INIT
2025-12-04T19:34:31.174484,4254.841957195,0.0,0.0,0.0,0.0,True,0.0,0.0,INIT
2025-12-04T19:34:31.184455,4254.851929931,0.0,0.0,0.0,0.0,True,0.0,0.0,INIT
2025-12-04T19:34:31.739017,4255.406488952,-6.189396652962546e-13,0.0,8.805867390812157e-20,-6.189396652962546e-13,True,6.189396652962546e-13,0.0,INIT
2025-12-04T19:34:31.763627,4255.431100011,-6.189396652962546e-13,0.0,8.805867390812157e-20,-6.189396652962546e-13,True,6.189396652962546e-13,0.0,INIT
2025-12-04T19:34:31.856863,4255.524334574,-6.189396652962546e-13,0.0,8.805867390812157e-20,-6.189396652962546e-13,True,6.189396652962546e-13,0.0,INIT
2025-12-04T19:34:31.887644,4255.555117819,0.0,0.0,0.0,0.0,True,0.0,0.0,INIT
2025-12-04T19:34:31.967978,4255.635453998,-6.189396652962546e-13,0.0,8.805867390812157e-20,-6.189396652962546e-13,True,6.189396652962546e-13,0.0,INIT
2025-12-04T19:34:31.974791,4255.642263003,-6.189396652962546e-13,0.0,8.805867390812157e-20,-6.189396652962546e-13,True,6.189396652962546e-13,0.0,INIT
2025-12-04T19:34:32.003176,4255.670655466,0.0,0.0,0.0,0.0,True,0.0,0.0,INIT
2025-12-04T19:34:32.006765,4255.674239218,0.0,0.0,0.0,0.0,True,0.0,0.0,INIT
2025-12-04T19:34:32.014575,4255.682051664,0.0,0.0,0.0,0.0,True,0.0,0.0,INIT
2025-12-04T19:34:32.107865,4255.775334317,0.0,0.0,0.0,0.0,True,0.0,0.0,INIT
2025-12-04T19:34:32.116015,4255.78348706,0.0,0.0,0.0,0.0,True,0.0,0.0,INIT
2025-12-04T19:34:32.124609,4255.792085085,-6.189396652962546e-13,0.0,8.805867390812157e-20,-6.189396652962546e-13,True,6.189396652962546e-13,0.0,INIT
2025-12-04T19:34:32.134529,4255.802018143,-6.189396652962546e-13,0.0,8.805867390812157e-20,-6.189396652962546e-13,True,6.189396652962546e-13,0.0,INIT
2025-12-04T19:34:32.145234,4255.812701215,1.856818995888764e-11,0.0,-2.856789712716735e-17,1.856818995888764e-11,True,1.856818995888764e-11,0.0,INIT
2025-12-04T19:34:32.154713,4255.822188503,1.856818995888764e-11,0.0,-2.856789712716735e-17,1.856818995888764e-11,True,1.856818995888764e-11,0.0,INIT
2025-12-04T19:34:32.164368,4255.831838527,0.0,0.0,0.0,0.0,True,0.0,0.0,INIT
2025-12-04T19:34:32.174479,4255.841951906,0.0,0.0,0.0,0.0,True,0.0,0.0,INIT
2025-12-04T19:34:32.184529,4255.852009287,6.189396652962546e-13,0.0,-8.805867390812157e-20,6.189396652962546e-13,True,6.189396652962546e-13,0.0,INIT
2025-12-04T19:34:32.194776,4255.86225897,6.189396652962546e-13,0.0,-8.805867390812157e-20,6.189396652962546e-13,True,6.189396652962546e-13,0.0,INIT
2025-12-04T19:34:32.204542,4255.872025415,6.189396652962546e-13,0.0,-8.805867390812157e-20,6.189396652962546e-13,True,6.189396652962546e-13,0.0,INIT
2025-12-04T19:34:32.214523,4255.881997131,0.0,0.0,0.0,0.0,True,0.0,0.0,INIT
2025-12-04T19:34:32.224516,4255.891992056,0.0,0.0,0.0,0.0,True,0.0,0.0,INIT
2025-12-04T19:34:32.234592,4255.902067782,0.0,0.0,0.0,0.0,True,0.0,0.0,INIT
2025-12-04T19:34:32.244567,4255.912044388,0.0,0.0,0.0,0.0,True,0.0,0.0,INIT
2025-12-04T19:34:32.254495,4255.921966496,-6.189396652962546e-13,0.0,8.805867390812157e-20,-6.189396652962546e-13,True,6.189396652962546e-13,0.0,INIT
2025-12-04T19:34:32.264501,4255.931976162,-6.189396652962546e-13,0.0,8.805867390812157e-20,-6.189396652962546e-13,True,6.189396652962546e-13,0.0,INIT
2025-12-04T19:34:32.274416,4255.941891767,0.0,0.0,0.0,0.0,True,0.0,0.0,INIT
2025-12-04T19:34:32.284596,4255.952068678,0.0,0.0,0.0,0.0,True,0.0,0.0,INIT
2025-12-04T19:34:32.344352,4256.011828639,0.0,0.0,0.0,0.0,True,0.0,0.0,INIT
2025-12-04T19:34:32.354456,4256.021929798,0.0,0.0,0.0,0.0,True,0.0,0.0,INIT
2025-12-04T19:34:32.516703,4256.184177847,0.0,0.0,0.0,0.0,True,0.0,0.0,INIT
2025-12-04T19:34:32.530453,4256.197929603,6.189396652962546e-13,0.0,-8.805867390812157e-20,6.189396652962546e-13,True,6.189396652962546e-13,0.0,INIT
2025-12-04T19:34:32.534462,4256.201932861,6.189396652962546e-13,0.0,-8.805867390812157e-20,6.189396652962546e-13,True,6.189396652962546e-13,0.0,INIT
2025-12-04T19:34:32.544465,4256.211936083,6.189396652962546e-13,0.0,-8.805867390812157e-20,6.189396652962546e-13,True,6.189396652962546e-13,0.0,INIT
2025-12-04T19:34:32.570370,4256.237842601,0.0,0.0,0.0,0.0,True,0.0,0.0,INIT
2025-12-04T19:34:32.574659,4256.242127841,0.0,0.0,0.0,0.0,True,0.0,0.0,INIT
2025-12-04T19:34:32.584576,4256.252051571,0.0,0.0,0.0,0.0,True,0.0,0.0,INIT
2025-12-04T19:34:32.600588,4256.268057234,-6.189396652962546e-13,0.0,8.805867390812157e-20,-6.189396652962546e-13,True,6.189396652962546e-13,0.0,INIT
2025-12-04T19:34:32.604470,4256.271944906,-6.189396652962546e-13,0.0,8.805867390812157e-20,-6.189396652962546e-13,True,6.189396652962546e-13,0.0,INIT
2025-12-04T19:34:32.614376,4256.281850882,0.0,0.0,0.0,0.0,True,0.0,0.0,INIT
2025-12-04T19:34:32.624557,4256.2920313,0.0,0.0,0.0,0.0,True,0.0,0.0,INIT
2025-12-04T19:34:32.634660,4256.302135168,6.189396652962546e-13,0.0,-8.805867390812157e-20,6.189396652962546e-13,True,6.189396652962546e-13,0.0,INIT
2025-12-04T19:34:32.644663,4256.312141263,6.189396652962546e-13,0.0,-8.805867390812157e-20,6.189396652962546e-13,True,6.189396652962546e-13,0.0,INIT
2025-12-04T19:34:32.654580,4256.322053878,6.189396652962546e-13,0.0,-8.805867390812157e-20,6.189396652962546e-13,True,6.189396652962546e-13,0.0,INIT
2025-12-04T19:34:32.664745,4256.332219129,0.0,0.0,0.0,0.0,True,0.0,0.0,INIT
2025-12-04T19:34:32.674751,4256.342228791,0.0,0.0,0.0,0.0,True,0.0,0.0,INIT
2025-12-04T19:34:32.872324,4256.539802449,6.189396652962546e-13,0.0,-8.805867390812157e-20,6.189396652962546e-13,True,6.189396652962546e-13,0.0,INIT
2025-12-04T19:34:32.883264,4256.550735627,6.189396652962546e-13,0.0,-8.805867390812157e-20,6.189396652962546e-13,True,6.189396652962546e-13,0.0,INIT
2025-12-04T19:34:32.885081,4256.552554514,6.189396652962546e-13,0.0,-8.805867390812157e-20,6.189396652962546e-13,True,6.189396652962546e-13,0.0,INIT
2025-12-04T19:34:34.089140,4257.756612329,6.189396652962546e-13,0.0,-8.805867390812157e-20,6.189396652962546e-13,True,6.189396652962546e-13,0.0,INIT
2025-12-04T19:34:34.115761,4257.78323453,6.189396652962546e-13,0.0,-8.805867390812157e-20,6.189396652962546e-13,True,6.189396652962546e-13,0.0,INIT
2025-12-04T19:34:34.154067,4257.821541628,6.189396652962546e-13,0.0,-8.805867390812157e-20,6.189396652962546e-13,True,6.189396652962546e-13,0.0,INIT
2025-12-04T19:34:34.164502,4257.831971574,6.189396652962546e-13,0.0,-8.805867390812157e-20,6.189396652962546e-13,True,6.189396652962546e-13,0.0,INIT
2025-12-04T19:34:34.174679,4257.842148922,6.189396652962546e-13,0.0,-8.805867390812157e-20,6.189396652962546e-13,True,6.189396652962546e-13,0.0,INIT
2025-12-04T19:34:34.184490,4257.851966348,6.189396652962546e-13,0.0,-8.805867390812157e-20,6.189396652962546e-13,True,6.189396652962546e-13,0.0,INIT
2025-12-04T19:34:34.457614,4258.125086088,6.189396652962546e-13,0.0,-8.805867390812157e-20,6.189396652962546e-13,True,6.189396652962546e-13,0.0,INIT
2025-12-04T19:34:34.474197,4258.141669311,0.0,0.0,0.0,0.0,True,0.0,0.0,INIT
2025-12-04T19:34:34.538150,4258.205621385,6.189396652962546e-13,0.0,-8.805867390812157e-20,6.189396652962546e-13,True,6.189396652962546e-13,0.0,INIT
2025-12-04T19:34:34.544627,4258.212101871,6.189396652962546e-13,0.0,-8.805867390812157e-20,6.189396652962546e-13,True,6.189396652962546e-13,0.0,INIT
2025-12-04T19:34:34.554294,4258.221763156,0.0,0.0,0.0,0.0,True,0.0,0.0,INIT
2025-12-04T19:34:34.564390,4258.231861872,0.0,0.0,0.0,0.0,True,0.0,0.0,INIT
2025-12-04T19:34:34.574480,4258.241948949,-6.189396652962546e-13,0.0,8.805867390812157e-20,-6.189396652962546e-13,True,6.189396652962546e-13,0.0,INIT
2025-12-04T19:34:34.584456,4258.251925677,-6.189396652962546e-13,0.0,8.805867390812157e-20,-6.189396652962546e-13,True,6.189396652962546e-13,0.0,INIT
2025-12-04T19:34:34.916370,4258.583847839,0.0,0.0,0.0,0.0,True,0.0,0.0,INIT
2025-12-04T19:34:34.932043,4258.599518205,0.0,0.0,0.0,0.0,True,0.0,0.0,INIT
2025-12-04T19:34:35.217783,4258.885260791,0.0,0.0,0.0,0.0,True,0.0,0.0,INIT
2025-12-04T19:34:35.231656,4258.899127715,0.0,0.0,0.0,0.0,True,0.0,0.0,INIT
2025-12-04T19:34:35.234398,4258.901869932,0.0,0.0,0.0,0.0,True,0.0,0.0,INIT
2025-12-04T19:34:35.244668,4258.912144858,0.0,0.0,0.0,0.0,True,0.0,0.0,INIT
2025-12-04T19:34:35.254676,4258.922162542,0.0,0.0,0.0,0.0,True,0.0,0.0,INIT
2025-12-04T19:34:36.315021,4259.982495505,-6.189396652962546e-13,0.0,8.805867390812157e-20,-6.189396652962546e-13,True,6.189396652962546e-13,0.0,INIT
2025-12-04T19:34:36.517760,4260.185229121,6.189396652962546e-13,0.0,-8.805867390812157e-20,6.189396652962546e-13,True,6.189396652962546e-13,0.0,INIT
2025-12-04T19:34:37.120807,4260.788284462,0.0,0.0,0.0,0.0,True,0.0,0.0,INIT
2025-12-04T19:34:37.141738,4260.809211419,0.0,0.0,0.0,0.0,True,0.0,0.0,INIT
2025-12-04T19:34:37.168330,4260.835801637,0.0,0.0,0.0,0.0,True,0.0,0.0,INIT
2025-12-04T19:34:37.251024,4260.918496185,6.189396652962546e-13,0.0,-8.805867390812157e-20,6.189396652962546e-13,True,6.189396652962546e-13,0.0,INIT
2025-12-04T19:34:37.260828,4260.92830109,6.189396652962546e-13,0.0,-8.805867390812157e-20,6.189396652962546e-13,True,6.189396652962546e-13,0.0,INIT
2025-12-04T19:34:37.264891,4260.932364168,6.189396652962546e-13,0.0,-8.805867390812157e-20,6.189396652962546e-13,True,6.189396652962546e-13,0.0,INIT
2025-12-04T19:34:37.702480,4261.369954504,0.0,0.0,0.0,0.0,True,0.0,0.0,INIT
2025-12-04T19:34:37.734300,4261.401764894,6.189396652962546e-13,0.0,-8.805867390812157e-20,6.189396652962546e-13,True,6.189396652962546e-13,0.0,INIT
2025-12-04T19:34:37.981949,4261.64942101,6.189396652962546e-13,0.0,-8.805867390812157e-20,6.189396652962546e-13,True,6.189396652962546e-13,0.0,INIT
2025-12-04T19:34:37.995658,4261.663132669,-6.189396652962546e-13,0.0,8.805867390812157e-20,-6.189396652962546e-13,True,6.189396652962546e-13,0.0,INIT
2025-12-04T19:34:39.909317,4263.57678863,1.609243129770262e-11,0.0,-2.2398907276294877e-17,1.609243129770262e-11,True,1.609243129770262e-11,0.0,INIT
2025-12-04T19:34:39.942713,4263.610186962,1.609243129770262e-11,0.0,-2.2398907276294877e-17,1.609243129770262e-11,True,1.609243129770262e-11,0.0,INIT
2025-12-04T19:34:40.037144,4263.704615801,1.609243129770262e-11,0.0,-2.2398907276294877e-17,1.609243129770262e-11,True,1.609243129770262e-11,0.0,INIT
2025-12-04T19:34:40.044447,4263.71192438,6.189396652962546e-13,0.0,-8.805867390812264e-20,6.189396652962546e-13,True,6.189396652962546e-13,0.0,INIT
2025-12-04T19:34:40.093631,4263.761103996,0.0,0.0,0.0,0.0,True,0.0,0.0,INIT
2025-12-04T19:34:40.095918,4263.763388407,0.0,0.0,0.0,0.0,True,0.0,0.0,INIT
2025-12-04T19:34:40.104243,4263.77171149,0.0,0.0,0.0,0.0,True,0.0,0.0,INIT
2025-12-04T19:34:40.165893,4263.833367291,0.0,0.0,0.0,0.0,True,0.0,0.0,INIT
2025-12-04T19:34:40.871489,4264.538960778,0.0,0.0,0.0,0.0,True,0.0,0.0,INIT
2025-12-04T19:34:41.188973,4264.856445069,0.0,0.0,0.0,0.0,True,0.0,0.0,INIT
2025-12-04T19:34:41.199713,4264.867181337,0.0,0.0,0.0,0.0,True,0.0,0.0,INIT
2025-12-04T19:34:41.204389,4264.871855828,0.0,0.0,0.0,0.0,True,0.0,0.0,INIT
2025-12-04T19:34:41.214665,4264.882134498,0.0,0.0,0.0,0.0,True,0.0,0.0,INIT
2025-12-04T19:34:41.234381,4264.901853611,0.0,0.0,0.0,0.0,True,0.0,0.0,INIT
2025-12-04T19:34:41.244472,4264.91194223,0.0,0.0,0.0,0.0,True,0.0,0.0,INIT
2025-12-04T19:34:41.254607,4264.922076865,0.0,0.0,0.0,0.0,True,0.0,0.0,INIT
2025-12-04T19:34:41.264343,4264.931812979,0.0,0.0,0.0,0.0,True,0.0,0.0,INIT
2025-12-04T19:34:41.292855,4264.96032453,0.0,0.0,0.0,0.0,True,0.0,0.0,INIT
2025-12-04T19:34:41.294659,4264.962124848,0.0,0.0,0.0,0.0,True,0.0,0.0,INIT
2025-12-04T19:34:41.304238,4264.971704922,0.0,0.0,0.0,0.0,True,0.0,0.0,INIT
2025-12-04T19:34:41.376224,4265.043692362,0.0,0.0,0.0,0.0,True,0.0,0.0,INIT
2025-12-04T19:34:41.384534,4265.052006917,0.0,0.0,0.0,0.0,True,0.0,0.0,INIT
2025-12-04T19:34:41.403226,4265.070699005,0.0,0.0,0.0,0.0,True,0.0,0.0,INIT
2025-12-04T19:34:41.404583,4265.072056644,0.0,0.0,0.0,0.0,True,0.0,0.0,INIT
2025-12-04T19:34:41.414506,4265.081981489,0.0,0.0,0.0,0.0,True,0.0,0.0,INIT
2025-12-04T19:34:41.424597,4265.092068505,0.0,0.0,0.0,0.0,True,0.0,0.0,INIT
2025-12-04T19:34:41.440554,4265.10802314,0.0,0.0,0.0,0.0,True,0.0,0.0,INIT
2025-12-04T19:34:41.444274,4265.11174092,0.0,0.0,0.0,0.0,True,0.0,0.0,INIT
2025-12-04T19:34:41.521479,4265.188952237,0.0,0.0,0.0,0.0,True,0.0,0.0,INIT
2025-12-04T19:34:41.527074,4265.194543862,0.0,0.0,0.0,0.0,True,0.0,0.0,INIT
2025-12-04T19:34:41.534361,4265.201835577,0.0,0.0,0.0,0.0,True,0.0,0.0,INIT
2025-12-04T19:34:41.588587,4265.256059374,-6.189396652962546e-13,0.0,8.805867390812157e-20,-6.189396652962546e-13,True,6.189396652962546e-13,0.0,INIT
2025-12-04T19:34:41.594379,4265.261850061,-6.189396652962546e-13,0.0,8.805867390812157e-20,-6.189396652962546e-13,True,6.189396652962546e-13,0.0,INIT
2025-12-04T19:34:41.812218,4265.47968984,-6.189396652962546e-13,0.0,8.805867390812157e-20,-6.189396652962546e-13,True,6.189396652962546e-13,0.0,INIT
2025-12-04T19:34:42.027697,4265.695168128,-6.189396652962546e-13,0.0,8.805867390812157e-20,-6.189396652962546e-13,True,6.189396652962546e-13,0.0,INIT
2025-12-04T19:34:42.045126,4265.712600553,-6.189396652962546e-13,0.0,8.805867390812157e-20,-6.189396652962546e-13,True,6.189396652962546e-13,0.0,INIT
2025-12-04T19:34:42.787162,4266.454631097,-6.189396652962546e-13,0.0,8.805867390812157e-20,-6.189396652962546e-13,True,6.189396652962546e-13,0.0,INIT
2025-12-04T19:34:42.810837,4266.478317283,-6.189396652962546e-13,0.0,8.805867390812157e-20,-6.189396652962546e-13,True,6.189396652962546e-13,0.0,INIT
2025-12-04T19:34:43.329771,4266.997238987,-6.189396652962546e-13,0.0,8.805867390812157e-20,-6.189396652962546e-13,True,6.189396652962546e-13,0.0,INIT
2025-12-04T19:34:44.656905,4268.324375579,6.189396652962546e-13,0.0,-8.805867390812157e-20,6.189396652962546e-13,True,6.189396652962546e-13,0.0,INIT
2025-12-04T19:34:44.681870,4268.349343725,6.189396652962546e-13,0.0,-8.805867390812157e-20,6.189396652962546e-13,True,6.189396652962546e-13,0.0,INIT
2025-12-04T19:34:44.724277,4268.391747999,0.0,0.0,0.0,0.0,True,0.0,0.0,INIT
2025-12-04T19:34:44.734775,4268.402246051,0.0,0.0,0.0,0.0,True,0.0,0.0,INIT
2025-12-04T19:34:44.761094,4268.428567682,6.189396652962546e-13,0.0,-8.805867390812157e-20,6.189396652962546e-13,True,6.189396652962546e-13,0.0,INIT
2025-12-04T19:34:44.861766,4268.52923653,-5.570456987666291e-12,0.0,3.689643508600775e-18,-5.570456987666291e-12,True,5.570456987666291e-12,0.0,INIT
2025-12-04T19:34:44.917643,4268.585113002,-5.570456987666291e-12,0.0,3.689643508600775e-18,-5.570456987666291e-12,True,5.570456987666291e-12,0.0,INIT
2025-12-04T19:34:44.924616,4268.592093433,-1.0521974310036326e-11,0.0,1.0877655664297979e-17,-1.0521974310036326e-11,True,1.0521974310036326e-11,0.0,INIT
2025-12-04T19:34:45.145195,4268.812664664,-6.189396652962546e-13,0.0,8.80586739081211e-20,-6.189396652962546e-13,True,6.189396652962546e-13,0.0,INIT
2025-12-04T19:34:45.154887,4268.822362527,-6.189396652962546e-13,0.0,8.805867390812157e-20,-6.189396652962546e-13,True,6.189396652962546e-13,0.0,INIT
2025-12-04T19:34:45.324422,4268.991893882,0.0,0.0,0.0,0.0,True,0.0,0.0,INIT
2025-12-04T19:34:45.334744,4269.002213685,0.0,0.0,0.0,0.0,True,0.0,0.0,INIT
2025-12-04T19:34:45.344381,4269.011857328,0.0,0.0,0.0,0.0,True,0.0,0.0,INIT
2025-12-04T19:34:45.724214,4269.391687151,6.189396652962546e-13,0.0,-8.805867390812157e-20,6.189396652962546e-13,True,6.189396652962546e-13,0.0,INIT
2025-12-04T19:34:45.745398,4269.412878868,6.189396652962546e-13,0.0,-8.805867390812157e-20,6.189396652962546e-13,True,6.189396652962546e-13,0.0,INIT
2025-12-04T19:34:45.762429,4269.429904998,0.0,0.0,0.0,0.0,True,0.0,0.0,INIT
2025-12-04T19:34:45.764538,4269.432022975,0.0,0.0,0.0,0.0,True,0.0,0.0,INIT
2025-12-04T19:34:45.774404,4269.441877608,0.0,0.0,0.0,0.0,True,0.0,0.0,INIT
2025-12-04T19:34:45.802660,4269.470136381,-6.189396652962546e-13,0.0,8.805867390812157e-20,-6.189396652962546e-13,True,6.189396652962546e-13,0.0,INIT
2025-12-04T19:34:45.805626,4269.473097987,-6.189396652962546e-13,0.0,8.805867390812157e-20,-6.189396652962546e-13,True,6.189396652962546e-13,0.0,INIT
2025-12-04T19:34:45.814406,4269.481876071,-6.189396652962546e-13,0.0,8.805867390812157e-20,-6.189396652962546e-13,True,6.189396652962546e-13,0.0,INIT
2025-12-04T19:34:45.835867,4269.503341438,6.189396652962546e-13,0.0,-8.805867390812157e-20,6.189396652962546e-13,True,6.189396652962546e-13,0.0,INIT
2025-12-04T19:34:45.844687,4269.512164942,6.189396652962546e-13,0.0,-8.805867390812157e-20,6.189396652962546e-13,True,6.189396652962546e-13,0.0,INIT
2025-12-04T19:34:45.854564,4269.52203734,6.189396652962546e-13,0.0,-8.805867390812157e-20,6.189396652962546e-13,True,6.189396652962546e-13,0.0,INIT
2025-12-04T19:34:45.864308,4269.531778616,0.0,0.0,0.0,0.0,True,0.0,0.0,INIT
2025-12-04T19:34:45.874683,4269.542160151,0.0,0.0,0.0,0.0,True,0.0,0.0,INIT
2025-12-04T19:34:45.956570,4269.624042383,6.189396652962546e-13,0.0,-8.805867390812157e-20,6.189396652962546e-13,True,6.189396652962546e-13,0.0,INIT
2025-12-04T19:34:46.099033,4269.766506708,-6.189396652962546e-13,0.0,8.805867390812157e-20,-6.189396652962546e-13,True,6.189396652962546e-13,0.0,INIT
2025-12-04T19:34:46.108238,4269.775708957,-6.189396652962546e-13,0.0,8.805867390812157e-20,-6.189396652962546e-13,True,6.189396652962546e-13,0.0,INIT
2025-12-04T19:34:46.114485,4269.781971825,-6.189396652962546e-13,0.0,8.805867390812157e-20,-6.189396652962546e-13,True,6.189396652962546e-13,0.0,INIT
2025-12-04T19:34:46.126044,4269.793518837,0.0,0.0,0.0,0.0,True,0.0,0.0,INIT
2025-12-04T19:34:46.134537,4269.802022347,0.0,0.0,0.0,0.0,True,0.0,0.0,INIT
2025-12-04T19:34:46.144799,4269.812271678,6.189396652962546e-13,0.0,-8.805867390812157e-20,6.189396652962546e-13,True,6.189396652962546e-13,0.0,INIT
2025-12-04T19:34:46.154496,4269.821972917,6.189396652962546e-13,0.0,-8.805867390812157e-20,6.189396652962546e-13,True,6.189396652962546e-13,0.0,INIT
2025-12-04T19:34:46.450059,4270.117531184,-6.189396652962546e-13,0.0,8.805867390812157e-20,-6.189396652962546e-13,True,6.189396652962546e-13,0.0,INIT
2025-12-04T19:34:46.466041,4270.133512716,-6.189396652962546e-13,0.0,8.805867390812157e-20,-6.189396652962546e-13,True,6.189396652962546e-13,0.0,INIT
2025-12-04T19:34:46.474528,4270.142014432,0.0,0.0,0.0,0.0,True,0.0,0.0,INIT
2025-12-04T19:34:46.484608,4270.152084656,6.189396652962546e-13,0.0,-8.805867390812157e-20,6.189396652962546e-13,True,6.189396652962546e-13,0.0,INIT
2025-12-04T19:34:46.494567,4270.162038679,6.189396652962546e-13,0.0,-8.805867390812157e-20,6.189396652962546e-13,True,6.189396652962546e-13,0.0,INIT
2025-12-04T19:34:46.616029,4270.283502012,0.0,0.0,0.0,0.0,True,0.0,0.0,INIT
2025-12-04T19:34:46.624641,4270.292110021,0.0,0.0,0.0,0.0,True,0.0,0.0,INIT
2025-12-04T19:34:46.957395,4270.62487392,6.189396652962546e-13,0.0,-8.805867390812157e-20,6.189396652962546e-13,True,6.189396652962546e-13,0.0,INIT
2025-12-04T19:34:46.974631,4270.642105244,6.189396652962546e-13,0.0,-8.805867390812157e-20,6.189396652962546e-13,True,6.189396652962546e-13,0.0,INIT
2025-12-04T19:34:46.984318,4270.651789815,0.0,0.0,0.0,0.0,True,0.0,0.0,INIT
2025-12-04T19:34:46.994286,4270.661756535,0.0,0.0,0.0,0.0,True,0.0,0.0,INIT
2025-12-04T19:34:47.004324,4270.671794512,-6.189396652962546e-13,0.0,8.805867390812157e-20,-6.189396652962546e-13,True,6.189396652962546e-13,0.0,INIT
2025-12-04T19:34:47.014369,4270.681843443,-6.189396652962546e-13,0.0,8.805867390812157e-20,-6.189396652962546e-13,True,6.189396652962546e-13,0.0,INIT
2025-12-04T19:34:47.024452,4270.691919748,0.0,0.0,0.0,0.0,True,0.0,0.0,INIT
2025-12-04T19:34:47.034510,4270.70198235,0.0,0.0,0.0,0.0,True,0.0,0.0,INIT
2025-12-04T19:34:47.044599,4270.712077988,0.0,0.0,0.0,0.0,True,0.0,0.0,INIT
2025-12-04T19:34:47.054615,4270.722087394,0.0,0.0,0.0,0.0,True,0.0,0.0,INIT
2025-12-04T19:34:47.064625,4270.732096211,6.189396652962546e-13,0.0,-8.805867390812157e-20,6.189396652962546e-13,True,6.189396652962546e-13,0.0,INIT
2025-12-04T19:34:47.074526,4270.741998661,6.189396652962546e-13,0.0,-8.805867390812157e-20,6.189396652962546e-13,True,6.189396652962546e-13,0.0,INIT
2025-12-04T19:34:47.449349,4271.116819668,0.0,0.0,0.0,0.0,True,0.0,0.0,INIT
2025-12-04T19:34:47.464272,4271.131747527,0.0,0.0,0.0,0.0,True,0.0,0.0,INIT
2025-12-04T19:34:47.525642,4271.193117419,0.0,0.0,0.0,0.0,True,0.0,0.0,INIT
2025-12-04T19:34:47.534564,4271.202046689,0.0,0.0,0.0,0.0,True,0.0,0.0,INIT
2025-12-04T19:34:48.004004,4271.671477733,0.0,0.0,0.0,0.0,True,0.0,0.0,INIT
2025-12-04T19:34:48.022372,4271.689842342,0.0,0.0,0.0,0.0,True,0.0,0.0,INIT
2025-12-04T19:34:48.024193,4271.691659522,0.0,0.0,0.0,0.0,True,0.0,0.0,INIT
2025-12-04T19:34:48.160722,4271.828198591,0.0,0.0,0.0,0.0,True,0.0,0.0,INIT
2025-12-04T19:34:48.166923,4271.834390523,0.0,0.0,0.0,0.0,True,0.0,0.0,INIT
2025-12-04T19:34:48.174890,4271.842367449,0.0,0.0,0.0,0.0,True,0.0,0.0,INIT
2025-12-04T19:34:48.184505,4271.851976602,-8.046215648851308e-12,0.0,6.894072395107425e-18,-8.046215648851308e-12,True,8.046215648851308e-12,0.0,INIT
2025-12-04T19:34:48.194474,4271.861946947,-8.046215648851308e-12,0.0,6.894072395107425e-18,-8.046215648851308e-12,True,8.046215648851308e-12,0.0,INIT
2025-12-04T19:34:48.204370,4271.871840223,-1.7330310628295126e-11,0.0,2.5406263240528794e-17,-1.7330310628295126e-11,True,1.7330310628295126e-11,0.0,INIT
2025-12-04T19:34:48.214420,4271.881890661,-1.7330310628295126e-11,0.0,2.5406263240528794e-17,-1.7330310628295126e-11,True,1.7330310628295126e-11,0.0,INIT
2025-12-04T19:34:48.224412,4271.891881308,-1.9187129624183893e-11,0.0,3.0205568899946544e-17,-1.9187129624183893e-11,True,1.9187129624183893e-11,0.0,INIT
2025-12-04T19:34:48.234503,4271.901972091,-1.9187129624183893e-11,0.0,3.0205568899946544e-17,-1.9187129624183893e-11,True,1.9187129624183893e-11,0.0,INIT
2025-12-04T19:34:48.247514,4271.914987843,-6.189396652962546e-13,0.0,8.805867390811956e-20,-6.189396652962546e-13,True,6.189396652962546e-13,0.0,INIT
2025-12-04T19:34:48.254561,4271.922032731,-6.189396652962546e-13,0.0,8.805867390812157e-20,-6.189396652962546e-13,True,6.189396652962546e-13,0.0,INIT
2025-12-04T19:34:48.272506,4271.93997687,0.0,0.0,0.0,0.0,True,0.0,0.0,INIT
2025-12-04T19:34:48.274637,4271.94211025,0.0,0.0,0.0,0.0,True,0.0,0.0,INIT
2025-12-04T19:34:48.284682,4271.952162879,0.0,0.0,0.0,0.0,True,0.0,0.0,INIT
2025-12-04T19:34:48.294575,4271.962046887,0.0,0.0,0.0,0.0,True,0.0,0.0,INIT
2025-12-04T19:34:48.304412,4271.971882855,6.189396652962546e-13,0.0,-8.805867390812157e-20,6.189396652962546e-13,True,6.189396652962546e-13,0.0,INIT
2025-12-04T19:34:48.314631,4271.982104745,6.189396652962546e-13,0.0,-8.805867390812157e-20,6.189396652962546e-13,True,6.189396652962546e-13,0.0,INIT
2025-12-04T19:34:48.480187,4272.147658507,0.0,0.0,0.0,0.0,True,0.0,0.0,INIT
2025-12-04T19:34:48.685028,4272.352502158,0.0,0.0,0.0,0.0,True,0.0,0.0,INIT
2025-12-04T19:34:48.717852,4272.385324818,6.189396652962546e-13,0.0,-8.805867390812157e-20,6.189396652962546e-13,True,6.189396652962546e-13,0.0,INIT
2025-12-04T19:34:48.724571,4272.392044494,6.189396652962546e-13,0.0,-8.805867390812157e-20,6.189396652962546e-13,True,6.189396652962546e-13,0.0,INIT
2025-12-04T19:34:48.744425,4272.411897337,6.189396652962546e-13,0.0,-8.805867390812157e-20,6.189396652962546e-13,True,6.189396652962546e-13,0.0,INIT
2025-12-04T19:34:48.754682,4272.422160091,1.7330310628295126e-11,0.0,-2.5406263240528794e-17,1.7330310628295126e-11,True,1.7330310628295126e-11,0.0,INIT
2025-12-04T19:34:48.764641,4272.432113502,9.903034644740073e-12,0.0,-9.812419597139649e-18,9.903034644740073e-12,True,9.903034644740073e-12,0.0,INIT
2025-12-04T19:34:48.774485,4272.441956153,9.903034644740073e-12,0.0,-9.812419597139649e-18,9.903034644740073e-12,True,9.903034644740073e-12,0.0,INIT
2025-12-04T19:34:48.820093,4272.487564487,0.0,0.0,0.0,0.0,True,0.0,0.0,INIT
2025-12-04T19:34:48.824412,4272.491883171,0.0,0.0,0.0,0.0,True,0.0,0.0,INIT
2025-12-04T19:34:48.834595,4272.502074572,0.0,0.0,0.0,0.0,True,0.0,0.0,INIT
2025-12-04T19:34:49.484632,4273.152102522,-6.189396652962546e-13,0.0,8.805867390812157e-20,-6.189396652962546e-13,True,6.189396652962546e-13,0.0,INIT
2025-12-04T19:34:49.509310,4273.176784502,-6.189396652962546e-13,0.0,8.805867390812157e-20,-6.189396652962546e-13,True,6.189396652962546e-13,0.0,INIT
2025-12-04T19:34:49.531744,4273.199214643,-6.189396652962546e-13,0.0,8.805867390812157e-20,-6.189396652962546e-13,True,6.189396652962546e-13,0.0,INIT
2025-12-04T19:34:49.534194,4273.201661007,6.189396652962546e-13,0.0,-8.805867390812157e-20,6.189396652962546e-13,True,6.189396652962546e-13,0.0,INIT
2025-12-04T19:34:50.284341,4273.951814175,0.0,0.0,0.0,0.0,True,0.0,0.0,INIT
2025-12-04T19:34:50.317320,4273.984797668,0.0,0.0,0.0,0.0,True,0.0,0.0,INIT
2025-12-04T19:34:50.347576,4274.015049076,0.0,0.0,0.0,0.0,True,0.0,0.0,INIT
2025-12-04T19:34:50.354456,4274.021930973,0.0,0.0,0.0,0.0,True,0.0,0.0,INIT
2025-12-04T19:34:50.835139,4274.502609382,0.0,0.0,0.0,0.0,True,0.0,0.0,INIT
2025-12-04T19:34:50.847998,4274.515467239,0.0,0.0,0.0,0.0,True,0.0,0.0,INIT
2025-12-04T19:34:50.869657,4274.537127941,0.0,0.0,0.0,0.0,True,0.0,0.0,INIT
2025-12-04T19:34:50.880170,4274.547640048,0.0,0.0,0.0,0.0,True,0.0,0.0,INIT
2025-12-04T19:34:50.884586,4274.552054421,0.0,0.0,0.0,0.0,True,0.0,0.0,INIT
2025-12-04T19:34:50.894571,4274.562043145,0.0,0.0,0.0,0.0,True,0.0,0.0,INIT
2025-12-04T19:34:50.904917,4274.572388055,0.0,0.0,0.0,0.0,True,0.0,0.0,INIT
2025-12-04T19:34:50.915703,4274.583175402,0.0,0.0,0.0,0.0,True,0.0,0.0,INIT
2025-12-04T19:34:50.924882,4274.592354921,0.0,0.0,0.0,0.0,True,0.0,0.0,INIT
2025-12-04T19:34:50.934586,4274.602054446,0.0,0.0,0.0,0.0,True,0.0,0.0,INIT
2025-12-04T19:34:50.944333,4274.611799993,0.0,0.0,0.0,0.0,True,0.0,0.0,INIT
2025-12-04T19:34:51.065630,4274.733099983,-6.189396652962546e-13,0.0,8.805867390812157e-20,-6.189396652962546e-13,True,6.189396652962546e-13,0.0,INIT
2025-12-04T19:34:51.081847,4274.74932685,6.189396652962546e-13,0.0,-8.805867390812157e-20,6.189396652962546e-13,True,6.189396652962546e-13,0.0,INIT
2025-12-04T19:34:51.084470,4274.751936004,6.189396652962546e-13,0.0,-8.805867390812157e-20,6.189396652962546e-13,True,6.189396652962546e-13,0.0,INIT
2025-12-04T19:34:51.097041,4274.764513277,6.189396652962546e-13,0.0,-8.805867390812157e-20,6.189396652962546e-13,True,6.189396652962546e-13,0.0,INIT
2025-12-04T19:34:51.104565,4274.772033928,6.189396652962546e-13,0.0,-8.805867390812157e-20,6.189396652962546e-13,True,6.189396652962546e-13,0.0,INIT
2025-12-04T19:34:51.114523,4274.781993695,0.0,0.0,0.0,0.0,True,0.0,0.0,INIT
2025-12-04T19:34:51.124581,4274.792056674,0.0,0.0,0.0,0.0,True,0.0,0.0,INIT
2025-12-04T19:34:51.134463,4274.801936018,-6.189396652962546e-13,0.0,8.805867390812157e-20,-6.189396652962546e-13,True,6.189396652962546e-13,0.0,INIT
2025-12-04T19:34:51.144439,4274.811907406,-6.189396652962546e-13,0.0,8.805867390812157e-20,-6.189396652962546e-13,True,6.189396652962546e-13,0.0,INIT
2025-12-04T19:34:51.154477,4274.82194915,-6.189396652962546e-13,0.0,8.805867390812157e-20,-6.189396652962546e-13,True,6.189396652962546e-13,0.0,INIT
2025-12-04T19:34:51.164718,4274.83219947,-6.189396652962546e-13,0.0,8.805867390812157e-20,-6.189396652962546e-13,True,6.189396652962546e-13,0.0,INIT
2025-12-04T19:34:51.293238,4274.960709481,6.189396652962546e-13,0.0,-8.805867390812157e-20,6.189396652962546e-13,True,6.189396652962546e-13,0.0,INIT
2025-12-04T19:34:51.365783,4275.033254667,6.189396652962546e-13,0.0,-8.805867390812157e-20,6.189396652962546e-13,True,6.189396652962546e-13,0.0,INIT
2025-12-04T19:34:51.668747,4275.336219199,6.189396652962546e-13,0.0,-8.805867390812157e-20,6.189396652962546e-13,True,6.189396652962546e-13,0.0,INIT
2025-12-04T19:34:51.681556,4275.349028362,6.189396652962546e-13,0.0,-8.805867390812157e-20,6.189396652962546e-13,True,6.189396652962546e-13,0.0,INIT
2025-12-04T19:34:52.192691,4275.860163119,6.189396652962546e-13,0.0,-8.805867390812157e-20,6.189396652962546e-13,True,6.189396652962546e-13,0.0,INIT
2025-12-04T19:34:52.299696,4275.967168051,-6.189396652962546e-13,0.0,8.805867390812157e-20,-6.189396652962546e-13,True,6.189396652962546e-13,0.0,INIT
2025-12-04T19:34:52.339754,4276.007223685,-6.189396652962546e-13,0.0,8.805867390812157e-20,-6.189396652962546e-13,True,6.189396652962546e-13,0.0,INIT
2025-12-04T19:34:52.344513,4276.01198195,6.189396652962546e-13,0.0,-8.805867390812157e-20,6.189396652962546e-13,True,6.189396652962546e-13,0.0,INIT
2025-12-04T19:34:52.354607,4276.022083172,6.189396652962546e-13,0.0,-8.805867390812157e-20,6.189396652962546e-13,True,6.189396652962546e-13,0.0,INIT
2025-12-04T19:34:52.364505,4276.031978951,6.189396652962546e-13,0.0,-8.805867390812157e-20,6.189396652962546e-13,True,6.189396652962546e-13,0.0,INIT
2025-12-04T19:34:52.374374,4276.041843071,0.0,0.0,0.0,0.0,True,0.0,0.0,INIT
2025-12-04T19:34:52.384568,4276.052040507,0.0,0.0,0.0,0.0,True,0.0,0.0,INIT
2025-12-04T19:34:52.394593,4276.062065644,0.0,0.0,0.0,0.0,True,0.0,0.0,INIT
2025-12-04T19:34:52.404513,4276.071982672,-6.189396652962546e-13,0.0,8.805867390812157e-20,-6.189396652962546e-13,True,6.189396652962546e-13,0.0,INIT
2025-12-04T19:34:52.414368,4276.081837498,-6.189396652962546e-13,0.0,8.805867390812157e-20,-6.189396652962546e-13,True,6.189396652962546e-13,0.0,INIT
2025-12-04T19:34:52.424766,4276.092250143,-6.189396652962546e-13,0.0,8.805867390812157e-20,-6.189396652962546e-13,True,6.189396652962546e-13,0.0,INIT
2025-12-04T19:34:52.435380,4276.102854286,6.189396652962546e-13,0.0,-8.805867390812157e-20,6.189396652962546e-13,True,6.189396652962546e-13,0.0,INIT
2025-12-04T19:34:52.444439,4276.111912782,6.189396652962546e-13,0.0,-8.805867390812157e-20,6.189396652962546e-13,True,6.189396652962546e-13,0.0,INIT
2025-12-04T19:34:52.457881,4276.125355179,6.189396652962546e-13,0.0,-8.805867390812157e-20,6.189396652962546e-13,True,6.189396652962546e-13,0.0,INIT
2025-12-04T19:34:52.464498,4276.131972761,6.189396652962546e-13,0.0,-8.805867390812157e-20,6.189396652962546e-13,True,6.189396652962546e-13,0.0,INIT
2025-12-04T19:34:52.474521,4276.141997241,6.189396652962546e-13,0.0,-8.805867390812157e-20,6.189396652962546e-13,True,6.189396652962546e-13,0.0,INIT
2025-12-04T19:34:52.484736,4276.152207202,0.0,0.0,0.0,0.0,True,0.0,0.0,INIT
2025-12-04T19:34:52.494521,4276.161992717,0.0,0.0,0.0,0.0,True,0.0,0.0,INIT
2025-12-04T19:34:52.504698,4276.172169082,-6.189396652962546e-13,0.0,8.805867390812157e-20,-6.189396652962546e-13,True,6.189396652962546e-13,0.0,INIT
2025-12-04T19:34:52.514382,4276.181849421,-6.189396652962546e-13,0.0,8.805867390812157e-20,-6.189396652962546e-13,True,6.189396652962546e-13,0.0,INIT
2025-12-04T19:34:52.817565,4276.485035976,0.0,0.0,0.0,0.0,True,0.0,0.0,INIT
2025-12-04T19:34:52.836517,4276.503990873,6.189396652962546e-13,0.0,-8.805867390812157e-20,6.189396652962546e-13,True,6.189396652962546e-13,0.0,INIT
2025-12-04T19:34:52.844572,4276.512041572,0.0,0.0,0.0,0.0,True,0.0,0.0,INIT
2025-12-04T19:34:52.854653,4276.522126016,0.0,0.0,0.0,0.0,True,0.0,0.0,INIT
2025-12-04T19:34:53.053058,4276.720534598,6.189396652962546e-13,0.0,-8.805867390812157e-20,6.189396652962546e-13,True,6.189396652962546e-13,0.0,INIT
2025-12-04T19:34:53.073246,4276.740719285,6.189396652962546e-13,0.0,-8.805867390812157e-20,6.189396652962546e-13,True,6.189396652962546e-13,0.0,INIT
2025-12-04T19:34:53.075491,4276.742958616,0.0,0.0,0.0,0.0,True,0.0,0.0,INIT
2025-12-04T19:34:53.099634,4276.767103916,-6.189396652962546e-13,0.0,8.805867390812157e-20,-6.189396652962546e-13,True,6.189396652962546e-13,0.0,INIT
2025-12-04T19:34:53.370649,4277.038126486,6.189396652962546e-13,0.0,-8.805867390812157e-20,6.189396652962546e-13,True,6.189396652962546e-13,0.0,INIT
2025-12-04T19:34:53.394327,4277.061795873,6.189396652962546e-13,0.0,-8.805867390812157e-20,6.189396652962546e-13,True,6.189396652962546e-13,0.0,INIT
2025-12-04T19:34:53.404683,4277.072152452,6.189396652962546e-13,0.0,-8.805867390812157e-20,6.189396652962546e-13,True,6.189396652962546e-13,0.0,INIT
2025-12-04T19:34:53.478688,4277.146156679,6.189396652962546e-13,0.0,-8.805867390812157e-20,6.189396652962546e-13,True,6.189396652962546e-13,0.0,INIT
2025-12-04T19:34:53.484489,4277.151964668,6.189396652962546e-13,0.0,-8.805867390812157e-20,6.189396652962546e-13,True,6.189396652962546e-13,0.0,INIT
2025-12-04T19:34:54.084350,4277.75182283,0.0,0.0,0.0,0.0,True,0.0,0.0,INIT
2025-12-04T19:34:54.096793,4277.764263334,0.0,0.0,0.0,0.0,True,0.0,0.0,INIT
2025-12-04T19:34:54.104444,4277.771914536,0.0,0.0,0.0,0.0,True,0.0,0.0,INIT
2025-12-04T19:34:54.114399,4277.781866622,0.0,0.0,0.0,0.0,True,0.0,0.0,INIT
2025-12-04T19:34:54.124391,4277.791861703,6.189396652962546e-13,0.0,-8.805867390812157e-20,6.189396652962546e-13,True,6.189396652962546e-13,0.0,INIT
2025-12-04T19:34:54.134343,4277.801814465,6.189396652962546e-13,0.0,-8.805867390812157e-20,6.189396652962546e-13,True,6.189396652962546e-13,0.0,INIT
2025-12-04T19:34:54.757371,4278.424845214,-6.189396652962546e-13,0.0,8.805867390812157e-20,-6.189396652962546e-13,True,6.189396652962546e-13,0.0,INIT
2025-12-04T19:34:54.795252,4278.462721075,6.189396652962546e-13,0.0,-8.805867390812157e-20,6.189396652962546e-13,True,6.189396652962546e-13,0.0,INIT
2025-12-04T19:34:55.069047,4278.736522322,0.0,0.0,0.0,0.0,True,0.0,0.0,INIT
2025-12-04T19:34:55.087175,4278.754647455,0.0,0.0,0.0,0.0,True,0.0,0.0,INIT
2025-12-04T19:34:55.111428,4278.778902167,-6.189396652962546e-13,0.0,8.805867390812157e-20,-6.189396652962546e-13,True,6.189396652962546e-13,0.0,INIT
2025-12-04T19:34:55.114582,4278.782052225,-6.189396652962546e-13,0.0,8.805867390812157e-20,-6.189396652962546e-13,True,6.189396652962546e-13,0.0,INIT
2025-12-04T19:34:55.124382,4278.791851881,-6.189396652962546e-13,0.0,8.805867390812157e-20,-6.189396652962546e-13,True,6.189396652962546e-13,0.0,INIT
2025-12-04T19:34:55.147218,4278.814694631,6.189396652962546e-13,0.0,-8.805867390812157e-20,6.189396652962546e-13,True,6.189396652962546e-13,0.0,INIT
2025-12-04T19:34:55.177601,4278.845072007,0.0,0.0,0.0,0.0,True,0.0,0.0,INIT
2025-12-04T19:34:55.184443,4278.851916095,0.0,0.0,0.0,0.0,True,0.0,0.0,INIT
2025-12-04T19:34:55.249684,4278.917158066,6.189396652962546e-13,0.0,-8.805867390812157e-20,6.189396652962546e-13,True,6.189396652962546e-13,0.0,INIT
2025-12-04T19:34:55.318425,4278.985901397,6.189396652962546e-13,0.0,-8.805867390812157e-20,6.189396652962546e-13,True,6.189396652962546e-13,0.0,INIT
2025-12-04T19:34:55.324582,4278.992050901,-6.189396652962546e-13,0.0,8.805867390812157e-20,-6.189396652962546e-13,True,6.189396652962546e-13,0.0,INIT
2025-12-04T19:34:55.352700,4279.020177782,4.9515173223700366e-12,0.0,-3.0201263935990843e-18,4.9515173223700366e-12,True,4.9515173223700366e-12,0.0,INIT
2025-12-04T19:34:55.355708,4279.023176531,4.9515173223700366e-12,0.0,-3.0201263935990843e-18,4.9515173223700366e-12,True,4.9515173223700366e-12,0.0,INIT
2025-12-04T19:34:55.364492,4279.03196034,1.3616672636517598e-11,0.0,-1.6861286114834324e-17,1.3616672636517598e-11,True,1.3616672636517598e-11,0.0,INIT
2025-12-04T19:34:55.374662,4279.042137968,1.3616672636517598e-11,0.0,-1.6861286114834324e-17,1.3616672636517598e-11,True,1.3616672636517598e-11,0.0,INIT
2025-12-04T19:34:55.419315,4279.086795215,0.0,0.0,0.0,0.0,True,0.0,0.0,INIT
2025-12-04T19:34:55.424635,4279.092109287,0.0,0.0,0.0,0.0,True,0.0,0.0,INIT
2025-12-04T19:34:55.434623,4279.102099566,0.0,0.0,0.0,0.0,True,0.0,0.0,INIT
2025-12-04T19:34:55.447364,4279.11483671,0.0,0.0,0.0,0.0,True,0.0,0.0,INIT
2025-12-04T19:34:55.454619,4279.122092516,0.0,0.0,0.0,0.0,True,0.0,0.0,INIT
2025-12-04T19:34:55.464327,4279.131797459,0.0,0.0,0.0,0.0,True,0.0,0.0,INIT
2025-12-04T19:34:55.474518,4279.141993541,0.0,0.0,0.0,0.0,True,0.0,0.0,INIT
2025-12-04T19:34:55.840322,4279.507793556,0.0,0.0,0.0,0.0,True,0.0,0.0,INIT
2025-12-04T19:34:55.853975,4279.521451481,0.0,0.0,0.0,0.0,True,0.0,0.0,INIT
2025-12-04T19:34:56.070073,4279.737548391,6.189396652962546e-13,0.0,-8.805867390812157e-20,6.189396652962546e-13,True,6.189396652962546e-13,0.0,INIT
2025-12-04T19:34:57.735346,4281.402818694,-6.189396652962546e-13,0.0,8.805867390812157e-20,-6.189396652962546e-13,True,6.189396652962546e-13,0.0,INIT
2025-12-04T19:34:57.761123,4281.42859399,6.189396652962546e-13,0.0,-8.805867390812157e-20,6.189396652962546e-13,True,6.189396652962546e-13,0.0,INIT
2025-12-04T19:34:57.852208,4281.519683158,6.189396652962546e-13,0.0,-8.805867390812157e-20,6.189396652962546e-13,True,6.189396652962546e-13,0.0,INIT
2025-12-04T19:34:57.854897,4281.522363069,6.189396652962546e-13,0.0,-8.805867390812157e-20,6.189396652962546e-13,True,6.189396652962546e-13,0.0,INIT
2025-12-04T19:34:57.864400,4281.531876823,0.0,0.0,0.0,0.0,True,0.0,0.0,INIT
2025-12-04T19:34:57.874751,4281.542224555,0.0,0.0,0.0,0.0,True,0.0,0.0,INIT
2025-12-04T19:34:57.884507,4281.551978746,0.0,0.0,0.0,0.0,True,0.0,0.0,INIT
2025-12-04T19:34:57.894473,4281.561947707,0.0,0.0,0.0,0.0,True,0.0,0.0,INIT
2025-12-04T19:34:57.904827,4281.572293623,-6.189396652962546e-13,0.0,8.805867390812157e-20,-6.189396652962546e-13,True,6.189396652962546e-13,0.0,INIT
2025-12-04T19:34:57.914654,4281.582129751,-6.189396652962546e-13,0.0,8.805867390812157e-20,-6.189396652962546e-13,True,6.189396652962546e-13,0.0,INIT
2025-12-04T19:34:58.001921,4281.669396972,-6.189396652962546e-13,0.0,8.805867390812157e-20,-6.189396652962546e-13,True,6.189396652962546e-13,0.0,INIT
2025-12-04T19:34:58.007215,4281.674691142,0.0,0.0,0.0,0.0,True,0.0,0.0,INIT
2025-12-04T19:34:58.023203,4281.690681024,-6.189396652962546e-13,0.0,8.805867390812157e-20,-6.189396652962546e-13,True,6.189396652962546e-13,0.0,INIT
2025-12-04T19:34:58.024921,4281.692389576,-6.189396652962546e-13,0.0,8.805867390812157e-20,-6.189396652962546e-13,True,6.189396652962546e-13,0.0,INIT
2025-12-04T19:34:58.042528,4281.710015166,0.0,0.0,0.0,0.0,True,0.0,0.0,INIT
2025-12-04T19:34:58.044790,4281.712265348,0.0,0.0,0.0,0.0,True,0.0,0.0,INIT
2025-12-04T19:34:58.054508,4281.721988093,6.189396652962546e-13,0.0,-8.805867390812157e-20,6.189396652962546e-13,True,6.189396652962546e-13,0.0,INIT
2025-12-04T19:34:58.064715,4281.7321887,6.189396652962546e-13,0.0,-8.805867390812157e-20,6.189396652962546e-13,True,6.189396652962546e-13,0.0,INIT
2025-12-04T19:34:58.074354,4281.741833514,0.0,0.0,0.0,0.0,True,0.0,0.0,INIT
2025-12-04T19:34:58.084645,4281.752121767,0.0,0.0,0.0,0.0,True,0.0,0.0,INIT
2025-12-04T19:34:58.094530,4281.762018533,0.0,0.0,0.0,0.0,True,0.0,0.0,INIT
2025-12-04T19:34:58.104565,4281.772036409,0.0,0.0,0.0,0.0,True,0.0,0.0,INIT
2025-12-04T19:34:58.114449,4281.781922715,-6.189396652962546e-13,0.0,8.805867390812157e-20,-6.189396652962546e-13,True,6.189396652962546e-13,0.0,INIT
2025-12-04T19:34:58.124893,4281.792374633,-6.189396652962546e-13,0.0,8.805867390812157e-20,-6.189396652962546e-13,True,6.189396652962546e-13,0.0,INIT
2025-12-04T19:34:58.143153,4281.810627392,0.0,0.0,0.0,0.0,True,0.0,0.0,INIT
2025-12-04T19:34:58.145492,4281.812967988,0.0,0.0,0.0,0.0,True,0.0,0.0,INIT
2025-12-04T19:34:58.198919,4281.866391381,0.0,0.0,0.0,0.0,True,0.0,0.0,INIT
2025-12-04T19:34:58.204715,4281.872187509,0.0,0.0,0.0,0.0,True,0.0,0.0,INIT
2025-12-04T19:34:58.214451,4281.88192287,0.0,0.0,0.0,0.0,True,0.0,0.0,INIT
2025-12-04T19:34:58.226658,4281.894136867,0.0,0.0,0.0,0.0,True,0.0,0.0,INIT
2025-12-04T19:34:58.234398,4281.901871216,0.0,0.0,0.0,0.0,True,0.0,0.0,INIT
2025-12-04T19:34:58.244497,4281.911972631,0.0,0.0,0.0,0.0,True,0.0,0.0,INIT
2025-12-04T19:34:58.254703,4281.922181584,0.0,0.0,0.0,0.0,True,0.0,0.0,INIT
2025-12-04T19:34:58.353866,4282.021338515,0.0,0.0,0.0,0.0,True,0.0,0.0,INIT
2025-12-04T19:34:58.360886,4282.028363351,0.0,0.0,0.0,0.0,True,0.0,0.0,INIT
2025-12-04T19:34:58.364320,4282.031791792,0.0,0.0,0.0,0.0,True,0.0,0.0,INIT
2025-12-04T19:34:58.374425,4282.041903746,0.0,0.0,0.0,0.0,True,0.0,0.0,INIT
2025-12-04T19:34:58.421901,4282.089383183,0.0,0.0,0.0,0.0,True,0.0,0.0,INIT
2025-12-04T19:34:58.425380,4282.092848828,0.0,0.0,0.0,0.0,True,0.0,0.0,INIT
2025-12-04T19:34:58.434348,4282.101815046,0.0,0.0,0.0,0.0,True,0.0,0.0,INIT
2025-12-04T19:34:58.455235,4282.122711663,0.0,0.0,0.0,0.0,True,0.0,0.0,INIT
2025-12-04T19:34:58.494604,4282.162076749,0.0,0.0,0.0,0.0,True,0.0,0.0,INIT
2025-12-04T19:34:58.504592,4282.172066671,0.0,0.0,0.0,0.0,True,0.0,0.0,INIT
2025-12-04T19:34:58.902628,4282.570102031,-6.189396652962546e-13,0.0,8.805867390812157e-20,-6.189396652962546e-13,True,6.189396652962546e-13,0.0,INIT
2025-12-04T19:34:58.921587,4282.589062766,-6.189396652962546e-13,0.0,8.805867390812157e-20,-6.189396652962546e-13,True,6.189396652962546e-13,0.0,INIT
2025-12-04T19:34:58.939287,4282.606762191,-6.189396652962546e-13,0.0,8.805867390812157e-20,-6.189396652962546e-13,True,6.189396652962546e-13,0.0,INIT
2025-12-04T19:34:58.956058,4282.623527787,6.189396652962546e-13,0.0,-8.805867390812157e-20,6.189396652962546e-13,True,6.189396652962546e-13,0.0,INIT
2025-12-04T19:34:58.964421,4282.631891017,6.189396652962546e-13,0.0,-8.805867390812157e-20,6.189396652962546e-13,True,6.189396652962546e-13,0.0,INIT
2025-12-04T19:34:58.974428,4282.641900387,6.189396652962546e-13,0.0,-8.805867390812157e-20,6.189396652962546e-13,True,6.189396652962546e-13,0.0,INIT
2025-12-04T19:34:58.984398,4282.651867276,-6.189396652962546e-13,0.0,8.805867390812157e-20,-6.189396652962546e-13,True,6.189396652962546e-13,0.0,INIT
2025-12-04T19:34:58.994520,4282.661991187,-6.189396652962546e-13,0.0,8.805867390812157e-20,-6.189396652962546e-13,True,6.189396652962546e-13,0.0,INIT
2025-12-04T19:34:59.004454,4282.671925647,-6.189396652962546e-13,0.0,8.805867390812157e-20,-6.189396652962546e-13,True,6.189396652962546e-13,0.0,INIT
2025-12-04T19:34:59.014632,4282.682109012,-6.189396652962546e-13,0.0,8.805867390812157e-20,-6.189396652962546e-13,True,6.189396652962546e-13,0.0,INIT
2025-12-04T19:34:59.024533,4282.692014013,0.0,0.0,0.0,0.0,True,0.0,0.0,INIT
2025-12-04T19:34:59.034410,4282.701883578,0.0,0.0,0.0,0.0,True,0.0,0.0,INIT
2025-12-04T19:34:59.170103,4282.837576563,6.189396652962546e-13,0.0,-8.805867390812157e-20,6.189396652962546e-13,True,6.189396652962546e-13,0.0,INIT
2025-12-04T19:34:59.181418,4282.848889852,6.189396652962546e-13,0.0,-8.805867390812157e-20,6.189396652962546e-13,True,6.189396652962546e-13,0.0,INIT
2025-12-04T19:34:59.184357,4282.851823586,6.189396652962546e-13,0.0,-8.805867390812157e-20,6.189396652962546e-13,True,6.189396652962546e-13,0.0,INIT
2025-12-04T19:34:59.222073,4282.889552754,0.0,0.0,0.0,0.0,True,0.0,0.0,INIT
2025-12-04T19:34:59.224727,4282.892197055,0.0,0.0,0.0,0.0,True,0.0,0.0,INIT
2025-12-04T19:34:59.329906,4282.997373626,6.189396652962546e-13,0.0,-8.805867390812157e-20,6.189396652962546e-13,True,6.189396652962546e-13,0.0,INIT
2025-12-04T19:34:59.359969,4283.027436089,6.189396652962546e-13,0.0,-8.805867390812157e-20,6.189396652962546e-13,True,6.189396652962546e-13,0.0,INIT
2025-12-04T19:34:59.364366,4283.031834922,0.0,0.0,0.0,0.0,True,0.0,0.0,INIT
2025-12-04T19:34:59.374754,4283.042224902,0.0,0.0,0.0,0.0,True,0.0,0.0,INIT
2025-12-04T19:34:59.384601,4283.052092264,-6.189396652962546e-13,0.0,8.805867390812157e-20,-6.189396652962546e-13,True,6.189396652962546e-13,0.0,INIT
2025-12-04T19:34:59.394476,4283.061948767,-6.189396652962546e-13,0.0,8.805867390812157e-20,-6.189396652962546e-13,True,6.189396652962546e-13,0.0,INIT
2025-12-04T19:34:59.404472,4283.071946454,0.0,0.0,0.0,0.0,True,0.0,0.0,INIT
2025-12-04T19:34:59.414514,4283.08198866,0.0,0.0,0.0,0.0,True,0.0,0.0,INIT
2025-12-04T19:34:59.424791,4283.092263035,0.0,0.0,0.0,0.0,True,0.0,0.0,INIT
2025-12-04T19:34:59.434583,4283.102057612,6.189396652962546e-13,0.0,-8.805867390812157e-20,6.189396652962546e-13,True,6.189396652962546e-13,0.0,INIT
2025-12-04T19:34:59.445452,4283.112922913,0.0,0.0,0.0,0.0,True,0.0,0.0,INIT
2025-12-04T19:34:59.454608,4283.12208473,0.0,0.0,0.0,0.0,True,0.0,0.0,INIT
2025-12-04T19:34:59.464631,4283.132108357,0.0,0.0,0.0,0.0,True,0.0,0.0,INIT
2025-12-04T19:34:59.474527,4283.141998826,0.0,0.0,0.0,0.0,True,0.0,0.0,INIT
2025-12-04T19:34:59.484560,4283.152034074,0.0,0.0,0.0,0.0,True,0.0,0.0,INIT
2025-12-04T19:34:59.500316,4283.167793609,-6.189396652962546e-13,0.0,8.805867390812157e-20,-6.189396652962546e-13,True,6.189396652962546e-13,0.0,INIT
2025-12-04T19:34:59.504503,4283.171973386,-6.189396652962546e-13,0.0,8.805867390812157e-20,-6.189396652962546e-13,True,6.189396652962546e-13,0.0,INIT
2025-12-04T19:34:59.525935,4283.193408885,0.0,0.0,0.0,0.0,True,0.0,0.0,INIT
2025-12-04T19:34:59.535179,4283.202653254,6.189396652962546e-13,0.0,-8.805867390812157e-20,6.189396652962546e-13,True,6.189396652962546e-13,0.0,INIT
2025-12-04T19:34:59.544596,4283.21207413,6.189396652962546e-13,0.0,-8.805867390812157e-20,6.189396652962546e-13,True,6.189396652962546e-13,0.0,INIT
2025-12-04T19:34:59.554523,4283.221999879,6.189396652962546e-13,0.0,-8.805867390812157e-20,6.189396652962546e-13,True,6.189396652962546e-13,0.0,INIT
2025-12-04T19:34:59.564610,4283.232088944,0.0,0.0,0.0,0.0,True,0.0,0.0,INIT
2025-12-04T19:34:59.574860,4283.242336951,0.0,0.0,0.0,0.0,True,0.0,0.0,INIT
2025-12-04T19:34:59.584560,4283.252034796,0.0,0.0,0.0,0.0,True,0.0,0.0,INIT
2025-12-04T19:34:59.594554,4283.262026045,0.0,0.0,0.0,0.0,True,0.0,0.0,INIT
2025-12-04T19:34:59.605040,4283.272518011,-6.189396652962546e-13,0.0,8.805867390812157e-20,-6.189396652962546e-13,True,6.189396652962546e-13,0.0,INIT
2025-12-04T19:34:59.614519,4283.281994628,-6.189396652962546e-13,0.0,8.805867390812157e-20,-6.189396652962546e-13,True,6.189396652962546e-13,0.0,INIT
2025-12-04T19:34:59.624525,4283.291996186,0.0,0.0,0.0,0.0,True,0.0,0.0,INIT
2025-12-04T19:34:59.634674,4283.302147104,0.0,0.0,0.0,0.0,True,0.0,0.0,INIT
2025-12-04T19:34:59.814787,4283.482256753,2.7233345273035203e-11,0.0,-5.47824801350937e-17,2.7233345273035203e-11,True,2.7233345273035203e-11,0.0,INIT
2025-12-04T19:34:59.824852,4283.492321878,2.7233345273035203e-11,0.0,-5.47824801350937e-17,2.7233345273035203e-11,True,2.7233345273035203e-11,0.0,INIT
2025-12-04T19:35:00.270960,4283.938434154,-6.189396652962546e-13,0.0,8.805867390811956e-20,-6.189396652962546e-13,True,6.189396652962546e-13,0.0,INIT
2025-12-04T19:35:00.297009,4283.964484653,-6.189396652962546e-13,0.0,8.805867390812157e-20,-6.189396652962546e-13,True,6.189396652962546e-13,0.0,INIT
2025-12-04T19:35:00.588008,4284.255486725,0.0,0.0,0.0,0.0,True,0.0,0.0,INIT
2025-12-04T19:35:00.601846,4284.269322869,0.0,0.0,0.0,0.0,True,0.0,0.0,INIT
2025-12-04T19:35:00.604969,4284.27243814,0.0,0.0,0.0,0.0,True,0.0,0.0,INIT
2025-12-04T19:35:00.621851,4284.289322083,0.0,0.0,0.0,0.0,True,0.0,0.0,INIT
2025-12-04T19:35:00.624404,4284.291871628,0.0,0.0,0.0,0.0,True,0.0,0.0,INIT
2025-12-04T19:35:00.634458,4284.301927341,0.0,0.0,0.0,0.0,True,0.0,0.0,INIT
2025-12-04T19:35:00.661812,4284.329289701,0.0,0.0,0.0,0.0,True,0.0,0.0,INIT
2025-12-04T19:35:00.664437,4284.331907807,0.0,0.0,0.0,0.0,True,0.0,0.0,INIT
2025-12-04T19:35:00.674633,4284.342110223,0.0,0.0,0.0,0.0,True,0.0,0.0,INIT
2025-12-04T19:35:00.684595,4284.352067031,0.0,0.0,0.0,0.0,True,0.0,0.0,INIT
2025-12-04T19:35:00.694637,4284.362110479,0.0,0.0,0.0,0.0,True,0.0,0.0,INIT
2025-12-04T19:35:00.724272,4284.391746461,0.0,0.0,0.0,0.0,True,0.0,0.0,INIT
2025-12-04T19:35:00.734811,4284.40228693,0.0,0.0,0.0,0.0,True,0.0,0.0,INIT
2025-12-04T19:35:00.744695,4284.412169172,0.0,0.0,0.0,0.0,True,0.0,0.0,INIT
2025-12-04T19:35:00.771805,4284.439284037,0.0,0.0,0.0,0.0,True,0.0,0.0,INIT
2025-12-04T19:35:00.774801,4284.442274538,0.0,0.0,0.0,0.0,True,0.0,0.0,INIT
2025-12-04T19:35:00.784600,4284.452075718,0.0,0.0,0.0,0.0,True,0.0,0.0,INIT
2025-12-04T19:35:00.795524,4284.462992047,0.0,0.0,0.0,0.0,True,0.0,0.0,INIT
2025-12-04T19:35:00.804441,4284.471913646,0.0,0.0,0.0,0.0,True,0.0,0.0,INIT
2025-12-04T19:35:00.814390,4284.481860302,0.0,0.0,0.0,0.0,True,0.0,0.0,INIT
2025-12-04T19:35:00.824683,4284.492161693,0.0,0.0,0.0,0.0,True,0.0,0.0,INIT
2025-12-04T19:35:01.263621,4284.931098611,-6.189396652962546e-13,0.0,8.805867390812157e-20,-6.189396652962546e-13,True,6.189396652962546e-13,0.0,INIT
2025-12-04T19:35:01.281069,4284.948540735,-6.189396652962546e-13,0.0,8.805867390812157e-20,-6.189396652962546e-13,True,6.189396652962546e-13,0.0,INIT
2025-12-04T19:35:01.293180,4284.960645984,-6.189396652962546e-13,0.0,8.805867390812157e-20,-6.189396652962546e-13,True,6.189396652962546e-13,0.0,INIT
2025-12-04T19:35:01.295064,4284.962536007,0.0,0.0,0.0,0.0,True,0.0,0.0,INIT
2025-12-04T19:35:01.304440,4284.971911335,6.189396652962546e-13,0.0,-8.805867390812157e-20,6.189396652962546e-13,True,6.189396652962546e-13,0.0,INIT
2025-12-04T19:35:01.314529,4284.982009175,6.189396652962546e-13,0.0,-8.805867390812157e-20,6.189396652962546e-13,True,6.189396652962546e-13,0.0,INIT
2025-12-04T19:35:01.324486,4284.991961009,6.189396652962546e-13,0.0,-8.805867390812157e-20,6.189396652962546e-13,True,6.189396652962546e-13,0.0,INIT
2025-12-04T19:35:01.334602,4285.002074403,6.189396652962546e-13,0.0,-8.805867390812157e-20,6.189396652962546e-13,True,6.189396652962546e-13,0.0,INIT
2025-12-04T19:35:01.350300,4285.01777288,-6.189396652962546e-13,0.0,8.805867390812157e-20,-6.189396652962546e-13,True,6.189396652962546e-13,0.0,INIT
2025-12-04T19:35:01.354260,4285.021727727,-6.189396652962546e-13,0.0,8.805867390812157e-20,-6.189396652962546e-13,True,6.189396652962546e-13,0.0,INIT
2025-12-04T19:35:01.410962,4285.078437979,6.189396652962546e-13,0.0,-8.805867390812157e-20,6.189396652962546e-13,True,6.189396652962546e-13,0.0,INIT
2025-12-04T19:35:01.416189,4285.083658893,6.189396652962546e-13,0.0,-8.805867390812157e-20,6.189396652962546e-13,True,6.189396652962546e-13,0.0,INIT
2025-12-04T19:35:01.424399,4285.091868316,6.189396652962546e-13,0.0,-8.805867390812157e-20,6.189396652962546e-13,True,6.189396652962546e-13,0.0,INIT
2025-12-04T19:35:01.434454,4285.101923845,6.189396652962546e-13,0.0,-8.805867390812157e-20,6.189396652962546e-13,True,6.189396652962546e-13,0.0,INIT
2025-12-04T19:35:01.590645,4285.258124918,0.0,0.0,0.0,0.0,True,0.0,0.0,INIT
2025-12-04T19:35:01.602825,4285.270298048,0.0,0.0,0.0,0.0,True,0.0,0.0,INIT
2025-12-04T19:35:01.604532,4285.272017921,0.0,0.0,0.0,0.0,True,0.0,0.0,INIT
2025-12-04T19:35:01.686902,4285.354375247,0.0,0.0,0.0,0.0,True,0.0,0.0,INIT
2025-12-04T19:35:01.723915,4285.391388978,-6.189396652962546e-13,0.0,8.805867390812157e-20,-6.189396652962546e-13,True,6.189396652962546e-13,0.0,INIT
2025-12-04T19:35:01.727691,4285.395162785,-6.189396652962546e-13,0.0,8.805867390812157e-20,-6.189396652962546e-13,True,6.189396652962546e-13,0.0,INIT
2025-12-04T19:35:01.734372,4285.401843312,0.0,0.0,0.0,0.0,True,0.0,0.0,INIT
2025-12-04T19:35:01.744460,4285.411932255,0.0,0.0,0.0,0.0,True,0.0,0.0,INIT
2025-12-04T19:35:01.754382,4285.421848765,6.189396652962546e-13,0.0,-8.805867390812157e-20,6.189396652962546e-13,True,6.189396652962546e-13,0.0,INIT
2025-12-04T19:35:01.764422,4285.431896692,6.189396652962546e-13,0.0,-8.805867390812157e-20,6.189396652962546e-13,True,6.189396652962546e-13,0.0,INIT
2025-12-04T19:35:01.774378,4285.441854176,0.0,0.0,0.0,0.0,True,0.0,0.0,INIT
2025-12-04T19:35:01.784442,4285.451915201,0.0,0.0,0.0,0.0,True,0.0,0.0,INIT
2025-12-04T19:35:01.863324,4285.530793989,6.189396652962546e-13,0.0,-8.805867390812157e-20,6.189396652962546e-13,True,6.189396652962546e-13,0.0,INIT
2025-12-04T19:35:01.868331,4285.535800016,6.189396652962546e-13,0.0,-8.805867390812157e-20,6.189396652962546e-13,True,6.189396652962546e-13,0.0,INIT
2025-12-04T19:35:01.874657,4285.542133721,6.189396652962546e-13,0.0,-8.805867390812157e-20,6.189396652962546e-13,True,6.189396652962546e-13,0.0,INIT
2025-12-04T19:35:02.011005,4285.678479599,0.0,0.0,0.0,0.0,True,0.0,0.0,INIT
2025-12-04T19:35:02.584782,4286.252255455,0.0,0.0,0.0,0.0,True,0.0,0.0,INIT
2025-12-04T19:35:02.606215,4286.273691841,-1.0521974310036326e-11,0.0,1.0877655664297979e-17,-1.0521974310036326e-11,True,1.0521974310036326e-11,0.0,INIT
2025-12-04T19:35:03.420106,4287.087576773,0.0,0.0,0.0,0.0,True,0.0,0.0,INIT
2025-12-04T19:35:03.442278,4287.109751959,0.0,0.0,0.0,0.0,True,0.0,0.0,INIT
2025-12-04T19:35:03.560411,4287.227890981,0.0,0.0,0.0,0.0,True,0.0,0.0,INIT
2025-12-04T19:35:03.570450,4287.237928013,0.0,0.0,0.0,0.0,True,0.0,0.0,INIT
2025-12-04T19:35:03.574611,4287.24208226,0.0,0.0,0.0,0.0,True,0.0,0.0,INIT
2025-12-04T19:35:04.818980,4288.486449642,6.189396652962546e-13,0.0,-8.805867390812157e-20,6.189396652962546e-13,True,6.189396652962546e-13,0.0,INIT
2025-12-04T19:35:04.850707,4288.518177018,6.189396652962546e-13,0.0,-8.805867390812157e-20,6.189396652962546e-13,True,6.189396652962546e-13,0.0,INIT
2025-12-04T19:35:04.854320,4288.521790771,-6.189396652962546e-13,0.0,8.805867390812157e-20,-6.189396652962546e-13,True,6.189396652962546e-13,0.0,INIT
2025-12-04T19:35:04.864433,4288.531905761,-6.189396652962546e-13,0.0,8.805867390812157e-20,-6.189396652962546e-13,True,6.189396652962546e-13,0.0,INIT
2025-12-04T19:35:04.880801,4288.548272989,0.0,0.0,0.0,0.0,True,0.0,0.0,INIT
2025-12-04T19:35:04.884305,4288.551775663,0.0,0.0,0.0,0.0,True,0.0,0.0,INIT
2025-12-04T19:35:04.894449,4288.561920828,0.0,0.0,0.0,0.0,True,0.0,0.0,INIT
2025-12-04T19:35:04.904593,4288.572065445,0.0,0.0,0.0,0.0,True,0.0,0.0,INIT
2025-12-04T19:35:04.924475,4288.59194425,6.189396652962546e-13,0.0,-8.805867390812157e-20,6.189396652962546e-13,True,6.189396652962546e-13,0.0,INIT
2025-12-04T19:35:05.020846,4288.688318204,6.189396652962546e-13,0.0,-8.805867390812157e-20,6.189396652962546e-13,True,6.189396652962546e-13,0.0,INIT
2025-12-04T19:35:05.024449,4288.69191534,6.189396652962546e-13,0.0,-8.805867390812157e-20,6.189396652962546e-13,True,6.189396652962546e-13,0.0,INIT
2025-12-04T19:35:05.034297,4288.701774188,6.189396652962546e-13,0.0,-8.805867390812157e-20,6.189396652962546e-13,True,6.189396652962546e-13,0.0,INIT
2025-12-04T19:35:05.527991,4289.195462288,-6.189396652962546e-13,0.0,8.805867390812157e-20,-6.189396652962546e-13,True,6.189396652962546e-13,0.0,INIT
2025-12-04T19:35:05.560334,4289.227803854,0.0,0.0,0.0,0.0,True,0.0,0.0,INIT
2025-12-04T19:35:05.564725,4289.232194913,6.189396652962546e-13,0.0,-8.805867390812157e-20,6.189396652962546e-13,True,6.189396652962546e-13,0.0,INIT
2025-12-04T19:35:05.591503,4289.25897206,-6.189396652962546e-13,0.0,8.805867390812157e-20,-6.189396652962546e-13,True,6.189396652962546e-13,0.0,INIT
2025-12-04T19:35:05.594432,4289.261903825,-6.189396652962546e-13,0.0,8.805867390812157e-20,-6.189396652962546e-13,True,6.189396652962546e-13,0.0,INIT
2025-12-04T19:35:05.604383,4289.271857462,-6.189396652962546e-13,0.0,8.805867390812157e-20,-6.189396652962546e-13,True,6.189396652962546e-13,0.0,INIT
2025-12-04T19:35:06.275062,4289.942540474,-6.189396652962546e-13,0.0,8.805867390812157e-20,-6.189396652962546e-13,True,6.189396652962546e-13,0.0,INIT
2025-12-04T19:35:06.295840,4289.963310463,-6.189396652962546e-13,0.0,8.805867390812157e-20,-6.189396652962546e-13,True,6.189396652962546e-13,0.0,INIT
2025-12-04T19:35:06.651102,4290.318574517,-6.189396652962546e-13,0.0,8.805867390812157e-20,-6.189396652962546e-13,True,6.189396652962546e-13,0.0,INIT
2025-12-04T19:35:06.728305,4290.395780911,0.0,0.0,0.0,0.0,True,0.0,0.0,INIT
2025-12-04T19:35:06.735028,4290.402501937,-6.189396652962546e-13,0.0,8.805867390812157e-20,-6.189396652962546e-13,True,6.189396652962546e-13,0.0,INIT
2025-12-04T19:35:06.867400,4290.53487262,0.0,0.0,0.0,0.0,True,0.0,0.0,INIT
2025-12-04T19:35:06.970161,4290.637631817,-1.485455196711011e-11,0.0,1.954930180396786e-17,-1.485455196711011e-11,True,1.485455196711011e-11,0.0,INIT
2025-12-04T19:35:06.975053,4290.642524082,-1.485455196711011e-11,0.0,1.954930180396786e-17,-1.485455196711011e-11,True,1.485455196711011e-11,0.0,INIT
2025-12-04T19:35:06.984497,4290.651965754,-8.665155314147565e-12,0.0,7.819694769912725e-18,-8.665155314147565e-12,True,8.665155314147565e-12,0.0,INIT
2025-12-04T19:35:06.994558,4290.662028788,-8.665155314147565e-12,0.0,7.819694769912725e-18,-8.665155314147565e-12,True,8.665155314147565e-12,0.0,INIT
2025-12-04T19:35:07.004441,4290.671913812,6.189396652962546e-13,0.0,-8.80586739081211e-20,6.189396652962546e-13,True,6.189396652962546e-13,0.0,INIT
2025-12-04T19:35:07.014772,4290.682250891,6.189396652962546e-13,0.0,-8.805867390812157e-20,6.189396652962546e-13,True,6.189396652962546e-13,0.0,INIT
2025-12-04T19:35:07.038521,4290.705998416,0.0,0.0,0.0,0.0,True,0.0,0.0,INIT
2025-12-04T19:35:07.046920,4290.714390202,-6.189396652962546e-13,0.0,8.805867390812157e-20,-6.189396652962546e-13,True,6.189396652962546e-13,0.0,INIT
2025-12-04T19:35:07.054473,4290.721945995,-6.189396652962546e-13,0.0,8.805867390812157e-20,-6.189396652962546e-13,True,6.189396652962546e-13,0.0,INIT
2025-12-04T19:35:07.064621,4290.732098842,-6.189396652962546e-13,0.0,8.805867390812157e-20,-6.189396652962546e-13,True,6.189396652962546e-13,0.0,INIT
2025-12-04T19:35:07.074642,4290.742114111,-6.189396652962546e-13,0.0,8.805867390812157e-20,-6.189396652962546e-13,True,6.189396652962546e-13,0.0,INIT
2025-12-04T19:35:07.084519,4290.751987486,-6.189396652962546e-13,0.0,8.805867390812157e-20,-6.189396652962546e-13,True,6.189396652962546e-13,0.0,INIT
2025-12-04T19:35:07.097881,4290.765353798,6.189396652962546e-13,0.0,-8.805867390812157e-20,6.189396652962546e-13,True,6.189396652962546e-13,0.0,INIT
2025-12-04T19:35:07.104368,4290.771841271,6.189396652962546e-13,0.0,-8.805867390812157e-20,6.189396652962546e-13,True,6.189396652962546e-13,0.0,INIT
2025-12-04T19:35:07.328989,4290.99646663,6.189396652962546e-13,0.0,-8.805867390812157e-20,6.189396652962546e-13,True,6.189396652962546e-13,0.0,INIT
2025-12-04T19:35:07.343153,4291.010628338,6.189396652962546e-13,0.0,-8.805867390812157e-20,6.189396652962546e-13,True,6.189396652962546e-13,0.0,INIT
2025-12-04T19:35:07.557209,4291.224680296,0.0,0.0,0.0,0.0,True,0.0,0.0,INIT
2025-12-04T19:35:07.571951,4291.239418428,-6.189396652962546e-13,0.0,8.805867390812157e-20,-6.189396652962546e-13,True,6.189396652962546e-13,0.0,INIT
2025-12-04T19:35:07.574552,4291.242023041,-6.189396652962546e-13,0.0,8.805867390812157e-20,-6.189396652962546e-13,True,6.189396652962546e-13,0.0,INIT
2025-12-04T19:35:07.584953,4291.252431615,0.0,0.0,0.0,0.0,True,0.0,0.0,INIT
2025-12-04T19:35:07.594747,4291.262228886,0.0,0.0,0.0,0.0,True,0.0,0.0,INIT
2025-12-04T19:35:07.627384,4291.294856962,0.0,0.0,0.0,0.0,True,0.0,0.0,INIT
2025-12-04T19:35:07.648551,4291.316022617,0.0,0.0,0.0,0.0,True,0.0,0.0,INIT
2025-12-04T19:35:07.799289,4291.466758253,-6.189396652962546e-13,0.0,8.805867390812157e-20,-6.189396652962546e-13,True,6.189396652962546e-13,0.0,INIT
2025-12-04T19:35:07.812039,4291.479512152,6.189396652962546e-13,0.0,-8.805867390812157e-20,6.189396652962546e-13,True,6.189396652962546e-13,0.0,INIT
2025-12-04T19:35:07.814441,4291.481911133,6.189396652962546e-13,0.0,-8.805867390812157e-20,6.189396652962546e-13,True,6.189396652962546e-13,0.0,INIT
2025-12-04T19:35:07.850006,4291.517481917,0.0,0.0,0.0,0.0,True,0.0,0.0,INIT
2025-12-04T19:35:07.854472,4291.521943023,0.0,0.0,0.0,0.0,True,0.0,0.0,INIT
2025-12-04T19:35:07.864460,4291.531933413,0.0,0.0,0.0,0.0,True,0.0,0.0,INIT
2025-12-04T19:35:07.874582,4291.542064136,-6.189396652962546e-13,0.0,8.805867390812157e-20,-6.189396652962546e-13,True,6.189396652962546e-13,0.0,INIT
2025-12-04T19:35:07.884637,4291.552112592,-6.189396652962546e-13,0.0,8.805867390812157e-20,-6.189396652962546e-13,True,6.189396652962546e-13,0.0,INIT
2025-12-04T19:35:07.894506,4291.561982564,-6.189396652962546e-13,0.0,8.805867390812157e-20,-6.189396652962546e-13,True,6.189396652962546e-13,0.0,INIT
2025-12-04T19:35:07.904614,4291.572086754,-6.189396652962546e-13,0.0,8.805867390812157e-20,-6.189396652962546e-13,True,6.189396652962546e-13,0.0,INIT
2025-12-04T19:35:07.940243,4291.607715423,6.189396652962546e-13,0.0,-8.805867390812157e-20,6.189396652962546e-13,True,6.189396652962546e-13,0.0,INIT
2025-12-04T19:35:07.944462,4291.611934255,6.189396652962546e-13,0.0,-8.805867390812157e-20,6.189396652962546e-13,True,6.189396652962546e-13,0.0,INIT
2025-12-04T19:35:07.960748,4291.628223975,0.0,0.0,0.0,0.0,True,0.0,0.0,INIT
2025-12-04T19:35:07.964574,4291.63205527,0.0,0.0,0.0,0.0,True,0.0,0.0,INIT
2025-12-04T19:35:07.974361,4291.641830945,0.0,0.0,0.0,0.0,True,0.0,0.0,INIT
2025-12-04T19:35:07.984406,4291.651880929,-6.189396652962546e-13,0.0,8.805867390812157e-20,-6.189396652962546e-13,True,6.189396652962546e-13,0.0,INIT
2025-12-04T19:35:07.994350,4291.661822821,-6.189396652962546e-13,0.0,8.805867390812157e-20,-6.189396652962546e-13,True,6.189396652962546e-13,0.0,INIT
2025-12-04T19:35:08.084279,4291.751748013,0.0,0.0,0.0,0.0,True,0.0,0.0,INIT
2025-12-04T19:35:08.169924,4291.837399138,-6.189396652962546e-13,0.0,8.805867390812157e-20,-6.189396652962546e-13,True,6.189396652962546e-13,0.0,INIT
2025-12-04T19:35:08.177153,4291.844623806,-6.189396652962546e-13,0.0,8.805867390812157e-20,-6.189396652962546e-13,True,6.189396652962546e-13,0.0,INIT
2025-12-04T19:35:08.184442,4291.851913708,-6.189396652962546e-13,0.0,8.805867390812157e-20,-6.189396652962546e-13,True,6.189396652962546e-13,0.0,INIT
2025-12-04T19:35:08.352800,4292.020270713,0.0,0.0,0.0,0.0,True,0.0,0.0,INIT
2025-12-04T19:35:08.638141,4292.305613896,0.0,0.0,0.0,0.0,True,0.0,0.0,INIT
2025-12-04T19:35:08.653576,4292.321052598,7.427275983555055e-12,0.0,-6.017003429656175e-18,7.427275983555055e-12,True,7.427275983555055e-12,0.0,INIT
2025-12-04T19:35:09.047673,4292.71514275,0.0,0.0,0.0,0.0,True,0.0,0.0,INIT
2025-12-04T19:35:09.112619,4292.780089547,0.0,0.0,0.0,0.0,True,0.0,0.0,INIT
2025-12-04T19:35:09.131553,4292.799030632,-1.2378793305925091e-12,0.0,2.8610347558958814e-19,-1.2378793305925091e-12,True,1.2378793305925091e-12,0.0,INIT
2025-12-04T19:35:09.134971,4292.802437113,-1.2378793305925091e-12,0.0,2.8610347558958814e-19,-1.2378793305925091e-12,True,1.2378793305925091e-12,0.0,INIT
2025-12-04T19:35:09.337253,4293.004724037,1.2378793305925091e-12,0.0,-2.8610347558958814e-19,1.2378793305925091e-12,True,1.2378793305925091e-12,0.0,INIT
2025-12-04T19:35:09.349986,4293.017459848,1.2378793305925091e-12,0.0,-2.8610347558958814e-19,1.2378793305925091e-12,True,1.2378793305925091e-12,0.0,INIT
2025-12-04T19:35:09.354361,4293.021829295,0.0,0.0,0.0,0.0,True,0.0,0.0,INIT
2025-12-04T19:35:09.364717,4293.032187859,0.0,0.0,0.0,0.0,True,0.0,0.0,INIT
2025-12-04T19:35:09.374404,4293.041878944,0.0,0.0,0.0,0.0,True,0.0,0.0,INIT
2025-12-04T19:35:09.384493,4293.051963813,0.0,0.0,0.0,0.0,True,0.0,0.0,INIT
2025-12-04T19:35:09.425387,4293.092858013,0.0,0.0,0.0,0.0,True,0.0,0.0,INIT
2025-12-04T19:35:09.514507,4293.18198834,0.0,0.0,0.0,0.0,True,0.0,0.0,INIT
2025-12-04T19:35:09.524653,4293.192125086,0.0,0.0,0.0,0.0,True,0.0,0.0,INIT
2025-12-04T19:35:09.591081,4293.258551043,0.0,0.0,0.0,0.0,True,0.0,0.0,INIT
2025-12-04T19:35:09.615050,4293.282522497,-1.2378793305925091e-12,0.0,2.8610347558958814e-19,-1.2378793305925091e-12,True,1.2378793305925091e-12,0.0,INIT
2025-12-04T19:35:09.624530,4293.292017908,0.0,0.0,0.0,0.0,True,0.0,0.0,INIT
2025-12-04T19:35:09.634563,4293.302038818,0.0,0.0,0.0,0.0,True,0.0,0.0,INIT
2025-12-04T19:35:09.644487,4293.311956742,1.2378793305925091e-12,0.0,-2.8610347558958814e-19,1.2378793305925091e-12,True,1.2378793305925091e-12,0.0,INIT
2025-12-04T19:35:09.654623,4293.322092982,1.2378793305925091e-12,0.0,-2.8610347558958814e-19,1.2378793305925091e-12,True,1.2378793305925091e-12,0.0,INIT
2025-12-04T19:35:09.664606,4293.332082166,0.0,0.0,0.0,0.0,True,0.0,0.0,INIT
2025-12-04T19:35:09.674517,4293.34198838,0.0,0.0,0.0,0.0,True,0.0,0.0,INIT
2025-12-04T19:35:09.756390,4293.423860759,0.0,0.0,0.0,0.0,True,0.0,0.0,INIT
2025-12-04T19:35:10.449647,4294.117119737,0.0,0.0,0.0,0.0,True,0.0,0.0,INIT
2025-12-04T19:35:10.479016,4294.146491263,0.0,0.0,0.0,0.0,True,0.0,0.0,INIT
2025-12-04T19:35:10.551643,4294.219116552,0.0,0.0,0.0,0.0,True,0.0,0.0,INIT
2025-12-04T19:35:10.556203,4294.223680101,0.0,0.0,0.0,0.0,True,0.0,0.0,INIT
2025-12-04T19:35:10.564490,4294.23196691,0.0,0.0,0.0,0.0,True,0.0,0.0,INIT
2025-12-04T19:35:10.585120,4294.25259217,0.0,0.0,0.0,0.0,True,0.0,0.0,INIT
2025-12-04T19:35:10.594630,4294.262101579,0.0,0.0,0.0,0.0,True,0.0,0.0,INIT
2025-12-04T19:35:10.632484,4294.299957762,0.0,0.0,0.0,0.0,True,0.0,0.0,INIT
2025-12-04T19:35:10.634949,4294.302427034,0.0,0.0,0.0,0.0,True,0.0,0.0,INIT
2025-12-04T19:35:10.644321,4294.311790344,0.0,0.0,0.0,0.0,True,0.0,0.0,INIT
2025-12-04T19:35:10.654266,4294.321734017,0.0,0.0,0.0,0.0,True,0.0,0.0,INIT
2025-12-04T19:35:10.664595,4294.332075489,0.0,0.0,0.0,0.0,True,0.0,0.0,INIT
2025-12-04T19:35:10.674577,4294.342052151,0.0,0.0,0.0,0.0,True,0.0,0.0,INIT
2025-12-04T19:35:10.684529,4294.352022023,0.0,0.0,0.0,0.0,True,0.0,0.0,INIT
2025-12-04T19:35:10.704185,4294.371667072,0.0,0.0,0.0,0.0,True,0.0,0.0,INIT
2025-12-04T19:35:10.714720,4294.382195017,0.0,0.0,0.0,0.0,True,0.0,0.0,INIT
2025-12-04T19:35:10.724513,4294.39199003,0.0,0.0,0.0,0.0,True,0.0,0.0,INIT
2025-12-04T19:35:10.734662,4294.402140908,0.0,0.0,0.0,0.0,True,0.0,0.0,INIT
2025-12-04T19:35:10.744526,4294.412009792,0.0,0.0,0.0,0.0,True,0.0,0.0,INIT
2025-12-04T19:35:10.754422,4294.421893102,0.0,0.0,0.0,0.0,True,0.0,0.0,INIT
2025-12-04T19:35:10.766858,4294.434334107,0.0,0.0,0.0,0.0,True,0.0,0.0,INIT
2025-12-04T19:35:10.774502,4294.441974001,0.0,0.0,0.0,0.0,True,0.0,0.0,INIT
2025-12-04T19:35:10.784858,4294.452332175,0.0,0.0,0.0,0.0,True,0.0,0.0,INIT
2025-12-04T19:35:10.794876,4294.462350057,0.0,0.0,0.0,0.0,True,0.0,0.0,INIT
2025-12-04T19:35:11.084224,4294.751692334,0.0,0.0,0.0,0.0,True,0.0,0.0,INIT
2025-12-04T19:35:11.102965,4294.770436161,-1.2378793305925091e-12,0.0,2.8610347558958814e-19,-1.2378793305925091e-12,True,1.2378793305925091e-12,0.0,INIT
2025-12-04T19:35:11.104334,4294.7718047,-1.2378793305925091e-12,0.0,2.8610347558958814e-19,-1.2378793305925091e-12,True,1.2378793305925091e-12,0.0,INIT
2025-12-04T19:35:11.114492,4294.78196218,1.2378793305925091e-12,0.0,-2.8610347558958814e-19,1.2378793305925091e-12,True,1.2378793305925091e-12,0.0,INIT
2025-12-04T19:35:11.124523,4294.791996822,1.2378793305925091e-12,0.0,-2.8610347558958814e-19,1.2378793305925091e-12,True,1.2378793305925091e-12,0.0,INIT
2025-12-04T19:35:11.138359,4294.805833643,0.0,0.0,0.0,0.0,True,0.0,0.0,INIT
2025-12-04T19:35:11.144392,4294.811860567,0.0,0.0,0.0,0.0,True,0.0,0.0,INIT
2025-12-04T19:35:11.804889,4295.472362047,-1.2378793305925091e-12,0.0,2.8610347558958814e-19,-1.2378793305925091e-12,True,1.2378793305925091e-12,0.0,INIT
2025-12-04T19:35:11.829970,4295.497441222,-1.2378793305925091e-12,0.0,2.8610347558958814e-19,-1.2378793305925091e-12,True,1.2378793305925091e-12,0.0,INIT
2025-12-04T19:35:11.856710,4295.524182912,0.0,0.0,0.0,0.0,True,0.0,0.0,INIT
2025-12-04T19:35:11.864452,4295.531924082,0.0,0.0,0.0,0.0,True,0.0,0.0,INIT
2025-12-04T19:35:11.874705,4295.542181988,0.0,0.0,0.0,0.0,True,0.0,0.0,INIT
2025-12-04T19:35:11.891312,4295.558788644,0.0,0.0,0.0,0.0,True,0.0,0.0,INIT
2025-12-04T19:35:11.894450,4295.561920295,0.0,0.0,0.0,0.0,True,0.0,0.0,INIT
2025-12-04T19:35:11.962980,4295.630454321,0.0,0.0,0.0,0.0,True,0.0,0.0,INIT
2025-12-04T19:35:11.966768,4295.634239111,0.0,0.0,0.0,0.0,True,0.0,0.0,INIT
2025-12-04T19:35:11.988290,4295.655764345,7.427275983555055e-12,0.0,-6.017003429656175e-18,7.427275983555055e-12,True,7.427275983555055e-12,0.0,INIT
2025-12-04T19:35:12.008814,4295.676287861,7.427275983555055e-12,0.0,-6.017003429656175e-18,7.427275983555055e-12,True,7.427275983555055e-12,0.0,INIT
2025-12-04T19:35:12.288477,4295.955947711,0.0,0.0,0.0,0.0,True,0.0,0.0,INIT
2025-12-04T19:35:12.303245,4295.97071357,0.0,0.0,0.0,0.0,True,0.0,0.0,INIT
2025-12-04T19:35:12.391500,4296.058974035,0.0,0.0,0.0,0.0,True,0.0,0.0,INIT
2025-12-04T19:35:12.399422,4296.066896309,0.0,0.0,0.0,0.0,True,0.0,0.0,INIT
2025-12-04T19:35:12.405013,4296.072484958,-1.2378793305925091e-12,0.0,2.8610347558958814e-19,-1.2378793305925091e-12,True,1.2378793305925091e-12,0.0,INIT
2025-12-04T19:35:12.414423,4296.081899988,-1.2378793305925091e-12,0.0,2.8610347558958814e-19,-1.2378793305925091e-12,True,1.2378793305925091e-12,0.0,INIT
2025-12-04T19:35:12.424420,4296.091892626,0.0,0.0,0.0,0.0,True,0.0,0.0,INIT
2025-12-04T19:35:12.434427,4296.101894745,0.0,0.0,0.0,0.0,True,0.0,0.0,INIT
2025-12-04T19:35:12.444566,4296.112038062,1.2378793305925091e-12,0.0,-2.8610347558958814e-19,1.2378793305925091e-12,True,1.2378793305925091e-12,0.0,INIT
2025-12-04T19:35:12.454517,4296.121989272,1.2378793305925091e-12,0.0,-2.8610347558958814e-19,1.2378793305925091e-12,True,1.2378793305925091e-12,0.0,INIT
2025-12-04T19:35:12.464356,4296.131828454,0.0,0.0,0.0,0.0,True,0.0,0.0,INIT
2025-12-04T19:35:12.474595,4296.142065416,0.0,0.0,0.0,0.0,True,0.0,0.0,INIT
2025-12-04T19:35:12.484354,4296.151825886,0.0,0.0,0.0,0.0,True,0.0,0.0,INIT
2025-12-04T19:35:12.494609,4296.162088087,0.0,0.0,0.0,0.0,True,0.0,0.0,INIT
2025-12-04T19:35:12.505865,4296.173333711,-7.427275983555055e-12,0.0,6.017003429656175e-18,-7.427275983555055e-12,True,7.427275983555055e-12,0.0,INIT
2025-12-04T19:35:12.514696,4296.182166631,-7.427275983555055e-12,0.0,6.017003429656175e-18,-7.427275983555055e-12,True,7.427275983555055e-12,0.0,INIT
2025-12-04T19:35:12.544773,4296.212247827,-7.427275983555055e-12,0.0,6.017003429656175e-18,-7.427275983555055e-12,True,7.427275983555055e-12,0.0,INIT
2025-12-04T19:35:12.554693,4296.222170782,-1.2378793305925091e-12,0.0,2.861034755895885e-19,-1.2378793305925091e-12,True,1.2378793305925091e-12,0.0,INIT
2025-12-04T19:35:12.564708,4296.232179923,-1.2378793305925091e-12,0.0,2.8610347558958814e-19,-1.2378793305925091e-12,True,1.2378793305925091e-12,0.0,INIT
2025-12-04T19:35:12.574639,4296.242118316,0.0,0.0,0.0,0.0,True,0.0,0.0,INIT
2025-12-04T19:35:12.584833,4296.252314191,0.0,0.0,0.0,0.0,True,0.0,0.0,INIT
2025-12-04T19:35:12.595453,4296.262928817,1.2378793305925091e-12,0.0,-2.8610347558958814e-19,1.2378793305925091e-12,True,1.2378793305925091e-12,0.0,INIT
2025-12-04T19:35:12.604608,4296.272079987,1.2378793305925091e-12,0.0,-2.8610347558958814e-19,1.2378793305925091e-12,True,1.2378793305925091e-12,0.0,INIT
2025-12-04T19:35:12.614717,4296.282193951,0.0,0.0,0.0,0.0,True,0.0,0.0,INIT
2025-12-04T19:35:12.624719,4296.292197992,0.0,0.0,0.0,0.0,True,0.0,0.0,INIT
2025-12-04T19:35:12.648421,4296.315890504,-1.2378793305925091e-12,0.0,2.8610347558958814e-19,-1.2378793305925091e-12,True,1.2378793305925091e-12,0.0,INIT
2025-12-04T19:35:12.654942,4296.322421046,-1.2378793305925091e-12,0.0,2.8610347558958814e-19,-1.2378793305925091e-12,True,1.2378793305925091e-12,0.0,INIT
2025-12-04T19:35:12.664610,4296.332085623,-1.2378793305925091e-12,0.0,2.8610347558958814e-19,-1.2378793305925091e-12,True,1.2378793305925091e-12,0.0,INIT
2025-12-04T19:35:12.674505,4296.341980626,0.0,0.0,0.0,0.0,True,0.0,0.0,INIT
2025-12-04T19:35:12.684623,4296.352099816,0.0,0.0,0.0,0.0,True,0.0,0.0,INIT
2025-12-04T19:35:12.694450,4296.361920192,1.2378793305925091e-12,0.0,-2.8610347558958814e-19,1.2378793305925091e-12,True,1.2378793305925091e-12,0.0,INIT
2025-12-04T19:35:12.704450,4296.371920733,1.2378793305925091e-12,0.0,-2.8610347558958814e-19,1.2378793305925091e-12,True,1.2378793305925091e-12,0.0,INIT
2025-12-04T19:35:13.023977,4296.691455872,6.189396652962545e-12,0.0,-4.413388314831291e-18,6.189396652962545e-12,True,6.189396652962545e-12,0.0,INIT
2025-12-04T19:35:13.126651,4296.794121095,6.189396652962545e-12,0.0,-4.413388314831291e-18,6.189396652962545e-12,True,6.189396652962545e-12,0.0,INIT
2025-12-04T19:35:13.134574,4296.802046136,0.0,0.0,0.0,0.0,True,0.0,0.0,INIT
2025-12-04T19:35:13.186009,4296.853478392,0.0,0.0,0.0,0.0,True,0.0,0.0,INIT
2025-12-04T19:35:13.194470,4296.861940931,0.0,0.0,0.0,0.0,True,0.0,0.0,INIT
2025-12-04T19:35:13.218904,4296.88637564,0.0,0.0,0.0,0.0,True,0.0,0.0,INIT
2025-12-04T19:35:13.302794,4296.970270027,0.0,0.0,0.0,0.0,True,0.0,0.0,INIT
2025-12-04T19:35:13.310415,4296.977885312,0.0,0.0,0.0,0.0,True,0.0,0.0,INIT
2025-12-04T19:35:13.314528,4296.981998487,0.0,0.0,0.0,0.0,True,0.0,0.0,INIT
2025-12-04T19:35:13.324737,4296.992208722,0.0,0.0,0.0,0.0,True,0.0,0.0,INIT
2025-12-04T19:35:13.334661,4297.002132583,-1.2378793305925091e-12,0.0,2.8610347558958814e-19,-1.2378793305925091e-12,True,1.2378793305925091e-12,0.0,INIT
2025-12-04T19:35:13.344617,4297.012088394,-1.2378793305925091e-12,0.0,2.8610347558958814e-19,-1.2378793305925091e-12,True,1.2378793305925091e-12,0.0,INIT
2025-12-04T19:35:13.354528,4297.021996183,1.2378793305925091e-12,0.0,-2.8610347558958814e-19,1.2378793305925091e-12,True,1.2378793305925091e-12,0.0,INIT
2025-12-04T19:35:13.364632,4297.032106444,1.2378793305925091e-12,0.0,-2.8610347558958814e-19,1.2378793305925091e-12,True,1.2378793305925091e-12,0.0,INIT
2025-12-04T19:35:13.374703,4297.042178838,1.2378793305925091e-12,0.0,-2.8610347558958814e-19,1.2378793305925091e-12,True,1.2378793305925091e-12,0.0,INIT
2025-12-04T19:35:13.384518,4297.051990174,0.0,0.0,0.0,0.0,True,0.0,0.0,INIT
2025-12-04T19:35:13.394478,4297.061951547,0.0,0.0,0.0,0.0,True,0.0,0.0,INIT
2025-12-04T19:35:13.405059,4297.072529075,0.0,0.0,0.0,0.0,True,0.0,0.0,INIT
2025-12-04T19:35:13.414652,4297.082131558,0.0,0.0,0.0,0.0,True,0.0,0.0,INIT
2025-12-04T19:35:13.424543,4297.092019508,0.0,0.0,0.0,0.0,True,0.0,0.0,INIT
2025-12-04T19:35:13.434632,4297.10210486,0.0,0.0,0.0,0.0,True,0.0,0.0,INIT
2025-12-04T19:35:13.444678,4297.112148645,-1.2378793305925091e-12,0.0,2.8610347558958814e-19,-1.2378793305925091e-12,True,1.2378793305925091e-12,0.0,INIT
2025-12-04T19:35:13.454522,4297.121990699,-1.2378793305925091e-12,0.0,2.8610347558958814e-19,-1.2378793305925091e-12,True,1.2378793305925091e-12,0.0,INIT
2025-12-04T19:35:13.464698,4297.13217278,1.2378793305925091e-12,0.0,-2.8610347558958814e-19,1.2378793305925091e-12,True,1.2378793305925091e-12,0.0,INIT
2025-12-04T19:35:13.474563,4297.142034373,1.2378793305925091e-12,0.0,-2.8610347558958814e-19,1.2378793305925091e-12,True,1.2378793305925091e-12,0.0,INIT
2025-12-04T19:35:13.484422,4297.151894153,0.0,0.0,0.0,0.0,True,0.0,0.0,INIT
2025-12-04T19:35:13.494576,4297.162045591,0.0,0.0,0.0,0.0,True,0.0,0.0,INIT
2025-12-04T19:35:13.504472,4297.171946561,0.0,0.0,0.0,0.0,True,0.0,0.0,INIT
2025-12-04T19:35:13.514613,4297.182086407,0.0,0.0,0.0,0.0,True,0.0,0.0,INIT
2025-12-04T19:35:13.524336,4297.191811565,0.0,0.0,0.0,0.0,True,0.0,0.0,INIT
2025-12-04T19:35:13.534390,4297.201858097,0.0,0.0,0.0,0.0,True,0.0,0.0,INIT
2025-12-04T19:35:13.544769,4297.21224758,-1.2378793305925091e-12,0.0,2.8610347558958814e-19,-1.2378793305925091e-12,True,1.2378793305925091e-12,0.0,INIT
2025-12-04T19:35:13.554662,4297.222134498,-1.2378793305925091e-12,0.0,2.8610347558958814e-19,-1.2378793305925091e-12,True,1.2378793305925091e-12,0.0,INIT
2025-12-04T19:35:13.564399,4297.231876125,1.2378793305925091e-12,0.0,-2.8610347558958814e-19,1.2378793305925091e-12,True,1.2378793305925091e-12,0.0,INIT
2025-12-04T19:35:13.574356,4297.241825466,1.2378793305925091e-12,0.0,-2.8610347558958814e-19,1.2378793305925091e-12,True,1.2378793305925091e-12,0.0,INIT
2025-12-04T19:35:13.584585,4297.252058825,1.2378793305925091e-12,0.0,-2.8610347558958814e-19,1.2378793305925091e-12,True,1.2378793305925091e-12,0.0,INIT
2025-12-04T19:35:13.594611,4297.262094895,-8.665155314147563e-12,0.0,7.81969476991272e-18,-8.665155314147563e-12,True,8.665155314147563e-12,0.0,INIT
2025-12-04T19:35:13.604617,4297.272093512,-8.665155314147563e-12,0.0,7.81969476991272e-18,-8.665155314147563e-12,True,8.665155314147563e-12,0.0,INIT
2025-12-04T19:35:13.614433,4297.281904842,-9.903034644740073e-12,0.0,9.812419597139649e-18,-9.903034644740073e-12,True,9.903034644740073e-12,0.0,INIT
2025-12-04T19:35:13.624583,4297.292055053,-9.903034644740073e-12,0.0,9.812419597139649e-18,-9.903034644740073e-12,True,9.903034644740073e-12,0.0,INIT
2025-12-04T19:35:13.635074,4297.302549856,0.0,0.0,0.0,0.0,True,0.0,0.0,INIT
2025-12-04T19:35:13.644501,4297.311972797,0.0,0.0,0.0,0.0,True,0.0,0.0,INIT
2025-12-04T19:35:13.654449,4297.32192063,1.2378793305925091e-12,0.0,-2.8610347558958814e-19,1.2378793305925091e-12,True,1.2378793305925091e-12,0.0,INIT
2025-12-04T19:35:13.664561,4297.332030159,1.2378793305925091e-12,0.0,-2.8610347558958814e-19,1.2378793305925091e-12,True,1.2378793305925091e-12,0.0,INIT
2025-12-04T19:35:13.674436,4297.341905488,-1.2378793305925091e-12,0.0,2.8610347558958814e-19,-1.2378793305925091e-12,True,1.2378793305925091e-12,0.0,INIT
2025-12-04T19:35:13.684467,4297.351938564,-1.2378793305925091e-12,0.0,2.8610347558958814e-19,-1.2378793305925091e-12,True,1.2378793305925091e-12,0.0,INIT
2025-12-04T19:35:13.694596,4297.362067521,-1.2378793305925091e-12,0.0,2.8610347558958814e-19,-1.2378793305925091e-12,True,1.2378793305925091e-12,0.0,INIT
2025-12-04T19:35:13.704595,4297.37206745,0.0,0.0,0.0,0.0,True,0.0,0.0,INIT
2025-12-04T19:35:13.714677,4297.382147762,0.0,0.0,0.0,0.0,True,0.0,0.0,INIT
2025-12-04T19:35:13.724429,4297.391900734,0.0,0.0,0.0,0.0,True,0.0,0.0,INIT
2025-12-04T19:35:13.734508,4297.401983878,0.0,0.0,0.0,0.0,True,0.0,0.0,INIT
2025-12-04T19:35:13.894732,4297.562204372,-1.2378793305925091e-12,0.0,2.8610347558958814e-19,-1.2378793305925091e-12,True,1.2378793305925091e-12,0.0,INIT
2025-12-04T19:35:13.905152,4297.572625211,-1.2378793305925091e-12,0.0,2.8610347558958814e-19,-1.2378793305925091e-12,True,1.2378793305925091e-12,0.0,INIT
2025-12-04T19:35:13.914378,4297.581850519,0.0,0.0,0.0,0.0,True,0.0,0.0,INIT
2025-12-04T19:35:13.924395,4297.591864466,0.0,0.0,0.0,0.0,True,0.0,0.0,INIT
2025-12-04T19:35:14.010024,4297.677497317,-1.2378793305925091e-12,0.0,2.8610347558958814e-19,-1.2378793305925091e-12,True,1.2378793305925091e-12,0.0,INIT
2025-12-04T19:35:14.014517,4297.681987781,-1.2378793305925091e-12,0.0,2.8610347558958814e-19,-1.2378793305925091e-12,True,1.2378793305925091e-12,0.0,INIT
2025-12-04T19:35:14.042894,4297.710367296,0.0,0.0,0.0,0.0,True,0.0,0.0,INIT
2025-12-04T19:35:14.045430,4297.712896404,0.0,0.0,0.0,0.0,True,0.0,0.0,INIT
2025-12-04T19:35:14.054517,4297.721985832,0.0,0.0,0.0,0.0,True,0.0,0.0,INIT
2025-12-04T19:35:14.143693,4297.811161868,0.0,0.0,0.0,0.0,True,0.0,0.0,INIT
2025-12-04T19:35:14.151061,4297.818533449,0.0,0.0,0.0,0.0,True,0.0,0.0,INIT
2025-12-04T19:35:14.154588,4297.822059418,8.665155314147563e-12,0.0,-7.81969476991272e-18,8.665155314147563e-12,True,8.665155314147563e-12,0.0,INIT
2025-12-04T19:35:14.164516,4297.831987075,8.665155314147563e-12,0.0,-7.81969476991272e-18,8.665155314147563e-12,True,8.665155314147563e-12,0.0,INIT
2025-12-04T19:35:14.174449,4297.84192139,1.1140913975332583e-11,0.0,-1.1987687119567147e-17,1.1140913975332583e-11,True,1.1140913975332583e-11,0.0,INIT
2025-12-04T19:35:14.184604,4297.852077836,1.1140913975332583e-11,0.0,-1.1987687119567147e-17,1.1140913975332583e-11,True,1.1140913975332583e-11,0.0,INIT
2025-12-04T19:35:14.194526,4297.862017197,1.2378793305925091e-12,0.0,-2.861034755895877e-19,1.2378793305925091e-12,True,1.2378793305925091e-12,0.0,INIT
2025-12-04T19:35:14.204571,4297.872041434,1.2378793305925091e-12,0.0,-2.8610347558958814e-19,1.2378793305925091e-12,True,1.2378793305925091e-12,0.0,INIT
2025-12-04T19:35:14.214437,4297.881913153,0.0,0.0,0.0,0.0,True,0.0,0.0,INIT
2025-12-04T19:35:14.224637,4297.892110813,0.0,0.0,0.0,0.0,True,0.0,0.0,INIT
2025-12-04T19:35:14.234467,4297.901942215,0.0,0.0,0.0,0.0,True,0.0,0.0,INIT
2025-12-04T19:35:14.244512,4297.911982314,-1.2378793305925091e-12,0.0,2.8610347558958814e-19,-1.2378793305925091e-12,True,1.2378793305925091e-12,0.0,INIT
2025-12-04T19:35:14.254500,4297.921972925,-1.2378793305925091e-12,0.0,2.8610347558958814e-19,-1.2378793305925091e-12,True,1.2378793305925091e-12,0.0,INIT
2025-12-04T19:35:14.414955,4298.08243194,0.0,0.0,0.0,0.0,True,0.0,0.0,INIT
2025-12-04T19:35:14.429735,4298.097204829,1.2378793305925091e-12,0.0,-2.8610347558958814e-19,1.2378793305925091e-12,True,1.2378793305925091e-12,0.0,INIT
2025-12-04T19:35:14.434639,4298.102110926,1.2378793305925091e-12,0.0,-2.8610347558958814e-19,1.2378793305925091e-12,True,1.2378793305925091e-12,0.0,INIT
2025-12-04T19:35:14.444536,4298.112019131,0.0,0.0,0.0,0.0,True,0.0,0.0,INIT
2025-12-04T19:35:14.454662,4298.122139384,0.0,0.0,0.0,0.0,True,0.0,0.0,INIT
2025-12-04T19:35:14.464345,4298.131814449,0.0,0.0,0.0,0.0,True,0.0,0.0,INIT
2025-12-04T19:35:14.635567,4298.303042819,0.0,0.0,0.0,0.0,True,0.0,0.0,INIT
2025-12-04T19:35:15.121894,4298.789368666,0.0,0.0,0.0,0.0,True,0.0,0.0,INIT
2025-12-04T19:35:15.141622,4298.809098355,0.0,0.0,0.0,0.0,True,0.0,0.0,INIT
2025-12-04T19:35:15.217089,4298.884560127,0.0,0.0,0.0,0.0,True,0.0,0.0,INIT
2025-12-04T19:35:15.224925,4298.892405832,0.0,0.0,0.0,0.0,True,0.0,0.0,INIT
2025-12-04T19:35:15.242119,4298.909594515,0.0,0.0,0.0,0.0,True,0.0,0.0,INIT
2025-12-04T19:35:15.244461,4298.911930584,0.0,0.0,0.0,0.0,True,0.0,0.0,INIT
2025-12-04T19:35:15.271929,4298.939403666,-1.2378793305925091e-12,0.0,2.8610347558958814e-19,-1.2378793305925091e-12,True,1.2378793305925091e-12,0.0,INIT
2025-12-04T19:35:15.289950,4298.957421344,1.237879330592509e-11,0.0,-1.433914093021423e-17,1.237879330592509e-11,True,1.237879330592509e-11,0.0,INIT
2025-12-04T19:35:15.294443,4298.96191434,7.427275983555055e-12,0.0,-6.017003429656175e-18,7.427275983555055e-12,True,7.427275983555055e-12,0.0,INIT
2025-12-04T19:35:15.304807,4298.972278864,7.427275983555055e-12,0.0,-6.017003429656175e-18,7.427275983555055e-12,True,7.427275983555055e-12,0.0,INIT
2025-12-04T19:35:15.314440,4298.981911023,0.0,0.0,0.0,0.0,True,0.0,0.0,INIT
2025-12-04T19:35:15.324380,4298.991851164,0.0,0.0,0.0,0.0,True,0.0,0.0,INIT
2025-12-04T19:35:15.334519,4299.002019766,0.0,0.0,0.0,0.0,True,0.0,0.0,INIT
2025-12-04T19:35:15.344418,4299.011886025,0.0,0.0,0.0,0.0,True,0.0,0.0,INIT
2025-12-04T19:35:15.354613,4299.022083529,0.0,0.0,0.0,0.0,True,0.0,0.0,INIT
2025-12-04T19:35:15.364567,4299.032042846,0.0,0.0,0.0,0.0,True,0.0,0.0,INIT
2025-12-04T19:35:15.374562,4299.042033834,0.0,0.0,0.0,0.0,True,0.0,0.0,INIT
2025-12-04T19:35:15.416308,4299.083779831,0.0,0.0,0.0,0.0,True,0.0,0.0,INIT
2025-12-04T19:35:15.451071,4299.11854434,0.0,0.0,0.0,0.0,True,0.0,0.0,INIT
2025-12-04T19:35:15.455043,4299.122516759,0.0,0.0,0.0,0.0,True,0.0,0.0,INIT
2025-12-04T19:35:15.464488,4299.131962374,0.0,0.0,0.0,0.0,True,0.0,0.0,INIT
2025-12-04T19:35:15.474628,4299.142102356,0.0,0.0,0.0,0.0,True,0.0,0.0,INIT
2025-12-04T19:35:15.484676,4299.152149048,0.0,0.0,0.0,0.0,True,0.0,0.0,INIT
2025-12-04T19:35:15.494527,4299.162010513,0.0,0.0,0.0,0.0,True,0.0,0.0,INIT
2025-12-04T19:35:15.504769,4299.172243411,0.0,0.0,0.0,0.0,True,0.0,0.0,INIT
2025-12-04T19:35:15.514562,4299.182038925,0.0,0.0,0.0,0.0,True,0.0,0.0,INIT
2025-12-04T19:35:15.524378,4299.191857606,0.0,0.0,0.0,0.0,True,0.0,0.0,INIT
2025-12-04T19:35:15.534329,4299.201806428,0.0,0.0,0.0,0.0,True,0.0,0.0,INIT
2025-12-04T19:35:15.544562,4299.212035257,0.0,0.0,0.0,0.0,True,0.0,0.0,INIT
2025-12-04T19:35:15.554676,4299.222149537,0.0,0.0,0.0,0.0,True,0.0,0.0,INIT
2025-12-04T19:35:15.564680,4299.232156549,0.0,0.0,0.0,0.0,True,0.0,0.0,INIT
2025-12-04T19:35:15.574587,4299.242064332,0.0,0.0,0.0,0.0,True,0.0,0.0,INIT
2025-12-04T19:35:15.957077,4299.624549602,0.0,0.0,0.0,0.0,True,0.0,0.0,INIT
2025-12-04T19:35:16.916750,4300.584225115,-6.189396652962545e-12,0.0,4.413388314831291e-18,-6.189396652962545e-12,True,6.189396652962545e-12,0.0,INIT
2025-12-04T19:35:17.357001,4301.02446679,-6.189396652962545e-12,0.0,4.413388314831291e-18,-6.189396652962545e-12,True,6.189396652962545e-12,0.0,INIT
2025-12-04T19:35:17.366145,4301.033615716,-1.2378793305925091e-12,0.0,2.861034755895885e-19,-1.2378793305925091e-12,True,1.2378793305925091e-12,0.0,INIT
2025-12-04T19:35:17.374450,4301.041918593,1.2378793305925091e-12,0.0,-2.861034755895881e-19,1.2378793305925091e-12,True,1.2378793305925091e-12,0.0,INIT
2025-12-04T19:35:17.384513,4301.05198821,1.2378793305925091e-12,0.0,-2.8610347558958814e-19,1.2378793305925091e-12,True,1.2378793305925091e-12,0.0,INIT
2025-12-04T19:35:17.594571,4301.26204532,0.0,0.0,0.0,0.0,True,0.0,0.0,INIT
2025-12-04T19:35:17.610269,4301.277741365,0.0,0.0,0.0,0.0,True,0.0,0.0,INIT
2025-12-04T19:35:17.614438,4301.281910058,0.0,0.0,0.0,0.0,True,0.0,0.0,INIT
2025-12-04T19:35:17.826473,4301.493947099,0.0,0.0,0.0,0.0,True,0.0,0.0,INIT
2025-12-04T19:35:17.846106,4301.513573873,0.0,0.0,0.0,0.0,True,0.0,0.0,INIT
2025-12-04T19:35:17.854541,4301.522038712,1.2378793305925091e-12,0.0,-2.8610347558958814e-19,1.2378793305925091e-12,True,1.2378793305925091e-12,0.0,INIT
2025-12-04T19:35:17.864723,4301.532200767,1.2378793305925091e-12,0.0,-2.8610347558958814e-19,1.2378793305925091e-12,True,1.2378793305925091e-12,0.0,INIT
2025-12-04T19:35:17.874846,4301.542319571,1.2378793305925091e-12,0.0,-2.8610347558958814e-19,1.2378793305925091e-12,True,1.2378793305925091e-12,0.0,INIT
2025-12-04T19:35:18.112643,4301.780113749,0.0,0.0,0.0,0.0,True,0.0,0.0,INIT
2025-12-04T19:35:18.126910,4301.794384288,0.0,0.0,0.0,0.0,True,0.0,0.0,INIT
2025-12-04T19:35:19.273376,4302.940851685,0.0,0.0,0.0,0.0,True,0.0,0.0,INIT
2025-12-04T19:35:19.304974,4302.972446992,0.0,0.0,0.0,0.0,True,0.0,0.0,INIT
2025-12-04T19:35:19.360128,4303.027597472,0.0,0.0,0.0,0.0,True,0.0,0.0,INIT
2025-12-04T19:35:19.364307,4303.031779213,0.0,0.0,0.0,0.0,True,0.0,0.0,INIT
2025-12-04T19:35:19.412008,4303.079481767,0.0,0.0,0.0,0.0,True,0.0,0.0,INIT
2025-12-04T19:35:19.415914,4303.083378284,0.0,0.0,0.0,0.0,True,0.0,0.0,INIT
2025-12-04T19:35:19.424451,4303.091924181,0.0,0.0,0.0,0.0,True,0.0,0.0,INIT
2025-12-04T19:35:19.443889,4303.11136459,0.0,0.0,0.0,0.0,True,0.0,0.0,INIT
2025-12-04T19:35:19.445279,4303.112754665,0.0,0.0,0.0,0.0,True,0.0,0.0,INIT
2025-12-04T19:35:19.454536,4303.122022524,0.0,0.0,0.0,0.0,True,0.0,0.0,INIT
2025-12-04T19:35:19.464627,4303.132100169,0.0,0.0,0.0,0.0,True,0.0,0.0,INIT
2025-12-04T19:35:19.474574,4303.14204879,0.0,0.0,0.0,0.0,True,0.0,0.0,INIT
2025-12-04T19:35:19.484585,4303.152055309,0.0,0.0,0.0,0.0,True,0.0,0.0,INIT
2025-12-04T19:35:19.494449,4303.161921573,0.0,0.0,0.0,0.0,True,0.0,0.0,INIT
2025-12-04T19:35:19.504609,4303.17208672,0.0,0.0,0.0,0.0,True,0.0,0.0,INIT
2025-12-04T19:35:19.514478,4303.181949564,0.0,0.0,0.0,0.0,True,0.0,0.0,INIT
2025-12-04T19:35:19.524685,4303.192163684,0.0,0.0,0.0,0.0,True,0.0,0.0,INIT
2025-12-04T19:35:19.534498,4303.201975693,0.0,0.0,0.0,0.0,True,0.0,0.0,INIT
2025-12-04T19:35:19.544466,4303.211939755,0.0,0.0,0.0,0.0,True,0.0,0.0,INIT
2025-12-04T19:35:19.555886,4303.223356583,0.0,0.0,0.0,0.0,True,0.0,0.0,INIT
2025-12-04T19:35:19.564341,4303.231808887,0.0,0.0,0.0,0.0,True,0.0,0.0,INIT
2025-12-04T19:35:19.574740,4303.242215653,0.0,0.0,0.0,0.0,True,0.0,0.0,INIT
2025-12-04T19:35:19.584371,4303.251840977,0.0,0.0,0.0,0.0,True,0.0,0.0,INIT
2025-12-04T19:35:19.743234,4303.410705144,-1.2378793305925091e-12,0.0,2.8610347558958814e-19,-1.2378793305925091e-12,True,1.2378793305925091e-12,0.0,INIT
2025-12-04T19:35:19.754696,4303.422174459,-1.2378793305925091e-12,0.0,2.8610347558958814e-19,-1.2378793305925091e-12,True,1.2378793305925091e-12,0.0,INIT
2025-12-04T19:35:19.784286,4303.451761892,1.2378793305925091e-12,0.0,-2.8610347558958814e-19,1.2378793305925091e-12,True,1.2378793305925091e-12,0.0,INIT
2025-12-04T19:35:19.794555,4303.462029853,1.2378793305925091e-12,0.0,-2.8610347558958814e-19,1.2378793305925091e-12,True,1.2378793305925091e-12,0.0,INIT
2025-12-04T19:35:19.974347,4303.641819163,0.0,0.0,0.0,0.0,True,0.0,0.0,INIT
2025-12-04T19:35:20.333517,4304.000992232,0.0,0.0,0.0,0.0,True,0.0,0.0,INIT
2025-12-04T19:35:20.377812,4304.045283784,0.0,0.0,0.0,0.0,True,0.0,0.0,INIT
2025-12-04T19:35:20.791494,4304.458963692,7.427275983555055e-12,0.0,-6.017003429656175e-18,7.427275983555055e-12,True,7.427275983555055e-12,0.0,INIT
2025-12-04T19:35:20.810650,4304.478123159,7.427275983555055e-12,0.0,-6.017003429656175e-18,7.427275983555055e-12,True,7.427275983555055e-12,0.0,INIT
2025-12-04T19:35:20.831599,4304.499070419,7.427275983555055e-12,0.0,-6.017003429656175e-18,7.427275983555055e-12,True,7.427275983555055e-12,0.0,INIT
2025-12-04T19:35:20.870516,4304.537989119,0.0,0.0,0.0,0.0,True,0.0,0.0,INIT
2025-12-04T19:35:20.875057,4304.542527308,0.0,0.0,0.0,0.0,True,0.0,0.0,INIT
2025-12-04T19:35:20.884507,4304.551975623,0.0,0.0,0.0,0.0,True,0.0,0.0,INIT
2025-12-04T19:35:20.894478,4304.561948004,1.2378793305925091e-12,0.0,-2.8610347558958814e-19,1.2378793305925091e-12,True,1.2378793305925091e-12,0.0,INIT
2025-12-04T19:35:20.904526,4304.572014361,1.2378793305925091e-12,0.0,-2.8610347558958814e-19,1.2378793305925091e-12,True,1.2378793305925091e-12,0.0,INIT
2025-12-04T19:35:20.914676,4304.582147537,0.0,0.0,0.0,0.0,True,0.0,0.0,INIT
2025-12-04T19:35:20.924502,4304.59197697,0.0,0.0,0.0,0.0,True,0.0,0.0,INIT
2025-12-04T19:35:20.971252,4304.638726034,0.0,0.0,0.0,0.0,True,0.0,0.0,INIT
2025-12-04T19:35:20.975677,4304.643149902,0.0,0.0,0.0,0.0,True,0.0,0.0,INIT
2025-12-04T19:35:20.984582,4304.652052946,0.0,0.0,0.0,0.0,True,0.0,0.0,INIT
2025-12-04T19:35:20.994483,4304.66195907,1.2378793305925091e-12,0.0,-2.8610347558958814e-19,1.2378793305925091e-12,True,1.2378793305925091e-12,0.0,INIT
2025-12-04T19:35:21.004616,4304.6720915,1.2378793305925091e-12,0.0,-2.8610347558958814e-19,1.2378793305925091e-12,True,1.2378793305925091e-12,0.0,INIT
2025-12-04T19:35:21.014565,4304.682037614,0.0,0.0,0.0,0.0,True,0.0,0.0,INIT
2025-12-04T19:35:21.024635,4304.692106395,0.0,0.0,0.0,0.0,True,0.0,0.0,INIT
2025-12-04T19:35:21.041325,4304.70879821,0.0,0.0,0.0,0.0,True,0.0,0.0,INIT
2025-12-04T19:35:21.044510,4304.711982486,0.0,0.0,0.0,0.0,True,0.0,0.0,INIT
2025-12-04T19:35:21.054396,4304.721875862,-1.2378793305925091e-12,0.0,2.8610347558958814e-19,-1.2378793305925091e-12,True,1.2378793305925091e-12,0.0,INIT
2025-12-04T19:35:21.064352,4304.731821663,-1.2378793305925091e-12,0.0,2.8610347558958814e-19,-1.2378793305925091e-12,True,1.2378793305925091e-12,0.0,INIT
2025-12-04T19:35:21.605972,4305.273447436,0.0,0.0,0.0,0.0,True,0.0,0.0,INIT
2025-12-04T19:35:21.618599,4305.286073548,0.0,0.0,0.0,0.0,True,0.0,0.0,INIT
2025-12-04T19:35:21.624560,4305.292042135,0.0,0.0,0.0,0.0,True,0.0,0.0,INIT
2025-12-04T19:35:21.914669,4305.582140728,6.189396652962545e-12,0.0,-4.413388314831291e-18,6.189396652962545e-12,True,6.189396652962545e-12,0.0,INIT
2025-12-04T19:35:21.929920,4305.597396607,6.189396652962545e-12,0.0,-4.413388314831291e-18,6.189396652962545e-12,True,6.189396652962545e-12,0.0,INIT
2025-12-04T19:35:21.937433,4305.604903382,8.665155314147563e-12,0.0,-7.81969476991272e-18,8.665155314147563e-12,True,8.665155314147563e-12,0.0,INIT
2025-12-04T19:35:21.944425,4305.611896353,8.665155314147563e-12,0.0,-7.81969476991272e-18,8.665155314147563e-12,True,8.665155314147563e-12,0.0,INIT
2025-12-04T19:35:21.954343,4305.621817348,8.665155314147563e-12,0.0,-7.81969476991272e-18,8.665155314147563e-12,True,8.665155314147563e-12,0.0,INIT
2025-12-04T19:35:21.972508,4305.639978265,1.2378793305925091e-12,0.0,-2.861034755895877e-19,1.2378793305925091e-12,True,1.2378793305925091e-12,0.0,INIT
2025-12-04T19:35:21.974598,4305.642070147,1.2378793305925091e-12,0.0,-2.8610347558958814e-19,1.2378793305925091e-12,True,1.2378793305925091e-12,0.0,INIT
2025-12-04T19:35:22.035217,4305.702689269,0.0,0.0,0.0,0.0,True,0.0,0.0,INIT
2025-12-04T19:35:22.193146,4305.860616474,0.0,0.0,0.0,0.0,True,0.0,0.0,INIT
2025-12-04T19:35:22.204970,4305.872439868,0.0,0.0,0.0,0.0,True,0.0,0.0,INIT
2025-12-04T19:35:22.214835,4305.882306194,0.0,0.0,0.0,0.0,True,0.0,0.0,INIT
2025-12-04T19:35:22.224518,4305.891996474,0.0,0.0,0.0,0.0,True,0.0,0.0,INIT
2025-12-04T19:35:22.234415,4305.90188527,0.0,0.0,0.0,0.0,True,0.0,0.0,INIT
2025-12-04T19:35:22.244535,4305.912015324,0.0,0.0,0.0,0.0,True,0.0,0.0,INIT
2025-12-04T19:35:22.361811,4306.029286534,-1.2378793305925091e-12,0.0,2.8610347558958814e-19,-1.2378793305925091e-12,True,1.2378793305925091e-12,0.0,INIT
2025-12-04T19:35:22.367637,4306.035114292,-1.2378793305925091e-12,0.0,2.8610347558958814e-19,-1.2378793305925091e-12,True,1.2378793305925091e-12,0.0,INIT
2025-12-04T19:35:22.374510,4306.04198311,-1.2378793305925091e-12,0.0,2.8610347558958814e-19,-1.2378793305925091e-12,True,1.2378793305925091e-12,0.0,INIT
2025-12-04T19:35:22.407598,4306.075071036,0.0,0.0,0.0,0.0,True,0.0,0.0,INIT
2025-12-04T19:35:22.414966,4306.082435013,0.0,0.0,0.0,0.0,True,0.0,0.0,INIT
2025-12-04T19:35:22.424505,4306.091978333,0.0,0.0,0.0,0.0,True,0.0,0.0,INIT
2025-12-04T19:35:22.434447,4306.101919673,0.0,0.0,0.0,0.0,True,0.0,0.0,INIT
2025-12-04T19:35:22.444527,4306.112014445,0.0,0.0,0.0,0.0,True,0.0,0.0,INIT
2025-12-04T19:35:22.454582,4306.122050402,0.0,0.0,0.0,0.0,True,0.0,0.0,INIT
2025-12-04T19:35:22.474058,4306.141528906,-1.2378793305925091e-12,0.0,2.8610347558958814e-19,-1.2378793305925091e-12,True,1.2378793305925091e-12,0.0,INIT
2025-12-04T19:35:22.484310,4306.151783203,-1.7330310628295126e-11,0.0,2.5406263240528794e-17,-1.7330310628295126e-11,True,1.7330310628295126e-11,0.0,INIT
2025-12-04T19:35:22.494551,4306.162021518,-1.7330310628295126e-11,0.0,2.5406263240528794e-17,-1.7330310628295126e-11,True,1.7330310628295126e-11,0.0,INIT
2025-12-04T19:35:22.640965,4306.308434425,-1.2378793305925091e-12,0.0,2.861034755895877e-19,-1.2378793305925091e-12,True,1.2378793305925091e-12,0.0,INIT
2025-12-04T19:35:22.691842,4306.359316733,-1.2378793305925091e-12,0.0,2.8610347558958814e-19,-1.2378793305925091e-12,True,1.2378793305925091e-12,0.0,INIT
2025-12-04T19:35:22.697153,4306.364623429,0.0,0.0,0.0,0.0,True,0.0,0.0,INIT
2025-12-04T19:35:22.704799,4306.372276369,0.0,0.0,0.0,0.0,True,0.0,0.0,INIT
2025-12-04T19:35:22.714410,4306.381880141,0.0,0.0,0.0,0.0,True,0.0,0.0,INIT
2025-12-04T19:35:22.724350,4306.391819833,0.0,0.0,0.0,0.0,True,0.0,0.0,INIT
2025-12-04T19:35:22.734368,4306.401836862,-1.2378793305925091e-12,0.0,2.8610347558958814e-19,-1.2378793305925091e-12,True,1.2378793305925091e-12,0.0,INIT
2025-12-04T19:35:22.744378,4306.411847115,-1.2378793305925091e-12,0.0,2.8610347558958814e-19,-1.2378793305925091e-12,True,1.2378793305925091e-12,0.0,INIT
2025-12-04T19:35:22.992576,4306.660047914,0.0,0.0,0.0,0.0,True,0.0,0.0,INIT
2025-12-04T19:35:23.008514,4306.67598975,0.0,0.0,0.0,0.0,True,0.0,0.0,INIT
2025-12-04T19:35:23.113664,4306.781136675,1.2378793305925091e-12,0.0,-2.8610347558958814e-19,1.2378793305925091e-12,True,1.2378793305925091e-12,0.0,INIT
2025-12-04T19:35:23.243404,4306.910878956,1.2378793305925091e-12,0.0,-2.8610347558958814e-19,1.2378793305925091e-12,True,1.2378793305925091e-12,0.0,INIT
2025-12-04T19:35:23.249047,4306.916519128,-1.2378793305925091e-12,0.0,2.8610347558958814e-19,-1.2378793305925091e-12,True,1.2378793305925091e-12,0.0,INIT
2025-12-04T19:35:23.254336,4306.921800654,-1.2378793305925091e-12,0.0,2.8610347558958814e-19,-1.2378793305925091e-12,True,1.2378793305925091e-12,0.0,INIT
2025-12-04T19:35:23.456961,4307.124430799,-1.2378793305925091e-12,0.0,2.8610347558958814e-19,-1.2378793305925091e-12,True,1.2378793305925091e-12,0.0,INIT
2025-12-04T19:35:23.472810,4307.140281872,-1.2378793305925091e-12,0.0,2.8610347558958814e-19,-1.2378793305925091e-12,True,1.2378793305925091e-12,0.0,INIT
2025-12-04T19:35:23.511413,4307.178885797,-1.2378793305925091e-12,0.0,2.8610347558958814e-19,-1.2378793305925091e-12,True,1.2378793305925091e-12,0.0,INIT
2025-12-04T19:35:23.515244,4307.182722854,1.2378793305925091e-12,0.0,-2.8610347558958814e-19,1.2378793305925091e-12,True,1.2378793305925091e-12,0.0,INIT
2025-12-04T19:35:23.524428,4307.191900501,1.2378793305925091e-12,0.0,-2.8610347558958814e-19,1.2378793305925091e-12,True,1.2378793305925091e-12,0.0,INIT
2025-12-04T19:35:23.534276,4307.201750641,-1.485455196711011e-11,0.0,1.954930180396786e-17,-1.485455196711011e-11,True,1.485455196711011e-11,0.0,INIT
2025-12-04T19:35:23.544884,4307.2123566,-1.485455196711011e-11,0.0,1.954930180396786e-17,-1.485455196711011e-11,True,1.485455196711011e-11,0.0,INIT
2025-12-04T19:35:23.578386,4307.245858161,-9.903034644740073e-12,0.0,9.812419597139649e-18,-9.903034644740073e-12,True,9.903034644740073e-12,0.0,INIT
2025-12-04T19:35:23.584506,4307.251977402,-9.903034644740073e-12,0.0,9.812419597139649e-18,-9.903034644740073e-12,True,9.903034644740073e-12,0.0,INIT
2025-12-04T19:35:23.679118,4307.346589496,0.0,0.0,0.0,0.0,True,0.0,0.0,INIT
2025-12-04T19:35:23.684798,4307.352274514,0.0,0.0,0.0,0.0,True,0.0,0.0,INIT
2025-12-04T19:35:23.694570,4307.362042651,0.0,0.0,0.0,0.0,True,0.0,0.0,INIT
2025-12-04T19:35:23.752799,4307.420268714,0.0,0.0,0.0,0.0,True,0.0,0.0,INIT
2025-12-04T19:35:23.755820,4307.423285852,0.0,0.0,0.0,0.0,True,0.0,0.0,INIT
2025-12-04T19:35:23.818848,4307.486320538,1.2378793305925091e-12,0.0,-2.8610347558958814e-19,1.2378793305925091e-12,True,1.2378793305925091e-12,0.0,INIT
2025-12-04T19:35:23.863458,4307.530932668,0.0,0.0,0.0,0.0,True,0.0,0.0,INIT
2025-12-04T19:35:23.866503,4307.533973782,0.0,0.0,0.0,0.0,True,0.0,0.0,INIT
2025-12-04T19:35:23.874577,4307.542055911,0.0,0.0,0.0,0.0,True,0.0,0.0,INIT
2025-12-04T19:35:23.884354,4307.551825775,0.0,0.0,0.0,0.0,True,0.0,0.0,INIT
2025-12-04T19:35:23.894840,4307.562324497,0.0,0.0,0.0,0.0,True,0.0,0.0,INIT
2025-12-04T19:35:23.970940,4307.638409671,0.0,0.0,0.0,0.0,True,0.0,0.0,INIT
2025-12-04T19:35:23.976846,4307.644318279,0.0,0.0,0.0,0.0,True,0.0,0.0,INIT
2025-12-04T19:35:23.984456,4307.651927363,0.0,0.0,0.0,0.0,True,0.0,0.0,INIT
2025-12-04T19:35:23.994833,4307.662313125,0.0,0.0,0.0,0.0,True,0.0,0.0,INIT
2025-12-04T19:35:24.004554,4307.672024173,0.0,0.0,0.0,0.0,True,0.0,0.0,INIT
2025-12-04T19:35:24.014378,4307.68185057,1.2378793305925091e-12,0.0,-2.8610347558958814e-19,1.2378793305925091e-12,True,1.2378793305925091e-12,0.0,INIT
2025-12-04T19:35:24.024430,4307.691902082,1.2378793305925091e-12,0.0,-2.8610347558958814e-19,1.2378793305925091e-12,True,1.2378793305925091e-12,0.0,INIT
2025-12-04T19:35:24.034376,4307.701845031,1.2378793305925091e-12,0.0,-2.8610347558958814e-19,1.2378793305925091e-12,True,1.2378793305925091e-12,0.0,INIT
2025-12-04T19:35:24.044529,4307.712014375,-1.2378793305925091e-12,0.0,2.8610347558958814e-19,-1.2378793305925091e-12,True,1.2378793305925091e-12,0.0,INIT
2025-12-04T19:35:24.054373,4307.721841109,-1.2378793305925091e-12,0.0,2.8610347558958814e-19,-1.2378793305925091e-12,True,1.2378793305925091e-12,0.0,INIT
2025-12-04T19:35:24.064482,4307.731952281,0.0,0.0,0.0,0.0,True,0.0,0.0,INIT
2025-12-04T19:35:24.074409,4307.741877854,0.0,0.0,0.0,0.0,True,0.0,0.0,INIT
2025-12-04T19:35:24.085634,4307.753102848,7.427275983555055e-12,0.0,-6.017003429656175e-18,7.427275983555055e-12,True,7.427275983555055e-12,0.0,INIT
2025-12-04T19:35:24.094604,4307.762076334,7.427275983555055e-12,0.0,-6.017003429656175e-18,7.427275983555055e-12,True,7.427275983555055e-12,0.0,INIT
2025-12-04T19:35:24.179047,4307.846518694,0.0,0.0,0.0,0.0,True,0.0,0.0,INIT
2025-12-04T19:35:24.312952,4307.98042159,0.0,0.0,0.0,0.0,True,0.0,0.0,INIT
2025-12-04T19:35:24.323389,4307.990863542,0.0,0.0,0.0,0.0,True,0.0,0.0,INIT
2025-12-04T19:35:24.324731,4307.992203577,0.0,0.0,0.0,0.0,True,0.0,0.0,INIT
2025-12-04T19:35:24.392275,4308.059750155,0.0,0.0,0.0,0.0,True,0.0,0.0,INIT
2025-12-04T19:35:24.396827,4308.064298417,0.0,0.0,0.0,0.0,True,0.0,0.0,INIT
2025-12-04T19:35:24.404425,4308.071896964,0.0,0.0,0.0,0.0,True,0.0,0.0,INIT
2025-12-04T19:35:24.414745,4308.082216519,0.0,0.0,0.0,0.0,True,0.0,0.0,INIT
2025-12-04T19:35:24.424388,4308.091859229,0.0,0.0,0.0,0.0,True,0.0,0.0,INIT
2025-12-04T19:35:24.434578,4308.102050917,0.0,0.0,0.0,0.0,True,0.0,0.0,INIT
2025-12-04T19:35:24.445352,4308.112825148,0.0,0.0,0.0,0.0,True,0.0,0.0,INIT
2025-12-04T19:35:24.454635,4308.122107556,0.0,0.0,0.0,0.0,True,0.0,0.0,INIT
2025-12-04T19:35:24.464954,4308.132426228,0.0,0.0,0.0,0.0,True,0.0,0.0,INIT
2025-12-04T19:35:24.474576,4308.142053086,0.0,0.0,0.0,0.0,True,0.0,0.0,INIT
2025-12-04T19:35:24.500057,4308.167529196,0.0,0.0,0.0,0.0,True,0.0,0.0,INIT
2025-12-04T19:35:24.711874,4308.379345968,0.0,0.0,0.0,0.0,True,0.0,0.0,INIT
2025-12-04T19:35:25.618733,4309.286204745,0.0,0.0,0.0,0.0,True,0.0,0.0,INIT
2025-12-04T19:35:25.636623,4309.304098078,0.0,0.0,0.0,0.0,True,0.0,0.0,INIT
2025-12-04T19:35:25.744704,4309.412177602,1.2378793305925091e-12,0.0,-2.8610347558958814e-19,1.2378793305925091e-12,True,1.2378793305925091e-12,0.0,INIT
2025-12-04T19:35:25.754828,4309.422297247,1.2378793305925091e-12,0.0,-2.8610347558958814e-19,1.2378793305925091e-12,True,1.2378793305925091e-12,0.0,INIT
2025-12-04T19:35:25.799869,4309.467342766,0.0,0.0,0.0,0.0,True,0.0,0.0,INIT
2025-12-04T19:35:25.915525,4309.582998151,0.0,0.0,0.0,0.0,True,0.0,0.0,INIT
2025-12-04T19:35:25.924638,4309.592108793,0.0,0.0,0.0,0.0,True,0.0,0.0,INIT
2025-12-04T19:35:25.988502,4309.655971351,0.0,0.0,0.0,0.0,True,0.0,0.0,INIT
2025-12-04T19:35:25.994685,4309.662161162,0.0,0.0,0.0,0.0,True,0.0,0.0,INIT
2025-12-04T19:35:26.004640,4309.672111512,0.0,0.0,0.0,0.0,True,0.0,0.0,INIT
2025-12-04T19:35:26.014612,4309.682080632,0.0,0.0,0.0,0.0,True,0.0,0.0,INIT
2025-12-04T19:35:26.024631,4309.692103833,0.0,0.0,0.0,0.0,True,0.0,0.0,INIT
2025-12-04T19:35:26.293987,4309.961459325,0.0,0.0,0.0,0.0,True,0.0,0.0,INIT
2025-12-04T19:35:26.306726,4309.974196019,0.0,0.0,0.0,0.0,True,0.0,0.0,INIT
2025-12-04T19:35:26.314933,4309.982410593,0.0,0.0,0.0,0.0,True,0.0,0.0,INIT
2025-12-04T19:35:26.324395,4309.991865627,1.7330310628295126e-11,0.0,-2.5406263240528794e-17,1.7330310628295126e-11,True,1.7330310628295126e-11,0.0,INIT
2025-12-04T19:35:26.334557,4310.002028511,1.7330310628295126e-11,0.0,-2.5406263240528794e-17,1.7330310628295126e-11,True,1.7330310628295126e-11,0.0,INIT
2025-12-04T19:35:26.466631,4310.134105968,1.2378793305925091e-12,0.0,-2.861034755895877e-19,1.2378793305925091e-12,True,1.2378793305925091e-12,0.0,INIT
2025-12-04T19:35:26.475933,4310.143406309,1.2378793305925091e-12,0.0,-2.8610347558958814e-19,1.2378793305925091e-12,True,1.2378793305925091e-12,0.0,INIT
2025-12-04T19:35:26.543662,4310.211143042,0.0,0.0,0.0,0.0,True,0.0,0.0,INIT
2025-12-04T19:35:26.548936,4310.21640889,0.0,0.0,0.0,0.0,True,0.0,0.0,INIT
2025-12-04T19:35:26.554418,4310.221887505,0.0,0.0,0.0,0.0,True,0.0,0.0,INIT
2025-12-04T19:35:26.576153,4310.243626673,1.2378793305925091e-12,0.0,-2.8610347558958814e-19,1.2378793305925091e-12,True,1.2378793305925091e-12,0.0,INIT
2025-12-04T19:35:26.585052,4310.252520275,0.0,0.0,0.0,0.0,True,0.0,0.0,INIT
2025-12-04T19:35:26.594461,4310.261933301,0.0,0.0,0.0,0.0,True,0.0,0.0,INIT
2025-12-04T19:35:26.604696,4310.272166349,0.0,0.0,0.0,0.0,True,0.0,0.0,INIT
2025-12-04T19:35:26.614907,4310.282385968,0.0,0.0,0.0,0.0,True,0.0,0.0,INIT
2025-12-04T19:35:26.652321,4310.319793354,0.0,0.0,0.0,0.0,True,0.0,0.0,INIT
2025-12-04T19:35:26.657601,4310.325076994,0.0,0.0,0.0,0.0,True,0.0,0.0,INIT
2025-12-04T19:35:26.664807,4310.332283985,0.0,0.0,0.0,0.0,True,0.0,0.0,INIT
2025-12-04T19:35:26.687796,4310.355264941,0.0,0.0,0.0,0.0,True,0.0,0.0,INIT
2025-12-04T19:35:26.694636,4310.362107725,0.0,0.0,0.0,0.0,True,0.0,0.0,INIT
2025-12-04T19:35:26.704491,4310.371958772,0.0,0.0,0.0,0.0,True,0.0,0.0,INIT
2025-12-04T19:35:26.714601,4310.38207717,0.0,0.0,0.0,0.0,True,0.0,0.0,INIT
2025-12-04T19:35:26.724599,4310.392073613,0.0,0.0,0.0,0.0,True,0.0,0.0,INIT
2025-12-04T19:35:26.734562,4310.402033611,-1.2378793305925091e-12,0.0,2.8610347558958814e-19,-1.2378793305925091e-12,True,1.2378793305925091e-12,0.0,INIT
2025-12-04T19:35:26.744719,4310.412195252,-1.2378793305925091e-12,0.0,2.8610347558958814e-19,-1.2378793305925091e-12,True,1.2378793305925091e-12,0.0,INIT
2025-12-04T19:35:26.761964,4310.429434741,0.0,0.0,0.0,0.0,True,0.0,0.0,INIT
2025-12-04T19:35:26.764720,4310.432187419,0.0,0.0,0.0,0.0,True,0.0,0.0,INIT
2025-12-04T19:35:26.774535,4310.442018814,1.2378793305925091e-12,0.0,-2.8610347558958814e-19,1.2378793305925091e-12,True,1.2378793305925091e-12,0.0,INIT
2025-12-04T19:35:26.784623,4310.452096578,1.2378793305925091e-12,0.0,-2.8610347558958814e-19,1.2378793305925091e-12,True,1.2378793305925091e-12,0.0,INIT
2025-12-04T19:35:26.794646,4310.462118419,0.0,0.0,0.0,0.0,True,0.0,0.0,INIT
2025-12-04T19:35:26.804617,4310.472095018,0.0,0.0,0.0,0.0,True,0.0,0.0,INIT
2025-12-04T19:35:26.816635,4310.484108535,0.0,0.0,0.0,0.0,True,0.0,0.0,INIT
2025-12-04T19:35:26.824667,4310.492141855,0.0,0.0,0.0,0.0,True,0.0,0.0,INIT
2025-12-04T19:35:26.878255,4310.545726409,-9.903034644740073e-12,0.0,9.812419597139649e-18,-9.903034644740073e-12,True,9.903034644740073e-12,0.0,INIT
2025-12-04T19:35:26.884833,4310.552306568,-9.903034644740073e-12,0.0,9.812419597139649e-18,-9.903034644740073e-12,True,9.903034644740073e-12,0.0,INIT
2025-12-04T19:35:26.899588,4310.567057469,1.2378793305925091e-12,0.0,-2.861034755895877e-19,1.2378793305925091e-12,True,1.2378793305925091e-12,0.0,INIT
2025-12-04T19:35:26.904542,4310.572023416,1.2378793305925091e-12,0.0,-2.8610347558958814e-19,1.2378793305925091e-12,True,1.2378793305925091e-12,0.0,INIT
2025-12-04T19:35:26.914594,4310.582064176,1.2378793305925091e-12,0.0,-2.8610347558958814e-19,1.2378793305925091e-12,True,1.2378793305925091e-12,0.0,INIT
2025-12-04T19:35:26.924383,4310.591852403,0.0,0.0,0.0,0.0,True,0.0,0.0,INIT
2025-12-04T19:35:26.934588,4310.602059963,0.0,0.0,0.0,0.0,True,0.0,0.0,INIT
2025-12-04T19:35:26.944519,4310.611991566,0.0,0.0,0.0,0.0,True,0.0,0.0,INIT
2025-12-04T19:35:26.954603,4310.622075833,0.0,0.0,0.0,0.0,True,0.0,0.0,INIT
2025-12-04T19:35:26.964647,4310.632119445,0.0,0.0,0.0,0.0,True,0.0,0.0,INIT
2025-12-04T19:35:26.974589,4310.642061266,0.0,0.0,0.0,0.0,True,0.0,0.0,INIT
2025-12-04T19:35:26.984616,4310.652088413,-1.2378793305925091e-12,0.0,2.8610347558958814e-19,-1.2378793305925091e-12,True,1.2378793305925091e-12,0.0,INIT
2025-12-04T19:35:26.994809,4310.662285086,-1.2378793305925091e-12,0.0,2.8610347558958814e-19,-1.2378793305925091e-12,True,1.2378793305925091e-12,0.0,INIT
2025-12-04T19:35:27.083064,4310.750534958,-1.2378793305925091e-12,0.0,2.8610347558958814e-19,-1.2378793305925091e-12,True,1.2378793305925091e-12,0.0,INIT
2025-12-04T19:35:27.089351,4310.756824969,-1.2378793305925091e-12,0.0,2.8610347558958814e-19,-1.2378793305925091e-12,True,1.2378793305925091e-12,0.0,INIT
2025-12-04T19:35:27.094581,4310.762053709,-1.2378793305925091e-12,0.0,2.8610347558958814e-19,-1.2378793305925091e-12,True,1.2378793305925091e-12,0.0,INIT
2025-12-04T19:35:27.104419,4310.771889564,1.2378793305925091e-12,0.0,-2.8610347558958814e-19,1.2378793305925091e-12,True,1.2378793305925091e-12,0.0,INIT
2025-12-04T19:35:27.114422,4310.781893617,1.2378793305925091e-12,0.0,-2.8610347558958814e-19,1.2378793305925091e-12,True,1.2378793305925091e-12,0.0,INIT
2025-12-04T19:35:27.128812,4310.796288799,0.0,0.0,0.0,0.0,True,0.0,0.0,INIT
2025-12-04T19:35:27.134561,4310.80203508,0.0,0.0,0.0,0.0,True,0.0,0.0,INIT
2025-12-04T19:35:27.156871,4310.82434388,0.0,0.0,0.0,0.0,True,0.0,0.0,INIT
2025-12-04T19:35:27.188526,4310.855999047,-1.2378793305925091e-12,0.0,2.8610347558958814e-19,-1.2378793305925091e-12,True,1.2378793305925091e-12,0.0,INIT
2025-12-04T19:35:27.194758,4310.862230493,-1.2378793305925091e-12,0.0,2.8610347558958814e-19,-1.2378793305925091e-12,True,1.2378793305925091e-12,0.0,INIT
2025-12-04T19:35:27.215712,4310.883185332,1.2378793305925091e-12,0.0,-2.8610347558958814e-19,1.2378793305925091e-12,True,1.2378793305925091e-12,0.0,INIT
2025-12-04T19:35:27.233553,4310.901024549,0.0,0.0,0.0,0.0,True,0.0,0.0,INIT
2025-12-04T19:35:27.235316,4310.902784615,0.0,0.0,0.0,0.0,True,0.0,0.0,INIT
2025-12-04T19:35:27.250885,4310.918355621,0.0,0.0,0.0,0.0,True,0.0,0.0,INIT
2025-12-04T19:35:27.254424,4310.921894408,0.0,0.0,0.0,0.0,True,0.0,0.0,INIT
2025-12-04T19:35:27.265028,4310.932498978,0.0,0.0,0.0,0.0,True,0.0,0.0,INIT
2025-12-04T19:35:27.274502,4310.941972606,0.0,0.0,0.0,0.0,True,0.0,0.0,INIT
2025-12-04T19:35:27.284636,4310.952110937,0.0,0.0,0.0,0.0,True,0.0,0.0,INIT
2025-12-04T19:35:27.294795,4310.962279261,-1.2378793305925091e-12,0.0,2.8610347558958814e-19,-1.2378793305925091e-12,True,1.2378793305925091e-12,0.0,INIT
2025-12-04T19:35:27.304659,4310.972135039,-1.2378793305925091e-12,0.0,2.8610347558958814e-19,-1.2378793305925091e-12,True,1.2378793305925091e-12,0.0,INIT
2025-12-04T19:35:27.319522,4310.986993749,1.2378793305925091e-12,0.0,-2.8610347558958814e-19,1.2378793305925091e-12,True,1.2378793305925091e-12,0.0,INIT
2025-12-04T19:35:27.324506,4310.991977811,1.2378793305925091e-12,0.0,-2.8610347558958814e-19,1.2378793305925091e-12,True,1.2378793305925091e-12,0.0,INIT
2025-12-04T19:35:27.334438,4311.001911298,1.2378793305925091e-12,0.0,-2.8610347558958814e-19,1.2378793305925091e-12,True,1.2378793305925091e-12,0.0,INIT
2025-12-04T19:35:27.719313,4311.386788813,0.0,0.0,0.0,0.0,True,0.0,0.0,INIT
2025-12-04T19:35:27.733408,4311.400879277,0.0,0.0,0.0,0.0,True,0.0,0.0,INIT
2025-12-04T19:35:28.092919,4311.760391688,0.0,0.0,0.0,0.0,True,0.0,0.0,INIT
2025-12-04T19:35:28.136730,4311.804201708,-1.2378793305925091e-12,0.0,2.8610347558958814e-19,-1.2378793305925091e-12,True,1.2378793305925091e-12,0.0,INIT
2025-12-04T19:35:28.159885,4311.827364875,1.2378793305925091e-12,0.0,-2.8610347558958814e-19,1.2378793305925091e-12,True,1.2378793305925091e-12,0.0,INIT
2025-12-04T19:35:28.167278,4311.834749505,0.0,0.0,0.0,0.0,True,0.0,0.0,INIT
2025-12-04T19:35:28.174352,4311.841825834,0.0,0.0,0.0,0.0,True,0.0,0.0,INIT
2025-12-04T19:35:28.184404,4311.851875768,0.0,0.0,0.0,0.0,True,0.0,0.0,INIT
2025-12-04T19:35:28.194398,4311.861867709,0.0,0.0,0.0,0.0,True,0.0,0.0,INIT
2025-12-04T19:35:28.213231,4311.880702047,0.0,0.0,0.0,0.0,True,0.0,0.0,INIT
2025-12-04T19:35:28.214949,4311.882416499,0.0,0.0,0.0,0.0,True,0.0,0.0,INIT
2025-12-04T19:35:28.224318,4311.891789563,0.0,0.0,0.0,0.0,True,0.0,0.0,INIT
2025-12-04T19:35:28.234423,4311.901894429,0.0,0.0,0.0,0.0,True,0.0,0.0,INIT
2025-12-04T19:35:28.272359,4311.939834567,1.2378793305925091e-12,0.0,-2.8610347558958814e-19,1.2378793305925091e-12,True,1.2378793305925091e-12,0.0,INIT
2025-12-04T19:35:28.274803,4311.942270172,1.2378793305925091e-12,0.0,-2.8610347558958814e-19,1.2378793305925091e-12,True,1.2378793305925091e-12,0.0,INIT
2025-12-04T19:35:28.296040,4311.963520365,0.0,0.0,0.0,0.0,True,0.0,0.0,INIT
2025-12-04T19:35:28.304419,4311.971891804,0.0,0.0,0.0,0.0,True,0.0,0.0,INIT
2025-12-04T19:35:28.314554,4311.982025037,0.0,0.0,0.0,0.0,True,0.0,0.0,INIT
2025-12-04T19:35:28.324438,4311.99190981,0.0,0.0,0.0,0.0,True,0.0,0.0,INIT
2025-12-04T19:35:28.335419,4312.002890822,0.0,0.0,0.0,0.0,True,0.0,0.0,INIT
2025-12-04T19:35:28.344495,4312.011972277,0.0,0.0,0.0,0.0,True,0.0,0.0,INIT
2025-12-04T19:35:28.358748,4312.02621817,-1.2378793305925091e-12,0.0,2.8610347558958814e-19,-1.2378793305925091e-12,True,1.2378793305925091e-12,0.0,INIT
2025-12-04T19:35:28.364746,4312.032218563,-1.2378793305925091e-12,0.0,2.8610347558958814e-19,-1.2378793305925091e-12,True,1.2378793305925091e-12,0.0,INIT
2025-12-04T19:35:28.374614,4312.042086531,-1.2378793305925091e-12,0.0,2.8610347558958814e-19,-1.2378793305925091e-12,True,1.2378793305925091e-12,0.0,INIT
2025-12-04T19:35:28.384431,4312.051905557,1.2378793305925091e-12,0.0,-2.8610347558958814e-19,1.2378793305925091e-12,True,1.2378793305925091e-12,0.0,INIT
2025-12-04T19:35:28.394422,4312.061894145,1.2378793305925091e-12,0.0,-2.8610347558958814e-19,1.2378793305925091e-12,True,1.2378793305925091e-12,0.0,INIT
2025-12-04T19:35:28.404720,4312.072193822,0.0,0.0,0.0,0.0,True,0.0,0.0,INIT
2025-12-04T19:35:28.414856,4312.082337527,0.0,0.0,0.0,0.0,True,0.0,0.0,INIT
2025-12-04T19:35:28.424505,4312.091975885,0.0,0.0,0.0,0.0,True,0.0,0.0,INIT
2025-12-04T19:35:28.462473,4312.12994414,0.0,0.0,0.0,0.0,True,0.0,0.0,INIT
2025-12-04T19:35:28.465465,4312.132935419,0.0,0.0,0.0,0.0,True,0.0,0.0,INIT
2025-12-04T19:35:28.474584,4312.142055981,-1.2378793305925091e-12,0.0,2.8610347558958814e-19,-1.2378793305925091e-12,True,1.2378793305925091e-12,0.0,INIT
2025-12-04T19:35:28.484718,4312.152186763,-1.2378793305925091e-12,0.0,2.8610347558958814e-19,-1.2378793305925091e-12,True,1.2378793305925091e-12,0.0,INIT
2025-12-04T19:35:28.494569,4312.162038337,1.2378793305925091e-12,0.0,-2.8610347558958814e-19,1.2378793305925091e-12,True,1.2378793305925091e-12,0.0,INIT
2025-12-04T19:35:28.504437,4312.171907638,1.2378793305925091e-12,0.0,-2.8610347558958814e-19,1.2378793305925091e-12,True,1.2378793305925091e-12,0.0,INIT
2025-12-04T19:35:28.932041,4312.599513652,0.0,0.0,0.0,0.0,True,0.0,0.0,INIT
2025-12-04T19:35:28.958022,4312.625494891,0.0,0.0,0.0,0.0,True,0.0,0.0,INIT
2025-12-04T19:35:28.979297,4312.64676893,0.0,0.0,0.0,0.0,True,0.0,0.0,INIT
2025-12-04T19:35:28.985906,4312.653376186,0.0,0.0,0.0,0.0,True,0.0,0.0,INIT
2025-12-04T19:35:28.994633,4312.662103311,0.0,0.0,0.0,0.0,True,0.0,0.0,INIT
2025-12-04T19:35:29.036401,4312.703873265,0.0,0.0,0.0,0.0,True,0.0,0.0,INIT
2025-12-04T19:35:29.055095,4312.722567364,-1.2378793305925091e-12,0.0,2.8610347558958814e-19,-1.2378793305925091e-12,True,1.2378793305925091e-12,0.0,INIT
2025-12-04T19:35:29.065914,4312.733387222,1.2378793305925091e-12,0.0,-2.8610347558958814e-19,1.2378793305925091e-12,True,1.2378793305925091e-12,0.0,INIT
2025-12-04T19:35:29.074456,4312.741929845,1.2378793305925091e-12,0.0,-2.8610347558958814e-19,1.2378793305925091e-12,True,1.2378793305925091e-12,0.0,INIT
2025-12-04T19:35:29.084569,4312.752036991,1.2378793305925091e-12,0.0,-2.8610347558958814e-19,1.2378793305925091e-12,True,1.2378793305925091e-12,0.0,INIT
2025-12-04T19:35:29.094610,4312.762081159,-7.427275983555055e-12,0.0,6.017003429656175e-18,-7.427275983555055e-12,True,7.427275983555055e-12,0.0,INIT
2025-12-04T19:35:29.104707,4312.77217832,-7.427275983555055e-12,0.0,6.017003429656175e-18,-7.427275983555055e-12,True,7.427275983555055e-12,0.0,INIT
2025-12-04T19:35:29.114719,4312.782194394,-2.5995465942442693e-11,0.0,5.061694546373529e-17,-2.5995465942442693e-11,True,2.5995465942442693e-11,0.0,INIT
2025-12-04T19:35:29.124499,4312.791972468,-2.5995465942442693e-11,0.0,5.0616945463735284e-17,-2.5995465942442693e-11,True,2.5995465942442693e-11,0.0,INIT
2025-12-04T19:35:29.135093,4312.802571202,1.2378793305925091e-12,0.0,-2.861034755895877e-19,1.2378793305925091e-12,True,1.2378793305925091e-12,0.0,INIT
2025-12-04T19:35:29.144678,4312.812151015,1.2378793305925091e-12,0.0,-2.8610347558958814e-19,1.2378793305925091e-12,True,1.2378793305925091e-12,0.0,INIT
2025-12-04T19:35:29.383216,4313.050690612,0.0,0.0,0.0,0.0,True,0.0,0.0,INIT
2025-12-04T19:35:29.397037,4313.064510316,0.0,0.0,0.0,0.0,True,0.0,0.0,INIT
2025-12-04T19:35:29.476218,4313.14368704,0.0,0.0,0.0,0.0,True,0.0,0.0,INIT
2025-12-04T19:35:29.570179,4313.237650449,0.0,0.0,0.0,0.0,True,0.0,0.0,INIT
2025-12-04T19:35:29.576750,4313.244220418,0.0,0.0,0.0,0.0,True,0.0,0.0,INIT
2025-12-04T19:35:29.584509,4313.251981962,0.0,0.0,0.0,0.0,True,0.0,0.0,INIT
2025-12-04T19:35:29.716964,4313.384434627,-1.2378793305925091e-12,0.0,2.8610347558958814e-19,-1.2378793305925091e-12,True,1.2378793305925091e-12,0.0,INIT
2025-12-04T19:35:29.727021,4313.394490748,-1.2378793305925091e-12,0.0,2.8610347558958814e-19,-1.2378793305925091e-12,True,1.2378793305925091e-12,0.0,INIT
2025-12-04T19:35:29.734446,4313.401918113,0.0,0.0,0.0,0.0,True,0.0,0.0,INIT
2025-12-04T19:35:29.744431,4313.411904866,0.0,0.0,0.0,0.0,True,0.0,0.0,INIT
2025-12-04T19:35:29.800743,4313.468212122,0.0,0.0,0.0,0.0,True,0.0,0.0,INIT
2025-12-04T19:35:29.804672,4313.472140016,0.0,0.0,0.0,0.0,True,0.0,0.0,INIT
2025-12-04T19:35:29.831894,4313.499368544,-1.2378793305925091e-12,0.0,2.8610347558958814e-19,-1.2378793305925091e-12,True,1.2378793305925091e-12,0.0,INIT
2025-12-04T19:35:29.835271,4313.502740636,0.0,0.0,0.0,0.0,True,0.0,0.0,INIT
2025-12-04T19:35:29.844573,4313.512043593,0.0,0.0,0.0,0.0,True,0.0,0.0,INIT
2025-12-04T19:35:29.855576,4313.523048279,1.2378793305925091e-12,0.0,-2.8610347558958814e-19,1.2378793305925091e-12,True,1.2378793305925091e-12,0.0,INIT
2025-12-04T19:35:29.864529,4313.532023003,1.2378793305925091e-12,0.0,-2.8610347558958814e-19,1.2378793305925091e-12,True,1.2378793305925091e-12,0.0,INIT
2025-12-04T19:35:29.898160,4313.565630381,1.2378793305925091e-12,0.0,-2.8610347558958814e-19,1.2378793305925091e-12,True,1.2378793305925091e-12,0.0,INIT
2025-12-04T19:35:29.904554,4313.572028549,0.0,0.0,0.0,0.0,True,0.0,0.0,INIT
2025-12-04T19:35:29.914463,4313.581934291,0.0,0.0,0.0,0.0,True,0.0,0.0,INIT
2025-12-04T19:35:30.040934,4313.708412075,0.0,0.0,0.0,0.0,True,0.0,0.0,INIT
2025-12-04T19:35:30.049172,4313.716643725,0.0,0.0,0.0,0.0,True,0.0,0.0,INIT
2025-12-04T19:35:30.054502,4313.721974954,0.0,0.0,0.0,0.0,True,0.0,0.0,INIT
2025-12-04T19:35:30.064422,4313.73189638,1.2378793305925091e-12,0.0,-2.8610347558958814e-19,1.2378793305925091e-12,True,1.2378793305925091e-12,0.0,INIT
2025-12-04T19:35:30.074465,4313.741943388,1.2378793305925091e-12,0.0,-2.8610347558958814e-19,1.2378793305925091e-12,True,1.2378793305925091e-12,0.0,INIT
2025-12-04T19:35:30.370628,4314.038099381,0.0,0.0,0.0,0.0,True,0.0,0.0,INIT
2025-12-04T19:35:30.386099,4314.05357363,0.0,0.0,0.0,0.0,True,0.0,0.0,INIT
2025-12-04T19:35:30.394432,4314.061899699,0.0,0.0,0.0,0.0,True,0.0,0.0,INIT
2025-12-04T19:35:30.404675,4314.072149182,0.0,0.0,0.0,0.0,True,0.0,0.0,INIT
2025-12-04T19:35:30.414331,4314.081801279,-1.2378793305925091e-12,0.0,2.8610347558958814e-19,-1.2378793305925091e-12,True,1.2378793305925091e-12,0.0,INIT
2025-12-04T19:35:30.424299,4314.091767347,-1.2378793305925091e-12,0.0,2.8610347558958814e-19,-1.2378793305925091e-12,True,1.2378793305925091e-12,0.0,INIT
2025-12-04T19:35:30.525107,4314.192579382,-1.2378793305925091e-12,0.0,2.8610347558958814e-19,-1.2378793305925091e-12,True,1.2378793305925091e-12,0.0,INIT
2025-12-04T19:35:30.534724,4314.202197231,-1.2378793305925091e-12,0.0,2.8610347558958814e-19,-1.2378793305925091e-12,True,1.2378793305925091e-12,0.0,INIT
2025-12-04T19:35:30.592827,4314.260296171,0.0,0.0,0.0,0.0,True,0.0,0.0,INIT
2025-12-04T19:35:30.595928,4314.26339818,0.0,0.0,0.0,0.0,True,0.0,0.0,INIT
2025-12-04T19:35:30.604273,4314.271747799,0.0,0.0,0.0,0.0,True,0.0,0.0,INIT
2025-12-04T19:35:30.614324,4314.281798497,0.0,0.0,0.0,0.0,True,0.0,0.0,INIT
2025-12-04T19:35:30.847306,4314.514782153,0.0,0.0,0.0,0.0,True,0.0,0.0,INIT
2025-12-04T19:35:30.859598,4314.527070583,0.0,0.0,0.0,0.0,True,0.0,0.0,INIT
2025-12-04T19:35:30.864359,4314.531828265,0.0,0.0,0.0,0.0,True,0.0,0.0,INIT
2025-12-04T19:35:30.887260,4314.554736652,0.0,0.0,0.0,0.0,True,0.0,0.0,INIT
2025-12-04T19:35:30.894536,4314.562026612,0.0,0.0,0.0,0.0,True,0.0,0.0,INIT
2025-12-04T19:35:30.904513,4314.57198407,0.0,0.0,0.0,0.0,True,0.0,0.0,INIT
2025-12-04T19:35:30.914499,4314.581973373,0.0,0.0,0.0,0.0,True,0.0,0.0,INIT
2025-12-04T19:35:30.924675,4314.592152233,0.0,0.0,0.0,0.0,True,0.0,0.0,INIT
2025-12-04T19:35:30.953831,4314.621303313,0.0,0.0,0.0,0.0,True,0.0,0.0,INIT
2025-12-04T19:35:31.814371,4315.481843622,0.0,0.0,0.0,0.0,True,0.0,0.0,INIT
2025-12-04T19:35:32.012262,4315.679741375,0.0,0.0,0.0,0.0,True,0.0,0.0,INIT
2025-12-04T19:35:32.181823,4315.849293959,0.0,0.0,0.0,0.0,True,0.0,0.0,INIT
2025-12-04T19:35:32.262158,4315.929629008,0.0,0.0,0.0,0.0,True,0.0,0.0,INIT
2025-12-04T19:35:32.268484,4315.935953651,0.0,0.0,0.0,0.0,True,0.0,0.0,INIT
2025-12-04T19:35:32.274367,4315.941836801,0.0,0.0,0.0,0.0,True,0.0,0.0,INIT
2025-12-04T19:35:32.514667,4316.182141758,0.0,0.0,0.0,0.0,True,0.0,0.0,INIT
2025-12-04T19:35:32.530899,4316.198371343,0.0,0.0,0.0,0.0,True,0.0,0.0,INIT
2025-12-04T19:35:32.537151,4316.20461994,0.0,0.0,0.0,0.0,True,0.0,0.0,INIT
2025-12-04T19:35:32.544448,4316.211920174,1.2378793305925091e-12,0.0,-2.8610347558958814e-19,1.2378793305925091e-12,True,1.2378793305925091e-12,0.0,INIT
2025-12-04T19:35:32.554530,4316.222010732,1.2378793305925091e-12,0.0,-2.8610347558958814e-19,1.2378793305925091e-12,True,1.2378793305925091e-12,0.0,INIT
2025-12-04T19:35:32.564480,4316.231947631,-1.2378793305925091e-12,0.0,2.8610347558958814e-19,-1.2378793305925091e-12,True,1.2378793305925091e-12,0.0,INIT
2025-12-04T19:35:32.574524,4316.241994453,-1.2378793305925091e-12,0.0,2.8610347558958814e-19,-1.2378793305925091e-12,True,1.2378793305925091e-12,0.0,INIT
2025-12-04T19:35:32.584637,4316.252113213,0.0,0.0,0.0,0.0,True,0.0,0.0,INIT
2025-12-04T19:35:32.594398,4316.26186748,0.0,0.0,0.0,0.0,True,0.0,0.0,INIT
2025-12-04T19:35:32.604348,4316.271818772,0.0,0.0,0.0,0.0,True,0.0,0.0,INIT
2025-12-04T19:35:32.642482,4316.309951208,0.0,0.0,0.0,0.0,True,0.0,0.0,INIT
2025-12-04T19:35:33.395839,4317.063313063,0.0,0.0,0.0,0.0,True,0.0,0.0,INIT
2025-12-04T19:35:33.502591,4317.170063646,0.0,0.0,0.0,0.0,True,0.0,0.0,INIT
2025-12-04T19:35:33.509196,4317.176666732,0.0,0.0,0.0,0.0,True,0.0,0.0,INIT
2025-12-04T19:35:33.556094,4317.223566167,0.0,0.0,0.0,0.0,True,0.0,0.0,INIT
2025-12-04T19:35:33.580152,4317.247626588,0.0,0.0,0.0,0.0,True,0.0,0.0,INIT
2025-12-04T19:35:33.584784,4317.252255222,0.0,0.0,0.0,0.0,True,0.0,0.0,INIT
2025-12-04T19:35:33.632427,4317.29990097,-1.2378793305925091e-12,0.0,2.8610347558958814e-19,-1.2378793305925091e-12,True,1.2378793305925091e-12,0.0,INIT
2025-12-04T19:35:33.637241,4317.30471026,-1.2378793305925091e-12,0.0,2.8610347558958814e-19,-1.2378793305925091e-12,True,1.2378793305925091e-12,0.0,INIT
2025-12-04T19:35:33.644379,4317.311846706,-1.2378793305925091e-12,0.0,2.8610347558958814e-19,-1.2378793305925091e-12,True,1.2378793305925091e-12,0.0,INIT
2025-12-04T19:35:33.654582,4317.322056845,0.0,0.0,0.0,0.0,True,0.0,0.0,INIT
2025-12-04T19:35:33.664516,4317.331986673,0.0,0.0,0.0,0.0,True,0.0,0.0,INIT
2025-12-04T19:35:33.674449,4317.341921823,0.0,0.0,0.0,0.0,True,0.0,0.0,INIT
2025-12-04T19:35:33.684640,4317.35211776,0.0,0.0,0.0,0.0,True,0.0,0.0,INIT
2025-12-04T19:35:33.698390,4317.365864236,1.2378793305925091e-12,0.0,-2.8610347558958814e-19,1.2378793305925091e-12,True,1.2378793305925091e-12,0.0,INIT
2025-12-04T19:35:33.704780,4317.372249616,1.2378793305925091e-12,0.0,-2.8610347558958814e-19,1.2378793305925091e-12,True,1.2378793305925091e-12,0.0,INIT
2025-12-04T19:35:34.864140,4318.531613981,0.0,0.0,0.0,0.0,True,0.0,0.0,INIT
2025-12-04T19:35:34.898101,4318.565576651,0.0,0.0,0.0,0.0,True,0.0,0.0,INIT
2025-12-04T19:35:34.925671,4318.593143571,0.0,0.0,0.0,0.0,True,0.0,0.0,INIT
2025-12-04T19:35:34.934321,4318.601796153,0.0,0.0,0.0,0.0,True,0.0,0.0,INIT
2025-12-04T19:35:34.944634,4318.612107174,0.0,0.0,0.0,0.0,True,0.0,0.0,INIT
2025-12-04T19:35:34.954253,4318.621725037,0.0,0.0,0.0,0.0,True,0.0,0.0,INIT
2025-12-04T19:35:34.964466,4318.63193983,0.0,0.0,0.0,0.0,True,0.0,0.0,INIT
2025-12-04T19:35:34.976126,4318.643598253,0.0,0.0,0.0,0.0,True,0.0,0.0,INIT
2025-12-04T19:35:34.984726,4318.652201441,0.0,0.0,0.0,0.0,True,0.0,0.0,INIT
2025-12-04T19:35:35.039980,4318.707453064,0.0,0.0,0.0,0.0,True,0.0,0.0,INIT
2025-12-04T19:35:35.044447,4318.711917623,0.0,0.0,0.0,0.0,True,0.0,0.0,INIT
2025-12-04T19:35:35.054655,4318.722128466,0.0,0.0,0.0,0.0,True,0.0,0.0,INIT
2025-12-04T19:35:35.064609,4318.73208574,0.0,0.0,0.0,0.0,True,0.0,0.0,INIT
2025-12-04T19:35:35.074500,4318.741973917,0.0,0.0,0.0,0.0,True,0.0,0.0,INIT
2025-12-04T19:35:35.084761,4318.752233023,0.0,0.0,0.0,0.0,True,0.0,0.0,INIT
2025-12-04T19:35:35.094581,4318.76205731,0.0,0.0,0.0,0.0,True,0.0,0.0,INIT
2025-12-04T19:35:35.104513,4318.771985501,0.0,0.0,0.0,0.0,True,0.0,0.0,INIT
2025-12-04T19:35:35.114605,4318.782075587,0.0,0.0,0.0,0.0,True,0.0,0.0,INIT
2025-12-04T19:35:35.124664,4318.792135198,0.0,0.0,0.0,0.0,True,0.0,0.0,INIT
2025-12-04T19:35:35.134740,4318.802213173,0.0,0.0,0.0,0.0,True,0.0,0.0,INIT
2025-12-04T19:35:35.211779,4318.879252276,-1.2378793305925091e-12,0.0,2.8610347558958814e-19,-1.2378793305925091e-12,True,1.2378793305925091e-12,0.0,INIT
2025-12-04T19:35:35.216593,4318.884064866,-1.2378793305925091e-12,0.0,2.8610347558958814e-19,-1.2378793305925091e-12,True,1.2378793305925091e-12,0.0,INIT
2025-12-04T19:35:35.224661,4318.89212957,-1.2378793305925091e-12,0.0,2.8610347558958814e-19,-1.2378793305925091e-12,True,1.2378793305925091e-12,0.0,INIT
2025-12-04T19:35:35.235464,4318.902933128,0.0,0.0,0.0,0.0,True,0.0,0.0,INIT
2025-12-04T19:35:35.244469,4318.91194038,0.0,0.0,0.0,0.0,True,0.0,0.0,INIT
2025-12-04T19:35:35.338341,4319.005816943,0.0,0.0,0.0,0.0,True,0.0,0.0,INIT
2025-12-04T19:35:35.572197,4319.239669183,-1.2378793305925091e-12,0.0,2.8610347558958814e-19,-1.2378793305925091e-12,True,1.2378793305925091e-12,0.0,INIT
2025-12-04T19:35:35.585252,4319.252723287,-1.2378793305925091e-12,0.0,2.8610347558958814e-19,-1.2378793305925091e-12,True,1.2378793305925091e-12,0.0,INIT
2025-12-04T19:35:35.603454,4319.270926028,0.0,0.0,0.0,0.0,True,0.0,0.0,INIT
2025-12-04T19:35:35.872317,4319.539788097,0.0,0.0,0.0,0.0,True,0.0,0.0,INIT
2025-12-04T19:35:35.882989,4319.550469148,0.0,0.0,0.0,0.0,True,0.0,0.0,INIT
2025-12-04T19:35:35.896479,4319.563953243,0.0,0.0,0.0,0.0,True,0.0,0.0,INIT
2025-12-04T19:35:35.904925,4319.572397834,0.0,0.0,0.0,0.0,True,0.0,0.0,INIT
2025-12-04T19:35:35.914418,4319.581888818,0.0,0.0,0.0,0.0,True,0.0,0.0,INIT
2025-12-04T19:35:35.978320,4319.645797961,1.2378793305925091e-12,0.0,-2.8610347558958814e-19,1.2378793305925091e-12,True,1.2378793305925091e-12,0.0,INIT
2025-12-04T19:35:36.012008,4319.679490979,1.2378793305925091e-12,0.0,-2.8610347558958814e-19,1.2378793305925091e-12,True,1.2378793305925091e-12,0.0,INIT
2025-12-04T19:35:36.077817,4319.745290453,1.2378793305925091e-12,0.0,-2.8610347558958814e-19,1.2378793305925091e-12,True,1.2378793305925091e-12,0.0,INIT
2025-12-04T19:35:36.085009,4319.75248439,1.2378793305925091e-12,0.0,-2.8610347558958814e-19,1.2378793305925091e-12,True,1.2378793305925091e-12,0.0,INIT
2025-12-04T19:35:36.325119,4319.992591699,7.427275983555055e-12,0.0,-6.017003429656175e-18,7.427275983555055e-12,True,7.427275983555055e-12,0.0,INIT
2025-12-04T19:35:36.344496,4320.011972433,1.2378793305925091e-12,0.0,-2.861034755895885e-19,1.2378793305925091e-12,True,1.2378793305925091e-12,0.0,INIT
2025-12-04T19:35:36.367926,4320.035403238,-1.2378793305925091e-12,0.0,2.861034755895881e-19,-1.2378793305925091e-12,True,1.2378793305925091e-12,0.0,INIT
2025-12-04T19:35:37.457385,4321.124860747,0.0,0.0,0.0,0.0,True,0.0,0.0,INIT
2025-12-04T19:35:37.481220,4321.148691671,0.0,0.0,0.0,0.0,True,0.0,0.0,INIT
2025-12-04T19:35:37.484598,4321.152069575,0.0,0.0,0.0,0.0,True,0.0,0.0,INIT
2025-12-04T19:35:37.580696,4321.248168813,0.0,0.0,0.0,0.0,True,0.0,0.0,INIT
2025-12-04T19:35:37.585871,4321.253344024,0.0,0.0,0.0,0.0,True,0.0,0.0,INIT
2025-12-04T19:35:37.594614,4321.262088488,0.0,0.0,0.0,0.0,True,0.0,0.0,INIT
2025-12-04T19:35:37.604540,4321.272023135,0.0,0.0,0.0,0.0,True,0.0,0.0,INIT
2025-12-04T19:35:37.614483,4321.281961348,0.0,0.0,0.0,0.0,True,0.0,0.0,INIT
2025-12-04T19:35:37.624792,4321.292265099,0.0,0.0,0.0,0.0,True,0.0,0.0,INIT
2025-12-04T19:35:37.634581,4321.302051267,0.0,0.0,0.0,0.0,True,0.0,0.0,INIT
2025-12-04T19:35:37.644654,4321.312124636,0.0,0.0,0.0,0.0,True,0.0,0.0,INIT
2025-12-04T19:35:37.761110,4321.428583429,0.0,0.0,0.0,0.0,True,0.0,0.0,INIT
2025-12-04T19:35:37.769399,4321.436878217,0.0,0.0,0.0,0.0,True,0.0,0.0,INIT
2025-12-04T19:35:37.774430,4321.441902917,0.0,0.0,0.0,0.0,True,0.0,0.0,INIT
2025-12-04T19:35:37.823146,4321.490616518,0.0,0.0,0.0,0.0,True,0.0,0.0,INIT
2025-12-04T19:35:37.827197,4321.494665843,0.0,0.0,0.0,0.0,True,0.0,0.0,INIT
2025-12-04T19:35:37.834437,4321.501912244,0.0,0.0,0.0,0.0,True,0.0,0.0,INIT
2025-12-04T19:35:37.868087,4321.535557397,0.0,0.0,0.0,0.0,True,0.0,0.0,INIT
2025-12-04T19:35:37.874592,4321.542063289,0.0,0.0,0.0,0.0,True,0.0,0.0,INIT
2025-12-04T19:35:37.958412,4321.625888203,-1.1140913975332583e-11,0.0,1.1987687119567147e-17,-1.1140913975332583e-11,True,1.1140913975332583e-11,0.0,INIT
2025-12-04T19:35:38.876409,4322.543876088,0.0,0.0,0.0,0.0,True,0.0,0.0,INIT
2025-12-04T19:35:38.902172,4322.569646823,0.0,0.0,0.0,0.0,True,0.0,0.0,INIT
2025-12-04T19:35:38.922155,4322.58962591,0.0,0.0,0.0,0.0,True,0.0,0.0,INIT
2025-12-04T19:35:38.924400,4322.591871014,0.0,0.0,0.0,0.0,True,0.0,0.0,INIT
2025-12-04T19:35:38.935042,4322.602515331,0.0,0.0,0.0,0.0,True,0.0,0.0,INIT
2025-12-04T19:35:39.133680,4322.801156875,-1.2378793305925091e-12,0.0,2.8610347558958814e-19,-1.2378793305925091e-12,True,1.2378793305925091e-12,0.0,INIT
2025-12-04T19:35:39.147446,4322.814921324,-1.2378793305925091e-12,0.0,2.8610347558958814e-19,-1.2378793305925091e-12,True,1.2378793305925091e-12,0.0,INIT
2025-12-04T19:35:39.169485,4322.836962648,1.2378793305925091e-12,0.0,-2.8610347558958814e-19,1.2378793305925091e-12,True,1.2378793305925091e-12,0.0,INIT
2025-12-04T19:35:39.199539,4322.867031293,0.0,0.0,0.0,0.0,True,0.0,0.0,INIT
2025-12-04T19:35:39.204655,4322.872127819,0.0,0.0,0.0,0.0,True,0.0,0.0,INIT
2025-12-04T19:35:39.214642,4322.882115612,0.0,0.0,0.0,0.0,True,0.0,0.0,INIT
2025-12-04T19:35:39.277874,4322.945347468,1.2378793305925091e-12,0.0,-2.8610347558958814e-19,1.2378793305925091e-12,True,1.2378793305925091e-12,0.0,INIT
2025-12-04T19:35:39.284419,4322.951895869,0.0,0.0,0.0,0.0,True,0.0,0.0,INIT
2025-12-04T19:35:39.294601,4322.962078013,0.0,0.0,0.0,0.0,True,0.0,0.0,INIT
2025-12-04T19:35:39.304450,4322.97192512,0.0,0.0,0.0,0.0,True,0.0,0.0,INIT
2025-12-04T19:35:39.314745,4322.98222138,0.0,0.0,0.0,0.0,True,0.0,0.0,INIT
2025-12-04T19:35:39.324867,4322.992338104,0.0,0.0,0.0,0.0,True,0.0,0.0,INIT
2025-12-04T19:35:39.491277,4323.15875619,1.2378793305925091e-12,0.0,-2.8610347558958814e-19,1.2378793305925091e-12,True,1.2378793305925091e-12,0.0,INIT
2025-12-04T19:35:39.499410,4323.166879554,1.2378793305925091e-12,0.0,-2.8610347558958814e-19,1.2378793305925091e-12,True,1.2378793305925091e-12,0.0,INIT
2025-12-04T19:35:40.090123,4323.757598501,1.2378793305925091e-12,0.0,-2.8610347558958814e-19,1.2378793305925091e-12,True,1.2378793305925091e-12,0.0,INIT
2025-12-04T19:35:40.108363,4323.775841554,1.2378793305925091e-12,0.0,-2.8610347558958814e-19,1.2378793305925091e-12,True,1.2378793305925091e-12,0.0,INIT
2025-12-04T19:35:40.123869,4323.791347638,0.0,0.0,0.0,0.0,True,0.0,0.0,INIT
2025-12-04T19:35:40.125623,4323.793092006,0.0,0.0,0.0,0.0,True,0.0,0.0,INIT
2025-12-04T19:35:40.134373,4323.801841,0.0,0.0,0.0,0.0,True,0.0,0.0,INIT
2025-12-04T19:35:40.246334,4323.913805777,0.0,0.0,0.0,0.0,True,0.0,0.0,INIT
2025-12-04T19:35:40.254635,4323.922105721,0.0,0.0,0.0,0.0,True,0.0,0.0,INIT
2025-12-04T19:35:40.264462,4323.931934285,1.2378793305925091e-12,0.0,-2.8610347558958814e-19,1.2378793305925091e-12,True,1.2378793305925091e-12,0.0,INIT
2025-12-04T19:35:40.274875,4323.942346336,1.2378793305925091e-12,0.0,-2.8610347558958814e-19,1.2378793305925091e-12,True,1.2378793305925091e-12,0.0,INIT
2025-12-04T19:35:40.284514,4323.951987124,-1.2378793305925091e-12,0.0,2.8610347558958814e-19,-1.2378793305925091e-12,True,1.2378793305925091e-12,0.0,INIT
2025-12-04T19:35:40.294774,4323.962254073,-1.2378793305925091e-12,0.0,2.8610347558958814e-19,-1.2378793305925091e-12,True,1.2378793305925091e-12,0.0,INIT
2025-12-04T19:35:40.340438,4324.00791856,0.0,0.0,0.0,0.0,True,0.0,0.0,INIT
2025-12-04T19:35:40.344784,4324.012258303,0.0,0.0,0.0,0.0,True,0.0,0.0,INIT
2025-12-04T19:35:40.354527,4324.022017301,0.0,0.0,0.0,0.0,True,0.0,0.0,INIT
2025-12-04T19:35:40.380677,4324.048145761,1.2378793305925091e-12,0.0,-2.8610347558958814e-19,1.2378793305925091e-12,True,1.2378793305925091e-12,0.0,INIT
2025-12-04T19:35:40.385064,4324.05253975,-1.2378793305925091e-12,0.0,2.8610347558958814e-19,-1.2378793305925091e-12,True,1.2378793305925091e-12,0.0,INIT
2025-12-04T19:35:40.394627,4324.062100678,-1.2378793305925091e-12,0.0,2.8610347558958814e-19,-1.2378793305925091e-12,True,1.2378793305925091e-12,0.0,INIT
2025-12-04T19:35:40.414679,4324.082151696,-1.2378793305925091e-12,0.0,2.8610347558958814e-19,-1.2378793305925091e-12,True,1.2378793305925091e-12,0.0,INIT
2025-12-04T19:35:40.440078,4324.107549736,0.0,0.0,0.0,0.0,True,0.0,0.0,INIT
2025-12-04T19:35:40.444477,4324.111951184,0.0,0.0,0.0,0.0,True,0.0,0.0,INIT
2025-12-04T19:35:40.459054,4324.126527845,0.0,0.0,0.0,0.0,True,0.0,0.0,INIT
2025-12-04T19:35:40.464617,4324.13209002,0.0,0.0,0.0,0.0,True,0.0,0.0,INIT
2025-12-04T19:35:40.488250,4324.155723676,1.2378793305925091e-12,0.0,-2.8610347558958814e-19,1.2378793305925091e-12,True,1.2378793305925091e-12,0.0,INIT
2025-12-04T19:35:40.494831,4324.162302775,-1.2378793305925091e-12,0.0,2.8610347558958814e-19,-1.2378793305925091e-12,True,1.2378793305925091e-12,0.0,INIT
2025-12-04T19:35:40.504497,4324.171976447,-1.2378793305925091e-12,0.0,2.8610347558958814e-19,-1.2378793305925091e-12,True,1.2378793305925091e-12,0.0,INIT
2025-12-04T19:35:40.514525,4324.181999326,0.0,0.0,0.0,0.0,True,0.0,0.0,INIT
2025-12-04T19:35:40.524438,4324.191914557,0.0,0.0,0.0,0.0,True,0.0,0.0,INIT
2025-12-04T19:35:40.534364,4324.201836332,0.0,0.0,0.0,0.0,True,0.0,0.0,INIT
2025-12-04T19:35:40.544522,4324.211995264,0.0,0.0,0.0,0.0,True,0.0,0.0,INIT
2025-12-04T19:35:40.701150,4324.368624035,1.7330310628295126e-11,0.0,-2.5406263240528794e-17,1.7330310628295126e-11,True,1.7330310628295126e-11,0.0,INIT
2025-12-04T19:35:40.709592,4324.377061981,1.7330310628295126e-11,0.0,-2.5406263240528794e-17,1.7330310628295126e-11,True,1.7330310628295126e-11,0.0,INIT
2025-12-04T19:35:40.797841,4324.46531214,0.0,0.0,0.0,0.0,True,0.0,0.0,INIT
2025-12-04T19:35:40.807660,4324.475140483,1.2378793305925091e-12,0.0,-2.8610347558958814e-19,1.2378793305925091e-12,True,1.2378793305925091e-12,0.0,INIT
2025-12-04T19:35:40.814515,4324.48198719,1.2378793305925091e-12,0.0,-2.8610347558958814e-19,1.2378793305925091e-12,True,1.2378793305925091e-12,0.0,INIT
2025-12-04T19:35:41.077319,4324.744789097,-1.2378793305925091e-12,0.0,2.8610347558958814e-19,-1.2378793305925091e-12,True,1.2378793305925091e-12,0.0,INIT
2025-12-04T19:35:41.090729,4324.758200844,-1.2378793305925091e-12,0.0,2.8610347558958814e-19,-1.2378793305925091e-12,True,1.2378793305925091e-12,0.0,INIT
2025-12-04T19:35:41.094422,4324.761895335,-1.2378793305925091e-12,0.0,2.8610347558958814e-19,-1.2378793305925091e-12,True,1.2378793305925091e-12,0.0,INIT
2025-12-04T19:35:41.104448,4324.771919812,0.0,0.0,0.0,0.0,True,0.0,0.0,INIT
2025-12-04T19:35:41.114361,4324.78182928,0.0,0.0,0.0,0.0,True,0.0,0.0,INIT
2025-12-04T19:35:41.143445,4324.810916052,0.0,0.0,0.0,0.0,True,0.0,0.0,INIT
2025-12-04T19:35:41.145475,4324.812944709,0.0,0.0,0.0,0.0,True,0.0,0.0,INIT
2025-12-04T19:35:41.154484,4324.821954158,0.0,0.0,0.0,0.0,True,0.0,0.0,INIT
2025-12-04T19:35:41.164602,4324.832084826,0.0,0.0,0.0,0.0,True,0.0,0.0,INIT
2025-12-04T19:35:41.174782,4324.842253739,0.0,0.0,0.0,0.0,True,0.0,0.0,INIT
2025-12-04T19:35:41.218380,4324.885849904,1.2378793305925091e-12,0.0,-2.8610347558958814e-19,1.2378793305925091e-12,True,1.2378793305925091e-12,0.0,INIT
2025-12-04T19:35:41.224496,4324.891968736,1.2378793305925091e-12,0.0,-2.8610347558958814e-19,1.2378793305925091e-12,True,1.2378793305925091e-12,0.0,INIT
2025-12-04T19:35:41.234380,4324.901851476,1.2378793305925091e-12,0.0,-2.8610347558958814e-19,1.2378793305925091e-12,True,1.2378793305925091e-12,0.0,INIT
2025-12-04T19:35:41.244312,4324.911783216,-1.7330310628295126e-11,0.0,2.5406263240528794e-17,-1.7330310628295126e-11,True,1.7330310628295126e-11,0.0,INIT
2025-12-04T19:35:41.254309,4324.921779782,-1.7330310628295126e-11,0.0,2.5406263240528794e-17,-1.7330310628295126e-11,True,1.7330310628295126e-11,0.0,INIT
2025-12-04T19:35:41.444490,4325.111963151,0.0,0.0,0.0,0.0,True,0.0,0.0,INIT
2025-12-04T19:35:41.463806,4325.131276663,0.0,0.0,0.0,0.0,True,0.0,0.0,INIT
2025-12-04T19:35:41.465195,4325.132662261,0.0,0.0,0.0,0.0,True,0.0,0.0,INIT
2025-12-04T19:35:41.474632,4325.142106686,0.0,0.0,0.0,0.0,True,0.0,0.0,INIT
2025-12-04T19:35:41.516800,4325.184269976,1.2378793305925091e-12,0.0,-2.8610347558958814e-19,1.2378793305925091e-12,True,1.2378793305925091e-12,0.0,INIT
2025-12-04T19:35:41.535219,4325.202691776,0.0,0.0,0.0,0.0,True,0.0,0.0,INIT
2025-12-04T19:35:41.544582,4325.212053656,0.0,0.0,0.0,0.0,True,0.0,0.0,INIT
2025-12-04T19:35:41.554368,4325.221839964,0.0,0.0,0.0,0.0,True,0.0,0.0,INIT
2025-12-04T19:35:41.564582,4325.232049754,0.0,0.0,0.0,0.0,True,0.0,0.0,INIT
2025-12-04T19:35:41.575210,4325.242682411,0.0,0.0,0.0,0.0,True,0.0,0.0,INIT
2025-12-04T19:35:41.584386,4325.251856273,0.0,0.0,0.0,0.0,True,0.0,0.0,INIT
2025-12-04T19:35:41.594351,4325.26182351,-1.2378793305925091e-12,0.0,2.8610347558958814e-19,-1.2378793305925091e-12,True,1.2378793305925091e-12,0.0,INIT
2025-12-04T19:35:41.604373,4325.271841928,-1.2378793305925091e-12,0.0,2.8610347558958814e-19,-1.2378793305925091e-12,True,1.2378793305925091e-12,0.0,INIT
2025-12-04T19:35:41.614319,4325.281788231,1.2378793305925091e-12,0.0,-2.8610347558958814e-19,1.2378793305925091e-12,True,1.2378793305925091e-12,0.0,INIT
2025-12-04T19:35:41.624441,4325.291914889,1.2378793305925091e-12,0.0,-2.8610347558958814e-19,1.2378793305925091e-12,True,1.2378793305925091e-12,0.0,INIT
2025-12-04T19:35:41.977841,4325.645311256,0.0,0.0,0.0,0.0,True,0.0,0.0,INIT
2025-12-04T19:35:41.989244,4325.656714298,0.0,0.0,0.0,0.0,True,0.0,0.0,INIT
2025-12-04T19:35:41.995073,4325.66254502,-1.2378793305925091e-12,0.0,2.8610347558958814e-19,-1.2378793305925091e-12,True,1.2378793305925091e-12,0.0,INIT
2025-12-04T19:35:42.004519,4325.671989785,-1.2378793305925091e-12,0.0,2.8610347558958814e-19,-1.2378793305925091e-12,True,1.2378793305925091e-12,0.0,INIT
2025-12-04T19:35:42.263291,4325.93076327,0.0,0.0,0.0,0.0,True,0.0,0.0,INIT
2025-12-04T19:35:42.273381,4325.940866401,0.0,0.0,0.0,0.0,True,0.0,0.0,INIT
2025-12-04T19:35:42.735838,4326.403305405,0.0,0.0,0.0,0.0,True,0.0,0.0,INIT
2025-12-04T19:35:42.746753,4326.414228847,0.0,0.0,0.0,0.0,True,0.0,0.0,INIT
2025-12-04T19:35:42.754394,4326.421864193,0.0,0.0,0.0,0.0,True,0.0,0.0,INIT
2025-12-04T19:35:42.764858,4326.432326387,0.0,0.0,0.0,0.0,True,0.0,0.0,INIT
2025-12-04T19:35:42.774507,4326.441980783,0.0,0.0,0.0,0.0,True,0.0,0.0,INIT
2025-12-04T19:35:43.225253,4326.892727466,0.0,0.0,0.0,0.0,True,0.0,0.0,INIT
2025-12-04T19:35:43.239654,4326.907126728,0.0,0.0,0.0,0.0,True,0.0,0.0,INIT
2025-12-04T19:35:43.713657,4327.381129479,-1.2378793305925091e-12,0.0,2.8610347558958814e-19,-1.2378793305925091e-12,True,1.2378793305925091e-12,0.0,INIT
2025-12-04T19:35:43.774129,4327.441600998,0.0,0.0,0.0,0.0,True,0.0,0.0,INIT
2025-12-04T19:35:43.881468,4327.548939351,0.0,0.0,0.0,0.0,True,0.0,0.0,INIT
2025-12-04T19:35:43.891898,4327.55936884,-1.2378793305925091e-12,0.0,2.8610347558958814e-19,-1.2378793305925091e-12,True,1.2378793305925091e-12,0.0,INIT
2025-12-04T19:35:43.923256,4327.590725392,-1.2378793305925091e-12,0.0,2.8610347558958814e-19,-1.2378793305925091e-12,True,1.2378793305925091e-12,0.0,INIT
2025-12-04T19:35:43.926421,4327.593895422,0.0,0.0,0.0,0.0,True,0.0,0.0,INIT
2025-12-04T19:35:43.934496,4327.601967002,0.0,0.0,0.0,0.0,True,0.0,0.0,INIT
2025-12-04T19:35:43.944370,4327.61184178,1.2378793305925091e-12,0.0,-2.8610347558958814e-19,1.2378793305925091e-12,True,1.2378793305925091e-12,0.0,INIT
2025-12-04T19:35:43.954605,4327.6220731,1.2378793305925091e-12,0.0,-2.8610347558958814e-19,1.2378793305925091e-12,True,1.2378793305925091e-12,0.0,INIT
2025-12-04T19:35:44.004686,4327.672158998,0.0,0.0,0.0,0.0,True,0.0,0.0,INIT
2025-12-04T19:35:44.014517,4327.681988505,0.0,0.0,0.0,0.0,True,0.0,0.0,INIT
2025-12-04T19:35:44.944592,4328.612061883,0.0,0.0,0.0,0.0,True,0.0,0.0,INIT
2025-12-04T19:35:44.994103,4328.661577584,0.0,0.0,0.0,0.0,True,0.0,0.0,INIT
2025-12-04T19:35:45.463613,4329.131086731,-1.2378793305925091e-12,0.0,2.8610347558958814e-19,-1.2378793305925091e-12,True,1.2378793305925091e-12,0.0,INIT
2025-12-04T19:35:45.480988,4329.14845921,-1.2378793305925091e-12,0.0,2.8610347558958814e-19,-1.2378793305925091e-12,True,1.2378793305925091e-12,0.0,INIT
2025-12-04T19:35:45.495966,4329.16343802,0.0,0.0,0.0,0.0,True,0.0,0.0,INIT
2025-12-04T19:35:45.504588,4329.17206404,0.0,0.0,0.0,0.0,True,0.0,0.0,INIT
2025-12-04T19:35:45.514418,4329.18188917,0.0,0.0,0.0,0.0,True,0.0,0.0,INIT
2025-12-04T19:35:45.524455,4329.191924731,0.0,0.0,0.0,0.0,True,0.0,0.0,INIT
2025-12-04T19:35:45.534567,4329.202038125,0.0,0.0,0.0,0.0,True,0.0,0.0,INIT
2025-12-04T19:35:45.544550,4329.212022678,1.2378793305925091e-12,0.0,-2.8610347558958814e-19,1.2378793305925091e-12,True,1.2378793305925091e-12,0.0,INIT
2025-12-04T19:35:45.554561,4329.222037573,1.2378793305925091e-12,0.0,-2.8610347558958814e-19,1.2378793305925091e-12,True,1.2378793305925091e-12,0.0,INIT
2025-12-04T19:35:45.564529,4329.232017439,-1.2378793305925091e-12,0.0,2.8610347558958814e-19,-1.2378793305925091e-12,True,1.2378793305925091e-12,0.0,INIT
2025-12-04T19:35:45.574536,4329.242024945,-1.2378793305925091e-12,0.0,2.8610347558958814e-19,-1.2378793305925091e-12,True,1.2378793305925091e-12,0.0,INIT
2025-12-04T19:35:46.111311,4329.778784194,0.0,0.0,0.0,0.0,True,0.0,0.0,INIT
2025-12-04T19:35:46.175870,4329.843345101,0.0,0.0,0.0,0.0,True,0.0,0.0,INIT
2025-12-04T19:35:46.216707,4329.88418166,0.0,0.0,0.0,0.0,True,0.0,0.0,INIT
2025-12-04T19:35:46.224763,4329.89223587,0.0,0.0,0.0,0.0,True,0.0,0.0,INIT
2025-12-04T19:35:46.521976,4330.189452867,0.0,0.0,0.0,0.0,True,0.0,0.0,INIT
2025-12-04T19:35:46.538513,4330.20598212,0.0,0.0,0.0,0.0,True,0.0,0.0,INIT
2025-12-04T19:35:46.556926,4330.224399159,0.0,0.0,0.0,0.0,True,0.0,0.0,INIT
2025-12-04T19:35:46.564583,4330.232064549,-1.2378793305925091e-12,0.0,2.8610347558958814e-19,-1.2378793305925091e-12,True,1.2378793305925091e-12,0.0,INIT
2025-12-04T19:35:46.574550,4330.242020929,-1.2378793305925091e-12,0.0,2.8610347558958814e-19,-1.2378793305925091e-12,True,1.2378793305925091e-12,0.0,INIT
2025-12-04T19:35:46.584499,4330.251970124,0.0,0.0,0.0,0.0,True,0.0,0.0,INIT
2025-12-04T19:35:46.594648,4330.262128828,0.0,0.0,0.0,0.0,True,0.0,0.0,INIT
2025-12-04T19:35:46.656358,4330.323829887,0.0,0.0,0.0,0.0,True,0.0,0.0,INIT
2025-12-04T19:35:46.664599,4330.332069958,0.0,0.0,0.0,0.0,True,0.0,0.0,INIT
2025-12-04T19:35:46.674445,4330.341919576,-1.2378793305925091e-12,0.0,2.8610347558958814e-19,-1.2378793305925091e-12,True,1.2378793305925091e-12,0.0,INIT
2025-12-04T19:35:46.684632,4330.352106869,-1.2378793305925091e-12,0.0,2.8610347558958814e-19,-1.2378793305925091e-12,True,1.2378793305925091e-12,0.0,INIT
2025-12-04T19:35:46.694532,4330.362019176,0.0,0.0,0.0,0.0,True,0.0,0.0,INIT
2025-12-04T19:35:46.704713,4330.372192856,0.0,0.0,0.0,0.0,True,0.0,0.0,INIT
2025-12-04T19:35:47.654263,4331.321729651,-1.2378793305925091e-12,0.0,2.8610347558958814e-19,-1.2378793305925091e-12,True,1.2378793305925091e-12,0.0,INIT
2025-12-04T19:35:47.678186,4331.345677728,-1.2378793305925091e-12,0.0,2.8610347558958814e-19,-1.2378793305925091e-12,True,1.2378793305925091e-12,0.0,INIT
2025-12-04T19:35:47.732466,4331.399939504,0.0,0.0,0.0,0.0,True,0.0,0.0,INIT
2025-12-04T19:35:47.739480,4331.406954987,0.0,0.0,0.0,0.0,True,0.0,0.0,INIT
2025-12-04T19:35:47.744571,4331.412047754,0.0,0.0,0.0,0.0,True,0.0,0.0,INIT
2025-12-04T19:35:47.767217,4331.434692322,0.0,0.0,0.0,0.0,True,0.0,0.0,INIT
