timestamp_wall,timestamp_mono,state_x,desired_x,output_cmd,error,converged_flag,distance_to_converge,estimated_time_to_converge,fsm_mode
2025-11-17T16:26:05.178650,10832.050692119,0.0,0.0,0.0,0.0,False,0.0,0.0,INIT
2025-11-17T16:26:05.278019,10832.150058598,0.0,0.0,0.0,0.0,False,0.0,0.0,INIT
2025-11-17T16:26:05.378348,10832.250390678,0.0,0.0,0.0,0.0,False,0.0,0.0,INIT
2025-11-17T16:26:05.478315,10832.350358158,0.0,0.0,0.0,0.0,False,0.0,0.0,INIT
2025-11-17T16:26:05.577971,10832.450024252,0.0,0.0,0.0,0.0,True,0.0,0.0,INIT
2025-11-17T16:26:05.678102,10832.550137018,0.0,0.0,0.0,0.0,True,0.0,0.0,INIT
2025-11-17T16:26:05.778766,10832.65080628,0.0,0.0,0.0,0.0,True,0.0,0.0,INIT
2025-11-17T16:26:05.878926,10832.750974076,0.0,0.0,0.0,0.0,True,0.0,0.0,INIT
2025-11-17T16:26:05.977945,10832.849981199,0.0,0.0,0.0,0.0,True,0.0,0.0,INIT
2025-11-17T16:26:06.078159,10832.95019425,0.0,0.0,0.0,0.0,True,0.0,0.0,INIT
2025-11-17T16:26:06.178001,10833.050038964,0.0,0.0,0.0,0.0,True,0.0,0.0,INIT
2025-11-17T16:26:06.278117,10833.150153087,0.0,0.0,0.0,0.0,True,0.0,0.0,INIT
2025-11-17T16:26:06.378488,10833.250528967,0.0,0.0,0.0,0.0,True,0.0,0.0,INIT
2025-11-17T16:26:06.478545,10833.350583976,0.0,0.0,0.0,0.0,True,0.0,0.0,INIT
2025-11-17T16:26:06.578327,10833.450367169,0.0,0.0,0.0,0.0,True,0.0,0.0,INIT
2025-11-17T16:26:06.678052,10833.550091624,0.0,0.0,0.0,0.0,True,0.0,0.0,INIT
2025-11-17T16:26:06.778335,10833.650372795,0.0,0.0,0.0,0.0,True,0.0,0.0,INIT
2025-11-17T16:26:06.878548,10833.750592545,0.0,0.0,0.0,0.0,True,0.0,0.0,INIT
2025-11-17T16:26:06.978494,10833.850540791,0.0,0.0,0.0,0.0,True,0.0,0.0,INIT
2025-11-17T16:26:07.078040,10833.950076902,0.0,0.0,0.0,0.0,True,0.0,0.0,INIT
2025-11-17T16:26:07.178822,10834.050877051,0.0,0.0,0.0,0.0,True,0.0,0.0,INIT
2025-11-17T16:26:07.278408,10834.150444157,0.0,0.0,0.0,0.0,True,0.0,0.0,INIT
2025-11-17T16:26:07.379004,10834.251060687,0.0,0.0,0.0,0.0,True,0.0,0.0,INIT
2025-11-17T16:26:07.477972,10834.350025365,0.0,0.0,0.0,0.0,True,0.0,0.0,INIT
2025-11-17T16:26:07.578889,10834.45092711,0.0,0.0,0.0,0.0,True,0.0,0.0,INIT
2025-11-17T16:26:07.678293,10834.55033474,0.0,0.0,0.0,0.0,True,0.0,0.0,INIT
2025-11-17T16:26:07.779041,10834.651080185,0.0,0.0,0.0,0.0,True,0.0,0.0,INIT
2025-11-17T16:26:07.877941,10834.749979325,0.0,0.0,0.0,0.0,True,0.0,0.0,INIT
2025-11-17T16:26:07.978735,10834.850785583,0.0,0.0,0.0,0.0,True,0.0,0.0,INIT
2025-11-17T16:26:08.078798,10834.950849046,0.0,0.0,0.0,0.0,True,0.0,0.0,INIT
2025-11-17T16:26:08.177892,10835.04993256,0.0,0.0,0.0,0.0,True,0.0,0.0,INIT
2025-11-17T16:26:08.278044,10835.15008361,0.0,0.0,0.0,0.0,True,0.0,0.0,INIT
2025-11-17T16:26:08.378835,10835.250887442,0.0,0.0,0.0,0.0,True,0.0,0.0,INIT
2025-11-17T16:26:08.478913,10835.350969359,0.0,0.0,0.0,0.0,True,0.0,0.0,INIT
2025-11-17T16:26:08.578609,10835.450659864,0.0,0.0,0.0,0.0,True,0.0,0.0,INIT
2025-11-17T16:26:08.678578,10835.550626289,0.0,0.0,0.0,0.0,True,0.0,0.0,INIT
2025-11-17T16:26:08.778396,10835.650433049,0.0,0.0,0.0,0.0,True,0.0,0.0,INIT
2025-11-17T16:26:08.878965,10835.751046102,0.0,0.0,0.0,0.0,True,0.0,0.0,INIT
2025-11-17T16:26:08.978661,10835.850708894,0.0,0.0,0.0,0.0,True,0.0,0.0,INIT
2025-11-17T16:26:09.078304,10835.950344069,0.0,0.0,0.0,0.0,True,0.0,0.0,INIT
2025-11-17T16:26:09.178264,10836.050304071,0.0,0.0,0.0,0.0,True,0.0,0.0,INIT
2025-11-17T16:26:09.277966,10836.150018437,0.0,0.0,0.0,0.0,True,0.0,0.0,INIT
2025-11-17T16:26:09.377933,10836.249970314,0.0,0.0,0.0,0.0,True,0.0,0.0,INIT
2025-11-17T16:26:09.478199,10836.350238974,0.0,0.0,0.0,0.0,True,0.0,0.0,INIT
2025-11-17T16:26:09.577930,10836.449967796,0.0,0.0,0.0,0.0,True,0.0,0.0,INIT
2025-11-17T16:26:09.678001,10836.550040846,0.0,0.0,0.0,0.0,True,0.0,0.0,INIT
2025-11-17T16:26:09.778039,10836.650075237,0.0,0.0,0.0,0.0,True,0.0,0.0,INIT
2025-11-17T16:26:09.878315,10836.75035188,0.0,0.0,0.0,0.0,True,0.0,0.0,INIT
2025-11-17T16:26:09.978092,10836.850128802,0.0,0.0,0.0,0.0,True,0.0,0.0,INIT
2025-11-17T16:26:10.078071,10836.950109581,0.0,0.0,0.0,0.0,True,0.0,0.0,INIT
2025-11-17T16:26:10.177993,10837.050030128,0.0,0.0,0.0,0.0,True,0.0,0.0,INIT
2025-11-17T16:26:10.277877,10837.149913755,0.0,0.0,0.0,0.0,True,0.0,0.0,INIT
2025-11-17T16:26:10.377971,10837.250022952,0.0,0.0,0.0,0.0,True,0.0,0.0,INIT
2025-11-17T16:26:10.477901,10837.349937038,0.0,0.0,0.0,0.0,True,0.0,0.0,INIT
2025-11-17T16:26:10.578640,10837.450678146,0.0,0.0,0.0,0.0,True,0.0,0.0,INIT
2025-11-17T16:26:10.678408,10837.550453882,0.0,0.0,0.0,0.0,True,0.0,0.0,INIT
2025-11-17T16:26:10.778175,10837.65021365,0.0,0.0,0.0,0.0,True,0.0,0.0,INIT
2025-11-17T16:26:10.879153,10837.751201684,0.0,0.0,0.0,0.0,True,0.0,0.0,INIT
2025-11-17T16:26:10.978692,10837.850736078,0.0,0.0,0.0,0.0,True,0.0,0.0,INIT
2025-11-17T16:26:11.078307,10837.950348753,0.0,0.0,0.0,0.0,True,0.0,0.0,INIT
2025-11-17T16:26:11.178148,10838.050186374,0.0,0.0,0.0,0.0,True,0.0,0.0,INIT
2025-11-17T16:26:11.277856,10838.149893056,0.0,0.0,0.0,0.0,True,0.0,0.0,INIT
2025-11-17T16:26:11.377885,10838.249921235,0.0,0.0,0.0,0.0,True,0.0,0.0,INIT
2025-11-17T16:26:11.477818,10838.349852083,0.0,0.0,0.0,0.0,True,0.0,0.0,INIT
2025-11-17T16:26:11.578235,10838.450272701,0.0,0.0,0.0,0.0,True,0.0,0.0,INIT
2025-11-17T16:26:11.678560,10838.5505959,0.0,0.0,0.0,0.0,True,0.0,0.0,INIT
2025-11-17T16:26:11.777823,10838.64985794,0.0,0.0,0.0,0.0,True,0.0,0.0,INIT
2025-11-17T16:26:11.877867,10838.749902269,0.0,0.0,0.0,0.0,True,0.0,0.0,INIT
2025-11-17T16:26:11.978256,10838.850296257,0.0,0.0,0.0,0.0,True,0.0,0.0,INIT
2025-11-17T16:26:12.078082,10838.950125479,0.0,0.0,0.0,0.0,True,0.0,0.0,INIT
2025-11-17T16:26:29.629145,10856.501184641,0.0,0.0,0.0,0.0,True,0.0,0.0,INIT
2025-11-17T16:26:29.728999,10856.601035621,0.0,0.0,0.0,0.0,True,0.0,0.0,INIT
2025-11-17T16:26:29.829384,10856.701427383,0.0,0.0,0.0,0.0,True,0.0,0.0,INIT
2025-11-17T16:26:29.929051,10856.801087994,0.0,0.0,0.0,0.0,True,0.0,0.0,INIT
2025-11-17T16:26:30.029191,10856.901228327,0.0,0.0,0.0,0.0,True,0.0,0.0,INIT
2025-11-17T16:26:30.129021,10857.001058158,0.0,0.0,0.0,0.0,True,0.0,0.0,INIT
2025-11-17T16:26:30.229025,10857.101065006,0.0,0.0,0.0,0.0,True,0.0,0.0,INIT
2025-11-17T16:26:30.329096,10857.201136352,0.0,0.0,0.0,0.0,True,0.0,0.0,INIT
2025-11-17T16:26:30.429922,10857.301967522,0.0,0.0,0.0,0.0,True,0.0,0.0,INIT
2025-11-17T16:26:30.529073,10857.40111096,0.0,0.0,0.0,0.0,True,0.0,0.0,INIT
2025-11-17T16:26:30.629342,10857.501384508,0.0,0.0,0.0,0.0,True,0.0,0.0,INIT
2025-11-17T16:26:30.729113,10857.6011558,0.0,0.0,0.0,0.0,True,0.0,0.0,INIT
2025-11-17T16:26:30.829196,10857.701234417,0.0,0.0,0.0,0.0,True,0.0,0.0,INIT
2025-11-17T16:26:30.929009,10857.801048091,0.0,0.0,0.0,0.0,True,0.0,0.0,INIT
2025-11-17T16:26:31.029277,10857.901325256,0.0,0.0,0.0,0.0,True,0.0,0.0,INIT
2025-11-17T16:26:31.129625,10858.00167103,0.0,0.0,0.0,0.0,True,0.0,0.0,INIT
2025-11-17T16:26:31.229011,10858.101046184,0.0,0.0,0.0,0.0,True,0.0,0.0,INIT
2025-11-17T16:26:31.329829,10858.201876692,0.0,0.0,0.0,0.0,True,0.0,0.0,INIT
2025-11-17T16:26:31.429005,10858.301043437,0.0,0.0,0.0,0.0,True,0.0,0.0,INIT
2025-11-17T16:26:31.529196,10858.401235569,0.0,0.0,0.0,0.0,True,0.0,0.0,INIT
2025-11-17T16:26:31.629740,10858.501786205,0.0,0.0,0.0,0.0,True,0.0,0.0,INIT
2025-11-17T16:26:31.729033,10858.601070999,0.0,0.0,0.0,0.0,True,0.0,0.0,INIT
2025-11-17T16:26:31.829155,10858.70119512,0.0,0.0,0.0,0.0,True,0.0,0.0,INIT
2025-11-17T16:26:31.929748,10858.801795922,0.0,0.0,0.0,0.0,True,0.0,0.0,INIT
2025-11-17T16:26:32.029731,10858.901783943,0.0,0.0,0.0,0.0,True,0.0,0.0,INIT
2025-11-17T16:26:32.129294,10859.001336645,0.0,0.0,0.0,0.0,True,0.0,0.0,INIT
2025-11-17T16:26:32.229726,10859.101774417,0.0,0.0,0.0,0.0,True,0.0,0.0,INIT
2025-11-17T16:26:32.329714,10859.201760283,0.0,0.0,0.0,0.0,True,0.0,0.0,INIT
2025-11-17T16:26:32.429397,10859.301445885,0.0,0.0,0.0,0.0,True,0.0,0.0,INIT
2025-11-17T16:26:32.529406,10859.401445541,0.0,0.0,0.0,0.0,True,0.0,0.0,INIT
2025-11-17T16:26:32.629203,10859.501241645,0.0,0.0,0.0,0.0,True,0.0,0.0,INIT
2025-11-17T16:26:32.729371,10859.601409543,0.0,0.0,0.0,0.0,True,0.0,0.0,INIT
2025-11-17T16:26:32.829506,10859.701549083,0.0,0.0,0.0,0.0,True,0.0,0.0,INIT
2025-11-17T16:26:32.929969,10859.802046717,0.0,0.0,0.0,0.0,True,0.0,0.0,INIT
2025-11-17T16:26:33.030226,10859.902276623,0.0,0.0,0.0,0.0,True,0.0,0.0,INIT
2025-11-17T16:26:33.130083,10860.002129985,0.0,0.0,0.0,0.0,True,0.0,0.0,INIT
2025-11-17T16:26:33.229706,10860.101746006,0.0,0.0,0.0,0.0,True,0.0,0.0,INIT
2025-11-17T16:26:33.329474,10860.201512047,0.0,0.0,0.0,0.0,True,0.0,0.0,INIT
2025-11-17T16:26:33.429352,10860.301397508,0.0,0.0,0.0,0.0,True,0.0,0.0,INIT
2025-11-17T16:26:33.529035,10860.401072461,0.0,0.0,0.0,0.0,True,0.0,0.0,INIT
2025-11-17T16:26:33.628714,10860.500747973,0.0,0.0,0.0,0.0,True,0.0,0.0,INIT
2025-11-17T16:26:33.728927,10860.600961816,0.0,0.0,0.0,0.0,True,0.0,0.0,INIT
2025-11-17T16:26:33.828878,10860.700914523,0.0,0.0,0.0,0.0,True,0.0,0.0,INIT
2025-11-17T16:26:33.928849,10860.800882573,0.0,0.0,0.0,0.0,True,0.0,0.0,INIT
2025-11-17T16:26:34.028909,10860.900945993,0.0,0.0,0.0,0.0,True,0.0,0.0,INIT
2025-11-17T16:26:34.128909,10861.000941574,0.0,0.0,0.0,0.0,True,0.0,0.0,INIT
2025-11-17T16:26:34.228784,10861.100819302,0.0,0.0,0.0,0.0,True,0.0,0.0,INIT
2025-11-17T16:26:34.329186,10861.20122162,0.0,0.0,0.0,0.0,True,0.0,0.0,INIT
2025-11-17T16:26:34.428898,10861.300933768,0.0,0.0,0.0,0.0,True,0.0,0.0,INIT
2025-11-17T16:26:34.529312,10861.401352651,0.0,0.0,0.0,0.0,True,0.0,0.0,INIT
2025-11-17T16:26:34.628796,10861.500838093,0.0,0.0,0.0,0.0,True,0.0,0.0,INIT
2025-11-17T16:26:34.729659,10861.601702809,0.0,0.0,0.0,0.0,True,0.0,0.0,INIT
2025-11-17T16:26:34.829099,10861.701139922,0.0,100.0,0.3,-100.0,False,100.0,0.0,INIT
2025-11-17T16:26:34.929654,10861.8017027,0.0,100.0,0.3,-100.0,False,100.0,0.0,INIT
2025-11-17T16:26:35.029338,10861.901378978,0.0,100.0,0.3,-100.0,False,100.0,0.0,INIT
2025-11-17T16:26:35.129286,10862.001325554,0.0,100.0,0.3,-100.0,False,100.0,0.0,INIT
2025-11-17T16:26:35.229754,10862.101802127,0.0,100.0,0.3,-100.0,False,100.0,0.0,INIT
2025-11-17T16:26:35.329419,10862.201461114,0.0,100.0,0.3,-100.0,False,100.0,0.0,INIT
2025-11-17T16:26:35.429773,10862.301821522,0.0,100.0,0.3,-100.0,False,100.0,0.0,INIT
2025-11-17T16:26:35.529720,10862.401767385,0.0,100.0,0.3,-100.0,False,100.0,0.0,INIT
2025-11-17T16:26:35.629904,10862.501956917,0.0,100.0,0.3,-100.0,False,100.0,0.0,INIT
2025-11-17T16:26:35.729280,10862.601322682,0.0,100.0,0.3,-100.0,False,100.0,0.0,INIT
2025-11-17T16:26:35.829761,10862.701808008,0.0,100.0,0.3,-100.0,False,100.0,0.0,INIT
2025-11-17T16:26:35.929654,10862.801702175,0.0,100.0,0.3,-100.0,False,100.0,0.0,INIT
2025-11-17T16:26:36.029839,10862.90188668,0.0,100.0,0.3,-100.0,False,100.0,0.0,INIT
2025-11-17T16:26:36.129793,10863.001838524,0.0,100.0,0.3,-100.0,False,100.0,0.0,INIT
2025-11-17T16:26:36.229611,10863.101659226,0.0,100.0,0.3,-100.0,False,100.0,0.0,INIT
2025-11-17T16:26:36.329022,10863.201064411,0.0,100.0,0.3,-100.0,False,100.0,0.0,INIT
2025-11-17T16:26:36.429731,10863.301778805,0.0,100.0,0.3,-100.0,False,100.0,0.0,INIT
2025-11-17T16:26:36.529743,10863.401799452,0.0,100.0,0.3,-100.0,False,100.0,0.0,INIT
2025-11-17T16:26:36.628929,10863.500963846,0.0,100.0,0.3,-100.0,False,100.0,0.0,INIT
2025-11-17T16:26:36.729604,10863.601651734,0.0,100.0,0.3,-100.0,False,100.0,0.0,INIT
2025-11-17T16:26:36.829797,10863.701846718,0.0,100.0,0.3,-100.0,False,100.0,0.0,INIT
2025-11-17T16:26:36.929072,10863.801115007,0.0,100.0,0.3,-100.0,False,100.0,0.0,INIT
2025-11-17T16:26:37.029462,10863.901498617,0.0,100.0,0.3,-100.0,False,100.0,0.0,INIT
2025-11-17T16:26:37.129276,10864.00131941,0.0,100.0,0.3,-100.0,False,100.0,0.0,INIT
2025-11-17T16:26:37.229644,10864.101689261,0.0,100.0,0.3,-100.0,False,100.0,0.0,INIT
2025-11-17T16:26:37.329747,10864.201795246,0.0,100.0,0.3,-100.0,False,100.0,0.0,INIT
2025-11-17T16:26:37.429630,10864.301670999,0.0,100.0,0.3,-100.0,False,100.0,0.0,INIT
2025-11-17T16:26:37.529202,10864.401246659,0.0,100.0,0.3,-100.0,False,100.0,0.0,INIT
2025-11-17T16:26:37.629552,10864.501592952,0.0,100.0,0.3,-100.0,False,100.0,0.0,INIT
2025-11-17T16:26:37.729753,10864.601804449,0.0,100.0,0.3,-100.0,False,100.0,0.0,INIT
2025-11-17T16:26:37.829736,10864.701786939,0.0,100.0,0.3,-100.0,False,100.0,0.0,INIT
2025-11-17T16:26:37.929617,10864.801669432,0.0,100.0,0.3,-100.0,False,100.0,0.0,INIT
2025-11-17T16:26:38.029835,10864.901883732,0.0,100.0,0.3,-100.0,False,100.0,0.0,INIT
2025-11-17T16:26:38.129403,10865.001447922,0.0,100.0,0.3,-100.0,False,100.0,0.0,INIT
2025-11-17T16:26:38.229869,10865.10191351,0.0,100.0,0.3,-100.0,False,100.0,0.0,INIT
2025-11-17T16:26:38.329042,10865.201078634,0.0,100.0,0.3,-100.0,False,100.0,0.0,INIT
2025-11-17T16:26:38.429938,10865.301985026,0.0,100.0,0.3,-100.0,False,100.0,0.0,INIT
2025-11-17T16:26:38.530136,10865.402186107,0.0,100.0,0.3,-100.0,False,100.0,0.0,INIT
2025-11-17T16:26:38.630069,10865.5021218,0.0,100.0,0.3,-100.0,False,100.0,0.0,INIT
2025-11-17T16:26:38.729031,10865.601068798,0.0,100.0,0.3,-100.0,False,100.0,0.0,INIT
2025-11-17T16:26:38.829442,10865.701483805,0.0,100.0,0.3,-100.0,False,100.0,0.0,INIT
2025-11-17T16:26:38.929166,10865.801204224,0.0,100.0,0.3,-100.0,False,100.0,0.0,INIT
2025-11-17T16:26:39.028914,10865.900949503,0.0,100.0,0.3,-100.0,False,100.0,0.0,INIT
2025-11-17T16:26:39.129064,10866.00110259,0.0,100.0,0.3,-100.0,False,100.0,0.0,INIT
2025-11-17T16:26:39.228958,10866.100992734,0.0,100.0,0.3,-100.0,False,100.0,0.0,INIT
2025-11-17T16:26:39.328796,10866.200829061,0.0,100.0,0.3,-100.0,False,100.0,0.0,INIT
2025-11-17T16:26:39.429509,10866.301554599,0.0,100.0,0.3,-100.0,False,100.0,0.0,INIT
2025-11-17T16:26:39.529322,10866.401362742,0.0,100.0,0.3,-100.0,False,100.0,0.0,INIT
2025-11-17T16:26:39.629866,10866.501917709,0.0,100.0,0.3,-100.0,False,100.0,0.0,INIT
2025-11-17T16:26:39.729885,10866.601938821,0.0,100.0,0.3,-100.0,False,100.0,0.0,INIT
2025-11-17T16:26:39.829947,10866.701999909,0.0,100.0,0.3,-100.0,False,100.0,0.0,INIT
2025-11-17T16:26:39.929229,10866.801269858,0.0,100.0,0.3,-100.0,False,100.0,0.0,INIT
2025-11-17T16:26:40.029097,10866.901135766,0.0,100.0,0.3,-100.0,False,100.0,0.0,INIT
2025-11-17T16:26:40.129199,10867.001238419,0.0,100.0,0.3,-100.0,False,100.0,0.0,INIT
2025-11-17T16:26:40.229075,10867.101113398,0.0,100.0,0.3,-100.0,False,100.0,0.0,INIT
2025-11-17T16:26:40.329228,10867.201276848,0.0,100.0,0.3,-100.0,False,100.0,0.0,INIT
2025-11-17T16:26:40.429532,10867.301577578,0.0,100.0,0.3,-100.0,False,100.0,0.0,INIT
2025-11-17T16:26:40.529550,10867.401594584,0.0,100.0,0.3,-100.0,False,100.0,0.0,INIT
2025-11-17T16:26:40.629331,10867.501373044,0.0,100.0,0.3,-100.0,False,100.0,0.0,INIT
2025-11-17T16:26:40.728951,10867.600988128,0.0,100.0,0.3,-100.0,False,100.0,0.0,INIT
2025-11-17T16:26:40.829560,10867.701605888,0.0,100.0,0.3,-100.0,False,100.0,0.0,INIT
2025-11-17T16:26:40.929683,10867.8017263,0.0,100.0,0.3,-100.0,False,100.0,0.0,INIT
2025-11-17T16:26:41.029531,10867.901568574,0.0,100.0,0.3,-100.0,False,100.0,0.0,INIT
2025-11-17T16:26:41.129479,10868.001520909,0.0,100.0,0.3,-100.0,False,100.0,0.0,INIT
2025-11-17T16:26:41.229528,10868.101581652,0.0,100.0,0.3,-100.0,False,100.0,0.0,INIT
2025-11-17T16:26:41.329770,10868.201817227,0.0,100.0,0.3,-100.0,False,100.0,0.0,INIT
2025-11-17T16:26:41.429723,10868.301776799,0.0,100.0,0.3,-100.0,False,100.0,0.0,INIT
2025-11-17T16:26:41.529480,10868.401523066,0.0,100.0,0.3,-100.0,False,100.0,0.0,INIT
2025-11-17T16:26:41.629367,10868.501412489,0.0,100.0,0.3,-100.0,False,100.0,0.0,INIT
2025-11-17T16:26:41.728928,10868.600965255,0.0,100.0,0.3,-100.0,False,100.0,0.0,INIT
2025-11-17T16:26:41.829286,10868.701327915,0.0,100.0,0.3,-100.0,False,100.0,0.0,INIT
2025-11-17T16:26:41.929784,10868.801834757,0.0,100.0,0.3,-100.0,False,100.0,0.0,INIT
2025-11-17T16:26:42.028925,10868.900962696,0.0,100.0,0.3,-100.0,False,100.0,0.0,INIT
2025-11-17T16:26:42.129789,10869.001833456,0.0,100.0,0.3,-100.0,False,100.0,0.0,INIT
2025-11-17T16:26:42.229899,10869.101935772,0.0,100.0,0.3,-100.0,False,100.0,0.0,INIT
2025-11-17T16:26:42.329666,10869.201707455,0.0,100.0,0.3,-100.0,False,100.0,0.0,INIT
2025-11-17T16:26:42.429069,10869.301113817,0.0,100.0,0.3,-100.0,False,100.0,0.0,INIT
2025-11-17T16:26:42.529754,10869.401790646,0.0,100.0,0.3,-100.0,False,100.0,0.0,INIT
2025-11-17T16:26:42.628965,10869.501009633,0.0,100.0,0.3,-100.0,False,100.0,0.0,INIT
2025-11-17T16:26:42.728896,10869.600931667,0.0,100.0,0.3,-100.0,False,100.0,0.0,INIT
2025-11-17T16:26:42.828917,10869.700951368,0.0,100.0,0.3,-100.0,False,100.0,0.0,INIT
2025-11-17T16:26:42.928880,10869.800919405,0.0,100.0,0.3,-100.0,False,100.0,0.0,INIT
2025-11-17T16:26:43.028935,10869.900970408,0.0,100.0,0.3,-100.0,False,100.0,0.0,INIT
2025-11-17T16:26:43.128873,10870.00090787,0.0,100.0,0.3,-100.0,False,100.0,0.0,INIT
2025-11-17T16:26:43.228771,10870.100806878,0.0,100.0,0.3,-100.0,False,100.0,0.0,INIT
2025-11-17T16:26:43.329246,10870.2012838,0.0,100.0,0.3,-100.0,False,100.0,0.0,INIT
2025-11-17T16:26:43.428974,10870.301031332,0.0,100.0,0.3,-100.0,False,100.0,0.0,INIT
2025-11-17T16:26:43.529445,10870.40148987,0.0,100.0,0.3,-100.0,False,100.0,0.0,INIT
2025-11-17T16:26:43.629493,10870.501540457,0.0,100.0,0.3,-100.0,False,100.0,0.0,INIT
2025-11-17T16:26:43.729560,10870.601609595,0.0,100.0,0.3,-100.0,False,100.0,0.0,INIT
2025-11-17T16:26:43.829162,10870.701201499,0.0,50.0,0.3,-50.0,False,50.0,0.0,INIT
2025-11-17T16:26:43.929554,10870.801601762,0.0,50.0,0.3,-50.0,False,50.0,0.0,INIT
2025-11-17T16:26:44.029012,10870.901050621,0.0,50.0,0.3,-50.0,False,50.0,0.0,INIT
2025-11-17T16:26:44.129592,10871.001640181,0.0,50.0,0.3,-50.0,False,50.0,0.0,INIT
2025-11-17T16:26:44.229756,10871.101807057,0.0,50.0,0.3,-50.0,False,50.0,0.0,INIT
2025-11-17T16:26:44.328858,10871.200893512,0.0,50.0,0.3,-50.0,False,50.0,0.0,INIT
2025-11-17T16:26:44.429719,10871.301769003,0.0,50.0,0.3,-50.0,False,50.0,0.0,INIT
2025-11-17T16:26:44.529771,10871.401826891,0.0,50.0,0.3,-50.0,False,50.0,0.0,INIT
2025-11-17T16:26:44.629354,10871.50140004,0.0,50.0,0.3,-50.0,False,50.0,0.0,INIT
2025-11-17T16:26:44.729470,10871.60151753,0.0,50.0,0.3,-50.0,False,50.0,0.0,INIT
2025-11-17T16:26:44.829436,10871.701483236,0.0,50.0,0.3,-50.0,False,50.0,0.0,INIT
2025-11-17T16:26:44.929364,10871.80141258,0.0,50.0,0.3,-50.0,False,50.0,0.0,INIT
2025-11-17T16:26:45.029319,10871.901365438,0.0,50.0,0.3,-50.0,False,50.0,0.0,INIT
2025-11-17T16:26:45.128995,10872.001032077,0.0,50.0,0.3,-50.0,False,50.0,0.0,INIT
2025-11-17T16:26:45.229870,10872.101920066,0.0,50.0,0.3,-50.0,False,50.0,0.0,INIT
2025-11-17T16:26:45.329278,10872.201321791,0.0,50.0,0.3,-50.0,False,50.0,0.0,INIT
2025-11-17T16:26:45.429760,10872.301806374,0.0,50.0,0.3,-50.0,False,50.0,0.0,INIT
2025-11-17T16:26:45.529900,10872.401949095,0.0,50.0,0.3,-50.0,False,50.0,0.0,INIT
2025-11-17T16:26:45.629862,10872.501910693,0.0,50.0,0.3,-50.0,False,50.0,0.0,INIT
2025-11-17T16:26:45.729567,10872.601603509,0.0,50.0,0.3,-50.0,False,50.0,0.0,INIT
2025-11-17T16:26:45.829604,10872.70165153,0.0,50.0,0.3,-50.0,False,50.0,0.0,INIT
2025-11-17T16:26:45.929044,10872.801081462,0.0,50.0,0.3,-50.0,False,50.0,0.0,INIT
2025-11-17T16:26:46.029884,10872.901933536,0.0,50.0,0.3,-50.0,False,50.0,0.0,INIT
2025-11-17T16:26:46.129904,10873.001955147,0.0,50.0,0.3,-50.0,False,50.0,0.0,INIT
2025-11-17T16:26:46.229804,10873.101853065,0.0,50.0,0.3,-50.0,False,50.0,0.0,INIT
2025-11-17T16:26:46.329573,10873.201620325,0.0,50.0,0.3,-50.0,False,50.0,0.0,INIT
2025-11-17T16:26:46.429304,10873.301347952,0.0,50.0,0.3,-50.0,False,50.0,0.0,INIT
2025-11-17T16:26:46.529342,10873.401386425,0.0,50.0,0.3,-50.0,False,50.0,0.0,INIT
2025-11-17T16:26:46.629788,10873.501837176,0.0,50.0,0.3,-50.0,False,50.0,0.0,INIT
2025-11-17T16:26:46.729432,10873.601470848,0.0,50.0,0.3,-50.0,False,50.0,0.0,INIT
2025-11-17T16:26:46.828876,10873.700909774,0.0,50.0,0.3,-50.0,False,50.0,0.0,INIT
2025-11-17T16:26:46.929451,10873.801495771,0.0,50.0,0.3,-50.0,False,50.0,0.0,INIT
2025-11-17T16:26:47.028923,10873.90095923,0.0,50.0,0.3,-50.0,False,50.0,0.0,INIT
2025-11-17T16:26:47.129149,10874.001188413,0.0,50.0,0.3,-50.0,False,50.0,0.0,INIT
2025-11-17T16:26:47.229718,10874.101763939,0.0,50.0,0.3,-50.0,False,50.0,0.0,INIT
2025-11-17T16:26:47.329785,10874.201832347,0.0,50.0,0.3,-50.0,False,50.0,0.0,INIT
2025-11-17T16:26:47.429560,10874.301609273,0.0,50.0,0.3,-50.0,False,50.0,0.0,INIT
2025-11-17T16:26:47.529318,10874.401362138,0.0,50.0,0.3,-50.0,False,50.0,0.0,INIT
2025-11-17T16:26:47.629123,10874.501163797,0.0,50.0,0.3,-50.0,False,50.0,0.0,INIT
2025-11-17T16:26:47.729144,10874.60118504,0.0,50.0,0.3,-50.0,False,50.0,0.0,INIT
2025-11-17T16:26:47.829836,10874.70188494,0.0,50.0,0.3,-50.0,False,50.0,0.0,INIT
2025-11-17T16:26:47.929641,10874.801692317,0.0,50.0,0.3,-50.0,False,50.0,0.0,INIT
2025-11-17T16:26:48.028996,10874.901034268,0.0,50.0,0.3,-50.0,False,50.0,0.0,INIT
2025-11-17T16:26:48.129124,10875.001164972,0.0,50.0,0.3,-50.0,False,50.0,0.0,INIT
2025-11-17T16:26:48.229574,10875.101622323,0.0,50.0,0.3,-50.0,False,50.0,0.0,INIT
2025-11-17T16:26:48.329166,10875.201204002,0.0,50.0,0.3,-50.0,False,50.0,0.0,INIT
2025-11-17T16:26:48.429190,10875.301233622,0.0,50.0,0.3,-50.0,False,50.0,0.0,INIT
2025-11-17T16:26:48.529139,10875.401178267,0.0,50.0,0.3,-50.0,False,50.0,0.0,INIT
2025-11-17T16:26:48.629071,10875.501112218,0.0,50.0,0.3,-50.0,False,50.0,0.0,INIT
2025-11-17T16:26:48.729358,10875.601402506,0.0,50.0,0.3,-50.0,False,50.0,0.0,INIT
2025-11-17T16:26:48.829402,10875.701443532,0.0,50.0,0.3,-50.0,False,50.0,0.0,INIT
2025-11-17T16:26:48.929068,10875.801108459,0.0,50.0,0.3,-50.0,False,50.0,0.0,INIT
2025-11-17T16:26:49.029209,10875.901248113,0.0,50.0,0.3,-50.0,False,50.0,0.0,INIT
2025-11-17T16:26:49.129017,10876.001054824,0.0,50.0,0.3,-50.0,False,50.0,0.0,INIT
2025-11-17T16:26:49.229486,10876.101532058,0.0,50.0,0.3,-50.0,False,50.0,0.0,INIT
2025-11-17T16:26:49.329865,10876.201914659,0.0,50.0,0.3,-50.0,False,50.0,0.0,INIT
2025-11-17T16:26:49.429205,10876.301245005,0.0,50.0,0.3,-50.0,False,50.0,0.0,INIT
2025-11-17T16:26:49.529372,10876.401414475,0.0,50.0,0.3,-50.0,False,50.0,0.0,INIT
2025-11-17T16:26:49.629874,10876.501925589,0.0,50.0,0.3,-50.0,False,50.0,0.0,INIT
2025-11-17T16:26:49.729201,10876.601241393,0.0,50.0,0.3,-50.0,False,50.0,0.0,INIT
2025-11-17T16:26:49.829245,10876.701289814,0.0,50.0,0.3,-50.0,False,50.0,0.0,INIT
2025-11-17T16:26:49.929301,10876.801343221,0.0,50.0,0.3,-50.0,False,50.0,0.0,INIT
2025-11-17T16:26:50.029052,10876.901092053,0.0,50.0,0.3,-50.0,False,50.0,0.0,INIT
2025-11-17T16:26:50.129507,10877.001550136,0.0,50.0,0.3,-50.0,False,50.0,0.0,INIT
2025-11-17T16:26:50.229249,10877.101287815,0.0,50.0,0.3,-50.0,False,50.0,0.0,INIT
2025-11-17T16:26:50.329725,10877.201771714,0.0,50.0,0.3,-50.0,False,50.0,0.0,INIT
2025-11-17T16:26:50.429127,10877.301171785,0.0,50.0,0.3,-50.0,False,50.0,0.0,INIT
2025-11-17T16:26:50.529845,10877.401888731,0.0,50.0,0.3,-50.0,False,50.0,0.0,INIT
2025-11-17T16:26:50.629377,10877.5014183,0.0,50.0,0.3,-50.0,False,50.0,0.0,INIT
2025-11-17T16:26:50.729092,10877.601126715,0.0,50.0,0.3,-50.0,False,50.0,0.0,INIT
2025-11-17T16:26:50.829303,10877.701347135,0.0,50.0,0.3,-50.0,False,50.0,0.0,INIT
2025-11-17T16:26:50.928967,10877.80101781,0.0,50.0,0.3,-50.0,False,50.0,0.0,INIT
2025-11-17T16:26:51.029596,10877.901644812,0.0,50.0,0.3,-50.0,False,50.0,0.0,INIT
2025-11-17T16:26:51.129201,10878.001239525,0.0,50.0,0.3,-50.0,False,50.0,0.0,INIT
2025-11-17T16:26:51.230206,10878.102258394,0.0,50.0,0.3,-50.0,False,50.0,0.0,INIT
2025-11-17T16:26:51.329671,10878.201719919,0.0,50.0,0.3,-50.0,False,50.0,0.0,INIT
2025-11-17T16:26:51.429860,10878.301910783,0.0,50.0,0.3,-50.0,False,50.0,0.0,INIT
2025-11-17T16:26:51.529599,10878.401647338,0.0,50.0,0.3,-50.0,False,50.0,0.0,INIT
2025-11-17T16:26:51.629662,10878.501708823,0.0,50.0,0.3,-50.0,False,50.0,0.0,INIT
2025-11-17T16:26:51.729276,10878.601313296,0.0,50.0,0.3,-50.0,False,50.0,0.0,INIT
2025-11-17T16:26:51.829268,10878.701309929,0.0,50.0,0.3,-50.0,False,50.0,0.0,INIT
2025-11-17T16:26:51.929550,10878.801597093,0.0,50.0,0.3,-50.0,False,50.0,0.0,INIT
2025-11-17T16:26:52.029281,10878.901326916,0.0,50.0,0.3,-50.0,False,50.0,0.0,INIT
2025-11-17T16:26:52.129422,10879.001469882,0.0,50.0,0.3,-50.0,False,50.0,0.0,INIT
2025-11-17T16:26:52.229396,10879.101439858,0.0,50.0,0.3,-50.0,False,50.0,0.0,INIT
2025-11-17T16:26:52.328897,10879.200934361,0.0,50.0,0.3,-50.0,False,50.0,0.0,INIT
2025-11-17T16:26:52.428770,10879.300806058,0.0,50.0,0.3,-50.0,False,50.0,0.0,INIT
2025-11-17T16:26:52.528858,10879.400891895,0.0,50.0,0.3,-50.0,False,50.0,0.0,INIT
2025-11-17T16:26:52.628893,10879.500930496,0.0,50.0,0.3,-50.0,False,50.0,0.0,INIT
2025-11-17T16:26:52.728843,10879.600878588,0.0,50.0,0.3,-50.0,False,50.0,0.0,INIT
2025-11-17T16:26:52.828805,10879.700840191,0.0,50.0,0.3,-50.0,False,50.0,0.0,INIT
2025-11-17T16:26:52.928922,10879.800959831,0.0,50.0,0.3,-50.0,False,50.0,0.0,INIT
2025-11-17T16:26:53.028792,10879.900828475,0.0,50.0,0.3,-50.0,False,50.0,0.0,INIT
2025-11-17T16:26:53.129208,10880.001246923,0.0,50.0,0.3,-50.0,False,50.0,0.0,INIT
2025-11-17T16:26:53.228816,10880.100852407,0.0,50.0,0.3,-50.0,False,50.0,0.0,INIT
2025-11-17T16:26:53.329267,10880.20130702,0.0,50.0,0.3,-50.0,False,50.0,0.0,INIT
2025-11-17T16:26:53.429302,10880.301349422,0.0,50.0,0.3,-50.0,False,50.0,0.0,INIT
2025-11-17T16:26:53.529552,10880.40160352,0.0,50.0,0.3,-50.0,False,50.0,0.0,INIT
2025-11-17T16:26:53.629203,10880.501246291,0.0,50.0,0.3,-50.0,False,50.0,0.0,INIT
2025-11-17T16:26:53.729175,10880.601215451,0.0,50.0,0.3,-50.0,False,50.0,0.0,INIT
2025-11-17T16:26:53.829598,10880.701645847,0.0,50.0,0.3,-50.0,False,50.0,0.0,INIT
2025-11-17T16:26:53.929119,10880.801160995,0.0,50.0,0.3,-50.0,False,50.0,0.0,INIT
2025-11-17T16:26:54.029759,10880.901808559,0.0,50.0,0.3,-50.0,False,50.0,0.0,INIT
2025-11-17T16:26:54.128869,10881.000905126,0.0,50.0,0.3,-50.0,False,50.0,0.0,INIT
2025-11-17T16:26:54.229411,10881.101459696,0.0,50.0,0.3,-50.0,False,50.0,0.0,INIT
2025-11-17T16:26:54.329781,10881.201832497,0.0,50.0,0.3,-50.0,False,50.0,0.0,INIT
2025-11-17T16:26:54.429618,10881.301663656,0.0,50.0,0.3,-50.0,False,50.0,0.0,INIT
2025-11-17T16:26:54.529748,10881.401789044,0.0,50.0,0.3,-50.0,False,50.0,0.0,INIT
2025-11-17T16:26:54.629009,10881.501048463,0.0,50.0,0.3,-50.0,False,50.0,0.0,INIT
2025-11-17T16:26:54.730309,10881.602362981,0.0,50.0,0.3,-50.0,False,50.0,0.0,INIT
2025-11-17T16:26:54.830077,10881.702123692,0.0,50.0,0.3,-50.0,False,50.0,0.0,INIT
2025-11-17T16:26:54.929438,10881.801479206,0.0,50.0,0.3,-50.0,False,50.0,0.0,INIT
2025-11-17T16:26:55.029513,10881.901557025,0.0,50.0,0.3,-50.0,False,50.0,0.0,INIT
2025-11-17T16:26:55.129867,10882.001917056,0.0,50.0,0.3,-50.0,False,50.0,0.0,INIT
2025-11-17T16:26:55.229278,10882.101315746,0.0,50.0,0.3,-50.0,False,50.0,0.0,INIT
2025-11-17T16:26:55.329792,10882.201843771,0.0,50.0,0.3,-50.0,False,50.0,0.0,INIT
2025-11-17T16:26:55.429613,10882.301655997,0.0,50.0,0.3,-50.0,False,50.0,0.0,INIT
2025-11-17T16:26:55.529908,10882.401964057,0.0,50.0,0.3,-50.0,False,50.0,0.0,INIT
2025-11-17T16:26:55.629857,10882.501908093,0.0,50.0,0.3,-50.0,False,50.0,0.0,INIT
2025-11-17T16:26:55.729156,10882.601198089,0.0,50.0,0.3,-50.0,False,50.0,0.0,INIT
2025-11-17T16:26:55.829954,10882.701998833,0.0,50.0,0.3,-50.0,False,50.0,0.0,INIT
2025-11-17T16:26:55.929846,10882.801890891,0.0,50.0,0.3,-50.0,False,50.0,0.0,INIT
2025-11-17T16:26:56.029679,10882.901734603,0.0,50.0,0.3,-50.0,False,50.0,0.0,INIT
2025-11-17T16:26:56.129281,10883.001326785,0.0,50.0,0.3,-50.0,False,50.0,0.0,INIT
2025-11-17T16:26:56.229116,10883.101153453,0.0,50.0,0.3,-50.0,False,50.0,0.0,INIT
2025-11-17T16:26:56.330089,10883.202142329,0.0,50.0,0.3,-50.0,False,50.0,0.0,INIT
2025-11-17T16:26:56.429795,10883.301845674,0.0,50.0,0.3,-50.0,False,50.0,0.0,INIT
2025-11-17T16:26:56.529632,10883.401681465,0.0,50.0,0.3,-50.0,False,50.0,0.0,INIT
2025-11-17T16:26:56.629796,10883.501845914,0.0,50.0,0.3,-50.0,False,50.0,0.0,INIT
2025-11-17T16:26:56.728846,10883.600881818,0.0,50.0,0.3,-50.0,False,50.0,0.0,INIT
2025-11-17T16:26:56.829523,10883.701571222,0.0,50.0,0.3,-50.0,False,50.0,0.0,INIT
2025-11-17T16:26:56.929693,10883.801741309,0.0,50.0,0.3,-50.0,False,50.0,0.0,INIT
2025-11-17T16:26:57.028830,10883.900865407,0.0,50.0,0.3,-50.0,False,50.0,0.0,INIT
2025-11-17T16:26:57.129356,10884.001406284,0.0,50.0,0.3,-50.0,False,50.0,0.0,INIT
2025-11-17T16:26:57.229777,10884.101826043,0.0,50.0,0.3,-50.0,False,50.0,0.0,INIT
2025-11-17T16:26:57.329102,10884.201141044,0.0,50.0,0.3,-50.0,False,50.0,0.0,INIT
2025-11-17T16:26:57.429547,10884.301597058,0.0,50.0,0.3,-50.0,False,50.0,0.0,INIT
2025-11-17T16:26:57.529317,10884.401353334,0.0,50.0,0.3,-50.0,False,50.0,0.0,INIT
2025-11-17T16:26:57.628973,10884.501026926,0.0,50.0,0.3,-50.0,False,50.0,0.0,INIT
2025-11-17T16:26:57.729473,10884.601524307,0.0,50.0,0.3,-50.0,False,50.0,0.0,INIT
2025-11-17T16:26:57.829857,10884.701911358,0.0,50.0,0.3,-50.0,False,50.0,0.0,INIT
2025-11-17T16:26:57.929277,10884.801319511,0.0,50.0,0.3,-50.0,False,50.0,0.0,INIT
2025-11-17T16:26:58.029740,10884.901791967,0.0,50.0,0.3,-50.0,False,50.0,0.0,INIT
2025-11-17T16:26:58.129101,10885.001139019,0.0,50.0,0.3,-50.0,False,50.0,0.0,INIT
2025-11-17T16:26:58.229786,10885.101837572,0.0,50.0,0.3,-50.0,False,50.0,0.0,INIT
2025-11-17T16:26:58.329427,10885.201468155,0.0,50.0,0.3,-50.0,False,50.0,0.0,INIT
2025-11-17T16:26:58.429700,10885.301750009,0.0,50.0,0.3,-50.0,False,50.0,0.0,INIT
2025-11-17T16:26:58.529284,10885.401327737,0.0,50.0,0.3,-50.0,False,50.0,0.0,INIT
2025-11-17T16:26:58.628997,10885.501034371,0.0,50.0,0.3,-50.0,False,50.0,0.0,INIT
2025-11-17T16:26:58.729508,10885.601553814,0.0,50.0,0.3,-50.0,False,50.0,0.0,INIT
2025-11-17T16:26:58.829714,10885.701765229,0.0,50.0,0.3,-50.0,False,50.0,0.0,INIT
2025-11-17T16:26:58.929534,10885.801576533,0.0,50.0,0.3,-50.0,False,50.0,0.0,INIT
2025-11-17T16:26:59.028964,10885.901013725,0.0,50.0,0.3,-50.0,False,50.0,0.0,INIT
2025-11-17T16:26:59.129198,10886.001236224,0.0,50.0,0.3,-50.0,False,50.0,0.0,INIT
2025-11-17T16:26:59.229288,10886.101332823,0.0,50.0,0.3,-50.0,False,50.0,0.0,INIT
2025-11-17T16:26:59.329698,10886.201743688,0.0,50.0,0.3,-50.0,False,50.0,0.0,INIT
2025-11-17T16:26:59.429656,10886.301704806,0.0,50.0,0.3,-50.0,False,50.0,0.0,INIT
2025-11-17T16:26:59.529841,10886.401891269,0.0,50.0,0.3,-50.0,False,50.0,0.0,INIT
2025-11-17T16:26:59.629947,10886.502054833,0.0,50.0,0.3,-50.0,False,50.0,0.0,INIT
2025-11-17T16:26:59.729161,10886.601204695,0.0,50.0,0.3,-50.0,False,50.0,0.0,INIT
2025-11-17T16:26:59.829658,10886.701705717,0.0,50.0,0.3,-50.0,False,50.0,0.0,INIT
2025-11-17T16:26:59.929560,10886.801605495,0.0,50.0,0.3,-50.0,False,50.0,0.0,INIT
2025-11-17T16:27:00.029503,10886.901548671,0.0,50.0,0.3,-50.0,False,50.0,0.0,INIT
2025-11-17T16:27:00.129835,10887.00189218,0.0,50.0,0.3,-50.0,False,50.0,0.0,INIT
2025-11-17T16:27:00.229784,10887.10183781,0.0,50.0,0.3,-50.0,False,50.0,0.0,INIT
2025-11-17T16:27:00.329233,10887.201274443,0.0,50.0,0.3,-50.0,False,50.0,0.0,INIT
2025-11-17T16:27:00.430289,10887.302337947,0.0,50.0,0.3,-50.0,False,50.0,0.0,INIT
2025-11-17T16:27:00.530180,10887.402230872,0.0,50.0,0.3,-50.0,False,50.0,0.0,INIT
2025-11-17T16:27:00.630115,10887.502167698,0.0,50.0,0.3,-50.0,False,50.0,0.0,INIT
2025-11-17T16:27:00.729410,10887.601461219,0.0,50.0,0.3,-50.0,False,50.0,0.0,INIT
2025-11-17T16:27:00.829930,10887.701981145,0.0,50.0,0.3,-50.0,False,50.0,0.0,INIT
2025-11-17T16:27:00.929763,10887.801805148,0.0,50.0,0.3,-50.0,False,50.0,0.0,INIT
2025-11-17T16:27:01.029996,10887.902045512,0.0,50.0,0.3,-50.0,False,50.0,0.0,INIT
2025-11-17T16:27:01.129502,10888.00155129,0.0,50.0,0.3,-50.0,False,50.0,0.0,INIT
2025-11-17T16:27:01.229180,10888.101223378,0.0,50.0,0.3,-50.0,False,50.0,0.0,INIT
2025-11-17T16:27:01.330009,10888.202058156,0.0,50.0,0.3,-50.0,False,50.0,0.0,INIT
2025-11-17T16:27:01.429016,10888.301051383,0.0,50.0,0.3,-50.0,False,50.0,0.0,INIT
2025-11-17T16:27:01.529143,10888.401185353,0.0,50.0,0.3,-50.0,False,50.0,0.0,INIT
2025-11-17T16:27:01.629388,10888.501424913,0.0,50.0,0.3,-50.0,False,50.0,0.0,INIT
2025-11-17T16:27:01.729294,10888.601335651,0.0,50.0,0.3,-50.0,False,50.0,0.0,INIT
2025-11-17T16:27:01.829580,10888.701621544,0.0,50.0,0.3,-50.0,False,50.0,0.0,INIT
2025-11-17T16:27:01.929216,10888.801262169,0.0,50.0,0.3,-50.0,False,50.0,0.0,INIT
2025-11-17T16:27:02.030203,10888.902251269,0.0,50.0,0.3,-50.0,False,50.0,0.0,INIT
2025-11-17T16:27:02.130097,10889.002148561,0.0,50.0,0.3,-50.0,False,50.0,0.0,INIT
2025-11-17T16:27:02.229054,10889.101095802,0.0,50.0,0.3,-50.0,False,50.0,0.0,INIT
2025-11-17T16:27:02.330176,10889.202228679,0.0,50.0,0.3,-50.0,False,50.0,0.0,INIT
2025-11-17T16:27:02.429867,10889.301913378,0.0,50.0,0.3,-50.0,False,50.0,0.0,INIT
2025-11-17T16:27:02.530140,10889.402191768,0.0,50.0,0.3,-50.0,False,50.0,0.0,INIT
2025-11-17T16:27:02.629166,10889.501203225,0.0,50.0,0.3,-50.0,False,50.0,0.0,INIT
2025-11-17T16:27:02.730150,10889.602204193,0.0,50.0,0.3,-50.0,False,50.0,0.0,INIT
2025-11-17T16:27:02.829303,10889.70135125,0.0,50.0,0.3,-50.0,False,50.0,0.0,INIT
2025-11-17T16:27:02.929068,10889.801105792,0.0,50.0,0.3,-50.0,False,50.0,0.0,INIT
2025-11-17T16:27:03.028987,10889.901023364,0.0,50.0,0.3,-50.0,False,50.0,0.0,INIT
2025-11-17T16:27:03.129093,10890.001137537,0.0,50.0,0.3,-50.0,False,50.0,0.0,INIT
2025-11-17T16:27:03.229204,10890.101242824,0.0,50.0,0.3,-50.0,False,50.0,0.0,INIT
2025-11-17T16:27:03.329626,10890.201670153,0.0,50.0,0.3,-50.0,False,50.0,0.0,INIT
2025-11-17T16:27:03.429637,10890.30168193,0.0,50.0,0.3,-50.0,False,50.0,0.0,INIT
2025-11-17T16:27:03.530155,10890.402206129,0.0,50.0,0.3,-50.0,False,50.0,0.0,INIT
2025-11-17T16:27:03.629583,10890.501635241,0.0,50.0,0.3,-50.0,False,50.0,0.0,INIT
2025-11-17T16:27:03.729970,10890.602048709,0.0,50.0,0.3,-50.0,False,50.0,0.0,INIT
2025-11-17T16:27:03.829567,10890.701610703,0.0,50.0,0.3,-50.0,False,50.0,0.0,INIT
2025-11-17T16:27:03.930198,10890.802248078,0.0,50.0,0.3,-50.0,False,50.0,0.0,INIT
2025-11-17T16:27:04.029085,10890.901123122,0.0,50.0,0.3,-50.0,False,50.0,0.0,INIT
2025-11-17T16:27:04.129320,10891.001366411,0.0,50.0,0.3,-50.0,False,50.0,0.0,INIT
2025-11-17T16:27:04.229006,10891.101043533,0.0,50.0,0.3,-50.0,False,50.0,0.0,INIT
2025-11-17T16:27:04.330335,10891.202383907,0.0,50.0,0.3,-50.0,False,50.0,0.0,INIT
2025-11-17T16:27:04.430027,10891.302077214,0.0,50.0,0.3,-50.0,False,50.0,0.0,INIT
2025-11-17T16:27:04.529367,10891.401419309,0.0,50.0,0.3,-50.0,False,50.0,0.0,INIT
2025-11-17T16:27:04.630003,10891.502042804,0.0,50.0,0.3,-50.0,False,50.0,0.0,INIT
2025-11-17T16:27:04.729904,10891.601957673,0.0,50.0,0.3,-50.0,False,50.0,0.0,INIT
2025-11-17T16:27:04.830047,10891.70209901,0.0,50.0,0.3,-50.0,False,50.0,0.0,INIT
2025-11-17T16:27:04.930221,10891.802273032,0.0,50.0,0.3,-50.0,False,50.0,0.0,INIT
2025-11-17T16:27:05.030252,10891.90230305,0.0,50.0,0.3,-50.0,False,50.0,0.0,INIT
2025-11-17T16:27:05.129007,10892.001043578,0.0,50.0,0.3,-50.0,False,50.0,0.0,INIT
2025-11-17T16:27:05.229437,10892.101481621,0.0,50.0,0.3,-50.0,False,50.0,0.0,INIT
2025-11-17T16:27:05.329235,10892.20128325,0.0,50.0,0.3,-50.0,False,50.0,0.0,INIT
2025-11-17T16:27:05.430084,10892.302129988,0.0,50.0,0.3,-50.0,False,50.0,0.0,INIT
2025-11-17T16:27:05.529092,10892.40113178,0.0,50.0,0.3,-50.0,False,50.0,0.0,INIT
2025-11-17T16:27:05.628949,10892.500987328,0.0,50.0,0.3,-50.0,False,50.0,0.0,INIT
2025-11-17T16:27:05.728905,10892.600943854,0.0,50.0,0.3,-50.0,False,50.0,0.0,INIT
2025-11-17T16:27:05.829163,10892.701201793,0.0,50.0,0.3,-50.0,False,50.0,0.0,INIT
2025-11-17T16:27:05.929091,10892.801130279,0.0,50.0,0.3,-50.0,False,50.0,0.0,INIT
2025-11-17T16:27:06.029732,10892.901789017,0.0,50.0,0.3,-50.0,False,50.0,0.0,INIT
2025-11-17T16:27:06.128944,10893.000984394,0.0,50.0,0.3,-50.0,False,50.0,0.0,INIT
2025-11-17T16:27:06.229239,10893.101281796,0.0,50.0,0.3,-50.0,False,50.0,0.0,INIT
2025-11-17T16:27:06.329104,10893.201145688,0.0,50.0,0.3,-50.0,False,50.0,0.0,INIT
2025-11-17T16:27:06.429086,10893.301127821,0.0,50.0,0.3,-50.0,False,50.0,0.0,INIT
2025-11-17T16:27:06.528896,10893.400933973,0.0,50.0,0.3,-50.0,False,50.0,0.0,INIT
2025-11-17T16:27:06.629635,10893.501686325,0.0,50.0,0.3,-50.0,False,50.0,0.0,INIT
2025-11-17T16:27:06.729318,10893.601357055,0.0,50.0,0.3,-50.0,False,50.0,0.0,INIT
2025-11-17T16:27:06.829339,10893.701390471,0.0,50.0,0.3,-50.0,False,50.0,0.0,INIT
2025-11-17T16:27:06.929608,10893.801658382,0.0,50.0,0.3,-50.0,False,50.0,0.0,INIT
2025-11-17T16:27:07.029575,10893.901625579,0.0,50.0,0.3,-50.0,False,50.0,0.0,INIT
2025-11-17T16:27:07.129178,10894.001219853,0.0,50.0,0.3,-50.0,False,50.0,0.0,INIT
2025-11-17T16:27:07.229280,10894.101326452,0.0,50.0,0.3,-50.0,False,50.0,0.0,INIT
2025-11-17T16:27:07.329098,10894.201135394,0.0,50.0,0.3,-50.0,False,50.0,0.0,INIT
2025-11-17T16:27:07.429744,10894.301796778,0.0,50.0,0.3,-50.0,False,50.0,0.0,INIT
2025-11-17T16:27:07.528919,10894.400956189,0.0,50.0,0.3,-50.0,False,50.0,0.0,INIT
2025-11-17T16:27:07.629870,10894.501925874,0.0,50.0,0.3,-50.0,False,50.0,0.0,INIT
2025-11-17T16:27:07.729757,10894.601813107,0.0,50.0,0.3,-50.0,False,50.0,0.0,INIT
2025-11-17T16:27:07.829825,10894.701879787,0.0,50.0,0.3,-50.0,False,50.0,0.0,INIT
2025-11-17T16:27:07.929401,10894.801452684,0.0,50.0,0.3,-50.0,False,50.0,0.0,INIT
2025-11-17T16:27:08.029626,10894.901669653,0.0,50.0,0.3,-50.0,False,50.0,0.0,INIT
2025-11-17T16:27:08.129733,10895.001790453,0.0,50.0,0.3,-50.0,False,50.0,0.0,INIT
2025-11-17T16:27:08.229926,10895.101981924,0.0,50.0,0.3,-50.0,False,50.0,0.0,INIT
2025-11-17T16:27:08.329836,10895.201890651,0.0,50.0,0.3,-50.0,False,50.0,0.0,INIT
2025-11-17T16:27:08.429743,10895.301793002,0.0,50.0,0.3,-50.0,False,50.0,0.0,INIT
2025-11-17T16:27:08.529709,10895.40176115,0.0,50.0,0.3,-50.0,False,50.0,0.0,INIT
2025-11-17T16:27:08.629603,10895.501641339,0.0,50.0,0.3,-50.0,False,50.0,0.0,INIT
2025-11-17T16:27:08.729820,10895.601874439,0.0,50.0,0.3,-50.0,False,50.0,0.0,INIT
2025-11-17T16:27:08.829935,10895.701994356,0.0,50.0,0.3,-50.0,False,50.0,0.0,INIT
2025-11-17T16:27:08.929596,10895.801647746,0.0,50.0,0.3,-50.0,False,50.0,0.0,INIT
2025-11-17T16:27:09.029690,10895.901736679,0.0,50.0,0.3,-50.0,False,50.0,0.0,INIT
2025-11-17T16:27:09.129581,10896.001624813,0.0,50.0,0.3,-50.0,False,50.0,0.0,INIT
2025-11-17T16:27:09.228771,10896.100807754,0.0,50.0,0.3,-50.0,False,50.0,0.0,INIT
2025-11-17T16:27:09.329816,10896.201867323,0.0,50.0,0.3,-50.0,False,50.0,0.0,INIT
2025-11-17T16:27:09.429911,10896.301960794,0.0,50.0,0.3,-50.0,False,50.0,0.0,INIT
2025-11-17T16:27:09.529707,10896.401760373,0.0,50.0,0.3,-50.0,False,50.0,0.0,INIT
2025-11-17T16:27:09.629524,10896.501575513,0.0,50.0,0.3,-50.0,False,50.0,0.0,INIT
2025-11-17T16:27:09.729817,10896.601870225,0.0,50.0,0.3,-50.0,False,50.0,0.0,INIT
2025-11-17T16:27:09.829871,10896.701920446,0.0,50.0,0.3,-50.0,False,50.0,0.0,INIT
2025-11-17T16:27:09.929845,10896.801897152,0.0,50.0,0.3,-50.0,False,50.0,0.0,INIT
2025-11-17T16:27:10.029626,10896.901675702,0.0,50.0,0.3,-50.0,False,50.0,0.0,INIT
2025-11-17T16:27:10.129708,10897.001761736,0.0,50.0,0.3,-50.0,False,50.0,0.0,INIT
2025-11-17T16:27:10.229660,10897.101710676,0.0,50.0,0.3,-50.0,False,50.0,0.0,INIT
2025-11-17T16:27:10.329896,10897.201949396,0.0,50.0,0.3,-50.0,False,50.0,0.0,INIT
2025-11-17T16:27:10.429813,10897.301868664,0.0,50.0,0.3,-50.0,False,50.0,0.0,INIT
2025-11-17T16:27:10.529868,10897.401922628,0.0,50.0,0.3,-50.0,False,50.0,0.0,INIT
2025-11-17T16:27:10.629691,10897.501738748,0.0,50.0,0.3,-50.0,False,50.0,0.0,INIT
2025-11-17T16:27:10.728872,10897.600909882,0.0,50.0,0.3,-50.0,False,50.0,0.0,INIT
2025-11-17T16:27:10.829745,10897.701796734,0.0,50.0,0.3,-50.0,False,50.0,0.0,INIT
2025-11-17T16:27:10.929841,10897.801894765,0.0,50.0,0.3,-50.0,False,50.0,0.0,INIT
2025-11-17T16:27:11.029480,10897.901526775,0.0,50.0,0.3,-50.0,False,50.0,0.0,INIT
2025-11-17T16:27:11.129660,10898.001708661,0.0,50.0,0.3,-50.0,False,50.0,0.0,INIT
2025-11-17T16:27:11.228862,10898.100898209,0.0,50.0,0.3,-50.0,False,50.0,0.0,INIT
2025-11-17T16:27:11.329669,10898.201718022,0.0,50.0,0.3,-50.0,False,50.0,0.0,INIT
2025-11-17T16:27:11.429648,10898.30169666,0.0,50.0,0.3,-50.0,False,50.0,0.0,INIT
2025-11-17T16:27:11.529888,10898.401938863,0.0,50.0,0.3,-50.0,False,50.0,0.0,INIT
2025-11-17T16:27:11.629690,10898.501742485,0.0,50.0,0.3,-50.0,False,50.0,0.0,INIT
2025-11-17T16:27:11.729308,10898.601345771,0.0,50.0,0.3,-50.0,False,50.0,0.0,INIT
2025-11-17T16:27:11.829708,10898.701757215,0.0,50.0,0.3,-50.0,False,50.0,0.0,INIT
2025-11-17T16:27:11.929782,10898.801835053,0.0,50.0,0.3,-50.0,False,50.0,0.0,INIT
2025-11-17T16:27:12.029899,10898.901957608,0.0,50.0,0.3,-50.0,False,50.0,0.0,INIT
2025-11-17T16:27:12.129717,10899.001767177,0.0,50.0,0.3,-50.0,False,50.0,0.0,INIT
2025-11-17T16:27:12.229865,10899.101910727,0.0,50.0,0.3,-50.0,False,50.0,0.0,INIT
2025-11-17T16:27:12.329862,10899.201913838,0.0,50.0,0.3,-50.0,False,50.0,0.0,INIT
2025-11-17T16:27:12.430068,10899.302120114,0.0,50.0,0.3,-50.0,False,50.0,0.0,INIT
2025-11-17T16:27:12.529811,10899.401864637,0.0,50.0,0.3,-50.0,False,50.0,0.0,INIT
2025-11-17T16:27:12.629230,10899.501270632,0.0,50.0,0.3,-50.0,False,50.0,0.0,INIT
2025-11-17T16:27:12.729155,10899.601193426,0.0,50.0,0.3,-50.0,False,50.0,0.0,INIT
2025-11-17T16:27:12.830384,10899.702436571,0.0,50.0,0.3,-50.0,False,50.0,0.0,INIT
2025-11-17T16:27:12.930235,10899.802282405,0.0,50.0,0.3,-50.0,False,50.0,0.0,INIT
2025-11-17T16:27:13.030440,10899.90249429,0.0,50.0,0.3,-50.0,False,50.0,0.0,INIT
2025-11-17T16:27:13.130133,10900.0021817,0.0,50.0,0.3,-50.0,False,50.0,0.0,INIT
2025-11-17T16:27:13.229102,10900.101138558,0.0,50.0,0.3,-50.0,False,50.0,0.0,INIT
2025-11-17T16:27:13.328971,10900.201023402,0.0,50.0,0.3,-50.0,False,50.0,0.0,INIT
2025-11-17T16:27:13.430308,10900.302356713,0.0,50.0,0.3,-50.0,False,50.0,0.0,INIT
2025-11-17T16:27:13.530094,10900.402133626,0.0,50.0,0.3,-50.0,False,50.0,0.0,INIT
2025-11-17T16:27:13.630103,10900.502152251,0.0,50.0,0.3,-50.0,False,50.0,0.0,INIT
2025-11-17T16:27:13.730085,10900.60213493,0.0,50.0,0.3,-50.0,False,50.0,0.0,INIT
2025-11-17T16:27:13.829886,10900.70193785,0.0,50.0,0.3,-50.0,False,50.0,0.0,INIT
2025-11-17T16:27:13.930131,10900.802179612,0.0,50.0,0.3,-50.0,False,50.0,0.0,INIT
2025-11-17T16:27:14.029142,10900.90118017,0.0,50.0,0.3,-50.0,False,50.0,0.0,INIT
2025-11-17T16:27:14.129614,10901.001656471,0.0,50.0,0.3,-50.0,False,50.0,0.0,INIT
2025-11-17T16:27:14.229932,10901.101981922,0.0,50.0,0.3,-50.0,False,50.0,0.0,INIT
2025-11-17T16:27:14.329241,10901.201281823,0.0,50.0,0.3,-50.0,False,50.0,0.0,INIT
2025-11-17T16:27:14.429247,10901.301287266,0.0,50.0,0.3,-50.0,False,50.0,0.0,INIT
2025-11-17T16:27:14.529060,10901.401097722,0.0,50.0,0.3,-50.0,False,50.0,0.0,INIT
2025-11-17T16:27:14.629181,10901.50122067,0.0,50.0,0.3,-50.0,False,50.0,0.0,INIT
2025-11-17T16:27:14.729326,10901.601369853,0.0,50.0,0.3,-50.0,False,50.0,0.0,INIT
2025-11-17T16:27:14.829169,10901.70120795,0.0,50.0,0.3,-50.0,False,50.0,0.0,INIT
2025-11-17T16:27:14.929159,10901.801196228,0.0,50.0,0.3,-50.0,False,50.0,0.0,INIT
2025-11-17T16:27:15.029054,10901.901091503,0.0,50.0,0.3,-50.0,False,50.0,0.0,INIT
2025-11-17T16:27:15.129448,10902.001492879,0.0,50.0,0.3,-50.0,False,50.0,0.0,INIT
2025-11-17T16:27:15.228914,10902.100952296,0.0,50.0,0.3,-50.0,False,50.0,0.0,INIT
2025-11-17T16:27:15.328738,10902.200774094,0.0,50.0,0.3,-50.0,False,50.0,0.0,INIT
2025-11-17T16:27:15.428921,10902.300959339,0.0,50.0,0.3,-50.0,False,50.0,0.0,INIT
2025-11-17T16:27:15.529620,10902.40167407,0.0,50.0,0.3,-50.0,False,50.0,0.0,INIT
2025-11-17T16:27:15.629574,10902.501623492,0.0,50.0,0.3,-50.0,False,50.0,0.0,INIT
2025-11-17T16:27:15.729695,10902.601743442,0.0,50.0,0.3,-50.0,False,50.0,0.0,INIT
2025-11-17T16:27:15.828776,10902.700815838,0.0,50.0,0.3,-50.0,False,50.0,0.0,INIT
2025-11-17T16:27:15.929556,10902.801606925,0.0,50.0,0.3,-50.0,False,50.0,0.0,INIT
2025-11-17T16:27:16.029435,10902.901481759,0.0,50.0,0.3,-50.0,False,50.0,0.0,INIT
2025-11-17T16:27:16.129484,10903.001526898,0.0,50.0,0.3,-50.0,False,50.0,0.0,INIT
2025-11-17T16:27:16.229764,10903.101817735,0.0,50.0,0.3,-50.0,False,50.0,0.0,INIT
2025-11-17T16:27:16.329281,10903.201321034,0.0,50.0,0.3,-50.0,False,50.0,0.0,INIT
2025-11-17T16:27:16.428856,10903.300895884,0.0,50.0,0.3,-50.0,False,50.0,0.0,INIT
2025-11-17T16:27:16.528904,10903.400949698,0.0,50.0,0.3,-50.0,False,50.0,0.0,INIT
2025-11-17T16:27:16.629858,10903.501908309,0.0,50.0,0.3,-50.0,False,50.0,0.0,INIT
2025-11-17T16:27:16.729319,10903.601356215,0.0,50.0,0.3,-50.0,False,50.0,0.0,INIT
2025-11-17T16:27:16.829026,10903.701063067,0.0,50.0,0.3,-50.0,False,50.0,0.0,INIT
2025-11-17T16:27:16.929629,10903.801677263,0.0,50.0,0.3,-50.0,False,50.0,0.0,INIT
2025-11-17T16:27:17.029547,10903.901586629,0.0,50.0,0.3,-50.0,False,50.0,0.0,INIT
2025-11-17T16:27:17.129399,10904.001448539,0.0,50.0,0.3,-50.0,False,50.0,0.0,INIT
2025-11-17T16:27:17.229705,10904.10175552,0.0,50.0,0.3,-50.0,False,50.0,0.0,INIT
2025-11-17T16:27:17.329200,10904.201240681,0.0,50.0,0.3,-50.0,False,50.0,0.0,INIT
2025-11-17T16:27:17.429274,10904.301317177,0.0,50.0,0.3,-50.0,False,50.0,0.0,INIT
2025-11-17T16:27:17.529493,10904.401530986,0.0,50.0,0.3,-50.0,False,50.0,0.0,INIT
2025-11-17T16:27:17.630069,10904.502117599,0.0,50.0,0.3,-50.0,False,50.0,0.0,INIT
2025-11-17T16:27:17.730205,10904.602252943,0.0,50.0,0.3,-50.0,False,50.0,0.0,INIT
2025-11-17T16:27:17.829276,10904.70131531,0.0,50.0,0.3,-50.0,False,50.0,0.0,INIT
2025-11-17T16:27:17.929160,10904.801201233,0.0,50.0,0.3,-50.0,False,50.0,0.0,INIT
2025-11-17T16:27:18.028940,10904.900978248,0.0,50.0,0.3,-50.0,False,50.0,0.0,INIT
2025-11-17T16:27:18.129699,10905.001750639,0.0,50.0,0.3,-50.0,False,50.0,0.0,INIT
2025-11-17T16:27:18.229937,10905.101985357,0.0,50.0,0.3,-50.0,False,50.0,0.0,INIT
2025-11-17T16:27:18.329199,10905.201251138,0.0,50.0,0.3,-50.0,False,50.0,0.0,INIT
2025-11-17T16:27:18.429634,10905.30168226,0.0,50.0,0.3,-50.0,False,50.0,0.0,INIT
2025-11-17T16:27:18.530228,10905.402280111,0.0,50.0,0.3,-50.0,False,50.0,0.0,INIT
2025-11-17T16:27:18.629647,10905.501697756,0.0,50.0,0.3,-50.0,False,50.0,0.0,INIT
2025-11-17T16:27:18.729964,10905.602042791,0.0,50.0,0.3,-50.0,False,50.0,0.0,INIT
2025-11-17T16:27:18.829259,10905.701294857,0.0,50.0,0.3,-50.0,False,50.0,0.0,INIT
2025-11-17T16:27:18.929117,10905.801156336,0.0,50.0,0.3,-50.0,False,50.0,0.0,INIT
2025-11-17T16:27:19.029063,10905.901102267,0.0,50.0,0.3,-50.0,False,50.0,0.0,INIT
2025-11-17T16:27:19.129686,10906.001730034,0.0,50.0,0.3,-50.0,False,50.0,0.0,INIT
2025-11-17T16:27:19.228932,10906.100966318,0.0,50.0,0.3,-50.0,False,50.0,0.0,INIT
2025-11-17T16:27:19.329667,10906.201710202,0.0,50.0,0.3,-50.0,False,50.0,0.0,INIT
2025-11-17T16:27:19.428875,10906.300908207,0.0,50.0,0.3,-50.0,False,50.0,0.0,INIT
2025-11-17T16:27:19.529057,10906.401095214,0.0,50.0,0.3,-50.0,False,50.0,0.0,INIT
2025-11-17T16:27:19.629505,10906.501548683,0.0,50.0,0.3,-50.0,False,50.0,0.0,INIT
2025-11-17T16:27:19.729174,10906.601216744,0.0,50.0,0.3,-50.0,False,50.0,0.0,INIT
2025-11-17T16:27:19.829763,10906.701810641,0.0,50.0,0.3,-50.0,False,50.0,0.0,INIT
2025-11-17T16:27:19.929147,10906.801189437,0.0,50.0,0.3,-50.0,False,50.0,0.0,INIT
2025-11-17T16:27:20.029100,10906.901141213,0.0,50.0,0.3,-50.0,False,50.0,0.0,INIT
2025-11-17T16:27:20.130152,10907.002202806,0.0,50.0,0.3,-50.0,False,50.0,0.0,INIT
2025-11-17T16:27:20.230152,10907.1022047,0.0,50.0,0.3,-50.0,False,50.0,0.0,INIT
2025-11-17T16:27:20.329286,10907.201323448,0.0,50.0,0.3,-50.0,False,50.0,0.0,INIT
2025-11-17T16:27:20.429811,10907.301866961,0.0,50.0,0.3,-50.0,False,50.0,0.0,INIT
2025-11-17T16:27:20.529203,10907.401246227,0.0,50.0,0.3,-50.0,False,50.0,0.0,INIT
2025-11-17T16:27:20.629039,10907.5010754,0.0,50.0,0.3,-50.0,False,50.0,0.0,INIT
2025-11-17T16:27:20.729180,10907.601223045,0.0,50.0,0.3,-50.0,False,50.0,0.0,INIT
2025-11-17T16:27:20.829155,10907.701195079,0.0,50.0,0.3,-50.0,False,50.0,0.0,INIT
2025-11-17T16:27:20.929618,10907.801659723,0.0,50.0,0.3,-50.0,False,50.0,0.0,INIT
2025-11-17T16:27:21.029355,10907.901393269,0.0,50.0,0.3,-50.0,False,50.0,0.0,INIT
2025-11-17T16:27:21.128996,10908.001034242,0.0,50.0,0.3,-50.0,False,50.0,0.0,INIT
2025-11-17T16:27:21.229628,10908.101674801,0.0,50.0,0.3,-50.0,False,50.0,0.0,INIT
2025-11-17T16:27:21.329896,10908.201949418,0.0,50.0,0.3,-50.0,False,50.0,0.0,INIT
2025-11-17T16:27:21.428956,10908.300994662,0.0,50.0,0.3,-50.0,False,50.0,0.0,INIT
2025-11-17T16:27:21.529615,10908.401663339,0.0,50.0,0.3,-50.0,False,50.0,0.0,INIT
2025-11-17T16:27:21.630066,10908.50211793,0.0,50.0,0.3,-50.0,False,50.0,0.0,INIT
2025-11-17T16:27:21.729826,10908.601870903,0.0,50.0,0.3,-50.0,False,50.0,0.0,INIT
2025-11-17T16:27:21.828919,10908.700954419,0.0,50.0,0.3,-50.0,False,50.0,0.0,INIT
2025-11-17T16:27:21.929661,10908.801716523,0.0,50.0,0.3,-50.0,False,50.0,0.0,INIT
2025-11-17T16:27:22.029917,10908.901969666,0.0,50.0,0.3,-50.0,False,50.0,0.0,INIT
2025-11-17T16:27:22.129688,10909.001738775,0.0,50.0,0.3,-50.0,False,50.0,0.0,INIT
2025-11-17T16:27:22.229826,10909.10187483,0.0,50.0,0.3,-50.0,False,50.0,0.0,INIT
2025-11-17T16:27:22.329851,10909.201898912,0.0,50.0,0.3,-50.0,False,50.0,0.0,INIT
2025-11-17T16:27:22.429586,10909.301622786,0.0,50.0,0.3,-50.0,False,50.0,0.0,INIT
2025-11-17T16:27:22.529582,10909.401630564,0.0,50.0,0.3,-50.0,False,50.0,0.0,INIT
2025-11-17T16:27:22.629856,10909.501904921,0.0,50.0,0.3,-50.0,False,50.0,0.0,INIT
2025-11-17T16:27:22.729675,10909.601722687,0.0,50.0,0.3,-50.0,False,50.0,0.0,INIT
2025-11-17T16:27:22.829371,10909.701414021,0.0,50.0,0.3,-50.0,False,50.0,0.0,INIT
2025-11-17T16:27:22.929336,10909.80137373,0.0,50.0,0.3,-50.0,False,50.0,0.0,INIT
2025-11-17T16:27:23.029765,10909.901811356,0.0,50.0,0.3,-50.0,False,50.0,0.0,INIT
2025-11-17T16:27:23.129140,10910.001181319,0.0,50.0,0.3,-50.0,False,50.0,0.0,INIT
2025-11-17T16:27:23.229856,10910.101904878,0.0,50.0,0.3,-50.0,False,50.0,0.0,INIT
2025-11-17T16:27:23.329398,10910.201437444,0.0,50.0,0.3,-50.0,False,50.0,0.0,INIT
2025-11-17T16:27:23.429778,10910.301824715,0.0,50.0,0.3,-50.0,False,50.0,0.0,INIT
2025-11-17T16:27:23.529644,10910.401693121,0.0,50.0,0.3,-50.0,False,50.0,0.0,INIT
2025-11-17T16:27:23.629855,10910.50190534,0.0,50.0,0.3,-50.0,False,50.0,0.0,INIT
2025-11-17T16:27:23.729926,10910.601976066,0.0,50.0,0.3,-50.0,False,50.0,0.0,INIT
2025-11-17T16:27:23.829722,10910.701772123,0.0,50.0,0.3,-50.0,False,50.0,0.0,INIT
2025-11-17T16:27:23.929886,10910.801941885,0.0,50.0,0.3,-50.0,False,50.0,0.0,INIT
2025-11-17T16:27:24.029076,10910.901127089,0.0,50.0,0.3,-50.0,False,50.0,0.0,INIT
2025-11-17T16:27:24.129799,10911.001851242,0.0,50.0,0.3,-50.0,False,50.0,0.0,INIT
2025-11-17T16:27:24.229969,10911.102042369,0.0,50.0,0.3,-50.0,False,50.0,0.0,INIT
2025-11-17T16:27:24.329868,10911.201921144,0.0,50.0,0.3,-50.0,False,50.0,0.0,INIT
2025-11-17T16:27:24.429863,10911.301910023,0.0,50.0,0.3,-50.0,False,50.0,0.0,INIT
2025-11-17T16:27:24.529731,10911.401778382,0.0,50.0,0.3,-50.0,False,50.0,0.0,INIT
2025-11-17T16:27:24.629776,10911.501823692,0.0,50.0,0.3,-50.0,False,50.0,0.0,INIT
2025-11-17T16:27:24.729874,10911.601925609,0.0,50.0,0.3,-50.0,False,50.0,0.0,INIT
2025-11-17T16:27:24.829815,10911.701866676,0.0,50.0,0.3,-50.0,False,50.0,0.0,INIT
2025-11-17T16:27:24.929712,10911.801765098,0.0,50.0,0.3,-50.0,False,50.0,0.0,INIT
2025-11-17T16:27:25.029872,10911.90192404,0.0,50.0,0.3,-50.0,False,50.0,0.0,INIT
2025-11-17T16:27:25.129839,10912.001891283,0.0,50.0,0.3,-50.0,False,50.0,0.0,INIT
2025-11-17T16:27:25.229736,10912.101781597,0.0,50.0,0.3,-50.0,False,50.0,0.0,INIT
2025-11-17T16:27:25.329877,10912.201930043,0.0,50.0,0.3,-50.0,False,50.0,0.0,INIT
2025-11-17T16:27:25.429768,10912.301814275,0.0,50.0,0.3,-50.0,False,50.0,0.0,INIT
2025-11-17T16:27:25.529115,10912.401153076,0.0,50.0,0.3,-50.0,False,50.0,0.0,INIT
2025-11-17T16:27:25.629754,10912.501799955,0.0,50.0,0.3,-50.0,False,50.0,0.0,INIT
2025-11-17T16:27:25.728819,10912.600853202,0.0,50.0,0.3,-50.0,False,50.0,0.0,INIT
2025-11-17T16:27:25.829173,10912.701210881,0.0,50.0,0.3,-50.0,False,50.0,0.0,INIT
2025-11-17T16:27:25.929335,10912.801376938,0.0,50.0,0.3,-50.0,False,50.0,0.0,INIT
2025-11-17T16:27:26.029589,10912.901634345,0.0,50.0,0.3,-50.0,False,50.0,0.0,INIT
2025-11-17T16:27:26.129129,10913.001168739,0.0,50.0,0.3,-50.0,False,50.0,0.0,INIT
2025-11-17T16:27:26.229700,10913.101751345,0.0,50.0,0.3,-50.0,False,50.0,0.0,INIT
2025-11-17T16:27:26.330329,10913.202382175,0.0,50.0,0.3,-50.0,False,50.0,0.0,INIT
2025-11-17T16:27:26.429118,10913.301157707,0.0,50.0,0.3,-50.0,False,50.0,0.0,INIT
2025-11-17T16:27:26.529133,10913.40117132,0.0,50.0,0.3,-50.0,False,50.0,0.0,INIT
2025-11-17T16:27:26.629753,10913.501800955,0.0,50.0,0.3,-50.0,False,50.0,0.0,INIT
2025-11-17T16:27:26.729606,10913.601651019,0.0,50.0,0.3,-50.0,False,50.0,0.0,INIT
2025-11-17T16:27:26.829190,10913.701230471,0.0,50.0,0.3,-50.0,False,50.0,0.0,INIT
2025-11-17T16:27:26.929215,10913.80125174,0.0,50.0,0.3,-50.0,False,50.0,0.0,INIT
2025-11-17T16:27:27.029006,10913.901040438,0.0,50.0,0.3,-50.0,False,50.0,0.0,INIT
2025-11-17T16:27:27.130042,10914.002089944,0.0,50.0,0.3,-50.0,False,50.0,0.0,INIT
2025-11-17T16:27:27.229042,10914.101078195,0.0,50.0,0.3,-50.0,False,50.0,0.0,INIT
2025-11-17T16:27:27.329874,10914.201923301,0.0,50.0,0.3,-50.0,False,50.0,0.0,INIT
2025-11-17T16:27:27.429201,10914.301240774,0.0,50.0,0.3,-50.0,False,50.0,0.0,INIT
2025-11-17T16:27:27.528914,10914.400950553,0.0,50.0,0.3,-50.0,False,50.0,0.0,INIT
2025-11-17T16:27:27.630240,10914.502289953,0.0,50.0,0.3,-50.0,False,50.0,0.0,INIT
2025-11-17T16:27:27.730489,10914.602544336,0.0,50.0,0.3,-50.0,False,50.0,0.0,INIT
2025-11-17T16:27:27.829076,10914.70111638,0.0,50.0,0.3,-50.0,False,50.0,0.0,INIT
2025-11-17T16:27:27.929492,10914.80153115,0.0,50.0,0.3,-50.0,False,50.0,0.0,INIT
2025-11-17T16:27:28.029275,10914.901316347,0.0,50.0,0.3,-50.0,False,50.0,0.0,INIT
2025-11-17T16:27:28.129399,10915.001439226,0.0,50.0,0.3,-50.0,False,50.0,0.0,INIT
2025-11-17T16:27:28.229502,10915.10154484,0.0,50.0,0.3,-50.0,False,50.0,0.0,INIT
2025-11-17T16:27:28.329851,10915.201895303,0.0,50.0,0.3,-50.0,False,50.0,0.0,INIT
2025-11-17T16:27:28.429356,10915.301394271,0.0,50.0,0.3,-50.0,False,50.0,0.0,INIT
2025-11-17T16:27:28.530085,10915.402137505,0.0,50.0,0.3,-50.0,False,50.0,0.0,INIT
2025-11-17T16:27:28.629156,10915.501194014,0.0,50.0,0.3,-50.0,False,50.0,0.0,INIT
2025-11-17T16:27:28.729038,10915.601076091,0.0,50.0,0.3,-50.0,False,50.0,0.0,INIT
2025-11-17T16:27:28.829187,10915.701227611,0.0,50.0,0.3,-50.0,False,50.0,0.0,INIT
2025-11-17T16:27:28.929201,10915.801240044,0.0,50.0,0.3,-50.0,False,50.0,0.0,INIT
2025-11-17T16:27:29.029802,10915.901840538,0.0,50.0,0.3,-50.0,False,50.0,0.0,INIT
2025-11-17T16:27:29.129888,10916.001937335,0.0,50.0,0.3,-50.0,False,50.0,0.0,INIT
2025-11-17T16:27:29.229752,10916.101797297,0.0,50.0,0.3,-50.0,False,50.0,0.0,INIT
2025-11-17T16:27:29.329727,10916.201773283,0.0,50.0,0.3,-50.0,False,50.0,0.0,INIT
2025-11-17T16:27:29.428808,10916.30084297,0.0,50.0,0.3,-50.0,False,50.0,0.0,INIT
2025-11-17T16:27:29.529811,10916.401859596,0.0,50.0,0.3,-50.0,False,50.0,0.0,INIT
2025-11-17T16:27:29.629529,10916.501577372,0.0,50.0,0.3,-50.0,False,50.0,0.0,INIT
2025-11-17T16:27:29.729134,10916.601174229,0.0,50.0,0.3,-50.0,False,50.0,0.0,INIT
2025-11-17T16:27:29.829086,10916.701122889,0.0,50.0,0.3,-50.0,False,50.0,0.0,INIT
2025-11-17T16:27:29.929458,10916.801500615,0.0,50.0,0.3,-50.0,False,50.0,0.0,INIT
2025-11-17T16:27:30.029068,10916.901106842,0.0,50.0,0.3,-50.0,False,50.0,0.0,INIT
2025-11-17T16:27:30.129603,10917.001642079,0.0,50.0,0.3,-50.0,False,50.0,0.0,INIT
2025-11-17T16:27:30.229195,10917.101236283,0.0,50.0,0.3,-50.0,False,50.0,0.0,INIT
2025-11-17T16:27:30.329514,10917.201559398,0.0,50.0,0.3,-50.0,False,50.0,0.0,INIT
2025-11-17T16:27:30.429110,10917.301150573,0.0,50.0,0.3,-50.0,False,50.0,0.0,INIT
2025-11-17T16:27:30.529740,10917.401788431,0.0,50.0,0.3,-50.0,False,50.0,0.0,INIT
2025-11-17T16:27:30.628819,10917.500856388,0.0,50.0,0.3,-50.0,False,50.0,0.0,INIT
2025-11-17T16:27:30.729389,10917.601425354,0.0,50.0,0.3,-50.0,False,50.0,0.0,INIT
2025-11-17T16:27:30.828839,10917.700873299,0.0,50.0,0.3,-50.0,False,50.0,0.0,INIT
2025-11-17T16:27:30.929307,10917.80134119,0.0,50.0,0.3,-50.0,False,50.0,0.0,INIT
2025-11-17T16:27:31.029119,10917.901156998,0.0,50.0,0.3,-50.0,False,50.0,0.0,INIT
2025-11-17T16:27:31.129112,10918.001148681,0.0,50.0,0.3,-50.0,False,50.0,0.0,INIT
2025-11-17T16:27:31.229203,10918.101241339,0.0,50.0,0.3,-50.0,False,50.0,0.0,INIT
2025-11-17T16:27:31.328809,10918.20084584,0.0,50.0,0.3,-50.0,False,50.0,0.0,INIT
2025-11-17T16:27:31.429024,10918.301061931,0.0,50.0,0.3,-50.0,False,50.0,0.0,INIT
2025-11-17T16:27:31.529695,10918.40174616,0.0,50.0,0.3,-50.0,False,50.0,0.0,INIT
2025-11-17T16:27:31.628814,10918.500850528,0.0,50.0,0.3,-50.0,False,50.0,0.0,INIT
2025-11-17T16:27:31.729296,10918.601336995,0.0,50.0,0.3,-50.0,False,50.0,0.0,INIT
2025-11-17T16:27:31.828971,10918.70102494,0.0,50.0,0.3,-50.0,False,50.0,0.0,INIT
2025-11-17T16:27:31.929153,10918.801191589,0.0,50.0,0.3,-50.0,False,50.0,0.0,INIT
2025-11-17T16:27:32.029066,10918.901105264,0.0,50.0,0.3,-50.0,False,50.0,0.0,INIT
2025-11-17T16:27:32.129040,10919.001076303,0.0,50.0,0.3,-50.0,False,50.0,0.0,INIT
2025-11-17T16:27:32.229814,10919.101865147,0.0,50.0,0.3,-50.0,False,50.0,0.0,INIT
2025-11-17T16:27:32.329126,10919.201163841,0.0,50.0,0.3,-50.0,False,50.0,0.0,INIT
2025-11-17T16:27:32.429321,10919.301366288,0.0,50.0,0.3,-50.0,False,50.0,0.0,INIT
2025-11-17T16:27:32.529816,10919.401864841,0.0,50.0,0.3,-50.0,False,50.0,0.0,INIT
2025-11-17T16:27:32.629368,10919.50141205,0.0,50.0,0.3,-50.0,False,50.0,0.0,INIT
2025-11-17T16:27:32.729181,10919.60121964,0.0,50.0,0.3,-50.0,False,50.0,0.0,INIT
2025-11-17T16:27:32.828994,10919.701030542,0.0,50.0,0.3,-50.0,False,50.0,0.0,INIT
2025-11-17T16:27:32.928967,10919.801020109,0.0,50.0,0.3,-50.0,False,50.0,0.0,INIT
2025-11-17T16:27:33.029659,10919.901710209,0.0,50.0,0.3,-50.0,False,50.0,0.0,INIT
2025-11-17T16:27:33.129741,10920.001789031,0.0,50.0,0.3,-50.0,False,50.0,0.0,INIT
2025-11-17T16:27:33.229747,10920.101793965,0.0,50.0,0.3,-50.0,False,50.0,0.0,INIT
2025-11-17T16:27:33.329630,10920.201677882,0.0,50.0,0.3,-50.0,False,50.0,0.0,INIT
2025-11-17T16:27:33.429753,10920.301802027,0.0,50.0,0.3,-50.0,False,50.0,0.0,INIT
2025-11-17T16:27:33.530369,10920.402425166,0.0,50.0,0.3,-50.0,False,50.0,0.0,INIT
2025-11-17T16:27:33.629045,10920.501080486,0.0,50.0,0.3,-50.0,False,50.0,0.0,INIT
2025-11-17T16:27:33.729461,10920.60151005,0.0,50.0,0.3,-50.0,False,50.0,0.0,INIT
2025-11-17T16:27:33.828931,10920.700971366,0.0,50.0,0.3,-50.0,False,50.0,0.0,INIT
2025-11-17T16:27:33.929160,10920.801199949,0.0,50.0,0.3,-50.0,False,50.0,0.0,INIT
2025-11-17T16:27:34.029282,10920.901321408,0.0,50.0,0.3,-50.0,False,50.0,0.0,INIT
2025-11-17T16:27:34.129027,10921.001067149,0.0,50.0,0.3,-50.0,False,50.0,0.0,INIT
2025-11-17T16:27:34.229969,10921.102033655,0.0,50.0,0.3,-50.0,False,50.0,0.0,INIT
2025-11-17T16:27:34.329665,10921.201711017,0.0,50.0,0.3,-50.0,False,50.0,0.0,INIT
2025-11-17T16:27:34.429734,10921.30178477,0.0,50.0,0.3,-50.0,False,50.0,0.0,INIT
2025-11-17T16:27:34.529765,10921.401820028,0.0,50.0,0.3,-50.0,False,50.0,0.0,INIT
2025-11-17T16:27:34.629509,10921.501552859,0.0,50.0,0.3,-50.0,False,50.0,0.0,INIT
2025-11-17T16:27:34.729109,10921.601150885,0.0,50.0,0.3,-50.0,False,50.0,0.0,INIT
2025-11-17T16:27:34.829006,10921.701041976,0.0,50.0,0.3,-50.0,False,50.0,0.0,INIT
2025-11-17T16:27:34.929149,10921.801191901,0.0,50.0,0.3,-50.0,False,50.0,0.0,INIT
2025-11-17T16:27:35.028933,10921.900969196,0.0,50.0,0.3,-50.0,False,50.0,0.0,INIT
2025-11-17T16:27:35.129567,10922.001618437,0.0,50.0,0.3,-50.0,False,50.0,0.0,INIT
2025-11-17T16:27:35.229089,10922.101130621,0.0,50.0,0.3,-50.0,False,50.0,0.0,INIT
2025-11-17T16:27:35.329142,10922.201186774,0.0,50.0,0.3,-50.0,False,50.0,0.0,INIT
2025-11-17T16:27:35.428888,10922.30092416,0.0,50.0,0.3,-50.0,False,50.0,0.0,INIT
2025-11-17T16:27:35.529135,10922.401176011,0.0,50.0,0.3,-50.0,False,50.0,0.0,INIT
2025-11-17T16:27:35.629027,10922.501063693,0.0,50.0,0.3,-50.0,False,50.0,0.0,INIT
2025-11-17T16:27:35.728866,10922.600904939,0.0,50.0,0.3,-50.0,False,50.0,0.0,INIT
2025-11-17T16:27:35.828835,10922.700871372,0.0,50.0,0.3,-50.0,False,50.0,0.0,INIT
2025-11-17T16:27:35.928937,10922.800972919,0.0,50.0,0.3,-50.0,False,50.0,0.0,INIT
2025-11-17T16:27:36.028745,10922.900781422,0.0,50.0,0.3,-50.0,False,50.0,0.0,INIT
2025-11-17T16:27:36.129651,10923.001686924,0.0,50.0,0.3,-50.0,False,50.0,0.0,INIT
2025-11-17T16:27:36.228869,10923.100908383,0.0,50.0,0.3,-50.0,False,50.0,0.0,INIT
2025-11-17T16:27:36.329028,10923.201065227,0.0,50.0,0.3,-50.0,False,50.0,0.0,INIT
2025-11-17T16:27:36.428824,10923.300860458,0.0,50.0,0.3,-50.0,False,50.0,0.0,INIT
2025-11-17T16:27:36.528853,10923.400889966,0.0,50.0,0.3,-50.0,False,50.0,0.0,INIT
2025-11-17T16:27:36.628870,10923.50090602,0.0,50.0,0.3,-50.0,False,50.0,0.0,INIT
2025-11-17T16:27:36.728690,10923.600725587,0.0,50.0,0.3,-50.0,False,50.0,0.0,INIT
2025-11-17T16:27:36.828850,10923.70088439,0.0,50.0,0.3,-50.0,False,50.0,0.0,INIT
2025-11-17T16:27:36.928756,10923.800794671,0.0,50.0,0.3,-50.0,False,50.0,0.0,INIT
2025-11-17T16:27:37.028848,10923.900884571,0.0,50.0,0.3,-50.0,False,50.0,0.0,INIT
2025-11-17T16:27:37.128882,10924.000918404,0.0,50.0,0.3,-50.0,False,50.0,0.0,INIT
2025-11-17T16:27:37.228792,10924.100827064,0.0,50.0,0.3,-50.0,False,50.0,0.0,INIT
2025-11-17T16:27:37.328882,10924.200916334,0.0,50.0,0.3,-50.0,False,50.0,0.0,INIT
2025-11-17T16:27:37.428851,10924.300889417,0.0,50.0,0.3,-50.0,False,50.0,0.0,INIT
2025-11-17T16:27:37.528924,10924.400959633,0.0,50.0,0.3,-50.0,False,50.0,0.0,INIT
2025-11-17T16:27:37.629031,10924.501067841,0.0,50.0,0.3,-50.0,False,50.0,0.0,INIT
2025-11-17T16:27:37.728924,10924.600961346,0.0,50.0,0.3,-50.0,False,50.0,0.0,INIT
2025-11-17T16:27:37.828930,10924.700966707,0.0,50.0,0.3,-50.0,False,50.0,0.0,INIT
2025-11-17T16:27:37.928959,10924.80099433,0.0,50.0,0.3,-50.0,False,50.0,0.0,INIT
2025-11-17T16:27:38.029100,10924.901141023,0.0,50.0,0.3,-50.0,False,50.0,0.0,INIT
2025-11-17T16:27:38.129034,10925.001068718,0.0,50.0,0.3,-50.0,False,50.0,0.0,INIT
2025-11-17T16:27:38.229009,10925.101047321,0.0,50.0,0.3,-50.0,False,50.0,0.0,INIT
2025-11-17T16:27:38.328773,10925.200808484,0.0,50.0,0.3,-50.0,False,50.0,0.0,INIT
2025-11-17T16:27:38.428851,10925.300885627,0.0,50.0,0.3,-50.0,False,50.0,0.0,INIT
2025-11-17T16:27:38.528873,10925.400911865,0.0,50.0,0.3,-50.0,False,50.0,0.0,INIT
2025-11-17T16:27:38.628897,10925.50093495,0.0,50.0,0.3,-50.0,False,50.0,0.0,INIT
2025-11-17T16:27:38.729571,10925.601606405,0.0,50.0,0.3,-50.0,False,50.0,0.0,INIT
2025-11-17T16:27:38.828833,10925.700870109,0.0,50.0,0.3,-50.0,False,50.0,0.0,INIT
2025-11-17T16:27:38.929147,10925.801188518,0.0,50.0,0.3,-50.0,False,50.0,0.0,INIT
2025-11-17T16:27:39.028948,10925.900984934,0.0,50.0,0.3,-50.0,False,50.0,0.0,INIT
2025-11-17T16:27:39.128921,10926.000958117,0.0,50.0,0.3,-50.0,False,50.0,0.0,INIT
2025-11-17T16:27:39.228993,10926.101029631,0.0,50.0,0.3,-50.0,False,50.0,0.0,INIT
2025-11-17T16:27:39.329093,10926.201128239,0.0,50.0,0.3,-50.0,False,50.0,0.0,INIT
2025-11-17T16:27:39.429060,10926.301095,0.0,50.0,0.3,-50.0,False,50.0,0.0,INIT
2025-11-17T16:27:39.529146,10926.401186221,0.0,50.0,0.3,-50.0,False,50.0,0.0,INIT
2025-11-17T16:27:39.629881,10926.501928307,0.0,50.0,0.3,-50.0,False,50.0,0.0,INIT
2025-11-17T16:27:39.729005,10926.601041269,0.0,50.0,0.3,-50.0,False,50.0,0.0,INIT
2025-11-17T16:27:39.829182,10926.701219353,0.0,50.0,0.3,-50.0,False,50.0,0.0,INIT
2025-11-17T16:27:39.929737,10926.801788297,0.0,50.0,0.3,-50.0,False,50.0,0.0,INIT
2025-11-17T16:27:40.029115,10926.901151831,0.0,50.0,0.3,-50.0,False,50.0,0.0,INIT
2025-11-17T16:27:40.129594,10927.00164069,0.0,50.0,0.3,-50.0,False,50.0,0.0,INIT
2025-11-17T16:27:40.230243,10927.102292869,0.0,50.0,0.3,-50.0,False,50.0,0.0,INIT
2025-11-17T16:27:40.329088,10927.201130588,0.0,50.0,0.3,-50.0,False,50.0,0.0,INIT
2025-11-17T16:27:40.429105,10927.30114339,0.0,50.0,0.3,-50.0,False,50.0,0.0,INIT
2025-11-17T16:27:40.529728,10927.401770715,0.0,50.0,0.3,-50.0,False,50.0,0.0,INIT
2025-11-17T16:27:40.629261,10927.501305461,0.0,50.0,0.3,-50.0,False,50.0,0.0,INIT
2025-11-17T16:27:40.729533,10927.601587551,0.0,50.0,0.3,-50.0,False,50.0,0.0,INIT
2025-11-17T16:27:40.829646,10927.701688712,0.0,50.0,0.3,-50.0,False,50.0,0.0,INIT
2025-11-17T16:27:40.929297,10927.801336892,0.0,50.0,0.3,-50.0,False,50.0,0.0,INIT
2025-11-17T16:27:41.029111,10927.901155124,0.0,50.0,0.3,-50.0,False,50.0,0.0,INIT
2025-11-17T16:27:41.129219,10928.001266659,0.0,50.0,0.3,-50.0,False,50.0,0.0,INIT
2025-11-17T16:27:41.229235,10928.101281193,0.0,50.0,0.3,-50.0,False,50.0,0.0,INIT
2025-11-17T16:27:41.330064,10928.20211373,0.0,50.0,0.3,-50.0,False,50.0,0.0,INIT
2025-11-17T16:27:41.430084,10928.302136154,0.0,50.0,0.3,-50.0,False,50.0,0.0,INIT
2025-11-17T16:27:41.529377,10928.40141887,0.0,50.0,0.3,-50.0,False,50.0,0.0,INIT
2025-11-17T16:27:41.630211,10928.502261679,0.0,50.0,0.3,-50.0,False,50.0,0.0,INIT
2025-11-17T16:27:41.729611,10928.601656288,0.0,50.0,0.3,-50.0,False,50.0,0.0,INIT
2025-11-17T16:27:41.828889,10928.700924933,0.0,50.0,0.3,-50.0,False,50.0,0.0,INIT
2025-11-17T16:27:41.929664,10928.801706201,0.0,50.0,0.3,-50.0,False,50.0,0.0,INIT
2025-11-17T16:27:42.029418,10928.90145684,0.0,50.0,0.3,-50.0,False,50.0,0.0,INIT
2025-11-17T16:27:42.129124,10929.001166425,0.0,50.0,0.3,-50.0,False,50.0,0.0,INIT
2025-11-17T16:27:42.229271,10929.101311061,0.0,50.0,0.3,-50.0,False,50.0,0.0,INIT
2025-11-17T16:27:42.329605,10929.201654208,0.0,50.0,0.3,-50.0,False,50.0,0.0,INIT
2025-11-17T16:27:42.429453,10929.301493997,0.0,50.0,0.3,-50.0,False,50.0,0.0,INIT
2025-11-17T16:27:42.529030,10929.401065131,0.0,50.0,0.3,-50.0,False,50.0,0.0,INIT
2025-11-17T16:27:42.629131,10929.501172881,0.0,50.0,0.3,-50.0,False,50.0,0.0,INIT
2025-11-17T16:27:42.729204,10929.60124684,0.0,50.0,0.3,-50.0,False,50.0,0.0,INIT
2025-11-17T16:27:42.828947,10929.700985066,0.0,50.0,0.3,-50.0,False,50.0,0.0,INIT
2025-11-17T16:27:42.929307,10929.801350678,0.0,50.0,0.3,-50.0,False,50.0,0.0,INIT
2025-11-17T16:27:43.029880,10929.901935874,0.0,50.0,0.3,-50.0,False,50.0,0.0,INIT
2025-11-17T16:27:43.129662,10930.001714389,0.0,50.0,0.3,-50.0,False,50.0,0.0,INIT
2025-11-17T16:27:43.229587,10930.101633793,0.0,50.0,0.3,-50.0,False,50.0,0.0,INIT
2025-11-17T16:27:43.329798,10930.201849279,0.0,50.0,0.3,-50.0,False,50.0,0.0,INIT
2025-11-17T16:27:43.429704,10930.301754882,0.0,50.0,0.3,-50.0,False,50.0,0.0,INIT
2025-11-17T16:27:43.529084,10930.401122287,0.0,50.0,0.3,-50.0,False,50.0,0.0,INIT
2025-11-17T16:27:43.629037,10930.501076091,0.0,50.0,0.3,-50.0,False,50.0,0.0,INIT
2025-11-17T16:27:43.729500,10930.601549894,0.0,50.0,0.3,-50.0,False,50.0,0.0,INIT
2025-11-17T16:27:43.828956,10930.700992508,0.0,50.0,0.3,-50.0,False,50.0,0.0,INIT
2025-11-17T16:27:43.929696,10930.801742666,0.0,50.0,0.3,-50.0,False,50.0,0.0,INIT
2025-11-17T16:27:44.029658,10930.901705764,0.0,50.0,0.3,-50.0,False,50.0,0.0,INIT
2025-11-17T16:27:44.129931,10931.00198328,0.0,50.0,0.3,-50.0,False,50.0,0.0,INIT
2025-11-17T16:27:44.229841,10931.101893024,0.0,50.0,0.3,-50.0,False,50.0,0.0,INIT
2025-11-17T16:27:44.329898,10931.20195084,0.0,50.0,0.3,-50.0,False,50.0,0.0,INIT
2025-11-17T16:27:44.429910,10931.301962493,0.0,50.0,0.3,-50.0,False,50.0,0.0,INIT
2025-11-17T16:27:44.529842,10931.401891523,0.0,50.0,0.3,-50.0,False,50.0,0.0,INIT
2025-11-17T16:27:44.629567,10931.501611909,0.0,50.0,0.3,-50.0,False,50.0,0.0,INIT
2025-11-17T16:27:44.729688,10931.60173739,0.0,50.0,0.3,-50.0,False,50.0,0.0,INIT
2025-11-17T16:27:44.829010,10931.70104998,0.0,50.0,0.3,-50.0,False,50.0,0.0,INIT
2025-11-17T16:27:44.929594,10931.801644898,0.0,50.0,0.3,-50.0,False,50.0,0.0,INIT
2025-11-17T16:27:45.029903,10931.901958965,0.0,50.0,0.3,-50.0,False,50.0,0.0,INIT
2025-11-17T16:27:45.129410,10932.001462844,0.0,50.0,0.3,-50.0,False,50.0,0.0,INIT
2025-11-17T16:27:45.230043,10932.10209539,0.0,50.0,0.3,-50.0,False,50.0,0.0,INIT
2025-11-17T16:27:45.328972,10932.201019067,0.0,50.0,0.3,-50.0,False,50.0,0.0,INIT
2025-11-17T16:27:45.429207,10932.301252454,0.0,50.0,0.3,-50.0,False,50.0,0.0,INIT
2025-11-17T16:27:45.530299,10932.402353465,0.0,50.0,0.3,-50.0,False,50.0,0.0,INIT
2025-11-17T16:27:45.630141,10932.502191734,0.0,50.0,0.3,-50.0,False,50.0,0.0,INIT
2025-11-17T16:27:45.729037,10932.60107676,0.0,50.0,0.3,-50.0,False,50.0,0.0,INIT
2025-11-17T16:27:45.829490,10932.701534867,0.0,50.0,0.3,-50.0,False,50.0,0.0,INIT
2025-11-17T16:27:45.929096,10932.801130212,0.0,50.0,0.3,-50.0,False,50.0,0.0,INIT
2025-11-17T16:27:46.030361,10932.902414902,0.0,50.0,0.3,-50.0,False,50.0,0.0,INIT
2025-11-17T16:27:46.129957,10933.002036893,0.0,50.0,0.3,-50.0,False,50.0,0.0,INIT
2025-11-17T16:27:46.230350,10933.102402852,0.0,50.0,0.3,-50.0,False,50.0,0.0,INIT
2025-11-17T16:27:46.330210,10933.202260389,0.0,50.0,0.3,-50.0,False,50.0,0.0,INIT
2025-11-17T16:27:46.429289,10933.30134302,0.0,50.0,0.3,-50.0,False,50.0,0.0,INIT
2025-11-17T16:27:46.530206,10933.40225484,0.0,50.0,0.3,-50.0,False,50.0,0.0,INIT
2025-11-17T16:27:46.630255,10933.502306762,0.0,50.0,0.3,-50.0,False,50.0,0.0,INIT
2025-11-17T16:27:46.728947,10933.600985898,0.0,50.0,0.3,-50.0,False,50.0,0.0,INIT
2025-11-17T16:27:46.829043,10933.701081157,0.0,50.0,0.3,-50.0,False,50.0,0.0,INIT
2025-11-17T16:27:46.929182,10933.801221387,0.0,50.0,0.3,-50.0,False,50.0,0.0,INIT
2025-11-17T16:27:47.029355,10933.901396568,0.0,50.0,0.3,-50.0,False,50.0,0.0,INIT
2025-11-17T16:27:47.129013,10934.001048522,0.0,50.0,0.3,-50.0,False,50.0,0.0,INIT
2025-11-17T16:27:47.229198,10934.101238244,0.0,50.0,0.3,-50.0,False,50.0,0.0,INIT
2025-11-17T16:27:47.329117,10934.201153292,0.0,50.0,0.3,-50.0,False,50.0,0.0,INIT
2025-11-17T16:27:47.430320,10934.302370751,0.0,50.0,0.3,-50.0,False,50.0,0.0,INIT
2025-11-17T16:27:47.529205,10934.401243771,0.0,50.0,0.3,-50.0,False,50.0,0.0,INIT
2025-11-17T16:27:47.629702,10934.501742973,0.0,50.0,0.3,-50.0,False,50.0,0.0,INIT
2025-11-17T16:27:47.728945,10934.600979992,0.0,50.0,0.3,-50.0,False,50.0,0.0,INIT
2025-11-17T16:27:47.829284,10934.70132613,0.0,50.0,0.3,-50.0,False,50.0,0.0,INIT
2025-11-17T16:27:47.928684,10934.80071805,0.0,50.0,0.3,-50.0,False,50.0,0.0,INIT
2025-11-17T16:27:48.029540,10934.901589926,0.0,50.0,0.3,-50.0,False,50.0,0.0,INIT
2025-11-17T16:27:48.128960,10935.000998128,0.0,50.0,0.3,-50.0,False,50.0,0.0,INIT
2025-11-17T16:27:48.229020,10935.101056127,0.0,50.0,0.3,-50.0,False,50.0,0.0,INIT
2025-11-17T16:27:48.328871,10935.200907365,0.0,50.0,0.3,-50.0,False,50.0,0.0,INIT
2025-11-17T16:27:48.429770,10935.301821172,0.0,50.0,0.3,-50.0,False,50.0,0.0,INIT
2025-11-17T16:27:48.529507,10935.401554508,0.0,50.0,0.3,-50.0,False,50.0,0.0,INIT
2025-11-17T16:27:48.629787,10935.50184071,0.0,50.0,0.3,-50.0,False,50.0,0.0,INIT
2025-11-17T16:27:48.729779,10935.601832971,0.0,50.0,0.3,-50.0,False,50.0,0.0,INIT
2025-11-17T16:27:48.829519,10935.701557015,0.0,50.0,0.3,-50.0,False,50.0,0.0,INIT
2025-11-17T16:27:48.929942,10935.801995394,0.0,50.0,0.3,-50.0,False,50.0,0.0,INIT
2025-11-17T16:27:49.029569,10935.901607602,0.0,50.0,0.3,-50.0,False,50.0,0.0,INIT
2025-11-17T16:27:49.129647,10936.001699758,0.0,50.0,0.3,-50.0,False,50.0,0.0,INIT
2025-11-17T16:27:49.229329,10936.101367688,0.0,50.0,0.3,-50.0,False,50.0,0.0,INIT
2025-11-17T16:27:49.329881,10936.201934388,0.0,50.0,0.3,-50.0,False,50.0,0.0,INIT
2025-11-17T16:27:49.428974,10936.301026604,0.0,50.0,0.3,-50.0,False,50.0,0.0,INIT
2025-11-17T16:27:49.530060,10936.402110355,0.0,50.0,0.3,-50.0,False,50.0,0.0,INIT
2025-11-17T16:27:49.630274,10936.502326827,0.0,50.0,0.3,-50.0,False,50.0,0.0,INIT
2025-11-17T16:27:49.729925,10936.601977165,0.0,50.0,0.3,-50.0,False,50.0,0.0,INIT
2025-11-17T16:27:49.830035,10936.7020835,0.0,50.0,0.3,-50.0,False,50.0,0.0,INIT
2025-11-17T16:27:49.929070,10936.801106387,0.0,50.0,0.3,-50.0,False,50.0,0.0,INIT
2025-11-17T16:27:50.029752,10936.901800177,0.0,50.0,0.3,-50.0,False,50.0,0.0,INIT
2025-11-17T16:27:50.129534,10937.001581155,0.0,50.0,0.3,-50.0,False,50.0,0.0,INIT
2025-11-17T16:27:50.229442,10937.101485816,0.0,50.0,0.3,-50.0,False,50.0,0.0,INIT
2025-11-17T16:27:50.329403,10937.201446914,0.0,50.0,0.3,-50.0,False,50.0,0.0,INIT
2025-11-17T16:27:50.429725,10937.301767481,0.0,50.0,0.3,-50.0,False,50.0,0.0,INIT
2025-11-17T16:27:50.529903,10937.401952963,0.0,50.0,0.3,-50.0,False,50.0,0.0,INIT
2025-11-17T16:27:50.630064,10937.502115371,0.0,50.0,0.3,-50.0,False,50.0,0.0,INIT
2025-11-17T16:27:50.729256,10937.601298993,0.0,50.0,0.3,-50.0,False,50.0,0.0,INIT
2025-11-17T16:27:50.829440,10937.701484929,0.0,50.0,0.3,-50.0,False,50.0,0.0,INIT
2025-11-17T16:27:50.930064,10937.802116468,0.0,50.0,0.3,-50.0,False,50.0,0.0,INIT
2025-11-17T16:27:51.030257,10937.902307467,0.0,50.0,0.3,-50.0,False,50.0,0.0,INIT
2025-11-17T16:27:51.130060,10938.002120022,0.0,50.0,0.3,-50.0,False,50.0,0.0,INIT
2025-11-17T16:27:51.229188,10938.101224933,0.0,50.0,0.3,-50.0,False,50.0,0.0,INIT
2025-11-17T16:27:51.330305,10938.202367418,0.0,50.0,0.3,-50.0,False,50.0,0.0,INIT
2025-11-17T16:27:51.429414,10938.301459598,0.0,50.0,0.3,-50.0,False,50.0,0.0,INIT
2025-11-17T16:27:51.530255,10938.402305315,0.0,50.0,0.3,-50.0,False,50.0,0.0,INIT
2025-11-17T16:27:51.629465,10938.501515084,0.0,50.0,0.3,-50.0,False,50.0,0.0,INIT
2025-11-17T16:27:51.729482,10938.60152462,0.0,50.0,0.3,-50.0,False,50.0,0.0,INIT
2025-11-17T16:27:51.828730,10938.700764886,0.0,50.0,0.3,-50.0,False,50.0,0.0,INIT
2025-11-17T16:27:51.928731,10938.800767064,0.0,50.0,0.3,-50.0,False,50.0,0.0,INIT
2025-11-17T16:27:52.029210,10938.901251141,0.0,50.0,0.3,-50.0,False,50.0,0.0,INIT
2025-11-17T16:27:52.129816,10939.001867203,0.0,50.0,0.3,-50.0,False,50.0,0.0,INIT
2025-11-17T16:27:52.229065,10939.101103875,0.0,50.0,0.3,-50.0,False,50.0,0.0,INIT
2025-11-17T16:27:52.328939,10939.200980272,0.0,50.0,0.3,-50.0,False,50.0,0.0,INIT
2025-11-17T16:27:52.429191,10939.30122894,0.0,50.0,0.3,-50.0,False,50.0,0.0,INIT
2025-11-17T16:27:52.529755,10939.401805899,0.0,50.0,0.3,-50.0,False,50.0,0.0,INIT
2025-11-17T16:27:52.628948,10939.500984152,0.0,50.0,0.3,-50.0,False,50.0,0.0,INIT
2025-11-17T16:27:52.729099,10939.601141344,0.0,50.0,0.3,-50.0,False,50.0,0.0,INIT
2025-11-17T16:27:52.829074,10939.70111395,0.0,50.0,0.3,-50.0,False,50.0,0.0,INIT
2025-11-17T16:27:52.929016,10939.80105229,0.0,50.0,0.3,-50.0,False,50.0,0.0,INIT
2025-11-17T16:27:53.029342,10939.901384166,0.0,50.0,0.3,-50.0,False,50.0,0.0,INIT
2025-11-17T16:27:53.129363,10940.00141273,0.0,50.0,0.3,-50.0,False,50.0,0.0,INIT
2025-11-17T16:27:53.228937,10940.100976511,0.0,50.0,0.3,-50.0,False,50.0,0.0,INIT
2025-11-17T16:27:53.329721,10940.201773354,0.0,50.0,0.3,-50.0,False,50.0,0.0,INIT
2025-11-17T16:27:53.429578,10940.301626726,0.0,50.0,0.3,-50.0,False,50.0,0.0,INIT
2025-11-17T16:27:53.529381,10940.401423985,0.0,50.0,0.3,-50.0,False,50.0,0.0,INIT
2025-11-17T16:27:53.629774,10940.501823575,0.0,50.0,0.3,-50.0,False,50.0,0.0,INIT
2025-11-17T16:27:53.729872,10940.601922679,0.0,50.0,0.3,-50.0,False,50.0,0.0,INIT
2025-11-17T16:27:53.829864,10940.701916518,0.0,50.0,0.3,-50.0,False,50.0,0.0,INIT
2025-11-17T16:27:53.929223,10940.801265465,0.0,50.0,0.3,-50.0,False,50.0,0.0,INIT
2025-11-17T16:27:54.028924,10940.900961765,0.0,50.0,0.3,-50.0,False,50.0,0.0,INIT
2025-11-17T16:27:54.129062,10941.001100449,0.0,50.0,0.3,-50.0,False,50.0,0.0,INIT
2025-11-17T16:27:54.228880,10941.100917415,0.0,50.0,0.3,-50.0,False,50.0,0.0,INIT
2025-11-17T16:27:54.329054,10941.201094218,0.0,50.0,0.3,-50.0,False,50.0,0.0,INIT
2025-11-17T16:27:54.429850,10941.301899815,0.0,50.0,0.3,-50.0,False,50.0,0.0,INIT
2025-11-17T16:27:54.528870,10941.400907515,0.0,50.0,0.3,-50.0,False,50.0,0.0,INIT
2025-11-17T16:27:54.629776,10941.501827433,0.0,50.0,0.3,-50.0,False,50.0,0.0,INIT
2025-11-17T16:27:54.729937,10941.601988917,0.0,50.0,0.3,-50.0,False,50.0,0.0,INIT
2025-11-17T16:27:54.829635,10941.701686346,0.0,50.0,0.3,-50.0,False,50.0,0.0,INIT
2025-11-17T16:27:54.929062,10941.801103896,0.0,50.0,0.3,-50.0,False,50.0,0.0,INIT
2025-11-17T16:27:55.029554,10941.901610608,0.0,50.0,0.3,-50.0,False,50.0,0.0,INIT
2025-11-17T16:27:55.129119,10942.001162784,0.0,50.0,0.3,-50.0,False,50.0,0.0,INIT
2025-11-17T16:27:55.228830,10942.100868104,0.0,50.0,0.3,-50.0,False,50.0,0.0,INIT
2025-11-17T16:27:55.328914,10942.200950955,0.0,50.0,0.3,-50.0,False,50.0,0.0,INIT
2025-11-17T16:27:55.428836,10942.300873822,0.0,50.0,0.3,-50.0,False,50.0,0.0,INIT
2025-11-17T16:27:55.529101,10942.401144519,0.0,50.0,0.3,-50.0,False,50.0,0.0,INIT
2025-11-17T16:27:55.629098,10942.501136638,0.0,50.0,0.3,-50.0,False,50.0,0.0,INIT
2025-11-17T16:27:55.729057,10942.601095684,0.0,50.0,0.3,-50.0,False,50.0,0.0,INIT
2025-11-17T16:27:55.828926,10942.700963739,0.0,50.0,0.3,-50.0,False,50.0,0.0,INIT
2025-11-17T16:27:55.928963,10942.80099881,0.0,50.0,0.3,-50.0,False,50.0,0.0,INIT
2025-11-17T16:27:56.029093,10942.901130512,0.0,50.0,0.3,-50.0,False,50.0,0.0,INIT
2025-11-17T16:27:56.129056,10943.001102497,0.0,50.0,0.3,-50.0,False,50.0,0.0,INIT
2025-11-17T16:27:56.229754,10943.101810137,0.0,50.0,0.3,-50.0,False,50.0,0.0,INIT
2025-11-17T16:27:56.329095,10943.201132206,0.0,50.0,0.3,-50.0,False,50.0,0.0,INIT
2025-11-17T16:27:56.429053,10943.301091192,0.0,50.0,0.3,-50.0,False,50.0,0.0,INIT
2025-11-17T16:27:56.529068,10943.401106408,0.0,50.0,0.3,-50.0,False,50.0,0.0,INIT
2025-11-17T16:27:56.628990,10943.501028829,0.0,50.0,0.3,-50.0,False,50.0,0.0,INIT
2025-11-17T16:27:56.728871,10943.6009062,0.0,50.0,0.3,-50.0,False,50.0,0.0,INIT
2025-11-17T16:27:56.829129,10943.701166312,0.0,50.0,0.3,-50.0,False,50.0,0.0,INIT
2025-11-17T16:27:56.928874,10943.800908865,0.0,50.0,0.3,-50.0,False,50.0,0.0,INIT
2025-11-17T16:27:57.028991,10943.901026444,0.0,50.0,0.3,-50.0,False,50.0,0.0,INIT
2025-11-17T16:27:57.129012,10944.00104981,0.0,50.0,0.3,-50.0,False,50.0,0.0,INIT
2025-11-17T16:27:57.229112,10944.10115006,0.0,50.0,0.3,-50.0,False,50.0,0.0,INIT
2025-11-17T16:27:57.328937,10944.200971724,0.0,50.0,0.3,-50.0,False,50.0,0.0,INIT
2025-11-17T16:27:57.429028,10944.30106501,0.0,50.0,0.3,-50.0,False,50.0,0.0,INIT
2025-11-17T16:27:57.529186,10944.401236886,0.0,50.0,0.3,-50.0,False,50.0,0.0,INIT
2025-11-17T16:27:57.629184,10944.501225161,0.0,50.0,0.3,-50.0,False,50.0,0.0,INIT
2025-11-17T16:27:57.729003,10944.601039959,0.0,50.0,0.3,-50.0,False,50.0,0.0,INIT
2025-11-17T16:27:57.829008,10944.701045958,0.0,50.0,0.3,-50.0,False,50.0,0.0,INIT
2025-11-17T16:27:57.928992,10944.801028802,0.0,50.0,0.3,-50.0,False,50.0,0.0,INIT
2025-11-17T16:27:58.029099,10944.90113439,0.0,50.0,0.3,-50.0,False,50.0,0.0,INIT
2025-11-17T16:27:58.128945,10945.00098077,0.0,50.0,0.3,-50.0,False,50.0,0.0,INIT
2025-11-17T16:27:58.229138,10945.101187922,0.0,50.0,0.3,-50.0,False,50.0,0.0,INIT
2025-11-17T16:27:58.329434,10945.201487176,0.0,50.0,0.3,-50.0,False,50.0,0.0,INIT
2025-11-17T16:27:58.429854,10945.301906864,0.0,50.0,0.3,-50.0,False,50.0,0.0,INIT
2025-11-17T16:27:58.529358,10945.401414251,0.0,50.0,0.3,-50.0,False,50.0,0.0,INIT
2025-11-17T16:27:58.629040,10945.501077068,0.0,50.0,0.3,-50.0,False,50.0,0.0,INIT
2025-11-17T16:27:58.730084,10945.602131808,0.0,50.0,0.3,-50.0,False,50.0,0.0,INIT
2025-11-17T16:27:58.830025,10945.702068927,0.0,50.0,0.3,-50.0,False,50.0,0.0,INIT
2025-11-17T16:27:58.929103,10945.801142176,0.0,50.0,0.3,-50.0,False,50.0,0.0,INIT
2025-11-17T16:27:59.028919,10945.900957952,0.0,50.0,0.3,-50.0,False,50.0,0.0,INIT
2025-11-17T16:27:59.129102,10946.001141468,0.0,50.0,0.3,-50.0,False,50.0,0.0,INIT
2025-11-17T16:27:59.229175,10946.101216704,0.0,50.0,0.3,-50.0,False,50.0,0.0,INIT
2025-11-17T16:27:59.328779,10946.200819101,0.0,50.0,0.3,-50.0,False,50.0,0.0,INIT
2025-11-17T16:27:59.429953,10946.301995811,0.0,50.0,0.3,-50.0,False,50.0,0.0,INIT
2025-11-17T16:27:59.530102,10946.402146476,0.0,50.0,0.3,-50.0,False,50.0,0.0,INIT
2025-11-17T16:27:59.628933,10946.500967997,0.0,50.0,0.3,-50.0,False,50.0,0.0,INIT
2025-11-17T16:27:59.729612,10946.601662625,0.0,50.0,0.3,-50.0,False,50.0,0.0,INIT
2025-11-17T16:27:59.830042,10946.70208736,0.0,50.0,0.3,-50.0,False,50.0,0.0,INIT
2025-11-17T16:27:59.930016,10946.802061653,0.0,50.0,0.3,-50.0,False,50.0,0.0,INIT
2025-11-17T16:28:00.029969,10946.902043326,0.0,50.0,0.3,-50.0,False,50.0,0.0,INIT
2025-11-17T16:28:00.128953,10947.000990154,0.0,50.0,0.3,-50.0,False,50.0,0.0,INIT
2025-11-17T16:28:00.230174,10947.102229485,0.0,50.0,0.3,-50.0,False,50.0,0.0,INIT
2025-11-17T16:28:00.330030,10947.202080333,0.0,50.0,0.3,-50.0,False,50.0,0.0,INIT
2025-11-17T16:28:00.430035,10947.302086545,0.0,50.0,0.3,-50.0,False,50.0,0.0,INIT
2025-11-17T16:28:00.529305,10947.401355631,0.0,50.0,0.3,-50.0,False,50.0,0.0,INIT
2025-11-17T16:28:00.629529,10947.501574468,0.0,50.0,0.3,-50.0,False,50.0,0.0,INIT
2025-11-17T16:28:00.729191,10947.601234786,0.0,50.0,0.3,-50.0,False,50.0,0.0,INIT
2025-11-17T16:28:00.829225,10947.70126158,0.0,50.0,0.3,-50.0,False,50.0,0.0,INIT
2025-11-17T16:28:00.929379,10947.80142069,0.0,50.0,0.3,-50.0,False,50.0,0.0,INIT
2025-11-17T16:28:01.029931,10947.901982011,0.0,50.0,0.3,-50.0,False,50.0,0.0,INIT
2025-11-17T16:28:01.129431,10948.001475879,0.0,50.0,0.3,-50.0,False,50.0,0.0,INIT
2025-11-17T16:28:01.230154,10948.102204539,0.0,50.0,0.3,-50.0,False,50.0,0.0,INIT
2025-11-17T16:28:01.329293,10948.20134344,0.0,50.0,0.3,-50.0,False,50.0,0.0,INIT
2025-11-17T16:28:01.429048,10948.301084937,0.0,50.0,0.3,-50.0,False,50.0,0.0,INIT
2025-11-17T16:28:01.529198,10948.401242065,0.0,50.0,0.3,-50.0,False,50.0,0.0,INIT
2025-11-17T16:28:01.629827,10948.501883571,0.0,50.0,0.3,-50.0,False,50.0,0.0,INIT
2025-11-17T16:28:01.729083,10948.601127444,0.0,50.0,0.3,-50.0,False,50.0,0.0,INIT
2025-11-17T16:28:01.829176,10948.701227888,0.0,50.0,0.3,-50.0,False,50.0,0.0,INIT
2025-11-17T16:28:01.930122,10948.802172771,0.0,50.0,0.3,-50.0,False,50.0,0.0,INIT
2025-11-17T16:28:02.030385,10948.902437906,0.0,50.0,0.3,-50.0,False,50.0,0.0,INIT
2025-11-17T16:28:02.129090,10949.001131615,0.0,50.0,0.3,-50.0,False,50.0,0.0,INIT
2025-11-17T16:28:02.229194,10949.101238334,0.0,50.0,0.3,-50.0,False,50.0,0.0,INIT
2025-11-17T16:28:02.329467,10949.201510395,0.0,50.0,0.3,-50.0,False,50.0,0.0,INIT
2025-11-17T16:28:02.429621,10949.301667479,0.0,50.0,0.3,-50.0,False,50.0,0.0,INIT
2025-11-17T16:28:02.530079,10949.40213106,0.0,50.0,0.3,-50.0,False,50.0,0.0,INIT
2025-11-17T16:28:02.629583,10949.501629836,0.0,50.0,0.3,-50.0,False,50.0,0.0,INIT
2025-11-17T16:28:02.730314,10949.602365668,0.0,50.0,0.3,-50.0,False,50.0,0.0,INIT
2025-11-17T16:28:02.830084,10949.702141763,0.0,50.0,0.3,-50.0,False,50.0,0.0,INIT
2025-11-17T16:28:02.929054,10949.801097117,0.0,50.0,0.3,-50.0,False,50.0,0.0,INIT
2025-11-17T16:28:03.030216,10949.902263615,0.0,50.0,0.3,-50.0,False,50.0,0.0,INIT
2025-11-17T16:28:03.130024,10950.002074417,0.0,50.0,0.3,-50.0,False,50.0,0.0,INIT
2025-11-17T16:28:03.229539,10950.10158735,0.0,50.0,0.3,-50.0,False,50.0,0.0,INIT
2025-11-17T16:28:03.329451,10950.201490423,0.0,50.0,0.3,-50.0,False,50.0,0.0,INIT
2025-11-17T16:28:03.429028,10950.301065981,0.0,50.0,0.3,-50.0,False,50.0,0.0,INIT
2025-11-17T16:28:03.529620,10950.40166854,0.0,50.0,0.3,-50.0,False,50.0,0.0,INIT
2025-11-17T16:28:03.629453,10950.501497045,0.0,50.0,0.3,-50.0,False,50.0,0.0,INIT
2025-11-17T16:28:03.729568,10950.601614972,0.0,50.0,0.3,-50.0,False,50.0,0.0,INIT
2025-11-17T16:28:03.829136,10950.70117525,0.0,50.0,0.3,-50.0,False,50.0,0.0,INIT
2025-11-17T16:28:03.929750,10950.801800844,0.0,50.0,0.3,-50.0,False,50.0,0.0,INIT
2025-11-17T16:28:04.029798,10950.901850464,0.0,50.0,0.3,-50.0,False,50.0,0.0,INIT
2025-11-17T16:28:04.129647,10951.00169414,0.0,50.0,0.3,-50.0,False,50.0,0.0,INIT
2025-11-17T16:28:04.228868,10951.10090346,0.0,50.0,0.3,-50.0,False,50.0,0.0,INIT
2025-11-17T16:28:04.329507,10951.201556082,0.0,50.0,0.3,-50.0,False,50.0,0.0,INIT
2025-11-17T16:28:04.429808,10951.301859706,0.0,50.0,0.3,-50.0,False,50.0,0.0,INIT
2025-11-17T16:28:04.528949,10951.400988061,0.0,50.0,0.3,-50.0,False,50.0,0.0,INIT
2025-11-17T16:28:04.629763,10951.501811443,0.0,50.0,0.3,-50.0,False,50.0,0.0,INIT
2025-11-17T16:28:04.729521,10951.601564405,0.0,50.0,0.3,-50.0,False,50.0,0.0,INIT
2025-11-17T16:28:04.829941,10951.701991237,0.0,50.0,0.3,-50.0,False,50.0,0.0,INIT
2025-11-17T16:28:04.930223,10951.802275405,0.0,50.0,0.3,-50.0,False,50.0,0.0,INIT
2025-11-17T16:28:05.029900,10951.901953814,0.0,50.0,0.3,-50.0,False,50.0,0.0,INIT
2025-11-17T16:28:05.129796,10952.001849164,0.0,50.0,0.3,-50.0,False,50.0,0.0,INIT
2025-11-17T16:28:05.229014,10952.101059079,0.0,50.0,0.3,-50.0,False,50.0,0.0,INIT
2025-11-17T16:28:05.329634,10952.201685812,0.0,50.0,0.3,-50.0,False,50.0,0.0,INIT
2025-11-17T16:28:05.430227,10952.302287195,0.0,50.0,0.3,-50.0,False,50.0,0.0,INIT
2025-11-17T16:28:05.529701,10952.40175505,0.0,50.0,0.3,-50.0,False,50.0,0.0,INIT
2025-11-17T16:28:05.630220,10952.502272102,0.0,50.0,0.3,-50.0,False,50.0,0.0,INIT
2025-11-17T16:28:05.729261,10952.601303595,0.0,50.0,0.3,-50.0,False,50.0,0.0,INIT
2025-11-17T16:28:05.829483,10952.701519895,0.0,50.0,0.3,-50.0,False,50.0,0.0,INIT
2025-11-17T16:28:05.929077,10952.80111974,0.0,50.0,0.3,-50.0,False,50.0,0.0,INIT
2025-11-17T16:28:06.029223,10952.901263943,0.0,50.0,0.3,-50.0,False,50.0,0.0,INIT
2025-11-17T16:28:06.128940,10953.000978936,0.0,50.0,0.3,-50.0,False,50.0,0.0,INIT
2025-11-17T16:28:06.229036,10953.101073537,0.0,50.0,0.3,-50.0,False,50.0,0.0,INIT
2025-11-17T16:28:06.329529,10953.201573365,0.0,50.0,0.3,-50.0,False,50.0,0.0,INIT
2025-11-17T16:28:06.429066,10953.30110422,0.0,50.0,0.3,-50.0,False,50.0,0.0,INIT
2025-11-17T16:28:06.529881,10953.401920296,0.0,50.0,0.3,-50.0,False,50.0,0.0,INIT
2025-11-17T16:28:06.629573,10953.501611928,0.0,50.0,0.3,-50.0,False,50.0,0.0,INIT
2025-11-17T16:28:06.729192,10953.60123744,0.0,50.0,0.3,-50.0,False,50.0,0.0,INIT
2025-11-17T16:28:06.830191,10953.702241453,0.0,50.0,0.3,-50.0,False,50.0,0.0,INIT
2025-11-17T16:28:06.929388,10953.801437106,0.0,50.0,0.3,-50.0,False,50.0,0.0,INIT
2025-11-17T16:28:07.029895,10953.90193764,0.0,50.0,0.3,-50.0,False,50.0,0.0,INIT
2025-11-17T16:28:07.129108,10954.00114732,0.0,50.0,0.3,-50.0,False,50.0,0.0,INIT
2025-11-17T16:28:07.230175,10954.102224099,0.0,50.0,0.3,-50.0,False,50.0,0.0,INIT
2025-11-17T16:28:07.329129,10954.201167249,0.0,50.0,0.3,-50.0,False,50.0,0.0,INIT
2025-11-17T16:28:07.429106,10954.301156658,0.0,50.0,0.3,-50.0,False,50.0,0.0,INIT
2025-11-17T16:28:07.529048,10954.401084877,0.0,50.0,0.3,-50.0,False,50.0,0.0,INIT
2025-11-17T16:28:07.629968,10954.502041882,0.0,50.0,0.3,-50.0,False,50.0,0.0,INIT
2025-11-17T16:28:07.728969,10954.601024593,0.0,50.0,0.3,-50.0,False,50.0,0.0,INIT
2025-11-17T16:28:07.829293,10954.701335569,0.0,50.0,0.3,-50.0,False,50.0,0.0,INIT
2025-11-17T16:28:07.929694,10954.801728012,0.0,50.0,0.3,-50.0,False,50.0,0.0,INIT
2025-11-17T16:28:08.030013,10954.902059154,0.0,50.0,0.3,-50.0,False,50.0,0.0,INIT
2025-11-17T16:28:08.129819,10955.00186518,0.0,50.0,0.3,-50.0,False,50.0,0.0,INIT
2025-11-17T16:28:08.228897,10955.100931824,0.0,50.0,0.3,-50.0,False,50.0,0.0,INIT
2025-11-17T16:28:08.329088,10955.201126106,0.0,50.0,0.3,-50.0,False,50.0,0.0,INIT
2025-11-17T16:28:08.429598,10955.30164027,0.0,50.0,0.3,-50.0,False,50.0,0.0,INIT
2025-11-17T16:28:08.530046,10955.402097476,0.0,50.0,0.3,-50.0,False,50.0,0.0,INIT
2025-11-17T16:28:08.629206,10955.501242806,0.0,50.0,0.3,-50.0,False,50.0,0.0,INIT
2025-11-17T16:28:08.729180,10955.601220425,0.0,50.0,0.3,-50.0,False,50.0,0.0,INIT
2025-11-17T16:28:08.829034,10955.701072986,0.0,50.0,0.3,-50.0,False,50.0,0.0,INIT
2025-11-17T16:28:08.929029,10955.801063823,0.0,50.0,0.3,-50.0,False,50.0,0.0,INIT
2025-11-17T16:28:09.028761,10955.900796428,0.0,50.0,0.3,-50.0,False,50.0,0.0,INIT
2025-11-17T16:28:09.128856,10956.000890852,0.0,50.0,0.3,-50.0,False,50.0,0.0,INIT
2025-11-17T16:28:09.228854,10956.100890039,0.0,50.0,0.3,-50.0,False,50.0,0.0,INIT
2025-11-17T16:28:09.328959,10956.200996404,0.0,50.0,0.3,-50.0,False,50.0,0.0,INIT
2025-11-17T16:28:09.428798,10956.300834867,0.0,50.0,0.3,-50.0,False,50.0,0.0,INIT
2025-11-17T16:28:09.528894,10956.400929266,0.0,50.0,0.3,-50.0,False,50.0,0.0,INIT
2025-11-17T16:28:09.628803,10956.500838774,0.0,50.0,0.3,-50.0,False,50.0,0.0,INIT
2025-11-17T16:28:09.728863,10956.600900989,0.0,50.0,0.3,-50.0,False,50.0,0.0,INIT
2025-11-17T16:28:09.828904,10956.70094242,0.0,50.0,0.3,-50.0,False,50.0,0.0,INIT
2025-11-17T16:28:09.929011,10956.801050279,0.0,50.0,0.3,-50.0,False,50.0,0.0,INIT
2025-11-17T16:28:10.028932,10956.900969062,0.0,50.0,0.3,-50.0,False,50.0,0.0,INIT
2025-11-17T16:28:10.128823,10957.000860519,0.0,50.0,0.3,-50.0,False,50.0,0.0,INIT
2025-11-17T16:28:10.228891,10957.100926771,0.0,50.0,0.3,-50.0,False,50.0,0.0,INIT
2025-11-17T16:28:10.328799,10957.200833589,0.0,50.0,0.3,-50.0,False,50.0,0.0,INIT
2025-11-17T16:28:10.428832,10957.300867192,0.0,50.0,0.3,-50.0,False,50.0,0.0,INIT
2025-11-17T16:28:10.528733,10957.400767233,0.0,50.0,0.3,-50.0,False,50.0,0.0,INIT
2025-11-17T16:28:10.628950,10957.500988204,0.0,50.0,0.3,-50.0,False,50.0,0.0,INIT
2025-11-17T16:28:10.728921,10957.600958898,0.0,50.0,0.3,-50.0,False,50.0,0.0,INIT
2025-11-17T16:28:10.828833,10957.700869099,0.0,50.0,0.3,-50.0,False,50.0,0.0,INIT
2025-11-17T16:28:10.928928,10957.800964365,0.0,50.0,0.3,-50.0,False,50.0,0.0,INIT
2025-11-17T16:28:11.028898,10957.900934364,0.0,50.0,0.3,-50.0,False,50.0,0.0,INIT
2025-11-17T16:28:11.128867,10958.000903283,0.0,50.0,0.3,-50.0,False,50.0,0.0,INIT
2025-11-17T16:28:11.228948,10958.10098491,0.0,50.0,0.3,-50.0,False,50.0,0.0,INIT
2025-11-17T16:28:11.328953,10958.200989206,0.0,50.0,0.3,-50.0,False,50.0,0.0,INIT
2025-11-17T16:28:11.428908,10958.300944148,0.0,50.0,0.3,-50.0,False,50.0,0.0,INIT
2025-11-17T16:28:11.528975,10958.401029996,0.0,50.0,0.3,-50.0,False,50.0,0.0,INIT
2025-11-17T16:28:11.629049,10958.501088625,0.0,50.0,0.3,-50.0,False,50.0,0.0,INIT
2025-11-17T16:28:11.728993,10958.601036307,0.0,50.0,0.3,-50.0,False,50.0,0.0,INIT
2025-11-17T16:28:11.829014,10958.701053204,0.0,50.0,0.3,-50.0,False,50.0,0.0,INIT
2025-11-17T16:28:11.928956,10958.800993645,0.0,50.0,0.3,-50.0,False,50.0,0.0,INIT
2025-11-17T16:28:12.028970,10958.901022614,0.0,50.0,0.3,-50.0,False,50.0,0.0,INIT
2025-11-17T16:28:12.128835,10959.00087204,0.0,50.0,0.3,-50.0,False,50.0,0.0,INIT
2025-11-17T16:28:12.229344,10959.101393483,0.0,50.0,0.3,-50.0,False,50.0,0.0,INIT
2025-11-17T16:28:12.329020,10959.201057911,0.0,50.0,0.3,-50.0,False,50.0,0.0,INIT
2025-11-17T16:28:12.429486,10959.3015346,0.0,50.0,0.3,-50.0,False,50.0,0.0,INIT
2025-11-17T16:28:12.530004,10959.402052903,0.0,50.0,0.3,-50.0,False,50.0,0.0,INIT
2025-11-17T16:28:12.630182,10959.502233919,0.0,50.0,0.3,-50.0,False,50.0,0.0,INIT
2025-11-17T16:28:12.729283,10959.601324366,0.0,50.0,0.3,-50.0,False,50.0,0.0,INIT
2025-11-17T16:28:12.829137,10959.701175299,0.0,50.0,0.3,-50.0,False,50.0,0.0,INIT
2025-11-17T16:28:12.929920,10959.801969917,0.0,50.0,0.3,-50.0,False,50.0,0.0,INIT
2025-11-17T16:28:13.030417,10959.902474098,0.0,50.0,0.3,-50.0,False,50.0,0.0,INIT
2025-11-17T16:28:13.129228,10960.001267208,0.0,50.0,0.3,-50.0,False,50.0,0.0,INIT
2025-11-17T16:28:13.229013,10960.101051862,0.0,50.0,0.3,-50.0,False,50.0,0.0,INIT
2025-11-17T16:28:13.329268,10960.201306353,0.0,50.0,0.3,-50.0,False,50.0,0.0,INIT
2025-11-17T16:28:13.430065,10960.302115956,0.0,50.0,0.3,-50.0,False,50.0,0.0,INIT
2025-11-17T16:28:13.529191,10960.401241793,0.0,50.0,0.3,-50.0,False,50.0,0.0,INIT
2025-11-17T16:28:13.630309,10960.502359598,0.0,50.0,0.3,-50.0,False,50.0,0.0,INIT
2025-11-17T16:28:13.729463,10960.60150681,0.0,50.0,0.3,-50.0,False,50.0,0.0,INIT
2025-11-17T16:28:13.830323,10960.702374339,0.0,50.0,0.3,-50.0,False,50.0,0.0,INIT
2025-11-17T16:28:13.930392,10960.802442297,0.0,50.0,0.3,-50.0,False,50.0,0.0,INIT
2025-11-17T16:28:14.030129,10960.90218378,0.0,50.0,0.3,-50.0,False,50.0,0.0,INIT
2025-11-17T16:28:14.129909,10961.001961496,0.0,50.0,0.3,-50.0,False,50.0,0.0,INIT
2025-11-17T16:28:14.229249,10961.101290111,0.0,50.0,0.3,-50.0,False,50.0,0.0,INIT
2025-11-17T16:28:14.329123,10961.201160048,0.0,50.0,0.3,-50.0,False,50.0,0.0,INIT
2025-11-17T16:28:14.429386,10961.301437565,0.0,50.0,0.3,-50.0,False,50.0,0.0,INIT
2025-11-17T16:28:14.530072,10961.402124226,0.0,50.0,0.3,-50.0,False,50.0,0.0,INIT
2025-11-17T16:28:14.630298,10961.502349735,0.0,50.0,0.3,-50.0,False,50.0,0.0,INIT
2025-11-17T16:28:14.729494,10961.601537336,0.0,50.0,0.3,-50.0,False,50.0,0.0,INIT
2025-11-17T16:28:14.830133,10961.702185246,0.0,50.0,0.3,-50.0,False,50.0,0.0,INIT
2025-11-17T16:28:14.929100,10961.801136338,0.0,50.0,0.3,-50.0,False,50.0,0.0,INIT
2025-11-17T16:28:15.029945,10961.901994062,0.0,50.0,0.3,-50.0,False,50.0,0.0,INIT
2025-11-17T16:28:15.129486,10962.001535075,0.0,50.0,0.3,-50.0,False,50.0,0.0,INIT
2025-11-17T16:28:15.229452,10962.10149819,0.0,50.0,0.3,-50.0,False,50.0,0.0,INIT
2025-11-17T16:28:15.330382,10962.202432178,0.0,50.0,0.3,-50.0,False,50.0,0.0,INIT
2025-11-17T16:28:15.430184,10962.302235318,0.0,50.0,0.3,-50.0,False,50.0,0.0,INIT
2025-11-17T16:28:15.530041,10962.402087903,0.0,50.0,0.3,-50.0,False,50.0,0.0,INIT
2025-11-17T16:28:15.630261,10962.502309085,0.0,50.0,0.3,-50.0,False,50.0,0.0,INIT
2025-11-17T16:28:15.729095,10962.601135554,0.0,50.0,0.3,-50.0,False,50.0,0.0,INIT
2025-11-17T16:28:15.828941,10962.70097696,0.0,50.0,0.3,-50.0,False,50.0,0.0,INIT
2025-11-17T16:28:15.930350,10962.802398274,0.0,50.0,0.3,-50.0,False,50.0,0.0,INIT
2025-11-17T16:28:16.029815,10962.901861719,0.0,50.0,0.3,-50.0,False,50.0,0.0,INIT
2025-11-17T16:28:16.129060,10963.001097494,0.0,50.0,0.3,-50.0,False,50.0,0.0,INIT
2025-11-17T16:28:16.228946,10963.10098285,0.0,50.0,0.3,-50.0,False,50.0,0.0,INIT
2025-11-17T16:28:16.329906,10963.201958104,0.0,50.0,0.3,-50.0,False,50.0,0.0,INIT
2025-11-17T16:28:16.428944,10963.300983806,0.0,50.0,0.3,-50.0,False,50.0,0.0,INIT
2025-11-17T16:28:16.529561,10963.401597481,0.0,50.0,0.3,-50.0,False,50.0,0.0,INIT
2025-11-17T16:28:16.629837,10963.501888852,0.0,50.0,0.3,-50.0,False,50.0,0.0,INIT
2025-11-17T16:28:16.729332,10963.601375024,0.0,50.0,0.3,-50.0,False,50.0,0.0,INIT
2025-11-17T16:28:16.829581,10963.701628505,0.0,50.0,0.3,-50.0,False,50.0,0.0,INIT
2025-11-17T16:28:16.929782,10963.801832471,0.0,50.0,0.3,-50.0,False,50.0,0.0,INIT
2025-11-17T16:28:17.029337,10963.901377893,0.0,50.0,0.3,-50.0,False,50.0,0.0,INIT
2025-11-17T16:28:17.129727,10964.001774647,0.0,50.0,0.3,-50.0,False,50.0,0.0,INIT
2025-11-17T16:28:17.228856,10964.100892144,0.0,50.0,0.3,-50.0,False,50.0,0.0,INIT
2025-11-17T16:28:17.329848,10964.201899527,0.0,50.0,0.3,-50.0,False,50.0,0.0,INIT
2025-11-17T16:28:17.429693,10964.301745371,0.0,50.0,0.3,-50.0,False,50.0,0.0,INIT
2025-11-17T16:28:17.529825,10964.401875627,0.0,50.0,0.3,-50.0,False,50.0,0.0,INIT
2025-11-17T16:28:17.629846,10964.501895626,0.0,50.0,0.3,-50.0,False,50.0,0.0,INIT
2025-11-17T16:28:17.729079,10964.601121131,0.0,50.0,0.3,-50.0,False,50.0,0.0,INIT
2025-11-17T16:28:17.829648,10964.701701068,0.0,50.0,0.3,-50.0,False,50.0,0.0,INIT
2025-11-17T16:28:17.929844,10964.801894074,0.0,50.0,0.3,-50.0,False,50.0,0.0,INIT
2025-11-17T16:28:18.029820,10964.901873049,0.0,50.0,0.3,-50.0,False,50.0,0.0,INIT
2025-11-17T16:28:18.130014,10965.002065788,0.0,50.0,0.3,-50.0,False,50.0,0.0,INIT
2025-11-17T16:28:18.229552,10965.101594302,0.0,50.0,0.3,-50.0,False,50.0,0.0,INIT
2025-11-17T16:28:18.330117,10965.202167442,0.0,50.0,0.3,-50.0,False,50.0,0.0,INIT
2025-11-17T16:28:18.428973,10965.301018389,0.0,50.0,0.3,-50.0,False,50.0,0.0,INIT
2025-11-17T16:28:18.530102,10965.402144213,0.0,50.0,0.3,-50.0,False,50.0,0.0,INIT
2025-11-17T16:28:18.630471,10965.502523503,0.0,50.0,0.3,-50.0,False,50.0,0.0,INIT
2025-11-17T16:28:18.729496,10965.60153999,0.0,50.0,0.3,-50.0,False,50.0,0.0,INIT
2025-11-17T16:28:18.830169,10965.702216812,0.0,50.0,0.3,-50.0,False,50.0,0.0,INIT
2025-11-17T16:28:18.929904,10965.801953827,0.0,50.0,0.3,-50.0,False,50.0,0.0,INIT
2025-11-17T16:28:19.029905,10965.901957635,0.0,50.0,0.3,-50.0,False,50.0,0.0,INIT
2025-11-17T16:28:19.129617,10966.001667666,0.0,50.0,0.3,-50.0,False,50.0,0.0,INIT
2025-11-17T16:28:19.229265,10966.101309555,0.0,50.0,0.3,-50.0,False,50.0,0.0,INIT
2025-11-17T16:28:19.329180,10966.201215103,0.0,50.0,0.3,-50.0,False,50.0,0.0,INIT
2025-11-17T16:28:19.429918,10966.301971802,0.0,50.0,0.3,-50.0,False,50.0,0.0,INIT
2025-11-17T16:28:19.529244,10966.401290138,0.0,50.0,0.3,-50.0,False,50.0,0.0,INIT
2025-11-17T16:28:19.629843,10966.501893353,0.0,50.0,0.3,-50.0,False,50.0,0.0,INIT
2025-11-17T16:28:19.729551,10966.601601778,0.0,50.0,0.3,-50.0,False,50.0,0.0,INIT
2025-11-17T16:28:19.829721,10966.701770662,0.0,50.0,0.3,-50.0,False,50.0,0.0,INIT
2025-11-17T16:28:19.928931,10966.800971836,0.0,50.0,0.3,-50.0,False,50.0,0.0,INIT
2025-11-17T16:28:20.028975,10966.901033209,0.0,50.0,0.3,-50.0,False,50.0,0.0,INIT
2025-11-17T16:28:20.129974,10967.002039931,0.0,50.0,0.3,-50.0,False,50.0,0.0,INIT
2025-11-17T16:28:20.229049,10967.10108595,0.0,50.0,0.3,-50.0,False,50.0,0.0,INIT
2025-11-17T16:28:20.328949,10967.200986868,0.0,50.0,0.3,-50.0,False,50.0,0.0,INIT
2025-11-17T16:28:20.428960,10967.300994214,0.0,50.0,0.3,-50.0,False,50.0,0.0,INIT
2025-11-17T16:28:20.529764,10967.401813194,0.0,50.0,0.3,-50.0,False,50.0,0.0,INIT
2025-11-17T16:28:20.629149,10967.501194012,0.0,50.0,0.3,-50.0,False,50.0,0.0,INIT
2025-11-17T16:28:20.729150,10967.60118932,0.0,50.0,0.3,-50.0,False,50.0,0.0,INIT
2025-11-17T16:28:20.829763,10967.701812205,0.0,50.0,0.3,-50.0,False,50.0,0.0,INIT
2025-11-17T16:28:20.929184,10967.801229164,0.0,50.0,0.3,-50.0,False,50.0,0.0,INIT
2025-11-17T16:28:21.030274,10967.902323781,0.0,50.0,0.3,-50.0,False,50.0,0.0,INIT
2025-11-17T16:28:21.129096,10968.001131355,0.0,50.0,0.3,-50.0,False,50.0,0.0,INIT
2025-11-17T16:28:21.230244,10968.102302169,0.0,50.0,0.3,-50.0,False,50.0,0.0,INIT
2025-11-17T16:28:21.329343,10968.201389264,0.0,50.0,0.3,-50.0,False,50.0,0.0,INIT
2025-11-17T16:28:21.430340,10968.302392518,0.0,50.0,0.3,-50.0,False,50.0,0.0,INIT
2025-11-17T16:28:21.529103,10968.401143438,0.0,50.0,0.3,-50.0,False,50.0,0.0,INIT
2025-11-17T16:28:21.629017,10968.501056628,0.0,50.0,0.3,-50.0,False,50.0,0.0,INIT
2025-11-17T16:28:21.729076,10968.601118812,0.0,50.0,0.3,-50.0,False,50.0,0.0,INIT
2025-11-17T16:28:21.829208,10968.701247779,0.0,50.0,0.3,-50.0,False,50.0,0.0,INIT
2025-11-17T16:28:21.929073,10968.801110123,0.0,50.0,0.3,-50.0,False,50.0,0.0,INIT
2025-11-17T16:28:22.029033,10968.901075325,0.0,50.0,0.3,-50.0,False,50.0,0.0,INIT
2025-11-17T16:28:22.129806,10969.001856465,0.0,50.0,0.3,-50.0,False,50.0,0.0,INIT
2025-11-17T16:28:22.228990,10969.101026967,0.0,50.0,0.3,-50.0,False,50.0,0.0,INIT
2025-11-17T16:28:22.329893,10969.201944772,0.0,50.0,0.3,-50.0,False,50.0,0.0,INIT
2025-11-17T16:28:22.429069,10969.301105298,0.0,50.0,0.3,-50.0,False,50.0,0.0,INIT
2025-11-17T16:28:22.528999,10969.40103661,0.0,50.0,0.3,-50.0,False,50.0,0.0,INIT
2025-11-17T16:28:22.629186,10969.501224088,0.0,50.0,0.3,-50.0,False,50.0,0.0,INIT
2025-11-17T16:28:22.728963,10969.601011701,0.0,50.0,0.3,-50.0,False,50.0,0.0,INIT
2025-11-17T16:28:22.829088,10969.701129391,0.0,50.0,0.3,-50.0,False,50.0,0.0,INIT
2025-11-17T16:28:22.929608,10969.801658172,0.0,50.0,0.3,-50.0,False,50.0,0.0,INIT
2025-11-17T16:28:23.030085,10969.902137451,0.0,50.0,0.3,-50.0,False,50.0,0.0,INIT
2025-11-17T16:28:23.129022,10970.00105969,0.0,50.0,0.3,-50.0,False,50.0,0.0,INIT
2025-11-17T16:28:23.229179,10970.101218951,0.0,50.0,0.3,-50.0,False,50.0,0.0,INIT
2025-11-17T16:28:23.330227,10970.202278543,0.0,50.0,0.3,-50.0,False,50.0,0.0,INIT
2025-11-17T16:28:23.429235,10970.30127774,0.0,50.0,0.3,-50.0,False,50.0,0.0,INIT
2025-11-17T16:28:23.529184,10970.401225574,0.0,50.0,0.3,-50.0,False,50.0,0.0,INIT
2025-11-17T16:28:23.629123,10970.50116056,0.0,50.0,0.3,-50.0,False,50.0,0.0,INIT
2025-11-17T16:28:23.729173,10970.601215574,0.0,50.0,0.3,-50.0,False,50.0,0.0,INIT
2025-11-17T16:28:23.830195,10970.702237006,0.0,50.0,0.3,-50.0,False,50.0,0.0,INIT
2025-11-17T16:28:23.929109,10970.801154046,0.0,50.0,0.3,-50.0,False,50.0,0.0,INIT
2025-11-17T16:28:24.029117,10970.901155219,0.0,50.0,0.3,-50.0,False,50.0,0.0,INIT
2025-11-17T16:28:24.129561,10971.001605016,0.0,50.0,0.3,-50.0,False,50.0,0.0,INIT
2025-11-17T16:28:24.229624,10971.101668842,0.0,50.0,0.3,-50.0,False,50.0,0.0,INIT
2025-11-17T16:28:24.330150,10971.202198405,0.0,50.0,0.3,-50.0,False,50.0,0.0,INIT
2025-11-17T16:28:24.429438,10971.301480818,0.0,50.0,0.3,-50.0,False,50.0,0.0,INIT
2025-11-17T16:28:24.528998,10971.401034267,0.0,50.0,0.3,-50.0,False,50.0,0.0,INIT
2025-11-17T16:28:24.629139,10971.50117613,0.0,50.0,0.3,-50.0,False,50.0,0.0,INIT
2025-11-17T16:28:24.729377,10971.601414212,0.0,50.0,0.3,-50.0,False,50.0,0.0,INIT
2025-11-17T16:28:24.828989,10971.701026934,0.0,50.0,0.3,-50.0,False,50.0,0.0,INIT
2025-11-17T16:28:24.928994,10971.801031746,0.0,50.0,0.3,-50.0,False,50.0,0.0,INIT
2025-11-17T16:28:25.029182,10971.901230742,0.0,50.0,0.3,-50.0,False,50.0,0.0,INIT
2025-11-17T16:28:25.129248,10972.001288332,0.0,50.0,0.3,-50.0,False,50.0,0.0,INIT
2025-11-17T16:28:25.229224,10972.101263592,0.0,50.0,0.3,-50.0,False,50.0,0.0,INIT
2025-11-17T16:28:25.329962,10972.202057693,0.0,50.0,0.3,-50.0,False,50.0,0.0,INIT
2025-11-17T16:28:25.428774,10972.300805802,0.0,50.0,0.3,-50.0,False,50.0,0.0,INIT
2025-11-17T16:28:25.529073,10972.401111372,0.0,50.0,0.3,-50.0,False,50.0,0.0,INIT
2025-11-17T16:28:25.629169,10972.501208086,0.0,50.0,0.3,-50.0,False,50.0,0.0,INIT
2025-11-17T16:28:25.729040,10972.601079679,0.0,50.0,0.3,-50.0,False,50.0,0.0,INIT
2025-11-17T16:28:25.828940,10972.700978388,0.0,50.0,0.3,-50.0,False,50.0,0.0,INIT
2025-11-17T16:28:25.929568,10972.8016176,0.0,50.0,0.3,-50.0,False,50.0,0.0,INIT
2025-11-17T16:28:26.029815,10972.901867659,0.0,50.0,0.3,-50.0,False,50.0,0.0,INIT
2025-11-17T16:28:26.129738,10973.00178907,0.0,50.0,0.3,-50.0,False,50.0,0.0,INIT
2025-11-17T16:28:26.229261,10973.101298734,0.0,50.0,0.3,-50.0,False,50.0,0.0,INIT
2025-11-17T16:28:26.329648,10973.201698079,0.0,50.0,0.3,-50.0,False,50.0,0.0,INIT
2025-11-17T16:28:26.429473,10973.301522877,0.0,50.0,0.3,-50.0,False,50.0,0.0,INIT
2025-11-17T16:28:26.529418,10973.401454762,0.0,50.0,0.3,-50.0,False,50.0,0.0,INIT
2025-11-17T16:28:26.628918,10973.500960899,0.0,50.0,0.3,-50.0,False,50.0,0.0,INIT
2025-11-17T16:28:26.729440,10973.60147794,0.0,50.0,0.3,-50.0,False,50.0,0.0,INIT
2025-11-17T16:28:26.829002,10973.70103989,0.0,50.0,0.3,-50.0,False,50.0,0.0,INIT
2025-11-17T16:28:26.929775,10973.801827071,0.0,50.0,0.3,-50.0,False,50.0,0.0,INIT
2025-11-17T16:28:27.029636,10973.901681061,0.0,50.0,0.3,-50.0,False,50.0,0.0,INIT
2025-11-17T16:28:27.129722,10974.001772076,0.0,50.0,0.3,-50.0,False,50.0,0.0,INIT
2025-11-17T16:28:27.229268,10974.101306663,0.0,50.0,0.3,-50.0,False,50.0,0.0,INIT
2025-11-17T16:28:27.329378,10974.201426727,0.0,50.0,0.3,-50.0,False,50.0,0.0,INIT
2025-11-17T16:28:27.429111,10974.301149012,0.0,50.0,0.3,-50.0,False,50.0,0.0,INIT
2025-11-17T16:28:27.529187,10974.401228617,0.0,50.0,0.3,-50.0,False,50.0,0.0,INIT
2025-11-17T16:28:27.628883,10974.500917837,0.0,50.0,0.3,-50.0,False,50.0,0.0,INIT
2025-11-17T16:28:27.729141,10974.601177404,0.0,50.0,0.3,-50.0,False,50.0,0.0,INIT
2025-11-17T16:28:27.829754,10974.701805543,0.0,50.0,0.3,-50.0,False,50.0,0.0,INIT
2025-11-17T16:28:27.929195,10974.801235269,0.0,50.0,0.3,-50.0,False,50.0,0.0,INIT
2025-11-17T16:28:28.029565,10974.901607976,0.0,50.0,0.3,-50.0,False,50.0,0.0,INIT
2025-11-17T16:28:28.129250,10975.001290753,0.0,50.0,0.3,-50.0,False,50.0,0.0,INIT
2025-11-17T16:28:28.229017,10975.101063103,0.0,50.0,0.3,-50.0,False,50.0,0.0,INIT
2025-11-17T16:28:28.329482,10975.201526407,0.0,50.0,0.3,-50.0,False,50.0,0.0,INIT
2025-11-17T16:28:28.428874,10975.300910045,0.0,50.0,0.3,-50.0,False,50.0,0.0,INIT
2025-11-17T16:28:28.528993,10975.401029127,0.0,50.0,0.3,-50.0,False,50.0,0.0,INIT
2025-11-17T16:28:28.628854,10975.500891233,0.0,50.0,0.3,-50.0,False,50.0,0.0,INIT
2025-11-17T16:28:28.728835,10975.600872085,0.0,50.0,0.3,-50.0,False,50.0,0.0,INIT
2025-11-17T16:28:28.829884,10975.701936541,0.0,50.0,0.3,-50.0,False,50.0,0.0,INIT
2025-11-17T16:28:28.929743,10975.801790547,0.0,50.0,0.3,-50.0,False,50.0,0.0,INIT
2025-11-17T16:28:29.029885,10975.901939798,0.0,50.0,0.3,-50.0,False,50.0,0.0,INIT
2025-11-17T16:28:29.129307,10976.001348705,0.0,50.0,0.3,-50.0,False,50.0,0.0,INIT
2025-11-17T16:28:29.229019,10976.101059669,0.0,50.0,0.3,-50.0,False,50.0,0.0,INIT
2025-11-17T16:28:29.329077,10976.201121229,0.0,50.0,0.3,-50.0,False,50.0,0.0,INIT
2025-11-17T16:28:29.429432,10976.301475111,0.0,50.0,0.3,-50.0,False,50.0,0.0,INIT
2025-11-17T16:28:29.529031,10976.401073445,0.0,50.0,0.3,-50.0,False,50.0,0.0,INIT
2025-11-17T16:28:29.629336,10976.501377786,0.0,50.0,0.3,-50.0,False,50.0,0.0,INIT
2025-11-17T16:28:29.728812,10976.600847088,0.0,50.0,0.3,-50.0,False,50.0,0.0,INIT
2025-11-17T16:28:29.829724,10976.701765965,0.0,50.0,0.3,-50.0,False,50.0,0.0,INIT
2025-11-17T16:28:29.928868,10976.800903577,0.0,50.0,0.3,-50.0,False,50.0,0.0,INIT
2025-11-17T16:28:30.029254,10976.901292607,0.0,50.0,0.3,-50.0,False,50.0,0.0,INIT
2025-11-17T16:28:30.128972,10977.001026629,0.0,50.0,0.3,-50.0,False,50.0,0.0,INIT
2025-11-17T16:28:30.229177,10977.101215221,0.0,50.0,0.3,-50.0,False,50.0,0.0,INIT
2025-11-17T16:28:30.329161,10977.201200998,0.0,50.0,0.3,-50.0,False,50.0,0.0,INIT
2025-11-17T16:28:30.429574,10977.301617889,0.0,50.0,0.3,-50.0,False,50.0,0.0,INIT
2025-11-17T16:28:30.529582,10977.401632235,0.0,50.0,0.3,-50.0,False,50.0,0.0,INIT
2025-11-17T16:28:30.628935,10977.500971012,0.0,50.0,0.3,-50.0,False,50.0,0.0,INIT
2025-11-17T16:28:30.729330,10977.601367909,0.0,50.0,0.3,-50.0,False,50.0,0.0,INIT
2025-11-17T16:28:30.829606,10977.701649131,0.0,50.0,0.3,-50.0,False,50.0,0.0,INIT
2025-11-17T16:28:30.929211,10977.801251565,0.0,50.0,0.3,-50.0,False,50.0,0.0,INIT
2025-11-17T16:28:31.029501,10977.901551508,0.0,50.0,0.3,-50.0,False,50.0,0.0,INIT
2025-11-17T16:28:31.129623,10978.001671993,0.0,50.0,0.3,-50.0,False,50.0,0.0,INIT
2025-11-17T16:28:31.229238,10978.101281758,0.0,50.0,0.3,-50.0,False,50.0,0.0,INIT
2025-11-17T16:28:31.329098,10978.201135047,0.0,50.0,0.3,-50.0,False,50.0,0.0,INIT
2025-11-17T16:28:31.428823,10978.300859571,0.0,50.0,0.3,-50.0,False,50.0,0.0,INIT
2025-11-17T16:28:31.529206,10978.401248246,0.0,50.0,0.3,-50.0,False,50.0,0.0,INIT
2025-11-17T16:28:31.629320,10978.501364749,0.0,50.0,0.3,-50.0,False,50.0,0.0,INIT
2025-11-17T16:28:31.729502,10978.601544773,0.0,50.0,0.3,-50.0,False,50.0,0.0,INIT
2025-11-17T16:28:31.829156,10978.701193512,0.0,50.0,0.3,-50.0,False,50.0,0.0,INIT
2025-11-17T16:28:31.929250,10978.80129235,0.0,50.0,0.3,-50.0,False,50.0,0.0,INIT
2025-11-17T16:28:32.029209,10978.901250694,0.0,50.0,0.3,-50.0,False,50.0,0.0,INIT
2025-11-17T16:28:32.129532,10979.001579852,0.0,50.0,0.3,-50.0,False,50.0,0.0,INIT
2025-11-17T16:28:32.229079,10979.101115374,0.0,50.0,0.3,-50.0,False,50.0,0.0,INIT
2025-11-17T16:28:32.329320,10979.201366854,0.0,50.0,0.3,-50.0,False,50.0,0.0,INIT
2025-11-17T16:28:32.429394,10979.301435783,0.0,50.0,0.3,-50.0,False,50.0,0.0,INIT
2025-11-17T16:28:32.529639,10979.40168229,0.0,50.0,0.3,-50.0,False,50.0,0.0,INIT
2025-11-17T16:28:32.629794,10979.501844791,0.0,50.0,0.3,-50.0,False,50.0,0.0,INIT
2025-11-17T16:28:32.728936,10979.600975248,0.0,50.0,0.3,-50.0,False,50.0,0.0,INIT
2025-11-17T16:28:32.829381,10979.701430844,0.0,50.0,0.3,-50.0,False,50.0,0.0,INIT
2025-11-17T16:28:32.929680,10979.801729158,0.0,50.0,0.3,-50.0,False,50.0,0.0,INIT
2025-11-17T16:28:33.029766,10979.901811241,0.0,50.0,0.3,-50.0,False,50.0,0.0,INIT
2025-11-17T16:28:33.129784,10980.001829606,0.0,50.0,0.3,-50.0,False,50.0,0.0,INIT
2025-11-17T16:28:33.229230,10980.101265147,0.0,50.0,0.3,-50.0,False,50.0,0.0,INIT
2025-11-17T16:28:33.329841,10980.201887772,0.0,50.0,0.3,-50.0,False,50.0,0.0,INIT
2025-11-17T16:28:33.429750,10980.301794858,0.0,50.0,0.3,-50.0,False,50.0,0.0,INIT
2025-11-17T16:28:33.529365,10980.401403261,0.0,50.0,0.3,-50.0,False,50.0,0.0,INIT
2025-11-17T16:28:33.629021,10980.501060407,0.0,50.0,0.3,-50.0,False,50.0,0.0,INIT
2025-11-17T16:28:33.728869,10980.60090672,0.0,50.0,0.3,-50.0,False,50.0,0.0,INIT
2025-11-17T16:28:33.829227,10980.701267741,0.0,50.0,0.3,-50.0,False,50.0,0.0,INIT
2025-11-17T16:28:33.929767,10980.801813916,0.0,50.0,0.3,-50.0,False,50.0,0.0,INIT
2025-11-17T16:28:34.029227,10980.901266305,0.0,50.0,0.3,-50.0,False,50.0,0.0,INIT
2025-11-17T16:28:34.129649,10981.001692606,0.0,50.0,0.3,-50.0,False,50.0,0.0,INIT
2025-11-17T16:28:34.229190,10981.101228319,0.0,50.0,0.3,-50.0,False,50.0,0.0,INIT
2025-11-17T16:28:34.328948,10981.200987557,0.0,50.0,0.3,-50.0,False,50.0,0.0,INIT
2025-11-17T16:28:34.428975,10981.301029755,0.0,50.0,0.3,-50.0,False,50.0,0.0,INIT
2025-11-17T16:28:34.529624,10981.401673272,0.0,50.0,0.3,-50.0,False,50.0,0.0,INIT
2025-11-17T16:28:34.629198,10981.501238413,0.0,50.0,0.3,-50.0,False,50.0,0.0,INIT
2025-11-17T16:28:34.728966,10981.601015014,0.0,50.0,0.3,-50.0,False,50.0,0.0,INIT
2025-11-17T16:28:34.828873,10981.700909585,0.0,50.0,0.3,-50.0,False,50.0,0.0,INIT
2025-11-17T16:28:34.929198,10981.801238519,0.0,50.0,0.3,-50.0,False,50.0,0.0,INIT
2025-11-17T16:28:35.029638,10981.901686564,0.0,50.0,0.3,-50.0,False,50.0,0.0,INIT
2025-11-17T16:28:35.129884,10982.001938893,0.0,50.0,0.3,-50.0,False,50.0,0.0,INIT
2025-11-17T16:28:35.229936,10982.101987585,0.0,50.0,0.3,-50.0,False,50.0,0.0,INIT
2025-11-17T16:28:35.329321,10982.201363934,0.0,50.0,0.3,-50.0,False,50.0,0.0,INIT
2025-11-17T16:28:35.429330,10982.301376148,0.0,50.0,0.3,-50.0,False,50.0,0.0,INIT
2025-11-17T16:28:35.530280,10982.402331338,0.0,50.0,0.3,-50.0,False,50.0,0.0,INIT
2025-11-17T16:28:35.630332,10982.502438414,0.0,50.0,0.3,-50.0,False,50.0,0.0,INIT
2025-11-17T16:28:35.729188,10982.601225478,0.0,50.0,0.3,-50.0,False,50.0,0.0,INIT
2025-11-17T16:28:35.828974,10982.701024617,0.0,50.0,0.3,-50.0,False,50.0,0.0,INIT
2025-11-17T16:28:35.929300,10982.801343108,0.0,50.0,0.3,-50.0,False,50.0,0.0,INIT
2025-11-17T16:28:36.029864,10982.901917326,0.0,50.0,0.3,-50.0,False,50.0,0.0,INIT
2025-11-17T16:28:36.129525,10983.001574724,0.0,50.0,0.3,-50.0,False,50.0,0.0,INIT
2025-11-17T16:28:36.229514,10983.101556191,0.0,50.0,0.3,-50.0,False,50.0,0.0,INIT
2025-11-17T16:28:36.329400,10983.20144361,0.0,50.0,0.3,-50.0,False,50.0,0.0,INIT
2025-11-17T16:28:36.429533,10983.301577143,0.0,50.0,0.3,-50.0,False,50.0,0.0,INIT
2025-11-17T16:28:36.529728,10983.401792345,0.0,50.0,0.3,-50.0,False,50.0,0.0,INIT
2025-11-17T16:28:36.630109,10983.502164105,0.0,50.0,0.3,-50.0,False,50.0,0.0,INIT
2025-11-17T16:28:36.729081,10983.601118695,0.0,50.0,0.3,-50.0,False,50.0,0.0,INIT
2025-11-17T16:28:36.829100,10983.701137488,0.0,50.0,0.3,-50.0,False,50.0,0.0,INIT
2025-11-17T16:28:36.929364,10983.80140434,0.0,50.0,0.3,-50.0,False,50.0,0.0,INIT
2025-11-17T16:28:37.029151,10983.901192465,0.0,50.0,0.3,-50.0,False,50.0,0.0,INIT
2025-11-17T16:28:37.129220,10984.001261268,0.0,50.0,0.3,-50.0,False,50.0,0.0,INIT
2025-11-17T16:28:37.229341,10984.101381958,0.0,50.0,0.3,-50.0,False,50.0,0.0,INIT
2025-11-17T16:28:37.329500,10984.201548889,0.0,50.0,0.3,-50.0,False,50.0,0.0,INIT
2025-11-17T16:28:37.429529,10984.301569986,0.0,50.0,0.3,-50.0,False,50.0,0.0,INIT
2025-11-17T16:28:37.529200,10984.401239915,0.0,50.0,0.3,-50.0,False,50.0,0.0,INIT
2025-11-17T16:28:37.629425,10984.501467352,0.0,50.0,0.3,-50.0,False,50.0,0.0,INIT
2025-11-17T16:28:37.729167,10984.601205552,0.0,50.0,0.3,-50.0,False,50.0,0.0,INIT
2025-11-17T16:28:37.829417,10984.701466838,0.0,50.0,0.3,-50.0,False,50.0,0.0,INIT
2025-11-17T16:28:37.929476,10984.801517563,0.0,50.0,0.3,-50.0,False,50.0,0.0,INIT
2025-11-17T16:28:38.029827,10984.901879234,0.0,50.0,0.3,-50.0,False,50.0,0.0,INIT
2025-11-17T16:28:38.129016,10985.001051702,0.0,50.0,0.3,-50.0,False,50.0,0.0,INIT
2025-11-17T16:28:38.229500,10985.10153338,0.0,50.0,0.3,-50.0,False,50.0,0.0,INIT
2025-11-17T16:28:38.328846,10985.20087981,0.0,50.0,0.3,-50.0,False,50.0,0.0,INIT
2025-11-17T16:28:38.429723,10985.301772605,0.0,50.0,0.3,-50.0,False,50.0,0.0,INIT
2025-11-17T16:28:38.529635,10985.401681574,0.0,50.0,0.3,-50.0,False,50.0,0.0,INIT
2025-11-17T16:28:38.629352,10985.501403199,0.0,50.0,0.3,-50.0,False,50.0,0.0,INIT
2025-11-17T16:28:38.729529,10985.601577295,0.0,50.0,0.3,-50.0,False,50.0,0.0,INIT
2025-11-17T16:28:38.828822,10985.700858502,0.0,50.0,0.3,-50.0,False,50.0,0.0,INIT
2025-11-17T16:28:38.929292,10985.801335373,0.0,50.0,0.3,-50.0,False,50.0,0.0,INIT
2025-11-17T16:28:39.029305,10985.901352053,0.0,50.0,0.3,-50.0,False,50.0,0.0,INIT
2025-11-17T16:28:39.128931,10986.000968592,0.0,50.0,0.3,-50.0,False,50.0,0.0,INIT
2025-11-17T16:28:39.228969,10986.101017696,0.0,50.0,0.3,-50.0,False,50.0,0.0,INIT
2025-11-17T16:28:39.328887,10986.200924382,0.0,50.0,0.3,-50.0,False,50.0,0.0,INIT
2025-11-17T16:28:39.428858,10986.300893976,0.0,50.0,0.3,-50.0,False,50.0,0.0,INIT
2025-11-17T16:28:39.528850,10986.400886872,0.0,50.0,0.3,-50.0,False,50.0,0.0,INIT
2025-11-17T16:28:39.628905,10986.500942709,0.0,50.0,0.3,-50.0,False,50.0,0.0,INIT
2025-11-17T16:28:39.729107,10986.601140488,0.0,50.0,0.3,-50.0,False,50.0,0.0,INIT
2025-11-17T16:28:39.828909,10986.700947901,0.0,50.0,0.3,-50.0,False,50.0,0.0,INIT
2025-11-17T16:28:39.929407,10986.801457582,0.0,50.0,0.3,-50.0,False,50.0,0.0,INIT
2025-11-17T16:28:40.029440,10986.901482376,0.0,50.0,0.3,-50.0,False,50.0,0.0,INIT
2025-11-17T16:28:40.129536,10987.001584336,0.0,50.0,0.3,-50.0,False,50.0,0.0,INIT
2025-11-17T16:28:40.229342,10987.101383404,0.0,50.0,0.3,-50.0,False,50.0,0.0,INIT
2025-11-17T16:28:40.329113,10987.201153652,0.0,50.0,0.3,-50.0,False,50.0,0.0,INIT
2025-11-17T16:28:40.429313,10987.301353079,0.0,50.0,0.3,-50.0,False,50.0,0.0,INIT
2025-11-17T16:28:40.529735,10987.401785833,0.0,50.0,0.3,-50.0,False,50.0,0.0,INIT
2025-11-17T16:28:40.629792,10987.501843351,0.0,50.0,0.3,-50.0,False,50.0,0.0,INIT
2025-11-17T16:28:40.729077,10987.601114339,0.0,50.0,0.3,-50.0,False,50.0,0.0,INIT
2025-11-17T16:28:40.829001,10987.701037942,0.0,50.0,0.3,-50.0,False,50.0,0.0,INIT
2025-11-17T16:28:40.929601,10987.801647175,0.0,50.0,0.3,-50.0,False,50.0,0.0,INIT
2025-11-17T16:28:41.029201,10987.901242538,0.0,50.0,0.3,-50.0,False,50.0,0.0,INIT
2025-11-17T16:28:41.129279,10988.001323222,0.0,50.0,0.3,-50.0,False,50.0,0.0,INIT
2025-11-17T16:28:41.228946,10988.100984181,0.0,50.0,0.3,-50.0,False,50.0,0.0,INIT
2025-11-17T16:28:41.329048,10988.20109057,0.0,50.0,0.3,-50.0,False,50.0,0.0,INIT
2025-11-17T16:28:41.429600,10988.301645797,0.0,50.0,0.3,-50.0,False,50.0,0.0,INIT
2025-11-17T16:28:41.529964,10988.402033454,0.0,50.0,0.3,-50.0,False,50.0,0.0,INIT
2025-11-17T16:28:41.629584,10988.501632126,0.0,50.0,0.3,-50.0,False,50.0,0.0,INIT
2025-11-17T16:28:41.729321,10988.60136914,0.0,50.0,0.3,-50.0,False,50.0,0.0,INIT
2025-11-17T16:28:41.829394,10988.701436171,0.0,50.0,0.3,-50.0,False,50.0,0.0,INIT
2025-11-17T16:28:41.929752,10988.801789171,0.0,50.0,0.3,-50.0,False,50.0,0.0,INIT
2025-11-17T16:28:42.029021,10988.901062989,0.0,50.0,0.3,-50.0,False,50.0,0.0,INIT
2025-11-17T16:28:42.129012,10989.001049031,0.0,50.0,0.3,-50.0,False,50.0,0.0,INIT
2025-11-17T16:28:42.229041,10989.101075154,0.0,50.0,0.3,-50.0,False,50.0,0.0,INIT
2025-11-17T16:28:42.329066,10989.201103514,0.0,50.0,0.3,-50.0,False,50.0,0.0,INIT
2025-11-17T16:28:42.428862,10989.300895872,0.0,50.0,0.3,-50.0,False,50.0,0.0,INIT
2025-11-17T16:28:42.529027,10989.401064062,0.0,50.0,0.3,-50.0,False,50.0,0.0,INIT
2025-11-17T16:28:42.628922,10989.500957208,0.0,50.0,0.3,-50.0,False,50.0,0.0,INIT
2025-11-17T16:28:42.729014,10989.60104881,0.0,50.0,0.3,-50.0,False,50.0,0.0,INIT
2025-11-17T16:28:42.828788,10989.700824704,0.0,50.0,0.3,-50.0,False,50.0,0.0,INIT
2025-11-17T16:28:42.928863,10989.800900737,0.0,50.0,0.3,-50.0,False,50.0,0.0,INIT
2025-11-17T16:28:43.028947,10989.900986763,0.0,50.0,0.3,-50.0,False,50.0,0.0,INIT
2025-11-17T16:28:43.128829,10990.000865824,0.0,50.0,0.3,-50.0,False,50.0,0.0,INIT
2025-11-17T16:28:43.229005,10990.101041399,0.0,50.0,0.3,-50.0,False,50.0,0.0,INIT
2025-11-17T16:28:43.329161,10990.20119888,0.0,50.0,0.3,-50.0,False,50.0,0.0,INIT
2025-11-17T16:28:43.428912,10990.300947129,0.0,50.0,0.3,-50.0,False,50.0,0.0,INIT
2025-11-17T16:28:43.528957,10990.400994903,0.0,50.0,0.3,-50.0,False,50.0,0.0,INIT
2025-11-17T16:28:43.628992,10990.50102925,0.0,50.0,0.3,-50.0,False,50.0,0.0,INIT
2025-11-17T16:28:43.729061,10990.601095323,0.0,50.0,0.3,-50.0,False,50.0,0.0,INIT
2025-11-17T16:28:43.828950,10990.700984889,0.0,50.0,0.3,-50.0,False,50.0,0.0,INIT
2025-11-17T16:28:43.929073,10990.801109551,0.0,50.0,0.3,-50.0,False,50.0,0.0,INIT
2025-11-17T16:28:44.029074,10990.901111386,0.0,50.0,0.3,-50.0,False,50.0,0.0,INIT
2025-11-17T16:28:44.129011,10991.001049122,0.0,50.0,0.3,-50.0,False,50.0,0.0,INIT
2025-11-17T16:28:44.229038,10991.101073446,0.0,50.0,0.3,-50.0,False,50.0,0.0,INIT
2025-11-17T16:28:44.329035,10991.201074726,0.0,50.0,0.3,-50.0,False,50.0,0.0,INIT
2025-11-17T16:28:44.428974,10991.301024723,0.0,50.0,0.3,-50.0,False,50.0,0.0,INIT
2025-11-17T16:28:44.529125,10991.40116301,0.0,50.0,0.3,-50.0,False,50.0,0.0,INIT
2025-11-17T16:28:44.628932,10991.500967476,0.0,50.0,0.3,-50.0,False,50.0,0.0,INIT
2025-11-17T16:28:44.729057,10991.601093104,0.0,50.0,0.3,-50.0,False,50.0,0.0,INIT
2025-11-17T16:28:44.828916,10991.700953365,0.0,50.0,0.3,-50.0,False,50.0,0.0,INIT
2025-11-17T16:28:44.929005,10991.801047079,0.0,50.0,0.3,-50.0,False,50.0,0.0,INIT
2025-11-17T16:28:45.029841,10991.901890874,0.0,50.0,0.3,-50.0,False,50.0,0.0,INIT
2025-11-17T16:28:45.129128,10992.001166704,0.0,50.0,0.3,-50.0,False,50.0,0.0,INIT
2025-11-17T16:28:45.229627,10992.101675978,0.0,50.0,0.3,-50.0,False,50.0,0.0,INIT
2025-11-17T16:28:45.329541,10992.201587687,0.0,50.0,0.3,-50.0,False,50.0,0.0,INIT
2025-11-17T16:28:45.429618,10992.301663636,0.0,50.0,0.3,-50.0,False,50.0,0.0,INIT
2025-11-17T16:28:45.529621,10992.401666389,0.0,50.0,0.3,-50.0,False,50.0,0.0,INIT
2025-11-17T16:28:45.629609,10992.501649287,0.0,50.0,0.3,-50.0,False,50.0,0.0,INIT
2025-11-17T16:28:45.728935,10992.600972429,0.0,50.0,0.3,-50.0,False,50.0,0.0,INIT
2025-11-17T16:28:45.829304,10992.70134569,0.0,50.0,0.3,-50.0,False,50.0,0.0,INIT
2025-11-17T16:28:45.929020,10992.801057435,0.0,50.0,0.3,-50.0,False,50.0,0.0,INIT
2025-11-17T16:28:46.029178,10992.90122728,0.0,50.0,0.3,-50.0,False,50.0,0.0,INIT
2025-11-17T16:28:46.129431,10993.001469142,0.0,50.0,0.3,-50.0,False,50.0,0.0,INIT
2025-11-17T16:28:46.229740,10993.101785628,0.0,50.0,0.3,-50.0,False,50.0,0.0,INIT
2025-11-17T16:28:46.329167,10993.201205796,0.0,50.0,0.3,-50.0,False,50.0,0.0,INIT
2025-11-17T16:28:46.429284,10993.301323946,0.0,50.0,0.3,-50.0,False,50.0,0.0,INIT
2025-11-17T16:28:46.528940,10993.400977259,0.0,50.0,0.3,-50.0,False,50.0,0.0,INIT
2025-11-17T16:28:46.629586,10993.501629284,0.0,50.0,0.3,-50.0,False,50.0,0.0,INIT
2025-11-17T16:28:46.729003,10993.60103965,0.0,50.0,0.3,-50.0,False,50.0,0.0,INIT
2025-11-17T16:28:46.829158,10993.701199887,0.0,50.0,0.3,-50.0,False,50.0,0.0,INIT
2025-11-17T16:28:46.928933,10993.800971491,0.0,50.0,0.3,-50.0,False,50.0,0.0,INIT
2025-11-17T16:28:47.029171,10993.901214057,0.0,50.0,0.3,-50.0,False,50.0,0.0,INIT
2025-11-17T16:28:47.129152,10994.00119092,0.0,50.0,0.3,-50.0,False,50.0,0.0,INIT
2025-11-17T16:28:47.229184,10994.101222319,0.0,50.0,0.3,-50.0,False,50.0,0.0,INIT
2025-11-17T16:28:47.329207,10994.201250435,0.0,50.0,0.3,-50.0,False,50.0,0.0,INIT
2025-11-17T16:28:47.429949,10994.301996177,0.0,50.0,0.3,-50.0,False,50.0,0.0,INIT
2025-11-17T16:28:47.529612,10994.401660235,0.0,50.0,0.3,-50.0,False,50.0,0.0,INIT
2025-11-17T16:28:47.629263,10994.501307191,0.0,50.0,0.3,-50.0,False,50.0,0.0,INIT
2025-11-17T16:28:47.729905,10994.601955386,0.0,50.0,0.3,-50.0,False,50.0,0.0,INIT
2025-11-17T16:28:47.830114,10994.702163971,0.0,50.0,0.3,-50.0,False,50.0,0.0,INIT
2025-11-17T16:28:47.929740,10994.801782918,0.0,50.0,0.3,-50.0,False,50.0,0.0,INIT
2025-11-17T16:28:48.028975,10994.90102897,0.0,50.0,0.3,-50.0,False,50.0,0.0,INIT
2025-11-17T16:28:48.129721,10995.001768579,0.0,50.0,0.3,-50.0,False,50.0,0.0,INIT
2025-11-17T16:28:48.229040,10995.10109262,0.0,50.0,0.3,-50.0,False,50.0,0.0,INIT
2025-11-17T16:28:48.329866,10995.201915291,0.0,50.0,0.3,-50.0,False,50.0,0.0,INIT
2025-11-17T16:28:48.429059,10995.301095173,0.0,50.0,0.3,-50.0,False,50.0,0.0,INIT
2025-11-17T16:28:48.529461,10995.401503804,0.0,50.0,0.3,-50.0,False,50.0,0.0,INIT
2025-11-17T16:28:48.630326,10995.502378332,0.0,50.0,0.3,-50.0,False,50.0,0.0,INIT
2025-11-17T16:28:48.729944,10995.601988161,0.0,50.0,0.3,-50.0,False,50.0,0.0,INIT
2025-11-17T16:28:48.829894,10995.701940847,0.0,50.0,0.3,-50.0,False,50.0,0.0,INIT
2025-11-17T16:28:48.929871,10995.801921352,0.0,50.0,0.3,-50.0,False,50.0,0.0,INIT
2025-11-17T16:28:49.029217,10995.901266887,0.0,50.0,0.3,-50.0,False,50.0,0.0,INIT
2025-11-17T16:28:49.129178,10996.001219423,0.0,50.0,0.3,-50.0,False,50.0,0.0,INIT
2025-11-17T16:28:49.229020,10996.101058516,0.0,50.0,0.3,-50.0,False,50.0,0.0,INIT
2025-11-17T16:28:49.329941,10996.201992323,0.0,50.0,0.3,-50.0,False,50.0,0.0,INIT
2025-11-17T16:28:49.429381,10996.301422214,0.0,50.0,0.3,-50.0,False,50.0,0.0,INIT
2025-11-17T16:28:49.529060,10996.401098798,0.0,50.0,0.3,-50.0,False,50.0,0.0,INIT
2025-11-17T16:28:49.629026,10996.501063276,0.0,50.0,0.3,-50.0,False,50.0,0.0,INIT
2025-11-17T16:28:49.729056,10996.601093872,0.0,50.0,0.3,-50.0,False,50.0,0.0,INIT
2025-11-17T16:28:49.828936,10996.700974719,0.0,50.0,0.3,-50.0,False,50.0,0.0,INIT
2025-11-17T16:28:49.929197,10996.801240607,0.0,50.0,0.3,-50.0,False,50.0,0.0,INIT
2025-11-17T16:28:50.029093,10996.901131866,0.0,50.0,0.3,-50.0,False,50.0,0.0,INIT
2025-11-17T16:28:50.128928,10997.0009644,0.0,50.0,0.3,-50.0,False,50.0,0.0,INIT
2025-11-17T16:28:50.229121,10997.101159211,0.0,50.0,0.3,-50.0,False,50.0,0.0,INIT
2025-11-17T16:28:50.329100,10997.201136318,0.0,50.0,0.3,-50.0,False,50.0,0.0,INIT
2025-11-17T16:28:50.429105,10997.301143332,0.0,50.0,0.3,-50.0,False,50.0,0.0,INIT
2025-11-17T16:28:50.530010,10997.402054194,0.0,50.0,0.3,-50.0,False,50.0,0.0,INIT
2025-11-17T16:28:50.629146,10997.50118359,0.0,50.0,0.3,-50.0,False,50.0,0.0,INIT
2025-11-17T16:28:50.729004,10997.601040867,0.0,50.0,0.3,-50.0,False,50.0,0.0,INIT
2025-11-17T16:28:50.829846,10997.701883422,0.0,50.0,0.3,-50.0,False,50.0,0.0,INIT
2025-11-17T16:28:50.929311,10997.80135277,0.0,50.0,0.3,-50.0,False,50.0,0.0,INIT
2025-11-17T16:28:51.028920,10997.900958395,0.0,50.0,0.3,-50.0,False,50.0,0.0,INIT
2025-11-17T16:28:51.130350,10998.002392703,0.0,50.0,0.3,-50.0,False,50.0,0.0,INIT
2025-11-17T16:28:51.229861,10998.101912818,0.0,50.0,0.3,-50.0,False,50.0,0.0,INIT
2025-11-17T16:28:51.329846,10998.201897827,0.0,50.0,0.3,-50.0,False,50.0,0.0,INIT
2025-11-17T16:28:51.429672,10998.301722086,0.0,50.0,0.3,-50.0,False,50.0,0.0,INIT
2025-11-17T16:28:51.529654,10998.401705446,0.0,50.0,0.3,-50.0,False,50.0,0.0,INIT
2025-11-17T16:28:51.629848,10998.501899822,0.0,50.0,0.3,-50.0,False,50.0,0.0,INIT
2025-11-17T16:28:51.729450,10998.601486779,0.0,50.0,0.3,-50.0,False,50.0,0.0,INIT
2025-11-17T16:28:51.829634,10998.701685089,0.0,50.0,0.3,-50.0,False,50.0,0.0,INIT
2025-11-17T16:28:51.929092,10998.80113035,0.0,50.0,0.3,-50.0,False,50.0,0.0,INIT
2025-11-17T16:28:52.029103,10998.901140364,0.0,50.0,0.3,-50.0,False,50.0,0.0,INIT
2025-11-17T16:28:52.129106,10999.001146692,0.0,50.0,0.3,-50.0,False,50.0,0.0,INIT
2025-11-17T16:28:52.229269,10999.101308589,0.0,50.0,0.3,-50.0,False,50.0,0.0,INIT
2025-11-17T16:28:52.329691,10999.20174045,0.0,50.0,0.3,-50.0,False,50.0,0.0,INIT
2025-11-17T16:28:52.429370,10999.301414162,0.0,50.0,0.3,-50.0,False,50.0,0.0,INIT
2025-11-17T16:28:52.529447,10999.401493493,0.0,50.0,0.3,-50.0,False,50.0,0.0,INIT
2025-11-17T16:28:52.629476,10999.501519037,0.0,50.0,0.3,-50.0,False,50.0,0.0,INIT
2025-11-17T16:28:52.729154,10999.601191518,0.0,50.0,0.3,-50.0,False,50.0,0.0,INIT
2025-11-17T16:28:52.829844,10999.70189415,0.0,50.0,0.3,-50.0,False,50.0,0.0,INIT
2025-11-17T16:28:52.929631,10999.801677862,0.0,50.0,0.3,-50.0,False,50.0,0.0,INIT
2025-11-17T16:28:53.028945,10999.900983948,0.0,50.0,0.3,-50.0,False,50.0,0.0,INIT
2025-11-17T16:28:53.129278,11000.001321767,0.0,50.0,0.3,-50.0,False,50.0,0.0,INIT
2025-11-17T16:28:53.229093,11000.101131946,0.0,50.0,0.3,-50.0,False,50.0,0.0,INIT
2025-11-17T16:28:53.330180,11000.202230287,0.0,50.0,0.3,-50.0,False,50.0,0.0,INIT
2025-11-17T16:28:53.429026,11000.301064432,0.0,50.0,0.3,-50.0,False,50.0,0.0,INIT
2025-11-17T16:28:53.529317,11000.401352611,0.0,50.0,0.3,-50.0,False,50.0,0.0,INIT
2025-11-17T16:28:53.629346,11000.501382531,0.0,50.0,0.3,-50.0,False,50.0,0.0,INIT
2025-11-17T16:28:53.729354,11000.601394912,0.0,50.0,0.3,-50.0,False,50.0,0.0,INIT
2025-11-17T16:28:53.829112,11000.701152188,0.0,50.0,0.3,-50.0,False,50.0,0.0,INIT
2025-11-17T16:28:53.929641,11000.801690199,0.0,50.0,0.3,-50.0,False,50.0,0.0,INIT
2025-11-17T16:28:54.029030,11000.90107057,0.0,50.0,0.3,-50.0,False,50.0,0.0,INIT
2025-11-17T16:28:54.129174,11001.001218036,0.0,50.0,0.3,-50.0,False,50.0,0.0,INIT
2025-11-17T16:28:54.229928,11001.101980758,0.0,50.0,0.3,-50.0,False,50.0,0.0,INIT
2025-11-17T16:28:54.329782,11001.201831394,0.0,50.0,0.3,-50.0,False,50.0,0.0,INIT
2025-11-17T16:28:54.429608,11001.301651604,0.0,50.0,0.3,-50.0,False,50.0,0.0,INIT
2025-11-17T16:28:54.529281,11001.401321204,0.0,50.0,0.3,-50.0,False,50.0,0.0,INIT
2025-11-17T16:28:54.630104,11001.502158648,0.0,50.0,0.3,-50.0,False,50.0,0.0,INIT
2025-11-17T16:28:54.729075,11001.601113349,0.0,50.0,0.3,-50.0,False,50.0,0.0,INIT
2025-11-17T16:28:54.828965,11001.70101426,0.0,50.0,0.3,-50.0,False,50.0,0.0,INIT
2025-11-17T16:28:54.929010,11001.801047671,0.0,50.0,0.3,-50.0,False,50.0,0.0,INIT
2025-11-17T16:28:55.028933,11001.900971786,0.0,50.0,0.3,-50.0,False,50.0,0.0,INIT
2025-11-17T16:28:55.128972,11002.001024308,0.0,50.0,0.3,-50.0,False,50.0,0.0,INIT
2025-11-17T16:28:55.229708,11002.101755076,0.0,50.0,0.3,-50.0,False,50.0,0.0,INIT
2025-11-17T16:28:55.329868,11002.20192037,0.0,50.0,0.3,-50.0,False,50.0,0.0,INIT
2025-11-17T16:28:55.430241,11002.302292622,0.0,50.0,0.3,-50.0,False,50.0,0.0,INIT
2025-11-17T16:28:55.529376,11002.401425814,0.0,50.0,0.3,-50.0,False,50.0,0.0,INIT
2025-11-17T16:28:55.629099,11002.501142284,0.0,50.0,0.3,-50.0,False,50.0,0.0,INIT
2025-11-17T16:28:55.729327,11002.601363258,0.0,50.0,0.3,-50.0,False,50.0,0.0,INIT
2025-11-17T16:28:55.828825,11002.700861382,0.0,50.0,0.3,-50.0,False,50.0,0.0,INIT
2025-11-17T16:28:55.929492,11002.801539547,0.0,50.0,0.3,-50.0,False,50.0,0.0,INIT
2025-11-17T16:28:56.029390,11002.90142439,0.0,50.0,0.3,-50.0,False,50.0,0.0,INIT
2025-11-17T16:28:56.129571,11003.001619702,0.0,50.0,0.3,-50.0,False,50.0,0.0,INIT
2025-11-17T16:28:56.229767,11003.101818782,0.0,50.0,0.3,-50.0,False,50.0,0.0,INIT
2025-11-17T16:28:56.329069,11003.201106294,0.0,50.0,0.3,-50.0,False,50.0,0.0,INIT
2025-11-17T16:28:56.428876,11003.300912061,0.0,50.0,0.3,-50.0,False,50.0,0.0,INIT
2025-11-17T16:28:56.529619,11003.401661777,0.0,50.0,0.3,-50.0,False,50.0,0.0,INIT
2025-11-17T16:28:56.629291,11003.501335187,0.0,50.0,0.3,-50.0,False,50.0,0.0,INIT
2025-11-17T16:28:56.729085,11003.601124762,0.0,50.0,0.3,-50.0,False,50.0,0.0,INIT
2025-11-17T16:28:56.829477,11003.701524168,0.0,50.0,0.3,-50.0,False,50.0,0.0,INIT
2025-11-17T16:28:56.929570,11003.801624017,0.0,50.0,0.3,-50.0,False,50.0,0.0,INIT
2025-11-17T16:28:57.028919,11003.900955663,0.0,50.0,0.3,-50.0,False,50.0,0.0,INIT
2025-11-17T16:28:57.128712,11004.000745248,0.0,50.0,0.3,-50.0,False,50.0,0.0,INIT
2025-11-17T16:28:57.229850,11004.10189983,0.0,50.0,0.3,-50.0,False,50.0,0.0,INIT
2025-11-17T16:28:57.329311,11004.20135127,0.0,50.0,0.3,-50.0,False,50.0,0.0,INIT
2025-11-17T16:28:57.429748,11004.301797136,0.0,50.0,0.3,-50.0,False,50.0,0.0,INIT
2025-11-17T16:28:57.529604,11004.401651043,0.0,50.0,0.3,-50.0,False,50.0,0.0,INIT
2025-11-17T16:28:57.629707,11004.501754912,0.0,50.0,0.3,-50.0,False,50.0,0.0,INIT
2025-11-17T16:28:57.729379,11004.601424636,0.0,50.0,0.3,-50.0,False,50.0,0.0,INIT
2025-11-17T16:28:57.829072,11004.701109419,0.0,50.0,0.3,-50.0,False,50.0,0.0,INIT
2025-11-17T16:28:57.929517,11004.801559318,0.0,50.0,0.3,-50.0,False,50.0,0.0,INIT
2025-11-17T16:28:58.029720,11004.901769988,0.0,50.0,0.3,-50.0,False,50.0,0.0,INIT
2025-11-17T16:28:58.129950,11005.002033128,0.0,50.0,0.3,-50.0,False,50.0,0.0,INIT
2025-11-17T16:28:58.229514,11005.101560291,0.0,50.0,0.3,-50.0,False,50.0,0.0,INIT
2025-11-17T16:28:58.329293,11005.20133649,0.0,50.0,0.3,-50.0,False,50.0,0.0,INIT
2025-11-17T16:28:58.429682,11005.301724367,0.0,50.0,0.3,-50.0,False,50.0,0.0,INIT
2025-11-17T16:28:58.529499,11005.401535726,0.0,50.0,0.3,-50.0,False,50.0,0.0,INIT
2025-11-17T16:28:58.629030,11005.501072858,0.0,50.0,0.3,-50.0,False,50.0,0.0,INIT
2025-11-17T16:28:58.729303,11005.601355495,0.0,50.0,0.3,-50.0,False,50.0,0.0,INIT
2025-11-17T16:28:58.829125,11005.701160679,0.0,50.0,0.3,-50.0,False,50.0,0.0,INIT
2025-11-17T16:28:58.930044,11005.802094328,0.0,50.0,0.3,-50.0,False,50.0,0.0,INIT
2025-11-17T16:28:59.029237,11005.901276887,0.0,50.0,0.3,-50.0,False,50.0,0.0,INIT
2025-11-17T16:28:59.129066,11006.001103833,0.0,50.0,0.3,-50.0,False,50.0,0.0,INIT
2025-11-17T16:28:59.228953,11006.100990801,0.0,50.0,0.3,-50.0,False,50.0,0.0,INIT
2025-11-17T16:28:59.329513,11006.201552734,0.0,50.0,0.3,-50.0,False,50.0,0.0,INIT
2025-11-17T16:28:59.429541,11006.301584903,0.0,50.0,0.3,-50.0,False,50.0,0.0,INIT
2025-11-17T16:28:59.529740,11006.401788568,0.0,50.0,0.3,-50.0,False,50.0,0.0,INIT
2025-11-17T16:28:59.629039,11006.501072985,0.0,50.0,0.3,-50.0,False,50.0,0.0,INIT
2025-11-17T16:28:59.729652,11006.601697261,0.0,50.0,0.3,-50.0,False,50.0,0.0,INIT
2025-11-17T16:28:59.829720,11006.70176755,0.0,50.0,0.3,-50.0,False,50.0,0.0,INIT
2025-11-17T16:28:59.929645,11006.801687624,0.0,50.0,0.3,-50.0,False,50.0,0.0,INIT
2025-11-17T16:29:00.029127,11006.901164946,0.0,50.0,0.3,-50.0,False,50.0,0.0,INIT
2025-11-17T16:29:00.129416,11007.001461311,0.0,50.0,0.3,-50.0,False,50.0,0.0,INIT
2025-11-17T16:29:00.230273,11007.102329932,0.0,50.0,0.3,-50.0,False,50.0,0.0,INIT
2025-11-17T16:29:00.329624,11007.201675037,0.0,50.0,0.3,-50.0,False,50.0,0.0,INIT
2025-11-17T16:29:00.429681,11007.301732727,0.0,50.0,0.3,-50.0,False,50.0,0.0,INIT
2025-11-17T16:29:00.529426,11007.401465895,0.0,50.0,0.3,-50.0,False,50.0,0.0,INIT
2025-11-17T16:29:00.629787,11007.501840975,0.0,50.0,0.3,-50.0,False,50.0,0.0,INIT
2025-11-17T16:29:00.728831,11007.600876468,0.0,50.0,0.3,-50.0,False,50.0,0.0,INIT
2025-11-17T16:29:00.829808,11007.701861829,0.0,50.0,0.3,-50.0,False,50.0,0.0,INIT
2025-11-17T16:29:00.928872,11007.800910888,0.0,50.0,0.3,-50.0,False,50.0,0.0,INIT
2025-11-17T16:29:01.028781,11007.90081974,0.0,50.0,0.3,-50.0,False,50.0,0.0,INIT
2025-11-17T16:29:01.129575,11008.001624686,0.0,50.0,0.3,-50.0,False,50.0,0.0,INIT
2025-11-17T16:29:01.229278,11008.101329907,0.0,50.0,0.3,-50.0,False,50.0,0.0,INIT
2025-11-17T16:29:01.329720,11008.201769865,0.0,50.0,0.3,-50.0,False,50.0,0.0,INIT
2025-11-17T16:29:01.428946,11008.300985438,0.0,50.0,0.3,-50.0,False,50.0,0.0,INIT
2025-11-17T16:29:01.529257,11008.401294256,0.0,50.0,0.3,-50.0,False,50.0,0.0,INIT
2025-11-17T16:29:01.628971,11008.501017696,0.0,50.0,0.3,-50.0,False,50.0,0.0,INIT
2025-11-17T16:29:01.729117,11008.601154386,0.0,50.0,0.3,-50.0,False,50.0,0.0,INIT
2025-11-17T16:29:01.829696,11008.701748486,0.0,50.0,0.3,-50.0,False,50.0,0.0,INIT
2025-11-17T16:29:01.928859,11008.800898506,0.0,50.0,0.3,-50.0,False,50.0,0.0,INIT
2025-11-17T16:29:02.028949,11008.900986819,0.0,50.0,0.3,-50.0,False,50.0,0.0,INIT
2025-11-17T16:29:02.128997,11009.001038963,0.0,50.0,0.3,-50.0,False,50.0,0.0,INIT
2025-11-17T16:29:02.228968,11009.101025443,0.0,50.0,0.3,-50.0,False,50.0,0.0,INIT
2025-11-17T16:29:02.328923,11009.200961212,0.0,50.0,0.3,-50.0,False,50.0,0.0,INIT
2025-11-17T16:29:02.429695,11009.301748162,0.0,50.0,0.3,-50.0,False,50.0,0.0,INIT
2025-11-17T16:29:02.528945,11009.400983895,0.0,50.0,0.3,-50.0,False,50.0,0.0,INIT
2025-11-17T16:29:02.628919,11009.500956285,0.0,50.0,0.3,-50.0,False,50.0,0.0,INIT
2025-11-17T16:29:02.729447,11009.601490464,0.0,50.0,0.3,-50.0,False,50.0,0.0,INIT
2025-11-17T16:29:02.829654,11009.701709004,0.0,50.0,0.3,-50.0,False,50.0,0.0,INIT
2025-11-17T16:29:02.929363,11009.801409904,0.0,50.0,0.3,-50.0,False,50.0,0.0,INIT
2025-11-17T16:29:03.029841,11009.901891459,0.0,50.0,0.3,-50.0,False,50.0,0.0,INIT
2025-11-17T16:29:03.129010,11010.001050075,0.0,50.0,0.3,-50.0,False,50.0,0.0,INIT
2025-11-17T16:29:03.228881,11010.100920609,0.0,50.0,0.3,-50.0,False,50.0,0.0,INIT
2025-11-17T16:29:03.329403,11010.201439437,0.0,50.0,0.3,-50.0,False,50.0,0.0,INIT
2025-11-17T16:29:03.429207,11010.301244143,0.0,50.0,0.3,-50.0,False,50.0,0.0,INIT
2025-11-17T16:29:03.529368,11010.401408267,0.0,50.0,0.3,-50.0,False,50.0,0.0,INIT
2025-11-17T16:29:03.629438,11010.501484869,0.0,50.0,0.3,-50.0,False,50.0,0.0,INIT
2025-11-17T16:29:03.729776,11010.601825843,0.0,50.0,0.3,-50.0,False,50.0,0.0,INIT
2025-11-17T16:29:03.829810,11010.701861293,0.0,50.0,0.3,-50.0,False,50.0,0.0,INIT
2025-11-17T16:29:03.929163,11010.80120173,0.0,50.0,0.3,-50.0,False,50.0,0.0,INIT
2025-11-17T16:29:04.030244,11010.902295138,0.0,50.0,0.3,-50.0,False,50.0,0.0,INIT
2025-11-17T16:29:04.129183,11011.001223711,0.0,50.0,0.3,-50.0,False,50.0,0.0,INIT
2025-11-17T16:29:04.229257,11011.101300283,0.0,50.0,0.3,-50.0,False,50.0,0.0,INIT
2025-11-17T16:29:04.330343,11011.20239472,0.0,50.0,0.3,-50.0,False,50.0,0.0,INIT
2025-11-17T16:29:04.430128,11011.302179558,0.0,50.0,0.3,-50.0,False,50.0,0.0,INIT
2025-11-17T16:29:04.529278,11011.401320099,0.0,50.0,0.3,-50.0,False,50.0,0.0,INIT
2025-11-17T16:29:04.629135,11011.501176072,0.0,50.0,0.3,-50.0,False,50.0,0.0,INIT
2025-11-17T16:29:04.728988,11011.601024783,0.0,50.0,0.3,-50.0,False,50.0,0.0,INIT
2025-11-17T16:29:04.829044,11011.701091443,0.0,50.0,0.3,-50.0,False,50.0,0.0,INIT
2025-11-17T16:29:04.929182,11011.801218676,0.0,50.0,0.3,-50.0,False,50.0,0.0,INIT
2025-11-17T16:29:05.029913,11011.901966071,0.0,50.0,0.3,-50.0,False,50.0,0.0,INIT
2025-11-17T16:29:05.129412,11012.001458678,0.0,50.0,0.3,-50.0,False,50.0,0.0,INIT
2025-11-17T16:29:05.229104,11012.101142756,0.0,50.0,0.3,-50.0,False,50.0,0.0,INIT
2025-11-17T16:29:05.329484,11012.201519992,0.0,50.0,0.3,-50.0,False,50.0,0.0,INIT
2025-11-17T16:29:05.429584,11012.301620617,0.0,50.0,0.3,-50.0,False,50.0,0.0,INIT
2025-11-17T16:29:05.529627,11012.401673679,0.0,50.0,0.3,-50.0,False,50.0,0.0,INIT
2025-11-17T16:29:05.629840,11012.501883234,0.0,50.0,0.3,-50.0,False,50.0,0.0,INIT
2025-11-17T16:29:05.729002,11012.60104173,0.0,50.0,0.3,-50.0,False,50.0,0.0,INIT
2025-11-17T16:29:05.829700,11012.70174563,0.0,50.0,0.3,-50.0,False,50.0,0.0,INIT
2025-11-17T16:29:05.929748,11012.80179725,0.0,50.0,0.3,-50.0,False,50.0,0.0,INIT
2025-11-17T16:29:06.029768,11012.901811919,0.0,50.0,0.3,-50.0,False,50.0,0.0,INIT
2025-11-17T16:29:06.129828,11013.001871955,0.0,50.0,0.3,-50.0,False,50.0,0.0,INIT
2025-11-17T16:29:06.229766,11013.101809382,0.0,50.0,0.3,-50.0,False,50.0,0.0,INIT
2025-11-17T16:29:06.329925,11013.201969606,0.0,50.0,0.3,-50.0,False,50.0,0.0,INIT
2025-11-17T16:29:06.428915,11013.30095135,0.0,50.0,0.3,-50.0,False,50.0,0.0,INIT
2025-11-17T16:29:06.529016,11013.401054788,0.0,50.0,0.3,-50.0,False,50.0,0.0,INIT
2025-11-17T16:29:06.629078,11013.501113872,0.0,50.0,0.3,-50.0,False,50.0,0.0,INIT
2025-11-17T16:29:06.728906,11013.600945595,0.0,50.0,0.3,-50.0,False,50.0,0.0,INIT
2025-11-17T16:29:06.829710,11013.701752195,0.0,50.0,0.3,-50.0,False,50.0,0.0,INIT
2025-11-17T16:29:06.929049,11013.801087714,0.0,50.0,0.3,-50.0,False,50.0,0.0,INIT
2025-11-17T16:29:07.030091,11013.902141963,0.0,50.0,0.3,-50.0,False,50.0,0.0,INIT
2025-11-17T16:29:07.129604,11014.001644163,0.0,50.0,0.3,-50.0,False,50.0,0.0,INIT
2025-11-17T16:29:07.229938,11014.101983003,0.0,50.0,0.3,-50.0,False,50.0,0.0,INIT
2025-11-17T16:29:07.328932,11014.200967238,0.0,50.0,0.3,-50.0,False,50.0,0.0,INIT
2025-11-17T16:29:07.429193,11014.30123503,0.0,50.0,0.3,-50.0,False,50.0,0.0,INIT
2025-11-17T16:29:07.529468,11014.401505504,0.0,50.0,0.3,-50.0,False,50.0,0.0,INIT
2025-11-17T16:29:07.629739,11014.501778055,0.0,50.0,0.3,-50.0,False,50.0,0.0,INIT
2025-11-17T16:29:07.729851,11014.601893453,0.0,50.0,0.3,-50.0,False,50.0,0.0,INIT
2025-11-17T16:29:07.829650,11014.701688154,0.0,50.0,0.3,-50.0,False,50.0,0.0,INIT
2025-11-17T16:29:07.928893,11014.800930078,0.0,50.0,0.3,-50.0,False,50.0,0.0,INIT
2025-11-17T16:29:08.028959,11014.900997601,0.0,50.0,0.3,-50.0,False,50.0,0.0,INIT
2025-11-17T16:29:08.129200,11015.001241715,0.0,50.0,0.3,-50.0,False,50.0,0.0,INIT
2025-11-17T16:29:08.229640,11015.10168708,0.0,50.0,0.3,-50.0,False,50.0,0.0,INIT
2025-11-17T16:29:08.328941,11015.200976992,0.0,50.0,0.3,-50.0,False,50.0,0.0,INIT
2025-11-17T16:29:08.428999,11015.301038,0.0,50.0,0.3,-50.0,False,50.0,0.0,INIT
2025-11-17T16:29:08.528905,11015.400942453,0.0,50.0,0.3,-50.0,False,50.0,0.0,INIT
2025-11-17T16:29:08.629797,11015.501850908,0.0,50.0,0.3,-50.0,False,50.0,0.0,INIT
2025-11-17T16:29:08.729389,11015.601446077,0.0,50.0,0.3,-50.0,False,50.0,0.0,INIT
2025-11-17T16:29:08.829478,11015.701527753,0.0,50.0,0.3,-50.0,False,50.0,0.0,INIT
2025-11-17T16:29:08.928937,11015.800977527,0.0,50.0,0.3,-50.0,False,50.0,0.0,INIT
2025-11-17T16:29:09.029912,11015.901968026,0.0,50.0,0.3,-50.0,False,50.0,0.0,INIT
2025-11-17T16:29:09.129316,11016.001353195,0.0,50.0,0.3,-50.0,False,50.0,0.0,INIT
2025-11-17T16:29:09.229656,11016.10170788,0.0,50.0,0.3,-50.0,False,50.0,0.0,INIT
2025-11-17T16:29:09.329620,11016.201655135,0.0,50.0,0.3,-50.0,False,50.0,0.0,INIT
2025-11-17T16:29:09.429578,11016.301627028,0.0,50.0,0.3,-50.0,False,50.0,0.0,INIT
2025-11-17T16:29:09.529426,11016.401473488,0.0,50.0,0.3,-50.0,False,50.0,0.0,INIT
2025-11-17T16:29:09.629305,11016.50134902,0.0,50.0,0.3,-50.0,False,50.0,0.0,INIT
2025-11-17T16:29:09.729711,11016.601758372,0.0,50.0,0.3,-50.0,False,50.0,0.0,INIT
2025-11-17T16:29:09.829731,11016.701781925,0.0,50.0,0.3,-50.0,False,50.0,0.0,INIT
2025-11-17T16:29:09.928898,11016.80093499,0.0,50.0,0.3,-50.0,False,50.0,0.0,INIT
2025-11-17T16:29:10.029072,11016.901110834,0.0,50.0,0.3,-50.0,False,50.0,0.0,INIT
2025-11-17T16:29:10.129803,11017.001850813,0.0,50.0,0.3,-50.0,False,50.0,0.0,INIT
2025-11-17T16:29:10.229208,11017.101254733,0.0,50.0,0.3,-50.0,False,50.0,0.0,INIT
2025-11-17T16:29:10.329096,11017.20113917,0.0,50.0,0.3,-50.0,False,50.0,0.0,INIT
2025-11-17T16:29:10.429234,11017.301276713,0.0,50.0,0.3,-50.0,False,50.0,0.0,INIT
2025-11-17T16:29:10.528965,11017.400999798,0.0,50.0,0.3,-50.0,False,50.0,0.0,INIT
2025-11-17T16:29:10.629354,11017.501398099,0.0,50.0,0.3,-50.0,False,50.0,0.0,INIT
2025-11-17T16:29:10.728901,11017.600938278,0.0,50.0,0.3,-50.0,False,50.0,0.0,INIT
2025-11-17T16:29:10.829128,11017.701171395,0.0,50.0,0.3,-50.0,False,50.0,0.0,INIT
2025-11-17T16:29:10.928919,11017.800959618,0.0,50.0,0.3,-50.0,False,50.0,0.0,INIT
2025-11-17T16:29:11.029748,11017.901800112,0.0,50.0,0.3,-50.0,False,50.0,0.0,INIT
2025-11-17T16:29:11.129150,11018.001187572,0.0,50.0,0.3,-50.0,False,50.0,0.0,INIT
2025-11-17T16:29:11.229135,11018.101176845,0.0,50.0,0.3,-50.0,False,50.0,0.0,INIT
2025-11-17T16:29:11.329023,11018.20106044,0.0,50.0,0.3,-50.0,False,50.0,0.0,INIT
2025-11-17T16:29:11.429009,11018.301042236,0.0,50.0,0.3,-50.0,False,50.0,0.0,INIT
2025-11-17T16:29:11.529181,11018.401220072,0.0,50.0,0.3,-50.0,False,50.0,0.0,INIT
2025-11-17T16:29:11.629830,11018.501880258,0.0,50.0,0.3,-50.0,False,50.0,0.0,INIT
2025-11-17T16:29:11.729419,11018.60145658,0.0,50.0,0.3,-50.0,False,50.0,0.0,INIT
2025-11-17T16:29:11.829645,11018.701689439,0.0,50.0,0.3,-50.0,False,50.0,0.0,INIT
2025-11-17T16:29:11.929038,11018.801075808,0.0,50.0,0.3,-50.0,False,50.0,0.0,INIT
2025-11-17T16:29:12.029493,11018.901537032,0.0,50.0,0.3,-50.0,False,50.0,0.0,INIT
2025-11-17T16:29:12.129141,11019.001182195,0.0,50.0,0.3,-50.0,False,50.0,0.0,INIT
2025-11-17T16:29:12.228885,11019.100920474,0.0,50.0,0.3,-50.0,False,50.0,0.0,INIT
2025-11-17T16:29:12.328946,11019.200983204,0.0,50.0,0.3,-50.0,False,50.0,0.0,INIT
2025-11-17T16:29:12.428997,11019.301034724,0.0,50.0,0.3,-50.0,False,50.0,0.0,INIT
2025-11-17T16:29:12.530095,11019.402143347,0.0,50.0,0.3,-50.0,False,50.0,0.0,INIT
2025-11-17T16:29:12.629071,11019.501108653,0.0,50.0,0.3,-50.0,False,50.0,0.0,INIT
2025-11-17T16:29:12.730079,11019.602126686,0.0,50.0,0.3,-50.0,False,50.0,0.0,INIT
2025-11-17T16:29:12.829466,11019.701511115,0.0,50.0,0.3,-50.0,False,50.0,0.0,INIT
2025-11-17T16:29:12.929165,11019.801203138,0.0,50.0,0.3,-50.0,False,50.0,0.0,INIT
2025-11-17T16:29:13.029097,11019.901132626,0.0,50.0,0.3,-50.0,False,50.0,0.0,INIT
2025-11-17T16:29:13.130746,11020.00279898,0.0,50.0,0.3,-50.0,False,50.0,0.0,INIT
2025-11-17T16:29:13.229139,11020.101180069,0.0,50.0,0.3,-50.0,False,50.0,0.0,INIT
2025-11-17T16:29:13.330253,11020.202309187,0.0,50.0,0.3,-50.0,False,50.0,0.0,INIT
2025-11-17T16:29:13.429223,11020.301266681,0.0,50.0,0.3,-50.0,False,50.0,0.0,INIT
2025-11-17T16:29:13.529612,11020.401663382,0.0,50.0,0.3,-50.0,False,50.0,0.0,INIT
2025-11-17T16:29:13.629709,11020.501756554,0.0,50.0,0.3,-50.0,False,50.0,0.0,INIT
2025-11-17T16:29:13.729594,11020.601631366,0.0,50.0,0.3,-50.0,False,50.0,0.0,INIT
2025-11-17T16:29:13.829652,11020.701698338,0.0,50.0,0.3,-50.0,False,50.0,0.0,INIT
2025-11-17T16:29:13.929601,11020.801638198,0.0,50.0,0.3,-50.0,False,50.0,0.0,INIT
2025-11-17T16:29:14.029284,11020.901325636,0.0,50.0,0.3,-50.0,False,50.0,0.0,INIT
2025-11-17T16:29:14.129005,11021.001042966,0.0,50.0,0.3,-50.0,False,50.0,0.0,INIT
2025-11-17T16:29:14.229050,11021.101086379,0.0,50.0,0.3,-50.0,False,50.0,0.0,INIT
2025-11-17T16:29:14.329002,11021.201040676,0.0,50.0,0.3,-50.0,False,50.0,0.0,INIT
2025-11-17T16:29:14.428888,11021.300925217,0.0,50.0,0.3,-50.0,False,50.0,0.0,INIT
2025-11-17T16:29:14.529174,11021.401215082,0.0,50.0,0.3,-50.0,False,50.0,0.0,INIT
2025-11-17T16:29:14.629590,11021.501637786,0.0,50.0,0.3,-50.0,False,50.0,0.0,INIT
2025-11-17T16:29:14.728939,11021.600977088,0.0,50.0,0.3,-50.0,False,50.0,0.0,INIT
2025-11-17T16:29:14.829032,11021.701069715,0.0,50.0,0.3,-50.0,False,50.0,0.0,INIT
2025-11-17T16:29:14.929250,11021.801292613,0.0,50.0,0.3,-50.0,False,50.0,0.0,INIT
2025-11-17T16:29:15.029009,11021.901045217,0.0,50.0,0.3,-50.0,False,50.0,0.0,INIT
2025-11-17T16:29:15.128874,11022.000910711,0.0,50.0,0.3,-50.0,False,50.0,0.0,INIT
2025-11-17T16:29:15.228900,11022.100936592,0.0,50.0,0.3,-50.0,False,50.0,0.0,INIT
2025-11-17T16:29:15.328875,11022.200912231,0.0,50.0,0.3,-50.0,False,50.0,0.0,INIT
2025-11-17T16:29:15.428868,11022.300904429,0.0,50.0,0.3,-50.0,False,50.0,0.0,INIT
2025-11-17T16:29:15.528999,11022.401036926,0.0,50.0,0.3,-50.0,False,50.0,0.0,INIT
2025-11-17T16:29:15.629084,11022.501122754,0.0,50.0,0.3,-50.0,False,50.0,0.0,INIT
2025-11-17T16:29:15.729007,11022.601042021,0.0,50.0,0.3,-50.0,False,50.0,0.0,INIT
2025-11-17T16:29:15.829094,11022.701132212,0.0,50.0,0.3,-50.0,False,50.0,0.0,INIT
2025-11-17T16:29:15.928969,11022.801040644,0.0,50.0,0.3,-50.0,False,50.0,0.0,INIT
2025-11-17T16:29:16.029133,11022.90117279,0.0,50.0,0.3,-50.0,False,50.0,0.0,INIT
2025-11-17T16:29:16.129124,11023.001163053,0.0,50.0,0.3,-50.0,False,50.0,0.0,INIT
2025-11-17T16:29:16.229065,11023.101100668,0.0,50.0,0.3,-50.0,False,50.0,0.0,INIT
2025-11-17T16:29:16.329162,11023.2012005,0.0,50.0,0.3,-50.0,False,50.0,0.0,INIT
2025-11-17T16:29:16.429092,11023.301130634,0.0,50.0,0.3,-50.0,False,50.0,0.0,INIT
2025-11-17T16:29:16.529109,11023.401143898,0.0,50.0,0.3,-50.0,False,50.0,0.0,INIT
2025-11-17T16:29:16.628968,11023.501020352,0.0,50.0,0.3,-50.0,False,50.0,0.0,INIT
2025-11-17T16:29:16.728898,11023.600935625,0.0,50.0,0.3,-50.0,False,50.0,0.0,INIT
2025-11-17T16:29:16.828885,11023.700923319,0.0,50.0,0.3,-50.0,False,50.0,0.0,INIT
2025-11-17T16:29:16.928924,11023.800961706,0.0,50.0,0.3,-50.0,False,50.0,0.0,INIT
2025-11-17T16:29:17.028891,11023.900926404,0.0,50.0,0.3,-50.0,False,50.0,0.0,INIT
2025-11-17T16:29:17.129069,11024.001106233,0.0,50.0,0.3,-50.0,False,50.0,0.0,INIT
2025-11-17T16:29:17.228924,11024.100961519,0.0,50.0,0.3,-50.0,False,50.0,0.0,INIT
2025-11-17T16:29:17.328971,11024.201022385,0.0,50.0,0.3,-50.0,False,50.0,0.0,INIT
2025-11-17T16:29:17.428998,11024.30103355,0.0,50.0,0.3,-50.0,False,50.0,0.0,INIT
2025-11-17T16:29:17.528996,11024.401034297,0.0,50.0,0.3,-50.0,False,50.0,0.0,INIT
2025-11-17T16:29:17.628929,11024.500966352,0.0,50.0,0.3,-50.0,False,50.0,0.0,INIT
2025-11-17T16:29:17.729039,11024.601076293,0.0,50.0,0.3,-50.0,False,50.0,0.0,INIT
2025-11-17T16:29:17.829055,11024.70109106,0.0,50.0,0.3,-50.0,False,50.0,0.0,INIT
2025-11-17T16:29:17.929098,11024.801134462,0.0,50.0,0.3,-50.0,False,50.0,0.0,INIT
2025-11-17T16:29:18.029012,11024.901050107,0.0,50.0,0.3,-50.0,False,50.0,0.0,INIT
2025-11-17T16:29:18.129163,11025.001199944,0.0,50.0,0.3,-50.0,False,50.0,0.0,INIT
2025-11-17T16:29:18.228998,11025.1010361,0.0,50.0,0.3,-50.0,False,50.0,0.0,INIT
2025-11-17T16:29:18.329076,11025.201112938,0.0,50.0,0.3,-50.0,False,50.0,0.0,INIT
2025-11-17T16:29:18.429028,11025.301065399,0.0,50.0,0.3,-50.0,False,50.0,0.0,INIT
2025-11-17T16:29:18.529267,11025.401307611,0.0,50.0,0.3,-50.0,False,50.0,0.0,INIT
2025-11-17T16:29:18.629089,11025.501128059,0.0,50.0,0.3,-50.0,False,50.0,0.0,INIT
2025-11-17T16:29:18.729466,11025.601509019,0.0,50.0,0.3,-50.0,False,50.0,0.0,INIT
2025-11-17T16:29:18.829385,11025.701435244,0.0,50.0,0.3,-50.0,False,50.0,0.0,INIT
2025-11-17T16:29:18.929771,11025.801818415,0.0,50.0,0.3,-50.0,False,50.0,0.0,INIT
2025-11-17T16:29:19.029410,11025.901448874,0.0,50.0,0.3,-50.0,False,50.0,0.0,INIT
2025-11-17T16:29:19.128932,11026.000968066,0.0,50.0,0.3,-50.0,False,50.0,0.0,INIT
2025-11-17T16:29:19.229100,11026.101143463,0.0,50.0,0.3,-50.0,False,50.0,0.0,INIT
2025-11-17T16:29:19.329690,11026.201738366,0.0,50.0,0.3,-50.0,False,50.0,0.0,INIT
2025-11-17T16:29:19.429763,11026.301811005,0.0,50.0,0.3,-50.0,False,50.0,0.0,INIT
2025-11-17T16:29:19.528888,11026.400923175,0.0,50.0,0.3,-50.0,False,50.0,0.0,INIT
2025-11-17T16:29:19.629064,11026.501104584,0.0,50.0,0.3,-50.0,False,50.0,0.0,INIT
2025-11-17T16:29:19.729152,11026.60119109,0.0,50.0,0.3,-50.0,False,50.0,0.0,INIT
2025-11-17T16:29:19.829823,11026.70187158,0.0,50.0,0.3,-50.0,False,50.0,0.0,INIT
2025-11-17T16:29:19.929228,11026.801268172,0.0,50.0,0.3,-50.0,False,50.0,0.0,INIT
2025-11-17T16:29:20.030029,11026.902080182,0.0,50.0,0.3,-50.0,False,50.0,0.0,INIT
2025-11-17T16:29:20.129379,11027.001421655,0.0,50.0,0.3,-50.0,False,50.0,0.0,INIT
2025-11-17T16:29:20.229026,11027.101062025,0.0,50.0,0.3,-50.0,False,50.0,0.0,INIT
2025-11-17T16:29:20.329052,11027.201090179,0.0,50.0,0.3,-50.0,False,50.0,0.0,INIT
2025-11-17T16:29:20.429087,11027.301124332,0.0,50.0,0.3,-50.0,False,50.0,0.0,INIT
2025-11-17T16:29:20.529079,11027.401116637,0.0,50.0,0.3,-50.0,False,50.0,0.0,INIT
2025-11-17T16:29:20.629024,11027.501063801,0.0,50.0,0.3,-50.0,False,50.0,0.0,INIT
2025-11-17T16:29:20.729021,11027.601059139,0.0,50.0,0.3,-50.0,False,50.0,0.0,INIT
2025-11-17T16:29:20.830045,11027.702095279,0.0,50.0,0.3,-50.0,False,50.0,0.0,INIT
2025-11-17T16:29:20.929385,11027.801433304,0.0,50.0,0.3,-50.0,False,50.0,0.0,INIT
2025-11-17T16:29:21.030193,11027.902241098,0.0,50.0,0.3,-50.0,False,50.0,0.0,INIT
2025-11-17T16:29:21.129776,11028.001829404,0.0,50.0,0.3,-50.0,False,50.0,0.0,INIT
2025-11-17T16:29:21.229134,11028.101174662,0.0,50.0,0.3,-50.0,False,50.0,0.0,INIT
2025-11-17T16:29:21.329131,11028.201170121,0.0,50.0,0.3,-50.0,False,50.0,0.0,INIT
2025-11-17T16:29:21.428997,11028.301034645,0.0,50.0,0.3,-50.0,False,50.0,0.0,INIT
2025-11-17T16:29:21.529225,11028.401268292,0.0,50.0,0.3,-50.0,False,50.0,0.0,INIT
2025-11-17T16:29:21.629461,11028.501503881,0.0,50.0,0.3,-50.0,False,50.0,0.0,INIT
2025-11-17T16:29:21.729613,11028.601664463,0.0,50.0,0.3,-50.0,False,50.0,0.0,INIT
2025-11-17T16:29:21.830053,11028.702093493,0.0,50.0,0.3,-50.0,False,50.0,0.0,INIT
2025-11-17T16:29:21.929658,11028.801700789,0.0,50.0,0.3,-50.0,False,50.0,0.0,INIT
2025-11-17T16:29:22.029022,11028.901059417,0.0,50.0,0.3,-50.0,False,50.0,0.0,INIT
2025-11-17T16:29:22.128933,11029.000969301,0.0,50.0,0.3,-50.0,False,50.0,0.0,INIT
2025-11-17T16:29:22.229246,11029.101284981,0.0,50.0,0.3,-50.0,False,50.0,0.0,INIT
2025-11-17T16:29:22.328968,11029.201023293,0.0,50.0,0.3,-50.0,False,50.0,0.0,INIT
2025-11-17T16:29:22.429186,11029.301223908,0.0,50.0,0.3,-50.0,False,50.0,0.0,INIT
2025-11-17T16:29:22.529515,11029.401556769,0.0,50.0,0.3,-50.0,False,50.0,0.0,INIT
2025-11-17T16:29:22.628975,11029.501027669,0.0,50.0,0.3,-50.0,False,50.0,0.0,INIT
2025-11-17T16:29:22.729151,11029.601191573,0.0,50.0,0.3,-50.0,False,50.0,0.0,INIT
2025-11-17T16:29:22.829609,11029.701645627,0.0,50.0,0.3,-50.0,False,50.0,0.0,INIT
2025-11-17T16:29:22.929837,11029.80187644,0.0,50.0,0.3,-50.0,False,50.0,0.0,INIT
2025-11-17T16:29:23.029757,11029.90179998,0.0,50.0,0.3,-50.0,False,50.0,0.0,INIT
2025-11-17T16:29:23.129928,11030.001971813,0.0,50.0,0.3,-50.0,False,50.0,0.0,INIT
2025-11-17T16:29:23.229791,11030.10183757,0.0,50.0,0.3,-50.0,False,50.0,0.0,INIT
2025-11-17T16:29:23.329800,11030.201834982,0.0,50.0,0.3,-50.0,False,50.0,0.0,INIT
2025-11-17T16:29:23.428871,11030.300907273,0.0,50.0,0.3,-50.0,False,50.0,0.0,INIT
2025-11-17T16:29:23.529194,11030.401236325,0.0,50.0,0.3,-50.0,False,50.0,0.0,INIT
2025-11-17T16:29:23.628769,11030.500803067,0.0,50.0,0.3,-50.0,False,50.0,0.0,INIT
2025-11-17T16:29:23.729383,11030.6014251,0.0,50.0,0.3,-50.0,False,50.0,0.0,INIT
2025-11-17T16:29:23.829194,11030.701233128,0.0,50.0,0.3,-50.0,False,50.0,0.0,INIT
2025-11-17T16:29:23.929249,11030.801289915,0.0,50.0,0.3,-50.0,False,50.0,0.0,INIT
2025-11-17T16:29:24.029036,11030.90107336,0.0,50.0,0.3,-50.0,False,50.0,0.0,INIT
2025-11-17T16:29:24.128912,11031.000948644,0.0,50.0,0.3,-50.0,False,50.0,0.0,INIT
2025-11-17T16:29:24.229076,11031.101114033,0.0,50.0,0.3,-50.0,False,50.0,0.0,INIT
2025-11-17T16:29:24.329026,11031.201062231,0.0,50.0,0.3,-50.0,False,50.0,0.0,INIT
2025-11-17T16:29:24.429422,11031.301462443,0.0,50.0,0.3,-50.0,False,50.0,0.0,INIT
2025-11-17T16:29:24.529481,11031.401521596,0.0,50.0,0.3,-50.0,False,50.0,0.0,INIT
2025-11-17T16:29:24.629071,11031.501111754,0.0,50.0,0.3,-50.0,False,50.0,0.0,INIT
2025-11-17T16:29:24.729520,11031.601569629,0.0,50.0,0.3,-50.0,False,50.0,0.0,INIT
2025-11-17T16:29:24.829056,11031.701096472,0.0,50.0,0.3,-50.0,False,50.0,0.0,INIT
2025-11-17T16:29:24.929292,11031.801336161,0.0,50.0,0.3,-50.0,False,50.0,0.0,INIT
2025-11-17T16:29:25.029122,11031.901160843,0.0,50.0,0.3,-50.0,False,50.0,0.0,INIT
2025-11-17T16:29:25.129363,11032.001410272,0.0,50.0,0.3,-50.0,False,50.0,0.0,INIT
2025-11-17T16:29:25.229351,11032.101397175,0.0,50.0,0.3,-50.0,False,50.0,0.0,INIT
2025-11-17T16:29:25.329145,11032.201184018,0.0,50.0,0.3,-50.0,False,50.0,0.0,INIT
2025-11-17T16:29:25.429077,11032.301116367,0.0,50.0,0.3,-50.0,False,50.0,0.0,INIT
2025-11-17T16:29:25.528914,11032.400951188,0.0,50.0,0.3,-50.0,False,50.0,0.0,INIT
2025-11-17T16:29:25.629155,11032.501194464,0.0,50.0,0.3,-50.0,False,50.0,0.0,INIT
2025-11-17T16:29:25.729291,11032.60133502,0.0,50.0,0.3,-50.0,False,50.0,0.0,INIT
2025-11-17T16:29:25.829602,11032.70164958,0.0,50.0,0.3,-50.0,False,50.0,0.0,INIT
2025-11-17T16:29:25.929254,11032.801288985,0.0,50.0,0.3,-50.0,False,50.0,0.0,INIT
2025-11-17T16:29:26.028756,11032.900793106,0.0,50.0,0.3,-50.0,False,50.0,0.0,INIT
2025-11-17T16:29:26.129170,11033.00121216,0.0,50.0,0.3,-50.0,False,50.0,0.0,INIT
2025-11-17T16:29:26.229357,11033.101410922,0.0,50.0,0.3,-50.0,False,50.0,0.0,INIT
2025-11-17T16:29:26.329772,11033.201821287,0.0,50.0,0.3,-50.0,False,50.0,0.0,INIT
2025-11-17T16:29:26.429420,11033.301456462,0.0,50.0,0.3,-50.0,False,50.0,0.0,INIT
2025-11-17T16:29:26.529462,11033.401511232,0.0,50.0,0.3,-50.0,False,50.0,0.0,INIT
2025-11-17T16:29:26.629503,11033.501551678,0.0,50.0,0.3,-50.0,False,50.0,0.0,INIT
2025-11-17T16:29:26.729049,11033.601089244,0.0,50.0,0.3,-50.0,False,50.0,0.0,INIT
2025-11-17T16:29:26.829220,11033.70126032,0.0,50.0,0.3,-50.0,False,50.0,0.0,INIT
2025-11-17T16:29:26.929394,11033.801438176,0.0,50.0,0.3,-50.0,False,50.0,0.0,INIT
2025-11-17T16:29:27.029017,11033.901056613,0.0,50.0,0.3,-50.0,False,50.0,0.0,INIT
2025-11-17T16:29:27.129302,11034.001343029,0.0,50.0,0.3,-50.0,False,50.0,0.0,INIT
2025-11-17T16:29:27.229134,11034.101174117,0.0,50.0,0.3,-50.0,False,50.0,0.0,INIT
2025-11-17T16:29:27.329224,11034.201270557,0.0,50.0,0.3,-50.0,False,50.0,0.0,INIT
2025-11-17T16:29:27.429233,11034.301266563,0.0,50.0,0.3,-50.0,False,50.0,0.0,INIT
2025-11-17T16:29:27.529438,11034.401473662,0.0,50.0,0.3,-50.0,False,50.0,0.0,INIT
2025-11-17T16:29:27.628729,11034.500764405,0.0,50.0,0.3,-50.0,False,50.0,0.0,INIT
2025-11-17T16:29:27.730006,11034.602045553,0.0,50.0,0.3,-50.0,False,50.0,0.0,INIT
2025-11-17T16:29:27.828933,11034.700968213,0.0,50.0,0.3,-50.0,False,50.0,0.0,INIT
2025-11-17T16:29:27.928844,11034.80087948,0.0,50.0,0.3,-50.0,False,50.0,0.0,INIT
2025-11-17T16:29:28.028879,11034.900918331,0.0,50.0,0.3,-50.0,False,50.0,0.0,INIT
2025-11-17T16:29:28.129064,11035.001101559,0.0,50.0,0.3,-50.0,False,50.0,0.0,INIT
2025-11-17T16:29:28.229767,11035.101816055,0.0,50.0,0.3,-50.0,False,50.0,0.0,INIT
2025-11-17T16:29:28.329369,11035.2014112,0.0,50.0,0.3,-50.0,False,50.0,0.0,INIT
2025-11-17T16:29:28.429725,11035.301773532,0.0,50.0,0.3,-50.0,False,50.0,0.0,INIT
2025-11-17T16:29:28.528961,11035.400993725,0.0,50.0,0.3,-50.0,False,50.0,0.0,INIT
2025-11-17T16:29:28.628912,11035.500950691,0.0,50.0,0.3,-50.0,False,50.0,0.0,INIT
2025-11-17T16:29:28.728895,11035.600933074,0.0,50.0,0.3,-50.0,False,50.0,0.0,INIT
2025-11-17T16:29:28.829051,11035.701090849,0.0,50.0,0.3,-50.0,False,50.0,0.0,INIT
2025-11-17T16:29:28.928937,11035.800973953,0.0,50.0,0.3,-50.0,False,50.0,0.0,INIT
2025-11-17T16:29:29.029212,11035.901250504,0.0,50.0,0.3,-50.0,False,50.0,0.0,INIT
2025-11-17T16:29:29.128956,11036.000994401,0.0,50.0,0.3,-50.0,False,50.0,0.0,INIT
2025-11-17T16:29:29.229058,11036.101095921,0.0,50.0,0.3,-50.0,False,50.0,0.0,INIT
2025-11-17T16:29:29.329023,11036.20106056,0.0,50.0,0.3,-50.0,False,50.0,0.0,INIT
2025-11-17T16:29:29.429195,11036.301242162,0.0,50.0,0.3,-50.0,False,50.0,0.0,INIT
2025-11-17T16:29:29.529089,11036.401128223,0.0,50.0,0.3,-50.0,False,50.0,0.0,INIT
2025-11-17T16:29:29.628934,11036.500971385,0.0,50.0,0.3,-50.0,False,50.0,0.0,INIT
2025-11-17T16:29:29.729001,11036.601041089,0.0,50.0,0.3,-50.0,False,50.0,0.0,INIT
2025-11-17T16:29:29.829178,11036.701217976,0.0,50.0,0.3,-50.0,False,50.0,0.0,INIT
2025-11-17T16:29:29.929002,11036.801039225,0.0,50.0,0.3,-50.0,False,50.0,0.0,INIT
2025-11-17T16:29:30.029142,11036.901182779,0.0,50.0,0.3,-50.0,False,50.0,0.0,INIT
2025-11-17T16:29:30.129128,11037.001164126,0.0,50.0,0.3,-50.0,False,50.0,0.0,INIT
2025-11-17T16:29:30.228951,11037.100988971,0.0,50.0,0.3,-50.0,False,50.0,0.0,INIT
2025-11-17T16:29:30.329095,11037.201136249,0.0,50.0,0.3,-50.0,False,50.0,0.0,INIT
2025-11-17T16:29:30.428946,11037.300983351,0.0,50.0,0.3,-50.0,False,50.0,0.0,INIT
2025-11-17T16:29:30.529091,11037.401129214,0.0,50.0,0.3,-50.0,False,50.0,0.0,INIT
2025-11-17T16:29:30.628953,11037.500990423,0.0,50.0,0.3,-50.0,False,50.0,0.0,INIT
2025-11-17T16:29:30.729130,11037.601180874,0.0,50.0,0.3,-50.0,False,50.0,0.0,INIT
2025-11-17T16:29:30.830049,11037.702095454,0.0,50.0,0.3,-50.0,False,50.0,0.0,INIT
2025-11-17T16:29:30.929741,11037.801772552,0.0,50.0,0.3,-50.0,False,50.0,0.0,INIT
2025-11-17T16:29:31.029708,11037.901754668,0.0,50.0,0.3,-50.0,False,50.0,0.0,INIT
2025-11-17T16:29:31.129968,11038.002040821,0.0,50.0,0.3,-50.0,False,50.0,0.0,INIT
2025-11-17T16:29:31.229673,11038.101715563,0.0,50.0,0.3,-50.0,False,50.0,0.0,INIT
2025-11-17T16:29:31.329569,11038.201612098,0.0,50.0,0.3,-50.0,False,50.0,0.0,INIT
2025-11-17T16:29:31.429118,11038.301157572,0.0,50.0,0.3,-50.0,False,50.0,0.0,INIT
2025-11-17T16:29:31.528864,11038.400897415,0.0,50.0,0.3,-50.0,False,50.0,0.0,INIT
2025-11-17T16:29:31.628892,11038.500928111,0.0,50.0,0.3,-50.0,False,50.0,0.0,INIT
2025-11-17T16:29:31.728771,11038.600806547,0.0,50.0,0.3,-50.0,False,50.0,0.0,INIT
2025-11-17T16:29:31.829032,11038.701067891,0.0,50.0,0.3,-50.0,False,50.0,0.0,INIT
2025-11-17T16:29:31.929506,11038.801551523,0.0,50.0,0.3,-50.0,False,50.0,0.0,INIT
2025-11-17T16:29:32.029112,11038.901152531,0.0,50.0,0.3,-50.0,False,50.0,0.0,INIT
2025-11-17T16:29:32.129370,11039.001407372,0.0,50.0,0.3,-50.0,False,50.0,0.0,INIT
2025-11-17T16:29:32.229702,11039.101741938,0.0,50.0,0.3,-50.0,False,50.0,0.0,INIT
2025-11-17T16:29:32.329652,11039.201696522,0.0,50.0,0.3,-50.0,False,50.0,0.0,INIT
2025-11-17T16:29:32.429066,11039.30110024,0.0,50.0,0.3,-50.0,False,50.0,0.0,INIT
2025-11-17T16:29:32.529491,11039.401533786,0.0,50.0,0.3,-50.0,False,50.0,0.0,INIT
2025-11-17T16:29:32.629358,11039.501404895,0.0,50.0,0.3,-50.0,False,50.0,0.0,INIT
2025-11-17T16:29:32.729472,11039.601513641,0.0,50.0,0.3,-50.0,False,50.0,0.0,INIT
2025-11-17T16:29:32.829528,11039.701571444,0.0,50.0,0.3,-50.0,False,50.0,0.0,INIT
2025-11-17T16:29:32.929467,11039.801502143,0.0,50.0,0.3,-50.0,False,50.0,0.0,INIT
2025-11-17T16:29:33.029211,11039.901253012,0.0,50.0,0.3,-50.0,False,50.0,0.0,INIT
2025-11-17T16:29:33.129150,11040.001191677,0.0,50.0,0.3,-50.0,False,50.0,0.0,INIT
2025-11-17T16:29:33.229072,11040.101108651,0.0,50.0,0.3,-50.0,False,50.0,0.0,INIT
2025-11-17T16:29:33.328935,11040.200972435,0.0,50.0,0.3,-50.0,False,50.0,0.0,INIT
2025-11-17T16:29:33.429007,11040.301043812,0.0,50.0,0.3,-50.0,False,50.0,0.0,INIT
2025-11-17T16:29:33.528953,11040.40099164,0.0,50.0,0.3,-50.0,False,50.0,0.0,INIT
2025-11-17T16:29:33.628892,11040.500928086,0.0,50.0,0.3,-50.0,False,50.0,0.0,INIT
2025-11-17T16:29:33.729163,11040.601200439,0.0,50.0,0.3,-50.0,False,50.0,0.0,INIT
2025-11-17T16:29:33.828866,11040.700903778,0.0,50.0,0.3,-50.0,False,50.0,0.0,INIT
2025-11-17T16:29:33.929748,11040.801786936,0.0,50.0,0.3,-50.0,False,50.0,0.0,INIT
2025-11-17T16:29:34.029179,11040.901216382,0.0,50.0,0.3,-50.0,False,50.0,0.0,INIT
2025-11-17T16:29:34.129766,11041.001802521,0.0,50.0,0.3,-50.0,False,50.0,0.0,INIT
2025-11-17T16:29:34.229594,11041.101639879,0.0,50.0,0.3,-50.0,False,50.0,0.0,INIT
2025-11-17T16:29:34.329174,11041.201212232,0.0,50.0,0.3,-50.0,False,50.0,0.0,INIT
2025-11-17T16:29:34.429395,11041.301437416,0.0,50.0,0.3,-50.0,False,50.0,0.0,INIT
2025-11-17T16:29:34.529084,11041.401122715,0.0,50.0,0.3,-50.0,False,50.0,0.0,INIT
2025-11-17T16:29:34.628962,11041.500999364,0.0,50.0,0.3,-50.0,False,50.0,0.0,INIT
2025-11-17T16:29:34.729705,11041.601755009,0.0,50.0,0.3,-50.0,False,50.0,0.0,INIT
2025-11-17T16:29:34.829044,11041.701081548,0.0,50.0,0.3,-50.0,False,50.0,0.0,INIT
2025-11-17T16:29:34.929003,11041.80104304,0.0,50.0,0.3,-50.0,False,50.0,0.0,INIT
2025-11-17T16:29:35.028945,11041.900982086,0.0,50.0,0.3,-50.0,False,50.0,0.0,INIT
2025-11-17T16:29:35.129038,11042.001079274,0.0,50.0,0.3,-50.0,False,50.0,0.0,INIT
2025-11-17T16:29:35.229040,11042.101077365,0.0,50.0,0.3,-50.0,False,50.0,0.0,INIT
2025-11-17T16:29:35.329027,11042.201071781,0.0,50.0,0.3,-50.0,False,50.0,0.0,INIT
2025-11-17T16:29:35.429286,11042.301322954,0.0,50.0,0.3,-50.0,False,50.0,0.0,INIT
2025-11-17T16:29:35.529154,11042.401192368,0.0,50.0,0.3,-50.0,False,50.0,0.0,INIT
2025-11-17T16:29:35.629300,11042.501338456,0.0,50.0,0.3,-50.0,False,50.0,0.0,INIT
2025-11-17T16:29:35.728805,11042.600840068,0.0,50.0,0.3,-50.0,False,50.0,0.0,INIT
2025-11-17T16:29:35.828871,11042.700910128,0.0,50.0,0.3,-50.0,False,50.0,0.0,INIT
2025-11-17T16:29:35.929472,11042.80151256,0.0,50.0,0.3,-50.0,False,50.0,0.0,INIT
2025-11-17T16:29:36.029638,11042.901686226,0.0,50.0,0.3,-50.0,False,50.0,0.0,INIT
2025-11-17T16:29:36.129336,11043.00137942,0.0,50.0,0.3,-50.0,False,50.0,0.0,INIT
2025-11-17T16:29:36.229620,11043.101664656,0.0,50.0,0.3,-50.0,False,50.0,0.0,INIT
2025-11-17T16:29:36.329407,11043.201449459,0.0,50.0,0.3,-50.0,False,50.0,0.0,INIT
2025-11-17T16:29:36.429018,11043.301055482,0.0,50.0,0.3,-50.0,False,50.0,0.0,INIT
2025-11-17T16:29:36.529284,11043.401324981,0.0,50.0,0.3,-50.0,False,50.0,0.0,INIT
2025-11-17T16:29:36.629671,11043.501716092,0.0,50.0,0.3,-50.0,False,50.0,0.0,INIT
2025-11-17T16:29:36.728954,11043.600991252,0.0,50.0,0.3,-50.0,False,50.0,0.0,INIT
2025-11-17T16:29:36.829042,11043.701086654,0.0,50.0,0.3,-50.0,False,50.0,0.0,INIT
2025-11-17T16:29:36.928903,11043.800937843,0.0,50.0,0.3,-50.0,False,50.0,0.0,INIT
2025-11-17T16:29:37.029120,11043.901157553,0.0,50.0,0.3,-50.0,False,50.0,0.0,INIT
2025-11-17T16:29:37.129283,11044.001330866,0.0,50.0,0.3,-50.0,False,50.0,0.0,INIT
2025-11-17T16:29:37.229713,11044.101759525,0.0,50.0,0.3,-50.0,False,50.0,0.0,INIT
2025-11-17T16:29:37.329509,11044.201550451,0.0,50.0,0.3,-50.0,False,50.0,0.0,INIT
2025-11-17T16:29:37.429688,11044.301734844,0.0,50.0,0.3,-50.0,False,50.0,0.0,INIT
2025-11-17T16:29:37.528967,11044.4010153,0.0,50.0,0.3,-50.0,False,50.0,0.0,INIT
2025-11-17T16:29:37.629803,11044.501852122,0.0,50.0,0.3,-50.0,False,50.0,0.0,INIT
2025-11-17T16:29:37.729044,11044.60108645,0.0,50.0,0.3,-50.0,False,50.0,0.0,INIT
2025-11-17T16:29:37.829281,11044.701319213,0.0,50.0,0.3,-50.0,False,50.0,0.0,INIT
2025-11-17T16:29:37.929263,11044.80130294,0.0,50.0,0.3,-50.0,False,50.0,0.0,INIT
2025-11-17T16:29:38.028938,11044.900975677,0.0,50.0,0.3,-50.0,False,50.0,0.0,INIT
2025-11-17T16:29:38.128794,11045.00082952,0.0,50.0,0.3,-50.0,False,50.0,0.0,INIT
2025-11-17T16:29:38.229038,11045.101074434,0.0,50.0,0.3,-50.0,False,50.0,0.0,INIT
2025-11-17T16:29:38.329486,11045.201532697,0.0,50.0,0.3,-50.0,False,50.0,0.0,INIT
2025-11-17T16:29:38.429245,11045.301284888,0.0,50.0,0.3,-50.0,False,50.0,0.0,INIT
2025-11-17T16:29:38.529589,11045.40163572,0.0,50.0,0.3,-50.0,False,50.0,0.0,INIT
2025-11-17T16:29:38.629048,11045.501083846,0.0,50.0,0.3,-50.0,False,50.0,0.0,INIT
2025-11-17T16:29:38.728849,11045.600883439,0.0,50.0,0.3,-50.0,False,50.0,0.0,INIT
2025-11-17T16:29:38.829386,11045.701429072,0.0,50.0,0.3,-50.0,False,50.0,0.0,INIT
2025-11-17T16:29:38.929054,11045.80109267,0.0,50.0,0.3,-50.0,False,50.0,0.0,INIT
2025-11-17T16:29:39.029619,11045.901654838,0.0,50.0,0.3,-50.0,False,50.0,0.0,INIT
2025-11-17T16:29:39.129328,11046.001367739,0.0,50.0,0.3,-50.0,False,50.0,0.0,INIT
2025-11-17T16:29:39.229204,11046.101243048,0.0,50.0,0.3,-50.0,False,50.0,0.0,INIT
2025-11-17T16:29:39.328913,11046.200950009,0.0,50.0,0.3,-50.0,False,50.0,0.0,INIT
2025-11-17T16:29:39.428840,11046.300877867,0.0,50.0,0.3,-50.0,False,50.0,0.0,INIT
2025-11-17T16:29:39.528851,11046.400887247,0.0,50.0,0.3,-50.0,False,50.0,0.0,INIT
2025-11-17T16:29:39.628884,11046.500922309,0.0,50.0,0.3,-50.0,False,50.0,0.0,INIT
2025-11-17T16:29:39.728973,11046.601028667,0.0,50.0,0.3,-50.0,False,50.0,0.0,INIT
2025-11-17T16:29:39.829111,11046.701147537,0.0,50.0,0.3,-50.0,False,50.0,0.0,INIT
2025-11-17T16:29:39.929128,11046.80116695,0.0,50.0,0.3,-50.0,False,50.0,0.0,INIT
2025-11-17T16:29:40.029814,11046.901859001,0.0,50.0,0.3,-50.0,False,50.0,0.0,INIT
2025-11-17T16:29:40.129538,11047.001576252,0.0,50.0,0.3,-50.0,False,50.0,0.0,INIT
2025-11-17T16:29:40.229657,11047.101700924,0.0,50.0,0.3,-50.0,False,50.0,0.0,INIT
2025-11-17T16:29:40.329655,11047.201697345,0.0,50.0,0.3,-50.0,False,50.0,0.0,INIT
2025-11-17T16:29:40.429486,11047.301527809,0.0,50.0,0.3,-50.0,False,50.0,0.0,INIT
2025-11-17T16:29:40.529068,11047.401103235,0.0,50.0,0.3,-50.0,False,50.0,0.0,INIT
2025-11-17T16:29:40.629057,11047.501094844,0.0,50.0,0.3,-50.0,False,50.0,0.0,INIT
2025-11-17T16:29:40.730131,11047.602173558,0.0,50.0,0.3,-50.0,False,50.0,0.0,INIT
2025-11-17T16:29:40.829305,11047.701344364,0.0,50.0,0.3,-50.0,False,50.0,0.0,INIT
2025-11-17T16:29:40.929074,11047.801110604,0.0,50.0,0.3,-50.0,False,50.0,0.0,INIT
2025-11-17T16:29:41.028932,11047.900970682,0.0,50.0,0.3,-50.0,False,50.0,0.0,INIT
2025-11-17T16:29:41.129610,11048.001662125,0.0,50.0,0.3,-50.0,False,50.0,0.0,INIT
2025-11-17T16:29:41.229250,11048.101296535,0.0,50.0,0.3,-50.0,False,50.0,0.0,INIT
2025-11-17T16:29:41.328900,11048.200937379,0.0,50.0,0.3,-50.0,False,50.0,0.0,INIT
2025-11-17T16:29:41.428848,11048.300884914,0.0,50.0,0.3,-50.0,False,50.0,0.0,INIT
2025-11-17T16:29:41.529553,11048.401599458,0.0,50.0,0.3,-50.0,False,50.0,0.0,INIT
2025-11-17T16:29:41.629201,11048.501240254,0.0,50.0,0.3,-50.0,False,50.0,0.0,INIT
2025-11-17T16:29:41.729125,11048.601164534,0.0,50.0,0.3,-50.0,False,50.0,0.0,INIT
2025-11-17T16:29:41.829581,11048.701624518,0.0,50.0,0.3,-50.0,False,50.0,0.0,INIT
2025-11-17T16:29:41.929192,11048.801228629,0.0,50.0,0.3,-50.0,False,50.0,0.0,INIT
2025-11-17T16:29:42.029605,11048.901649064,0.0,50.0,0.3,-50.0,False,50.0,0.0,INIT
2025-11-17T16:29:42.129543,11049.001587042,0.0,50.0,0.3,-50.0,False,50.0,0.0,INIT
2025-11-17T16:29:42.229580,11049.101620795,0.0,50.0,0.3,-50.0,False,50.0,0.0,INIT
2025-11-17T16:29:42.329666,11049.201710606,0.0,50.0,0.3,-50.0,False,50.0,0.0,INIT
2025-11-17T16:29:42.429875,11049.30191583,0.0,50.0,0.3,-50.0,False,50.0,0.0,INIT
2025-11-17T16:29:42.529369,11049.401408471,0.0,50.0,0.3,-50.0,False,50.0,0.0,INIT
2025-11-17T16:29:42.629047,11049.501087732,0.0,50.0,0.3,-50.0,False,50.0,0.0,INIT
2025-11-17T16:29:42.729600,11049.601650329,0.0,50.0,0.3,-50.0,False,50.0,0.0,INIT
2025-11-17T16:29:42.829328,11049.701375286,0.0,50.0,0.3,-50.0,False,50.0,0.0,INIT
2025-11-17T16:29:42.929056,11049.801099065,0.0,50.0,0.3,-50.0,False,50.0,0.0,INIT
2025-11-17T16:29:43.028934,11049.900974324,0.0,50.0,0.3,-50.0,False,50.0,0.0,INIT
2025-11-17T16:29:43.129106,11050.001153002,0.0,50.0,0.3,-50.0,False,50.0,0.0,INIT
2025-11-17T16:29:43.229771,11050.101817441,0.0,50.0,0.3,-50.0,False,50.0,0.0,INIT
2025-11-17T16:29:43.329225,11050.2012632,0.0,50.0,0.3,-50.0,False,50.0,0.0,INIT
2025-11-17T16:29:43.429052,11050.301090107,0.0,50.0,0.3,-50.0,False,50.0,0.0,INIT
2025-11-17T16:29:43.529657,11050.401703101,0.0,50.0,0.3,-50.0,False,50.0,0.0,INIT
2025-11-17T16:29:43.630007,11050.502054421,0.0,50.0,0.3,-50.0,False,50.0,0.0,INIT
2025-11-17T16:29:43.729829,11050.601876693,0.0,50.0,0.3,-50.0,False,50.0,0.0,INIT
2025-11-17T16:29:43.829057,11050.701094325,0.0,50.0,0.3,-50.0,False,50.0,0.0,INIT
2025-11-17T16:29:43.929084,11050.801122406,0.0,50.0,0.3,-50.0,False,50.0,0.0,INIT
2025-11-17T16:29:44.029108,11050.901147003,0.0,50.0,0.3,-50.0,False,50.0,0.0,INIT
2025-11-17T16:29:44.129132,11051.001169961,0.0,50.0,0.3,-50.0,False,50.0,0.0,INIT
2025-11-17T16:29:44.229125,11051.101158599,0.0,50.0,0.3,-50.0,False,50.0,0.0,INIT
2025-11-17T16:29:44.329133,11051.201173337,0.0,50.0,0.3,-50.0,False,50.0,0.0,INIT
2025-11-17T16:29:44.429041,11051.301078122,0.0,50.0,0.3,-50.0,False,50.0,0.0,INIT
2025-11-17T16:29:44.529093,11051.401131052,0.0,50.0,0.3,-50.0,False,50.0,0.0,INIT
2025-11-17T16:29:44.628989,11051.501028608,0.0,50.0,0.3,-50.0,False,50.0,0.0,INIT
2025-11-17T16:29:44.729842,11051.601900376,0.0,50.0,0.3,-50.0,False,50.0,0.0,INIT
2025-11-17T16:29:44.829602,11051.701642083,0.0,50.0,0.3,-50.0,False,50.0,0.0,INIT
2025-11-17T16:29:44.929161,11051.801200657,0.0,50.0,0.3,-50.0,False,50.0,0.0,INIT
2025-11-17T16:29:45.029403,11051.901444892,0.0,50.0,0.3,-50.0,False,50.0,0.0,INIT
2025-11-17T16:29:45.129212,11052.001249081,0.0,50.0,0.3,-50.0,False,50.0,0.0,INIT
2025-11-17T16:29:45.229455,11052.101494118,0.0,50.0,0.3,-50.0,False,50.0,0.0,INIT
2025-11-17T16:29:45.329239,11052.201277806,0.0,50.0,0.3,-50.0,False,50.0,0.0,INIT
2025-11-17T16:29:45.428733,11052.30076726,0.0,50.0,0.3,-50.0,False,50.0,0.0,INIT
2025-11-17T16:29:45.529599,11052.401647329,0.0,50.0,0.3,-50.0,False,50.0,0.0,INIT
2025-11-17T16:29:45.629015,11052.501050959,0.0,50.0,0.3,-50.0,False,50.0,0.0,INIT
2025-11-17T16:29:45.728805,11052.600840691,0.0,50.0,0.3,-50.0,False,50.0,0.0,INIT
2025-11-17T16:29:45.829043,11052.701083346,0.0,50.0,0.3,-50.0,False,50.0,0.0,INIT
2025-11-17T16:29:45.929665,11052.801713128,0.0,50.0,0.3,-50.0,False,50.0,0.0,INIT
2025-11-17T16:29:46.029006,11052.901042124,0.0,50.0,0.3,-50.0,False,50.0,0.0,INIT
2025-11-17T16:29:46.129074,11053.00111168,0.0,50.0,0.3,-50.0,False,50.0,0.0,INIT
2025-11-17T16:29:46.230146,11053.102194507,0.0,50.0,0.3,-50.0,False,50.0,0.0,INIT
2025-11-17T16:29:46.329264,11053.201304056,0.0,50.0,0.3,-50.0,False,50.0,0.0,INIT
2025-11-17T16:29:46.430052,11053.302096503,0.0,50.0,0.3,-50.0,False,50.0,0.0,INIT
2025-11-17T16:29:46.529750,11053.401796582,0.0,50.0,0.3,-50.0,False,50.0,0.0,INIT
2025-11-17T16:29:46.629378,11053.501418973,0.0,50.0,0.3,-50.0,False,50.0,0.0,INIT
2025-11-17T16:29:46.728994,11053.601031992,0.0,50.0,0.3,-50.0,False,50.0,0.0,INIT
2025-11-17T16:29:46.828905,11053.700946329,0.0,50.0,0.3,-50.0,False,50.0,0.0,INIT
2025-11-17T16:29:46.929099,11053.801137311,0.0,50.0,0.3,-50.0,False,50.0,0.0,INIT
2025-11-17T16:29:47.029923,11053.901971325,0.0,50.0,0.3,-50.0,False,50.0,0.0,INIT
2025-11-17T16:29:47.129102,11054.001140841,0.0,50.0,0.3,-50.0,False,50.0,0.0,INIT
2025-11-17T16:29:47.230019,11054.102068666,0.0,50.0,0.3,-50.0,False,50.0,0.0,INIT
2025-11-17T16:29:47.329431,11054.201474042,0.0,50.0,0.3,-50.0,False,50.0,0.0,INIT
2025-11-17T16:29:47.429857,11054.301903282,0.0,50.0,0.3,-50.0,False,50.0,0.0,INIT
2025-11-17T16:29:47.528739,11054.400771916,0.0,50.0,0.3,-50.0,False,50.0,0.0,INIT
2025-11-17T16:29:47.629557,11054.5016025,0.0,50.0,0.3,-50.0,False,50.0,0.0,INIT
2025-11-17T16:29:47.728963,11054.601010375,0.0,50.0,0.3,-50.0,False,50.0,0.0,INIT
2025-11-17T16:29:47.828919,11054.700954148,0.0,50.0,0.3,-50.0,False,50.0,0.0,INIT
2025-11-17T16:29:47.928742,11054.800780601,0.0,50.0,0.3,-50.0,False,50.0,0.0,INIT
2025-11-17T16:29:48.028823,11054.90085621,0.0,50.0,0.3,-50.0,False,50.0,0.0,INIT
2025-11-17T16:29:48.129016,11055.001054219,0.0,50.0,0.3,-50.0,False,50.0,0.0,INIT
2025-11-17T16:29:48.228896,11055.100931157,0.0,50.0,0.3,-50.0,False,50.0,0.0,INIT
2025-11-17T16:29:48.329067,11055.201108988,0.0,50.0,0.3,-50.0,False,50.0,0.0,INIT
2025-11-17T16:29:48.429257,11055.301292736,0.0,50.0,0.3,-50.0,False,50.0,0.0,INIT
2025-11-17T16:29:48.528937,11055.400974751,0.0,50.0,0.3,-50.0,False,50.0,0.0,INIT
2025-11-17T16:29:48.629217,11055.501252094,0.0,50.0,0.3,-50.0,False,50.0,0.0,INIT
2025-11-17T16:29:48.728956,11055.60099342,0.0,50.0,0.3,-50.0,False,50.0,0.0,INIT
2025-11-17T16:29:48.828990,11055.701027845,0.0,50.0,0.3,-50.0,False,50.0,0.0,INIT
2025-11-17T16:29:48.929021,11055.801056152,0.0,50.0,0.3,-50.0,False,50.0,0.0,INIT
2025-11-17T16:29:49.028934,11055.900969895,0.0,50.0,0.3,-50.0,False,50.0,0.0,INIT
2025-11-17T16:29:49.128922,11056.000958282,0.0,50.0,0.3,-50.0,False,50.0,0.0,INIT
2025-11-17T16:29:49.229088,11056.101124385,0.0,50.0,0.3,-50.0,False,50.0,0.0,INIT
2025-11-17T16:29:49.328967,11056.201019859,0.0,50.0,0.3,-50.0,False,50.0,0.0,INIT
2025-11-17T16:29:49.428861,11056.300896085,0.0,50.0,0.3,-50.0,False,50.0,0.0,INIT
2025-11-17T16:29:49.529019,11056.401054108,0.0,50.0,0.3,-50.0,False,50.0,0.0,INIT
2025-11-17T16:29:49.628989,11056.501026664,0.0,50.0,0.3,-50.0,False,50.0,0.0,INIT
2025-11-17T16:29:49.729039,11056.601077348,0.0,50.0,0.3,-50.0,False,50.0,0.0,INIT
2025-11-17T16:29:49.828959,11056.700992677,0.0,50.0,0.3,-50.0,False,50.0,0.0,INIT
2025-11-17T16:29:49.928809,11056.800846489,0.0,50.0,0.3,-50.0,False,50.0,0.0,INIT
2025-11-17T16:29:50.029574,11056.901610649,0.0,50.0,0.3,-50.0,False,50.0,0.0,INIT
2025-11-17T16:29:50.128723,11057.00075787,0.0,50.0,0.3,-50.0,False,50.0,0.0,INIT
2025-11-17T16:29:50.228795,11057.100832265,0.0,50.0,0.3,-50.0,False,50.0,0.0,INIT
2025-11-17T16:29:50.328906,11057.200943061,0.0,50.0,0.3,-50.0,False,50.0,0.0,INIT
2025-11-17T16:29:50.428899,11057.300932411,0.0,50.0,0.3,-50.0,False,50.0,0.0,INIT
2025-11-17T16:29:50.529014,11057.401051789,0.0,50.0,0.3,-50.0,False,50.0,0.0,INIT
2025-11-17T16:29:50.628885,11057.500918869,0.0,50.0,0.3,-50.0,False,50.0,0.0,INIT
2025-11-17T16:29:50.728941,11057.600978546,0.0,50.0,0.3,-50.0,False,50.0,0.0,INIT
2025-11-17T16:29:50.828815,11057.700851792,0.0,50.0,0.3,-50.0,False,50.0,0.0,INIT
2025-11-17T16:29:50.929106,11057.801144814,0.0,50.0,0.3,-50.0,False,50.0,0.0,INIT
2025-11-17T16:29:51.029019,11057.901056505,0.0,50.0,0.3,-50.0,False,50.0,0.0,INIT
2025-11-17T16:29:51.128973,11058.001030942,0.0,50.0,0.3,-50.0,False,50.0,0.0,INIT
2025-11-17T16:29:51.228968,11058.101016473,0.0,50.0,0.3,-50.0,False,50.0,0.0,INIT
2025-11-17T16:29:51.329402,11058.201442573,0.0,50.0,0.3,-50.0,False,50.0,0.0,INIT
2025-11-17T16:29:51.428786,11058.300829757,0.0,50.0,0.3,-50.0,False,50.0,0.0,INIT
2025-11-17T16:29:51.528921,11058.400959556,0.0,50.0,0.3,-50.0,False,50.0,0.0,INIT
2025-11-17T16:29:51.629126,11058.501166045,0.0,50.0,0.3,-50.0,False,50.0,0.0,INIT
2025-11-17T16:29:51.729766,11058.601813915,0.0,50.0,0.3,-50.0,False,50.0,0.0,INIT
2025-11-17T16:29:51.829118,11058.701154522,0.0,50.0,0.3,-50.0,False,50.0,0.0,INIT
2025-11-17T16:29:51.929210,11058.801252302,0.0,50.0,0.3,-50.0,False,50.0,0.0,INIT
2025-11-17T16:29:52.029679,11058.901728469,0.0,50.0,0.3,-50.0,False,50.0,0.0,INIT
2025-11-17T16:29:52.129142,11059.001181444,0.0,50.0,0.3,-50.0,False,50.0,0.0,INIT
2025-11-17T16:29:52.229365,11059.101401567,0.0,50.0,0.3,-50.0,False,50.0,0.0,INIT
2025-11-17T16:29:52.329030,11059.201070065,0.0,50.0,0.3,-50.0,False,50.0,0.0,INIT
2025-11-17T16:29:52.429709,11059.301756304,0.0,50.0,0.3,-50.0,False,50.0,0.0,INIT
2025-11-17T16:29:52.529093,11059.401136328,0.0,50.0,0.3,-50.0,False,50.0,0.0,INIT
2025-11-17T16:29:52.628883,11059.500921689,0.0,50.0,0.3,-50.0,False,50.0,0.0,INIT
2025-11-17T16:29:52.729114,11059.601152093,0.0,50.0,0.3,-50.0,False,50.0,0.0,INIT
2025-11-17T16:29:52.829600,11059.701645715,0.0,50.0,0.3,-50.0,False,50.0,0.0,INIT
2025-11-17T16:29:52.929141,11059.801274109,0.0,50.0,0.3,-50.0,False,50.0,0.0,INIT
2025-11-17T16:29:53.029339,11059.901384427,0.0,50.0,0.3,-50.0,False,50.0,0.0,INIT
2025-11-17T16:29:53.129050,11060.00109942,0.0,50.0,0.3,-50.0,False,50.0,0.0,INIT
2025-11-17T16:29:53.229528,11060.101576914,0.0,50.0,0.3,-50.0,False,50.0,0.0,INIT
2025-11-17T16:29:53.329385,11060.201429192,0.0,50.0,0.3,-50.0,False,50.0,0.0,INIT
2025-11-17T16:29:53.429676,11060.301725838,0.0,50.0,0.3,-50.0,False,50.0,0.0,INIT
2025-11-17T16:29:53.529601,11060.401648391,0.0,50.0,0.3,-50.0,False,50.0,0.0,INIT
2025-11-17T16:29:53.629653,11060.50170416,0.0,50.0,0.3,-50.0,False,50.0,0.0,INIT
2025-11-17T16:29:53.729805,11060.601855365,0.0,50.0,0.3,-50.0,False,50.0,0.0,INIT
2025-11-17T16:29:53.828807,11060.700842367,0.0,50.0,0.3,-50.0,False,50.0,0.0,INIT
2025-11-17T16:29:53.929151,11060.801184226,0.0,50.0,0.3,-50.0,False,50.0,0.0,INIT
2025-11-17T16:29:54.029072,11060.901106932,0.0,50.0,0.3,-50.0,False,50.0,0.0,INIT
2025-11-17T16:29:54.129116,11061.001150196,0.0,50.0,0.3,-50.0,False,50.0,0.0,INIT
2025-11-17T16:29:54.229277,11061.101313154,0.0,50.0,0.3,-50.0,False,50.0,0.0,INIT
2025-11-17T16:29:54.329330,11061.201365731,0.0,50.0,0.3,-50.0,False,50.0,0.0,INIT
2025-11-17T16:29:54.429419,11061.301463809,0.0,50.0,0.3,-50.0,False,50.0,0.0,INIT
2025-11-17T16:29:54.528932,11061.400970483,0.0,50.0,0.3,-50.0,False,50.0,0.0,INIT
2025-11-17T16:29:54.629247,11061.501289119,0.0,50.0,0.3,-50.0,False,50.0,0.0,INIT
2025-11-17T16:29:54.728901,11061.600935238,0.0,50.0,0.3,-50.0,False,50.0,0.0,INIT
2025-11-17T16:29:54.829303,11061.701337273,0.0,50.0,0.3,-50.0,False,50.0,0.0,INIT
2025-11-17T16:29:54.929676,11061.80172335,0.0,50.0,0.3,-50.0,False,50.0,0.0,INIT
2025-11-17T16:29:55.029449,11061.901497168,0.0,50.0,0.3,-50.0,False,50.0,0.0,INIT
2025-11-17T16:29:55.129737,11062.0017858,0.0,50.0,0.3,-50.0,False,50.0,0.0,INIT
2025-11-17T16:29:55.229033,11062.101070037,0.0,50.0,0.3,-50.0,False,50.0,0.0,INIT
2025-11-17T16:29:55.329679,11062.20172662,0.0,50.0,0.3,-50.0,False,50.0,0.0,INIT
2025-11-17T16:29:55.429518,11062.301560858,0.0,50.0,0.3,-50.0,False,50.0,0.0,INIT
2025-11-17T16:29:55.529305,11062.40134695,0.0,50.0,0.3,-50.0,False,50.0,0.0,INIT
2025-11-17T16:29:55.629604,11062.501651994,0.0,50.0,0.3,-50.0,False,50.0,0.0,INIT
2025-11-17T16:29:55.729047,11062.60108608,0.0,50.0,0.3,-50.0,False,50.0,0.0,INIT
2025-11-17T16:29:55.828919,11062.700954996,0.0,50.0,0.3,-50.0,False,50.0,0.0,INIT
2025-11-17T16:29:55.928993,11062.801031672,0.0,50.0,0.3,-50.0,False,50.0,0.0,INIT
2025-11-17T16:29:56.028793,11062.900829671,0.0,50.0,0.3,-50.0,False,50.0,0.0,INIT
2025-11-17T16:29:56.128920,11063.00095561,0.0,50.0,0.3,-50.0,False,50.0,0.0,INIT
2025-11-17T16:29:56.228931,11063.100965212,0.0,50.0,0.3,-50.0,False,50.0,0.0,INIT
2025-11-17T16:29:56.328919,11063.200955764,0.0,50.0,0.3,-50.0,False,50.0,0.0,INIT
2025-11-17T16:29:56.428931,11063.300967796,0.0,50.0,0.3,-50.0,False,50.0,0.0,INIT
2025-11-17T16:29:56.530053,11063.402106995,0.0,50.0,0.3,-50.0,False,50.0,0.0,INIT
2025-11-17T16:29:56.628824,11063.500861021,0.0,50.0,0.3,-50.0,False,50.0,0.0,INIT
2025-11-17T16:29:56.728919,11063.600956169,0.0,50.0,0.3,-50.0,False,50.0,0.0,INIT
2025-11-17T16:29:56.829075,11063.701111248,0.0,50.0,0.3,-50.0,False,50.0,0.0,INIT
2025-11-17T16:29:56.929445,11063.801493023,0.0,50.0,0.3,-50.0,False,50.0,0.0,INIT
2025-11-17T16:29:57.029076,11063.901112084,0.0,50.0,0.3,-50.0,False,50.0,0.0,INIT
2025-11-17T16:29:57.129137,11064.001176471,0.0,50.0,0.3,-50.0,False,50.0,0.0,INIT
2025-11-17T16:29:57.229529,11064.101568639,0.0,50.0,0.3,-50.0,False,50.0,0.0,INIT
2025-11-17T16:29:57.329291,11064.201330085,0.0,50.0,0.3,-50.0,False,50.0,0.0,INIT
2025-11-17T16:29:57.429427,11064.3014732,0.0,50.0,0.3,-50.0,False,50.0,0.0,INIT
2025-11-17T16:29:57.529115,11064.401153033,0.0,50.0,0.3,-50.0,False,50.0,0.0,INIT
2025-11-17T16:29:57.629270,11064.501308898,0.0,50.0,0.3,-50.0,False,50.0,0.0,INIT
2025-11-17T16:29:57.729317,11064.601359093,0.0,50.0,0.3,-50.0,False,50.0,0.0,INIT
2025-11-17T16:29:57.829904,11064.701953622,0.0,50.0,0.3,-50.0,False,50.0,0.0,INIT
2025-11-17T16:29:57.929198,11064.801232716,0.0,50.0,0.3,-50.0,False,50.0,0.0,INIT
2025-11-17T16:29:58.028952,11064.900989242,0.0,50.0,0.3,-50.0,False,50.0,0.0,INIT
2025-11-17T16:29:58.128970,11065.001032087,0.0,50.0,0.3,-50.0,False,50.0,0.0,INIT
2025-11-17T16:29:58.228858,11065.100895032,0.0,50.0,0.3,-50.0,False,50.0,0.0,INIT
2025-11-17T16:29:58.329049,11065.201085104,0.0,50.0,0.3,-50.0,False,50.0,0.0,INIT
2025-11-17T16:29:58.429153,11065.301190613,0.0,50.0,0.3,-50.0,False,50.0,0.0,INIT
2025-11-17T16:29:58.529036,11065.401069653,0.0,50.0,0.3,-50.0,False,50.0,0.0,INIT
2025-11-17T16:29:58.629054,11065.501090368,0.0,50.0,0.3,-50.0,False,50.0,0.0,INIT
2025-11-17T16:29:58.729292,11065.601330428,0.0,50.0,0.3,-50.0,False,50.0,0.0,INIT
2025-11-17T16:29:58.828929,11065.700964064,0.0,50.0,0.3,-50.0,False,50.0,0.0,INIT
2025-11-17T16:29:58.929528,11065.801572268,0.0,50.0,0.3,-50.0,False,50.0,0.0,INIT
2025-11-17T16:29:59.028925,11065.90096071,0.0,50.0,0.3,-50.0,False,50.0,0.0,INIT
2025-11-17T16:29:59.129287,11066.00132714,0.0,50.0,0.3,-50.0,False,50.0,0.0,INIT
2025-11-17T16:29:59.229144,11066.101188058,0.0,50.0,0.3,-50.0,False,50.0,0.0,INIT
2025-11-17T16:29:59.329549,11066.201595513,0.0,50.0,0.3,-50.0,False,50.0,0.0,INIT
2025-11-17T16:29:59.429026,11066.301063515,0.0,50.0,0.3,-50.0,False,50.0,0.0,INIT
2025-11-17T16:29:59.529518,11066.401559314,0.0,50.0,0.3,-50.0,False,50.0,0.0,INIT
2025-11-17T16:29:59.629226,11066.501264848,0.0,50.0,0.3,-50.0,False,50.0,0.0,INIT
2025-11-17T16:29:59.729485,11066.601532356,0.0,50.0,0.3,-50.0,False,50.0,0.0,INIT
2025-11-17T16:29:59.828969,11066.701023523,0.0,50.0,0.3,-50.0,False,50.0,0.0,INIT
2025-11-17T16:29:59.929110,11066.801151573,0.0,50.0,0.3,-50.0,False,50.0,0.0,INIT
2025-11-17T16:30:00.029540,11066.90158336,0.0,50.0,0.3,-50.0,False,50.0,0.0,INIT
2025-11-17T16:30:00.129198,11067.001238218,0.0,50.0,0.3,-50.0,False,50.0,0.0,INIT
2025-11-17T16:30:00.229082,11067.101125287,0.0,50.0,0.3,-50.0,False,50.0,0.0,INIT
2025-11-17T16:30:00.328996,11067.201036738,0.0,50.0,0.3,-50.0,False,50.0,0.0,INIT
2025-11-17T16:30:00.429054,11067.301093138,0.0,50.0,0.3,-50.0,False,50.0,0.0,INIT
2025-11-17T16:30:00.529268,11067.401310588,0.0,50.0,0.3,-50.0,False,50.0,0.0,INIT
2025-11-17T16:30:00.629480,11067.501525014,0.0,50.0,0.3,-50.0,False,50.0,0.0,INIT
2025-11-17T16:30:00.729003,11067.601041335,0.0,50.0,0.3,-50.0,False,50.0,0.0,INIT
2025-11-17T16:30:00.829127,11067.701166619,0.0,50.0,0.3,-50.0,False,50.0,0.0,INIT
2025-11-17T16:30:00.929021,11067.801064026,0.0,50.0,0.3,-50.0,False,50.0,0.0,INIT
2025-11-17T16:30:01.029860,11067.901906342,0.0,50.0,0.3,-50.0,False,50.0,0.0,INIT
2025-11-17T16:30:01.129526,11068.001565467,0.0,50.0,0.3,-50.0,False,50.0,0.0,INIT
2025-11-17T16:30:01.229539,11068.101586378,0.0,50.0,0.3,-50.0,False,50.0,0.0,INIT
2025-11-17T16:30:01.329439,11068.201486224,0.0,50.0,0.3,-50.0,False,50.0,0.0,INIT
2025-11-17T16:30:01.429160,11068.301197267,0.0,50.0,0.3,-50.0,False,50.0,0.0,INIT
2025-11-17T16:30:01.529501,11068.401543508,0.0,50.0,0.3,-50.0,False,50.0,0.0,INIT
2025-11-17T16:30:01.629757,11068.501811174,0.0,50.0,0.3,-50.0,False,50.0,0.0,INIT
2025-11-17T16:30:01.729050,11068.60108798,0.0,50.0,0.3,-50.0,False,50.0,0.0,INIT
2025-11-17T16:30:01.829588,11068.701636292,0.0,50.0,0.3,-50.0,False,50.0,0.0,INIT
2025-11-17T16:30:01.929172,11068.801213905,0.0,50.0,0.3,-50.0,False,50.0,0.0,INIT
2025-11-17T16:30:02.029896,11068.90194058,0.0,50.0,0.3,-50.0,False,50.0,0.0,INIT
2025-11-17T16:30:02.130023,11069.00207681,0.0,50.0,0.3,-50.0,False,50.0,0.0,INIT
2025-11-17T16:30:02.229018,11069.101053445,0.0,50.0,0.3,-50.0,False,50.0,0.0,INIT
2025-11-17T16:30:02.328938,11069.200973141,0.0,50.0,0.3,-50.0,False,50.0,0.0,INIT
2025-11-17T16:30:02.429097,11069.30114281,0.0,50.0,0.3,-50.0,False,50.0,0.0,INIT
2025-11-17T16:30:02.529207,11069.401249384,0.0,50.0,0.3,-50.0,False,50.0,0.0,INIT
2025-11-17T16:30:02.629219,11069.501266305,0.0,50.0,0.3,-50.0,False,50.0,0.0,INIT
2025-11-17T16:30:02.729305,11069.601348507,0.0,50.0,0.3,-50.0,False,50.0,0.0,INIT
2025-11-17T16:30:02.829369,11069.701419064,0.0,50.0,0.3,-50.0,False,50.0,0.0,INIT
2025-11-17T16:30:02.929341,11069.801386873,0.0,50.0,0.3,-50.0,False,50.0,0.0,INIT
2025-11-17T16:30:03.029161,11069.901202627,0.0,50.0,0.3,-50.0,False,50.0,0.0,INIT
2025-11-17T16:30:03.129316,11070.001358659,0.0,50.0,0.3,-50.0,False,50.0,0.0,INIT
2025-11-17T16:30:03.229340,11070.101381143,0.0,50.0,0.3,-50.0,False,50.0,0.0,INIT
2025-11-17T16:30:03.329110,11070.201150062,0.0,50.0,0.3,-50.0,False,50.0,0.0,INIT
2025-11-17T16:30:03.429235,11070.301280085,0.0,50.0,0.3,-50.0,False,50.0,0.0,INIT
2025-11-17T16:30:03.529247,11070.401288993,0.0,50.0,0.3,-50.0,False,50.0,0.0,INIT
2025-11-17T16:30:03.629501,11070.501545461,0.0,50.0,0.3,-50.0,False,50.0,0.0,INIT
2025-11-17T16:30:03.729348,11070.601394216,0.0,50.0,0.3,-50.0,False,50.0,0.0,INIT
2025-11-17T16:30:03.829138,11070.701181231,0.0,50.0,0.3,-50.0,False,50.0,0.0,INIT
2025-11-17T16:30:03.929273,11070.801319598,0.0,50.0,0.3,-50.0,False,50.0,0.0,INIT
2025-11-17T16:30:04.028968,11070.901022905,0.0,50.0,0.3,-50.0,False,50.0,0.0,INIT
2025-11-17T16:30:04.129259,11071.001302898,0.0,50.0,0.3,-50.0,False,50.0,0.0,INIT
2025-11-17T16:30:04.229194,11071.10123513,0.0,50.0,0.3,-50.0,False,50.0,0.0,INIT
2025-11-17T16:30:04.329165,11071.201214108,0.0,50.0,0.3,-50.0,False,50.0,0.0,INIT
2025-11-17T16:30:04.429323,11071.301364237,0.0,50.0,0.3,-50.0,False,50.0,0.0,INIT
2025-11-17T16:30:04.529490,11071.401543161,0.0,50.0,0.3,-50.0,False,50.0,0.0,INIT
2025-11-17T16:30:04.629304,11071.501346376,0.0,50.0,0.3,-50.0,False,50.0,0.0,INIT
2025-11-17T16:30:04.729403,11071.60144764,0.0,50.0,0.3,-50.0,False,50.0,0.0,INIT
2025-11-17T16:30:04.829267,11071.701305762,0.0,50.0,0.3,-50.0,False,50.0,0.0,INIT
2025-11-17T16:30:04.928934,11071.800972126,0.0,50.0,0.3,-50.0,False,50.0,0.0,INIT
2025-11-17T16:30:05.029309,11071.901358757,0.0,50.0,0.3,-50.0,False,50.0,0.0,INIT
2025-11-17T16:30:05.129358,11072.001405625,0.0,50.0,0.3,-50.0,False,50.0,0.0,INIT
2025-11-17T16:30:05.229111,11072.10115219,0.0,50.0,0.3,-50.0,False,50.0,0.0,INIT
2025-11-17T16:30:05.329287,11072.201327868,0.0,50.0,0.3,-50.0,False,50.0,0.0,INIT
2025-11-17T16:30:05.429533,11072.301572317,0.0,50.0,0.3,-50.0,False,50.0,0.0,INIT
2025-11-17T16:30:05.529154,11072.401192237,0.0,50.0,0.3,-50.0,False,50.0,0.0,INIT
2025-11-17T16:30:05.629210,11072.501254611,0.0,50.0,0.3,-50.0,False,50.0,0.0,INIT
2025-11-17T16:30:05.729201,11072.601239767,0.0,50.0,0.3,-50.0,False,50.0,0.0,INIT
2025-11-17T16:30:05.829224,11072.701266934,0.0,50.0,0.3,-50.0,False,50.0,0.0,INIT
2025-11-17T16:30:05.929165,11072.801208597,0.0,50.0,0.3,-50.0,False,50.0,0.0,INIT
2025-11-17T16:30:06.028947,11072.900987237,0.0,50.0,0.3,-50.0,False,50.0,0.0,INIT
2025-11-17T16:30:06.129409,11073.001453916,0.0,50.0,0.3,-50.0,False,50.0,0.0,INIT
2025-11-17T16:30:06.229164,11073.101207284,0.0,50.0,0.3,-50.0,False,50.0,0.0,INIT
2025-11-17T16:30:06.328956,11073.200992725,0.0,50.0,0.3,-50.0,False,50.0,0.0,INIT
2025-11-17T16:30:06.428944,11073.300982161,0.0,50.0,0.3,-50.0,False,50.0,0.0,INIT
2025-11-17T16:30:06.529018,11073.401052716,0.0,50.0,0.3,-50.0,False,50.0,0.0,INIT
2025-11-17T16:30:06.629283,11073.501326646,0.0,50.0,0.3,-50.0,False,50.0,0.0,INIT
2025-11-17T16:30:06.729136,11073.601174106,0.0,50.0,0.3,-50.0,False,50.0,0.0,INIT
2025-11-17T16:30:06.829127,11073.701168132,0.0,50.0,0.3,-50.0,False,50.0,0.0,INIT
2025-11-17T16:30:06.930042,11073.802094573,0.0,50.0,0.3,-50.0,False,50.0,0.0,INIT
2025-11-17T16:30:07.029231,11073.901266005,0.0,50.0,0.3,-50.0,False,50.0,0.0,INIT
2025-11-17T16:30:07.129041,11074.001077889,0.0,50.0,0.3,-50.0,False,50.0,0.0,INIT
2025-11-17T16:30:07.229002,11074.10104138,0.0,50.0,0.3,-50.0,False,50.0,0.0,INIT
2025-11-17T16:30:07.329142,11074.201184465,0.0,50.0,0.3,-50.0,False,50.0,0.0,INIT
2025-11-17T16:30:07.429397,11074.301441598,0.0,50.0,0.3,-50.0,False,50.0,0.0,INIT
2025-11-17T16:30:07.529458,11074.401505969,0.0,50.0,0.3,-50.0,False,50.0,0.0,INIT
2025-11-17T16:30:07.629577,11074.501621062,0.0,50.0,0.3,-50.0,False,50.0,0.0,INIT
2025-11-17T16:30:07.729331,11074.601373739,0.0,50.0,0.3,-50.0,False,50.0,0.0,INIT
2025-11-17T16:30:07.828937,11074.70097432,0.0,50.0,0.3,-50.0,False,50.0,0.0,INIT
2025-11-17T16:30:07.929655,11074.801701433,0.0,50.0,0.3,-50.0,False,50.0,0.0,INIT
2025-11-17T16:30:08.029715,11074.90176873,0.0,50.0,0.3,-50.0,False,50.0,0.0,INIT
2025-11-17T16:30:08.129089,11075.00113424,0.0,50.0,0.3,-50.0,False,50.0,0.0,INIT
2025-11-17T16:30:08.229503,11075.10154575,0.0,50.0,0.3,-50.0,False,50.0,0.0,INIT
2025-11-17T16:30:08.328998,11075.201037583,0.0,50.0,0.3,-50.0,False,50.0,0.0,INIT
2025-11-17T16:30:08.429069,11075.301118112,0.0,50.0,0.3,-50.0,False,50.0,0.0,INIT
2025-11-17T16:30:08.529235,11075.401276279,0.0,50.0,0.3,-50.0,False,50.0,0.0,INIT
2025-11-17T16:30:08.629527,11075.501568071,0.0,50.0,0.3,-50.0,False,50.0,0.0,INIT
2025-11-17T16:30:08.729063,11075.601102329,0.0,50.0,0.3,-50.0,False,50.0,0.0,INIT
2025-11-17T16:30:08.829493,11075.701537381,0.0,50.0,0.3,-50.0,False,50.0,0.0,INIT
2025-11-17T16:30:08.929099,11075.801141847,0.0,50.0,0.3,-50.0,False,50.0,0.0,INIT
2025-11-17T16:30:09.029072,11075.901111959,0.0,50.0,0.3,-50.0,False,50.0,0.0,INIT
2025-11-17T16:30:09.129104,11076.00114468,0.0,50.0,0.3,-50.0,False,50.0,0.0,INIT
2025-11-17T16:30:09.229131,11076.101174372,0.0,50.0,0.3,-50.0,False,50.0,0.0,INIT
2025-11-17T16:30:09.328831,11076.200865444,0.0,50.0,0.3,-50.0,False,50.0,0.0,INIT
2025-11-17T16:30:09.428897,11076.300936268,0.0,50.0,0.3,-50.0,False,50.0,0.0,INIT
2025-11-17T16:30:09.529024,11076.401069391,0.0,50.0,0.3,-50.0,False,50.0,0.0,INIT
2025-11-17T16:30:09.628931,11076.500969102,0.0,50.0,0.3,-50.0,False,50.0,0.0,INIT
2025-11-17T16:30:09.729296,11076.601346846,0.0,50.0,0.3,-50.0,False,50.0,0.0,INIT
2025-11-17T16:30:09.828951,11076.7009886,0.0,50.0,0.3,-50.0,False,50.0,0.0,INIT
2025-11-17T16:30:09.929140,11076.801186541,0.0,50.0,0.3,-50.0,False,50.0,0.0,INIT
2025-11-17T16:30:10.028915,11076.900952052,0.0,50.0,0.3,-50.0,False,50.0,0.0,INIT
2025-11-17T16:30:10.129104,11077.001145466,0.0,50.0,0.3,-50.0,False,50.0,0.0,INIT
2025-11-17T16:30:10.229118,11077.101154789,0.0,50.0,0.3,-50.0,False,50.0,0.0,INIT
2025-11-17T16:30:10.329269,11077.201311797,0.0,50.0,0.3,-50.0,False,50.0,0.0,INIT
2025-11-17T16:30:10.429246,11077.301283753,0.0,50.0,0.3,-50.0,False,50.0,0.0,INIT
2025-11-17T16:30:10.528997,11077.401033139,0.0,50.0,0.3,-50.0,False,50.0,0.0,INIT
2025-11-17T16:30:10.629230,11077.501273856,0.0,50.0,0.3,-50.0,False,50.0,0.0,INIT
2025-11-17T16:30:10.728779,11077.600816139,0.0,50.0,0.3,-50.0,False,50.0,0.0,INIT
2025-11-17T16:30:10.829744,11077.701787412,0.0,50.0,0.3,-50.0,False,50.0,0.0,INIT
2025-11-17T16:30:10.928924,11077.800965441,0.0,50.0,0.3,-50.0,False,50.0,0.0,INIT
2025-11-17T16:30:11.028833,11077.900874968,0.0,50.0,0.3,-50.0,False,50.0,0.0,INIT
2025-11-17T16:30:11.129044,11078.001084535,0.0,50.0,0.3,-50.0,False,50.0,0.0,INIT
2025-11-17T16:30:11.229241,11078.101276631,0.0,50.0,0.3,-50.0,False,50.0,0.0,INIT
2025-11-17T16:30:11.329951,11078.20199427,0.0,50.0,0.3,-50.0,False,50.0,0.0,INIT
2025-11-17T16:30:11.429868,11078.30191646,0.0,50.0,0.3,-50.0,False,50.0,0.0,INIT
2025-11-17T16:30:11.528941,11078.40098052,0.0,50.0,0.3,-50.0,False,50.0,0.0,INIT
2025-11-17T16:30:11.629056,11078.501094927,0.0,50.0,0.3,-50.0,False,50.0,0.0,INIT
2025-11-17T16:30:11.729111,11078.601147072,0.0,50.0,0.3,-50.0,False,50.0,0.0,INIT
2025-11-17T16:30:11.829118,11078.701152757,0.0,50.0,0.3,-50.0,False,50.0,0.0,INIT
2025-11-17T16:30:11.929206,11078.801240715,0.0,50.0,0.3,-50.0,False,50.0,0.0,INIT
2025-11-17T16:30:12.029101,11078.901144098,0.0,50.0,0.3,-50.0,False,50.0,0.0,INIT
2025-11-17T16:30:12.129116,11079.001153617,0.0,50.0,0.3,-50.0,False,50.0,0.0,INIT
2025-11-17T16:30:12.229006,11079.101046317,0.0,50.0,0.3,-50.0,False,50.0,0.0,INIT
2025-11-17T16:30:12.329010,11079.201047839,0.0,50.0,0.3,-50.0,False,50.0,0.0,INIT
2025-11-17T16:30:12.429027,11079.301062793,0.0,50.0,0.3,-50.0,False,50.0,0.0,INIT
2025-11-17T16:30:12.529004,11079.401039766,0.0,50.0,0.3,-50.0,False,50.0,0.0,INIT
2025-11-17T16:30:12.629097,11079.501134813,0.0,50.0,0.3,-50.0,False,50.0,0.0,INIT
2025-11-17T16:30:12.729045,11079.60108324,0.0,50.0,0.3,-50.0,False,50.0,0.0,INIT
2025-11-17T16:30:12.829073,11079.701109572,0.0,50.0,0.3,-50.0,False,50.0,0.0,INIT
2025-11-17T16:30:12.929190,11079.801225767,0.0,50.0,0.3,-50.0,False,50.0,0.0,INIT
2025-11-17T16:30:13.029010,11079.901048073,0.0,50.0,0.3,-50.0,False,50.0,0.0,INIT
2025-11-17T16:30:13.129139,11080.00117873,0.0,50.0,0.3,-50.0,False,50.0,0.0,INIT
2025-11-17T16:30:13.228926,11080.10096906,0.0,50.0,0.3,-50.0,False,50.0,0.0,INIT
2025-11-17T16:30:13.328880,11080.200913978,0.0,50.0,0.3,-50.0,False,50.0,0.0,INIT
2025-11-17T16:30:13.428968,11080.301020891,0.0,50.0,0.3,-50.0,False,50.0,0.0,INIT
2025-11-17T16:30:13.529022,11080.401059428,0.0,50.0,0.3,-50.0,False,50.0,0.0,INIT
2025-11-17T16:30:13.628867,11080.500904292,0.0,50.0,0.3,-50.0,False,50.0,0.0,INIT
2025-11-17T16:30:13.729558,11080.601611409,0.0,50.0,0.3,-50.0,False,50.0,0.0,INIT
2025-11-17T16:30:13.829208,11080.701249405,0.0,50.0,0.3,-50.0,False,50.0,0.0,INIT
2025-11-17T16:30:13.929576,11080.801624326,0.0,50.0,0.3,-50.0,False,50.0,0.0,INIT
2025-11-17T16:30:14.028959,11080.900998306,0.0,50.0,0.3,-50.0,False,50.0,0.0,INIT
2025-11-17T16:30:14.129596,11081.001642986,0.0,50.0,0.3,-50.0,False,50.0,0.0,INIT
2025-11-17T16:30:14.229577,11081.101621409,0.0,50.0,0.3,-50.0,False,50.0,0.0,INIT
2025-11-17T16:30:14.329100,11081.201145226,0.0,50.0,0.3,-50.0,False,50.0,0.0,INIT
2025-11-17T16:30:14.428889,11081.30092282,0.0,50.0,0.3,-50.0,False,50.0,0.0,INIT
2025-11-17T16:30:14.529025,11081.401060993,0.0,50.0,0.3,-50.0,False,50.0,0.0,INIT
2025-11-17T16:30:14.629775,11081.501821038,0.0,50.0,0.3,-50.0,False,50.0,0.0,INIT
2025-11-17T16:30:14.729006,11081.601044759,0.0,50.0,0.3,-50.0,False,50.0,0.0,INIT
2025-11-17T16:30:14.829318,11081.701358472,0.0,50.0,0.3,-50.0,False,50.0,0.0,INIT
2025-11-17T16:30:14.929758,11081.801808627,0.0,50.0,0.3,-50.0,False,50.0,0.0,INIT
2025-11-17T16:30:15.029142,11081.901183101,0.0,50.0,0.3,-50.0,False,50.0,0.0,INIT
2025-11-17T16:30:15.129104,11082.001142253,0.0,50.0,0.3,-50.0,False,50.0,0.0,INIT
2025-11-17T16:30:15.229618,11082.101658309,0.0,50.0,0.3,-50.0,False,50.0,0.0,INIT
2025-11-17T16:30:15.330014,11082.202060946,0.0,50.0,0.3,-50.0,False,50.0,0.0,INIT
2025-11-17T16:30:15.429918,11082.301967503,0.0,50.0,0.3,-50.0,False,50.0,0.0,INIT
2025-11-17T16:30:15.530081,11082.402129683,0.0,50.0,0.3,-50.0,False,50.0,0.0,INIT
2025-11-17T16:30:15.629905,11082.501951188,0.0,50.0,0.3,-50.0,False,50.0,0.0,INIT
2025-11-17T16:30:15.730180,11082.602228112,0.0,50.0,0.3,-50.0,False,50.0,0.0,INIT
2025-11-17T16:30:15.829649,11082.701678838,0.0,50.0,0.3,-50.0,False,50.0,0.0,INIT
2025-11-17T16:30:15.929578,11082.801620556,0.0,50.0,0.3,-50.0,False,50.0,0.0,INIT
2025-11-17T16:30:16.029284,11082.901323662,0.0,50.0,0.3,-50.0,False,50.0,0.0,INIT
2025-11-17T16:30:16.129231,11083.001273148,0.0,50.0,0.3,-50.0,False,50.0,0.0,INIT
2025-11-17T16:30:16.229699,11083.101750362,0.0,50.0,0.3,-50.0,False,50.0,0.0,INIT
2025-11-17T16:30:16.329305,11083.201346074,0.0,50.0,0.3,-50.0,False,50.0,0.0,INIT
2025-11-17T16:30:16.429078,11083.301115657,0.0,50.0,0.3,-50.0,False,50.0,0.0,INIT
2025-11-17T16:30:16.529677,11083.401721409,0.0,50.0,0.3,-50.0,False,50.0,0.0,INIT
2025-11-17T16:30:16.629142,11083.501184121,0.0,50.0,0.3,-50.0,False,50.0,0.0,INIT
2025-11-17T16:30:16.728954,11083.600991298,0.0,50.0,0.3,-50.0,False,50.0,0.0,INIT
2025-11-17T16:30:16.829050,11083.701087931,0.0,50.0,0.3,-50.0,False,50.0,0.0,INIT
2025-11-17T16:30:16.928943,11083.80097919,0.0,50.0,0.3,-50.0,False,50.0,0.0,INIT
2025-11-17T16:30:17.029099,11083.901136059,0.0,50.0,0.3,-50.0,False,50.0,0.0,INIT
2025-11-17T16:30:17.129128,11084.00117006,0.0,50.0,0.3,-50.0,False,50.0,0.0,INIT
2025-11-17T16:30:17.229098,11084.101138466,0.0,50.0,0.3,-50.0,False,50.0,0.0,INIT
2025-11-17T16:30:17.328916,11084.200953209,0.0,50.0,0.3,-50.0,False,50.0,0.0,INIT
2025-11-17T16:30:17.429191,11084.301230388,0.0,50.0,0.3,-50.0,False,50.0,0.0,INIT
2025-11-17T16:30:17.529280,11084.401318447,0.0,50.0,0.3,-50.0,False,50.0,0.0,INIT
2025-11-17T16:30:17.629156,11084.501198623,0.0,50.0,0.3,-50.0,False,50.0,0.0,INIT
2025-11-17T16:30:17.729886,11084.601934918,0.0,50.0,0.3,-50.0,False,50.0,0.0,INIT
2025-11-17T16:30:17.829767,11084.701814738,0.0,50.0,0.3,-50.0,False,50.0,0.0,INIT
2025-11-17T16:30:17.929894,11084.80193909,0.0,50.0,0.3,-50.0,False,50.0,0.0,INIT
2025-11-17T16:30:18.029037,11084.901076725,0.0,50.0,0.3,-50.0,False,50.0,0.0,INIT
2025-11-17T16:30:18.129692,11085.001730224,0.0,50.0,0.3,-50.0,False,50.0,0.0,INIT
2025-11-17T16:30:18.229871,11085.101923006,0.0,50.0,0.3,-50.0,False,50.0,0.0,INIT
2025-11-17T16:30:18.329244,11085.201285325,0.0,50.0,0.3,-50.0,False,50.0,0.0,INIT
2025-11-17T16:30:18.429068,11085.30110707,0.0,50.0,0.3,-50.0,False,50.0,0.0,INIT
2025-11-17T16:30:18.528923,11085.400958829,0.0,50.0,0.3,-50.0,False,50.0,0.0,INIT
2025-11-17T16:30:18.628892,11085.500926169,0.0,50.0,0.3,-50.0,False,50.0,0.0,INIT
2025-11-17T16:30:18.728868,11085.600904459,0.0,50.0,0.3,-50.0,False,50.0,0.0,INIT
2025-11-17T16:30:18.829065,11085.701100991,0.0,50.0,0.3,-50.0,False,50.0,0.0,INIT
2025-11-17T16:30:18.929323,11085.801366563,0.0,50.0,0.3,-50.0,False,50.0,0.0,INIT
2025-11-17T16:30:19.029484,11085.90152267,0.0,50.0,0.3,-50.0,False,50.0,0.0,INIT
2025-11-17T16:30:19.129653,11086.001697648,0.0,50.0,0.3,-50.0,False,50.0,0.0,INIT
2025-11-17T16:30:19.230013,11086.10205959,0.0,50.0,0.3,-50.0,False,50.0,0.0,INIT
2025-11-17T16:30:19.330103,11086.202147298,0.0,50.0,0.3,-50.0,False,50.0,0.0,INIT
2025-11-17T16:30:19.429951,11086.301987419,0.0,50.0,0.3,-50.0,False,50.0,0.0,INIT
2025-11-17T16:30:19.530222,11086.402269942,0.0,50.0,0.3,-50.0,False,50.0,0.0,INIT
2025-11-17T16:30:19.630164,11086.502214545,0.0,50.0,0.3,-50.0,False,50.0,0.0,INIT
2025-11-17T16:30:19.729636,11086.60168281,0.0,50.0,0.3,-50.0,False,50.0,0.0,INIT
2025-11-17T16:30:19.829605,11086.701654328,0.0,50.0,0.3,-50.0,False,50.0,0.0,INIT
2025-11-17T16:30:19.929894,11086.801942255,0.0,50.0,0.3,-50.0,False,50.0,0.0,INIT
2025-11-17T16:30:20.029629,11086.901681806,0.0,50.0,0.3,-50.0,False,50.0,0.0,INIT
2025-11-17T16:30:20.130036,11087.002080164,0.0,50.0,0.3,-50.0,False,50.0,0.0,INIT
2025-11-17T16:30:20.229309,11087.101350489,0.0,50.0,0.3,-50.0,False,50.0,0.0,INIT
2025-11-17T16:30:20.328892,11087.200930267,0.0,50.0,0.3,-50.0,False,50.0,0.0,INIT
2025-11-17T16:30:20.429136,11087.301176511,0.0,50.0,0.3,-50.0,False,50.0,0.0,INIT
2025-11-17T16:30:20.529399,11087.401441487,0.0,50.0,0.3,-50.0,False,50.0,0.0,INIT
2025-11-17T16:30:20.628653,11087.500687013,0.0,50.0,0.3,-50.0,False,50.0,0.0,INIT
2025-11-17T16:30:20.729396,11087.601431592,0.0,50.0,0.3,-50.0,False,50.0,0.0,INIT
2025-11-17T16:30:20.829371,11087.701408403,0.0,50.0,0.3,-50.0,False,50.0,0.0,INIT
2025-11-17T16:30:20.929315,11087.801352017,0.0,50.0,0.3,-50.0,False,50.0,0.0,INIT
2025-11-17T16:30:21.028919,11087.900955585,0.0,50.0,0.3,-50.0,False,50.0,0.0,INIT
2025-11-17T16:30:21.129289,11088.001323194,0.0,50.0,0.3,-50.0,False,50.0,0.0,INIT
2025-11-17T16:30:21.229289,11088.101327592,0.0,50.0,0.3,-50.0,False,50.0,0.0,INIT
2025-11-17T16:30:21.329065,11088.201101095,0.0,50.0,0.3,-50.0,False,50.0,0.0,INIT
2025-11-17T16:30:21.429569,11088.301610329,0.0,50.0,0.3,-50.0,False,50.0,0.0,INIT
2025-11-17T16:30:21.529114,11088.401151228,0.0,50.0,0.3,-50.0,False,50.0,0.0,INIT
2025-11-17T16:30:21.628951,11088.500989054,0.0,50.0,0.3,-50.0,False,50.0,0.0,INIT
2025-11-17T16:30:21.728945,11088.600982877,0.0,50.0,0.3,-50.0,False,50.0,0.0,INIT
2025-11-17T16:30:21.828985,11088.701023187,0.0,50.0,0.3,-50.0,False,50.0,0.0,INIT
2025-11-17T16:30:21.929009,11088.801046851,0.0,50.0,0.3,-50.0,False,50.0,0.0,INIT
2025-11-17T16:30:22.029346,11088.901387249,0.0,50.0,0.3,-50.0,False,50.0,0.0,INIT
2025-11-17T16:30:22.129008,11089.001045578,0.0,50.0,0.3,-50.0,False,50.0,0.0,INIT
2025-11-17T16:30:22.229190,11089.101229842,0.0,50.0,0.3,-50.0,False,50.0,0.0,INIT
2025-11-17T16:30:22.328986,11089.201021794,0.0,50.0,0.3,-50.0,False,50.0,0.0,INIT
2025-11-17T16:30:22.429180,11089.30122149,0.0,50.0,0.3,-50.0,False,50.0,0.0,INIT
2025-11-17T16:30:22.529073,11089.401109851,0.0,50.0,0.3,-50.0,False,50.0,0.0,INIT
2025-11-17T16:30:22.629154,11089.50119298,0.0,50.0,0.3,-50.0,False,50.0,0.0,INIT
2025-11-17T16:30:22.729302,11089.601340247,0.0,50.0,0.3,-50.0,False,50.0,0.0,INIT
2025-11-17T16:30:22.830189,11089.702236558,0.0,50.0,0.3,-50.0,False,50.0,0.0,INIT
2025-11-17T16:30:22.929802,11089.801844223,0.0,50.0,0.3,-50.0,False,50.0,0.0,INIT
2025-11-17T16:30:23.029949,11089.901997989,0.0,50.0,0.3,-50.0,False,50.0,0.0,INIT
2025-11-17T16:30:23.129888,11090.001932505,0.0,50.0,0.3,-50.0,False,50.0,0.0,INIT
2025-11-17T16:30:23.229951,11090.101999003,0.0,50.0,0.3,-50.0,False,50.0,0.0,INIT
2025-11-17T16:30:23.330184,11090.202236884,0.0,50.0,0.3,-50.0,False,50.0,0.0,INIT
2025-11-17T16:30:23.429122,11090.301162238,0.0,50.0,0.3,-50.0,False,50.0,0.0,INIT
2025-11-17T16:30:23.529767,11090.401812239,0.0,50.0,0.3,-50.0,False,50.0,0.0,INIT
2025-11-17T16:30:23.629602,11090.501642869,0.0,50.0,0.3,-50.0,False,50.0,0.0,INIT
2025-11-17T16:30:23.729747,11090.601797334,0.0,50.0,0.3,-50.0,False,50.0,0.0,INIT
2025-11-17T16:30:23.829091,11090.701143836,0.0,50.0,0.3,-50.0,False,50.0,0.0,INIT
2025-11-17T16:30:23.929208,11090.801251952,0.0,50.0,0.3,-50.0,False,50.0,0.0,INIT
2025-11-17T16:30:24.029039,11090.901075426,0.0,50.0,0.3,-50.0,False,50.0,0.0,INIT
2025-11-17T16:30:24.129277,11091.001321033,0.0,50.0,0.3,-50.0,False,50.0,0.0,INIT
2025-11-17T16:30:24.229277,11091.101320471,0.0,50.0,0.3,-50.0,False,50.0,0.0,INIT
2025-11-17T16:30:24.328909,11091.20094829,0.0,50.0,0.3,-50.0,False,50.0,0.0,INIT
2025-11-17T16:30:24.429189,11091.301237343,0.0,50.0,0.3,-50.0,False,50.0,0.0,INIT
2025-11-17T16:30:24.529295,11091.401339836,0.0,50.0,0.3,-50.0,False,50.0,0.0,INIT
2025-11-17T16:30:24.629018,11091.501053855,0.0,50.0,0.3,-50.0,False,50.0,0.0,INIT
2025-11-17T16:30:24.728949,11091.600986859,0.0,50.0,0.3,-50.0,False,50.0,0.0,INIT
2025-11-17T16:30:24.829796,11091.701830965,0.0,50.0,0.3,-50.0,False,50.0,0.0,INIT
2025-11-17T16:30:24.929714,11091.801761394,0.0,50.0,0.3,-50.0,False,50.0,0.0,INIT
2025-11-17T16:30:25.029419,11091.90146286,0.0,50.0,0.3,-50.0,False,50.0,0.0,INIT
2025-11-17T16:30:25.129510,11092.001555736,0.0,50.0,0.3,-50.0,False,50.0,0.0,INIT
2025-11-17T16:30:25.229241,11092.101282944,0.0,50.0,0.3,-50.0,False,50.0,0.0,INIT
2025-11-17T16:30:25.329425,11092.201465046,0.0,50.0,0.3,-50.0,False,50.0,0.0,INIT
2025-11-17T16:30:25.430071,11092.302122463,0.0,50.0,0.3,-50.0,False,50.0,0.0,INIT
2025-11-17T16:30:25.530046,11092.402094327,0.0,50.0,0.3,-50.0,False,50.0,0.0,INIT
2025-11-17T16:30:25.629945,11092.50199528,0.0,50.0,0.3,-50.0,False,50.0,0.0,INIT
2025-11-17T16:30:25.729766,11092.60181665,0.0,50.0,0.3,-50.0,False,50.0,0.0,INIT
2025-11-17T16:30:25.829078,11092.701118507,0.0,50.0,0.3,-50.0,False,50.0,0.0,INIT
2025-11-17T16:30:25.930098,11092.802153405,0.0,50.0,0.3,-50.0,False,50.0,0.0,INIT
2025-11-17T16:30:26.029643,11092.901689634,0.0,50.0,0.3,-50.0,False,50.0,0.0,INIT
2025-11-17T16:30:26.130065,11093.002119112,0.0,50.0,0.3,-50.0,False,50.0,0.0,INIT
2025-11-17T16:30:26.229218,11093.101258106,0.0,50.0,0.3,-50.0,False,50.0,0.0,INIT
2025-11-17T16:30:26.329308,11093.2013535,0.0,50.0,0.3,-50.0,False,50.0,0.0,INIT
2025-11-17T16:30:26.429257,11093.301297465,0.0,50.0,0.3,-50.0,False,50.0,0.0,INIT
2025-11-17T16:30:26.529850,11093.401898624,0.0,50.0,0.3,-50.0,False,50.0,0.0,INIT
2025-11-17T16:30:26.630142,11093.502196259,0.0,50.0,0.3,-50.0,False,50.0,0.0,INIT
2025-11-17T16:30:26.729471,11093.60152378,0.0,50.0,0.3,-50.0,False,50.0,0.0,INIT
2025-11-17T16:30:26.829628,11093.701681256,0.0,50.0,0.3,-50.0,False,50.0,0.0,INIT
2025-11-17T16:30:26.929580,11093.801621654,0.0,50.0,0.3,-50.0,False,50.0,0.0,INIT
2025-11-17T16:30:27.029931,11093.901984923,0.0,50.0,0.3,-50.0,False,50.0,0.0,INIT
2025-11-17T16:30:27.129459,11094.001497252,0.0,50.0,0.3,-50.0,False,50.0,0.0,INIT
2025-11-17T16:30:27.229830,11094.101879742,0.0,50.0,0.3,-50.0,False,50.0,0.0,INIT
2025-11-17T16:30:27.329753,11094.201802962,0.0,50.0,0.3,-50.0,False,50.0,0.0,INIT
2025-11-17T16:30:27.429854,11094.301899213,0.0,50.0,0.3,-50.0,False,50.0,0.0,INIT
2025-11-17T16:30:27.529624,11094.401672259,0.0,50.0,0.3,-50.0,False,50.0,0.0,INIT
2025-11-17T16:30:27.630170,11094.502223326,0.0,50.0,0.3,-50.0,False,50.0,0.0,INIT
2025-11-17T16:30:27.729593,11094.601639565,0.0,50.0,0.3,-50.0,False,50.0,0.0,INIT
2025-11-17T16:30:27.829653,11094.701702004,0.0,50.0,0.3,-50.0,False,50.0,0.0,INIT
2025-11-17T16:30:27.929620,11094.801666672,0.0,50.0,0.3,-50.0,False,50.0,0.0,INIT
2025-11-17T16:30:28.029751,11094.901799949,0.0,50.0,0.3,-50.0,False,50.0,0.0,INIT
2025-11-17T16:30:28.129669,11095.001715322,0.0,50.0,0.3,-50.0,False,50.0,0.0,INIT
2025-11-17T16:30:28.230009,11095.102060034,0.0,50.0,0.3,-50.0,False,50.0,0.0,INIT
2025-11-17T16:30:28.330101,11095.20215276,0.0,50.0,0.3,-50.0,False,50.0,0.0,INIT
2025-11-17T16:30:28.429841,11095.301888468,0.0,50.0,0.3,-50.0,False,50.0,0.0,INIT
2025-11-17T16:30:28.529081,11095.40111787,0.0,50.0,0.3,-50.0,False,50.0,0.0,INIT
2025-11-17T16:30:28.629043,11095.501081579,0.0,50.0,0.3,-50.0,False,50.0,0.0,INIT
2025-11-17T16:30:28.729702,11095.601743282,0.0,50.0,0.3,-50.0,False,50.0,0.0,INIT
2025-11-17T16:30:28.829154,11095.70119482,0.0,50.0,0.3,-50.0,False,50.0,0.0,INIT
2025-11-17T16:30:28.930049,11095.802095473,0.0,50.0,0.3,-50.0,False,50.0,0.0,INIT
2025-11-17T16:30:29.030171,11095.902220896,0.0,50.0,0.3,-50.0,False,50.0,0.0,INIT
2025-11-17T16:30:29.129143,11096.001181043,0.0,50.0,0.3,-50.0,False,50.0,0.0,INIT
2025-11-17T16:30:29.229784,11096.101834903,0.0,50.0,0.3,-50.0,False,50.0,0.0,INIT
2025-11-17T16:30:29.329854,11096.201905164,0.0,50.0,0.3,-50.0,False,50.0,0.0,INIT
2025-11-17T16:30:29.429493,11096.301539006,0.0,50.0,0.3,-50.0,False,50.0,0.0,INIT
2025-11-17T16:30:29.529504,11096.401549068,0.0,50.0,0.3,-50.0,False,50.0,0.0,INIT
2025-11-17T16:30:29.630124,11096.502172253,0.0,50.0,0.3,-50.0,False,50.0,0.0,INIT
2025-11-17T16:30:29.729323,11096.601363142,0.0,50.0,0.3,-50.0,False,50.0,0.0,INIT
2025-11-17T16:30:29.828956,11096.70099403,0.0,50.0,0.3,-50.0,False,50.0,0.0,INIT
2025-11-17T16:30:29.928909,11096.800947667,0.0,50.0,0.3,-50.0,False,50.0,0.0,INIT
2025-11-17T16:30:30.028954,11096.900993263,0.0,50.0,0.3,-50.0,False,50.0,0.0,INIT
2025-11-17T16:30:30.129723,11097.001767302,0.0,50.0,0.3,-50.0,False,50.0,0.0,INIT
2025-11-17T16:30:30.229445,11097.101486395,0.0,50.0,0.3,-50.0,False,50.0,0.0,INIT
2025-11-17T16:30:30.329087,11097.201124786,0.0,50.0,0.3,-50.0,False,50.0,0.0,INIT
2025-11-17T16:30:30.429244,11097.301283371,0.0,50.0,0.3,-50.0,False,50.0,0.0,INIT
2025-11-17T16:30:30.529207,11097.401247719,0.0,50.0,0.3,-50.0,False,50.0,0.0,INIT
2025-11-17T16:30:30.628969,11097.501028449,0.0,50.0,0.3,-50.0,False,50.0,0.0,INIT
2025-11-17T16:30:30.729128,11097.601166276,0.0,50.0,0.3,-50.0,False,50.0,0.0,INIT
2025-11-17T16:30:30.829003,11097.701042057,0.0,50.0,0.3,-50.0,False,50.0,0.0,INIT
2025-11-17T16:30:30.929434,11097.801485134,0.0,50.0,0.3,-50.0,False,50.0,0.0,INIT
2025-11-17T16:30:31.029383,11097.901427603,0.0,50.0,0.3,-50.0,False,50.0,0.0,INIT
2025-11-17T16:30:31.129046,11098.001084026,0.0,50.0,0.3,-50.0,False,50.0,0.0,INIT
2025-11-17T16:30:31.229057,11098.101104608,0.0,50.0,0.3,-50.0,False,50.0,0.0,INIT
2025-11-17T16:30:31.329189,11098.201230915,0.0,50.0,0.3,-50.0,False,50.0,0.0,INIT
2025-11-17T16:30:31.429347,11098.301391288,0.0,50.0,0.3,-50.0,False,50.0,0.0,INIT
2025-11-17T16:30:31.529620,11098.401667046,0.0,50.0,0.3,-50.0,False,50.0,0.0,INIT
2025-11-17T16:30:31.629123,11098.501162735,0.0,50.0,0.3,-50.0,False,50.0,0.0,INIT
2025-11-17T16:30:31.729261,11098.601302621,0.0,50.0,0.3,-50.0,False,50.0,0.0,INIT
2025-11-17T16:30:31.829016,11098.701055921,0.0,50.0,0.3,-50.0,False,50.0,0.0,INIT
2025-11-17T16:30:31.929341,11098.801383541,0.0,50.0,0.3,-50.0,False,50.0,0.0,INIT
2025-11-17T16:30:32.029079,11098.901120213,0.0,50.0,0.3,-50.0,False,50.0,0.0,INIT
2025-11-17T16:30:32.129077,11099.001118365,0.0,50.0,0.3,-50.0,False,50.0,0.0,INIT
2025-11-17T16:30:32.229120,11099.10116,0.0,50.0,0.3,-50.0,False,50.0,0.0,INIT
2025-11-17T16:30:32.328917,11099.200953383,0.0,50.0,0.3,-50.0,False,50.0,0.0,INIT
2025-11-17T16:30:32.428880,11099.300915032,0.0,50.0,0.3,-50.0,False,50.0,0.0,INIT
2025-11-17T16:30:32.528905,11099.400941618,0.0,50.0,0.3,-50.0,False,50.0,0.0,INIT
2025-11-17T16:30:32.629046,11099.50108095,0.0,50.0,0.3,-50.0,False,50.0,0.0,INIT
2025-11-17T16:30:32.729075,11099.601112555,0.0,50.0,0.3,-50.0,False,50.0,0.0,INIT
2025-11-17T16:30:32.829046,11099.701083605,0.0,50.0,0.3,-50.0,False,50.0,0.0,INIT
2025-11-17T16:30:32.929148,11099.801190373,0.0,50.0,0.3,-50.0,False,50.0,0.0,INIT
2025-11-17T16:30:33.029239,11099.901279612,0.0,50.0,0.3,-50.0,False,50.0,0.0,INIT
2025-11-17T16:30:33.129014,11100.001052432,0.0,50.0,0.3,-50.0,False,50.0,0.0,INIT
2025-11-17T16:30:33.228948,11100.100985448,0.0,50.0,0.3,-50.0,False,50.0,0.0,INIT
2025-11-17T16:30:33.329011,11100.201049346,0.0,50.0,0.3,-50.0,False,50.0,0.0,INIT
2025-11-17T16:30:33.428903,11100.300936307,0.0,50.0,0.3,-50.0,False,50.0,0.0,INIT
2025-11-17T16:30:33.528928,11100.400963749,0.0,50.0,0.3,-50.0,False,50.0,0.0,INIT
2025-11-17T16:30:33.628939,11100.500975242,0.0,50.0,0.3,-50.0,False,50.0,0.0,INIT
2025-11-17T16:30:33.728949,11100.600985121,0.0,50.0,0.3,-50.0,False,50.0,0.0,INIT
2025-11-17T16:30:33.829110,11100.701155648,0.0,50.0,0.3,-50.0,False,50.0,0.0,INIT
2025-11-17T16:30:33.929157,11100.801190454,0.0,50.0,0.3,-50.0,False,50.0,0.0,INIT
2025-11-17T16:30:34.028874,11100.900908659,0.0,50.0,0.3,-50.0,False,50.0,0.0,INIT
2025-11-17T16:30:34.129075,11101.001112046,0.0,50.0,0.3,-50.0,False,50.0,0.0,INIT
2025-11-17T16:30:34.228859,11101.10089275,0.0,50.0,0.3,-50.0,False,50.0,0.0,INIT
2025-11-17T16:30:34.329033,11101.201070739,0.0,50.0,0.3,-50.0,False,50.0,0.0,INIT
2025-11-17T16:30:34.429424,11101.301467545,0.0,50.0,0.3,-50.0,False,50.0,0.0,INIT
2025-11-17T16:30:34.529070,11101.401107223,0.0,50.0,0.3,-50.0,False,50.0,0.0,INIT
2025-11-17T16:30:34.628900,11101.500936079,0.0,50.0,0.3,-50.0,False,50.0,0.0,INIT
2025-11-17T16:30:34.728983,11101.60101743,0.0,50.0,0.3,-50.0,False,50.0,0.0,INIT
2025-11-17T16:30:34.829011,11101.701047062,0.0,50.0,0.3,-50.0,False,50.0,0.0,INIT
2025-11-17T16:30:34.928925,11101.800962867,0.0,50.0,0.3,-50.0,False,50.0,0.0,INIT
2025-11-17T16:30:35.028935,11101.90097197,0.0,50.0,0.3,-50.0,False,50.0,0.0,INIT
2025-11-17T16:30:35.128975,11102.001020043,0.0,50.0,0.3,-50.0,False,50.0,0.0,INIT
2025-11-17T16:30:35.228779,11102.100815851,0.0,50.0,0.3,-50.0,False,50.0,0.0,INIT
2025-11-17T16:30:35.328868,11102.200911934,0.0,50.0,0.3,-50.0,False,50.0,0.0,INIT
2025-11-17T16:30:35.428946,11102.30098353,0.0,50.0,0.3,-50.0,False,50.0,0.0,INIT
2025-11-17T16:30:35.528739,11102.400776597,0.0,50.0,0.3,-50.0,False,50.0,0.0,INIT
2025-11-17T16:30:35.628924,11102.50096044,0.0,50.0,0.3,-50.0,False,50.0,0.0,INIT
2025-11-17T16:30:35.728707,11102.600741413,0.0,50.0,0.3,-50.0,False,50.0,0.0,INIT
2025-11-17T16:30:35.828692,11102.700726376,0.0,50.0,0.3,-50.0,False,50.0,0.0,INIT
2025-11-17T16:30:35.928945,11102.800982177,0.0,50.0,0.3,-50.0,False,50.0,0.0,INIT
2025-11-17T16:30:36.029004,11102.901039989,0.0,50.0,0.3,-50.0,False,50.0,0.0,INIT
2025-11-17T16:30:36.128845,11103.000882436,0.0,50.0,0.3,-50.0,False,50.0,0.0,INIT
2025-11-17T16:30:36.228738,11103.10077572,0.0,50.0,0.3,-50.0,False,50.0,0.0,INIT
2025-11-17T16:30:36.329155,11103.201193181,0.0,50.0,0.3,-50.0,False,50.0,0.0,INIT
2025-11-17T16:30:36.429203,11103.301245762,0.0,50.0,0.3,-50.0,False,50.0,0.0,INIT
2025-11-17T16:30:36.528920,11103.400953927,0.0,50.0,0.3,-50.0,False,50.0,0.0,INIT
2025-11-17T16:30:36.629088,11103.501125696,0.0,50.0,0.3,-50.0,False,50.0,0.0,INIT
2025-11-17T16:30:36.728903,11103.600940782,0.0,50.0,0.3,-50.0,False,50.0,0.0,INIT
2025-11-17T16:30:36.828924,11103.700957354,0.0,50.0,0.3,-50.0,False,50.0,0.0,INIT
2025-11-17T16:30:36.928776,11103.800813861,0.0,50.0,0.3,-50.0,False,50.0,0.0,INIT
2025-11-17T16:30:37.028726,11103.900763791,0.0,50.0,0.3,-50.0,False,50.0,0.0,INIT
2025-11-17T16:30:37.128813,11104.000852251,0.0,50.0,0.3,-50.0,False,50.0,0.0,INIT
2025-11-17T16:30:37.228995,11104.101034452,0.0,50.0,0.3,-50.0,False,50.0,0.0,INIT
2025-11-17T16:30:37.329351,11104.201397022,0.0,50.0,0.3,-50.0,False,50.0,0.0,INIT
2025-11-17T16:30:37.429392,11104.301443534,0.0,50.0,0.3,-50.0,False,50.0,0.0,INIT
2025-11-17T16:30:37.528959,11104.401010082,0.0,50.0,0.3,-50.0,False,50.0,0.0,INIT
2025-11-17T16:30:37.628891,11104.500931694,0.0,50.0,0.3,-50.0,False,50.0,0.0,INIT
2025-11-17T16:30:37.729413,11104.601454057,0.0,50.0,0.3,-50.0,False,50.0,0.0,INIT
2025-11-17T16:30:37.828969,11104.701025026,0.0,50.0,0.3,-50.0,False,50.0,0.0,INIT
2025-11-17T16:30:37.929230,11104.801273232,0.0,50.0,0.3,-50.0,False,50.0,0.0,INIT
2025-11-17T16:30:38.029057,11104.901094189,0.0,50.0,0.3,-50.0,False,50.0,0.0,INIT
2025-11-17T16:30:38.129209,11105.001247427,0.0,50.0,0.3,-50.0,False,50.0,0.0,INIT
2025-11-17T16:30:38.229436,11105.101482135,0.0,50.0,0.3,-50.0,False,50.0,0.0,INIT
2025-11-17T16:30:38.329321,11105.20136986,0.0,50.0,0.3,-50.0,False,50.0,0.0,INIT
2025-11-17T16:30:38.429601,11105.301652572,0.0,50.0,0.3,-50.0,False,50.0,0.0,INIT
2025-11-17T16:30:38.529302,11105.401343471,0.0,50.0,0.3,-50.0,False,50.0,0.0,INIT
2025-11-17T16:30:38.629193,11105.501235714,0.0,50.0,0.3,-50.0,False,50.0,0.0,INIT
2025-11-17T16:30:38.729237,11105.601279021,0.0,50.0,0.3,-50.0,False,50.0,0.0,INIT
2025-11-17T16:30:38.829280,11105.701327258,0.0,50.0,0.3,-50.0,False,50.0,0.0,INIT
2025-11-17T16:30:38.929328,11105.801363859,0.0,50.0,0.3,-50.0,False,50.0,0.0,INIT
2025-11-17T16:30:39.029190,11105.901231514,0.0,50.0,0.3,-50.0,False,50.0,0.0,INIT
2025-11-17T16:30:39.129950,11106.00202055,0.0,50.0,0.3,-50.0,False,50.0,0.0,INIT
2025-11-17T16:30:39.229753,11106.101800089,0.0,50.0,0.3,-50.0,False,50.0,0.0,INIT
2025-11-17T16:30:39.328996,11106.201032354,0.0,50.0,0.3,-50.0,False,50.0,0.0,INIT
2025-11-17T16:30:39.428995,11106.301034718,0.0,50.0,0.3,-50.0,False,50.0,0.0,INIT
2025-11-17T16:30:39.528967,11106.401024553,0.0,50.0,0.3,-50.0,False,50.0,0.0,INIT
2025-11-17T16:30:39.628949,11106.50098695,0.0,50.0,0.3,-50.0,False,50.0,0.0,INIT
2025-11-17T16:30:39.728973,11106.601027328,0.0,50.0,0.3,-50.0,False,50.0,0.0,INIT
2025-11-17T16:30:39.829584,11106.701625729,0.0,50.0,0.3,-50.0,False,50.0,0.0,INIT
2025-11-17T16:30:39.929359,11106.801400976,0.0,50.0,0.3,-50.0,False,50.0,0.0,INIT
2025-11-17T16:30:40.029278,11106.901317499,0.0,50.0,0.3,-50.0,False,50.0,0.0,INIT
2025-11-17T16:30:40.129836,11107.001881345,0.0,50.0,0.3,-50.0,False,50.0,0.0,INIT
2025-11-17T16:30:40.229678,11107.101721269,0.0,50.0,0.3,-50.0,False,50.0,0.0,INIT
2025-11-17T16:30:40.329551,11107.201588562,0.0,50.0,0.3,-50.0,False,50.0,0.0,INIT
2025-11-17T16:30:40.429041,11107.30107977,0.0,50.0,0.3,-50.0,False,50.0,0.0,INIT
2025-11-17T16:30:40.529008,11107.401046777,0.0,50.0,0.3,-50.0,False,50.0,0.0,INIT
2025-11-17T16:30:40.629788,11107.501834156,0.0,50.0,0.3,-50.0,False,50.0,0.0,INIT
2025-11-17T16:30:40.729575,11107.601614688,0.0,50.0,0.3,-50.0,False,50.0,0.0,INIT
2025-11-17T16:30:40.829167,11107.701205817,0.0,50.0,0.3,-50.0,False,50.0,0.0,INIT
2025-11-17T16:30:40.929645,11107.801693501,0.0,50.0,0.3,-50.0,False,50.0,0.0,INIT
2025-11-17T16:30:41.028814,11107.900851971,0.0,50.0,0.3,-50.0,False,50.0,0.0,INIT
2025-11-17T16:30:41.129040,11108.001078692,0.0,50.0,0.3,-50.0,False,50.0,0.0,INIT
2025-11-17T16:30:41.229362,11108.101407431,0.0,50.0,0.3,-50.0,False,50.0,0.0,INIT
2025-11-17T16:30:41.329664,11108.201708081,0.0,50.0,0.3,-50.0,False,50.0,0.0,INIT
2025-11-17T16:30:41.428973,11108.30102494,0.0,50.0,0.3,-50.0,False,50.0,0.0,INIT
2025-11-17T16:30:41.529020,11108.401057296,0.0,50.0,0.3,-50.0,False,50.0,0.0,INIT
2025-11-17T16:30:41.629085,11108.501122908,0.0,50.0,0.3,-50.0,False,50.0,0.0,INIT
2025-11-17T16:30:41.728996,11108.601033808,0.0,50.0,0.3,-50.0,False,50.0,0.0,INIT
2025-11-17T16:30:41.828942,11108.700979423,0.0,50.0,0.3,-50.0,False,50.0,0.0,INIT
2025-11-17T16:30:41.928903,11108.800941979,0.0,50.0,0.3,-50.0,False,50.0,0.0,INIT
2025-11-17T16:30:42.029048,11108.901086358,0.0,50.0,0.3,-50.0,False,50.0,0.0,INIT
2025-11-17T16:30:42.128993,11109.001030397,0.0,50.0,0.3,-50.0,False,50.0,0.0,INIT
2025-11-17T16:30:42.229064,11109.10110331,0.0,50.0,0.3,-50.0,False,50.0,0.0,INIT
2025-11-17T16:30:42.328933,11109.200974677,0.0,50.0,0.3,-50.0,False,50.0,0.0,INIT
2025-11-17T16:30:42.429053,11109.301092925,0.0,50.0,0.3,-50.0,False,50.0,0.0,INIT
2025-11-17T16:30:42.529025,11109.401072955,0.0,50.0,0.3,-50.0,False,50.0,0.0,INIT
2025-11-17T16:30:42.628940,11109.500977549,0.0,50.0,0.3,-50.0,False,50.0,0.0,INIT
2025-11-17T16:30:42.728945,11109.600983239,0.0,50.0,0.3,-50.0,False,50.0,0.0,INIT
2025-11-17T16:30:42.829089,11109.70112737,0.0,50.0,0.3,-50.0,False,50.0,0.0,INIT
2025-11-17T16:30:42.929273,11109.801307348,0.0,50.0,0.3,-50.0,False,50.0,0.0,INIT
2025-11-17T16:30:43.029040,11109.901080039,0.0,50.0,0.3,-50.0,False,50.0,0.0,INIT
2025-11-17T16:30:43.128936,11110.000973721,0.0,50.0,0.3,-50.0,False,50.0,0.0,INIT
2025-11-17T16:30:43.228947,11110.100984443,0.0,50.0,0.3,-50.0,False,50.0,0.0,INIT
2025-11-17T16:30:43.329084,11110.201121223,0.0,50.0,0.3,-50.0,False,50.0,0.0,INIT
2025-11-17T16:30:43.428949,11110.30098793,0.0,50.0,0.3,-50.0,False,50.0,0.0,INIT
2025-11-17T16:30:43.529727,11110.401775683,0.0,50.0,0.3,-50.0,False,50.0,0.0,INIT
2025-11-17T16:30:43.629176,11110.50121829,0.0,50.0,0.3,-50.0,False,50.0,0.0,INIT
2025-11-17T16:30:43.729023,11110.601060051,0.0,50.0,0.3,-50.0,False,50.0,0.0,INIT
2025-11-17T16:30:43.828934,11110.70097135,0.0,50.0,0.3,-50.0,False,50.0,0.0,INIT
2025-11-17T16:30:43.928916,11110.800953739,0.0,50.0,0.3,-50.0,False,50.0,0.0,INIT
2025-11-17T16:30:44.029102,11110.901138221,0.0,50.0,0.3,-50.0,False,50.0,0.0,INIT
2025-11-17T16:30:44.129076,11111.001112731,0.0,50.0,0.3,-50.0,False,50.0,0.0,INIT
2025-11-17T16:30:44.229763,11111.101810991,0.0,50.0,0.3,-50.0,False,50.0,0.0,INIT
2025-11-17T16:30:44.328997,11111.201033781,0.0,50.0,0.3,-50.0,False,50.0,0.0,INIT
2025-11-17T16:30:44.429277,11111.301314825,0.0,50.0,0.3,-50.0,False,50.0,0.0,INIT
2025-11-17T16:30:44.528943,11111.400981895,0.0,50.0,0.3,-50.0,False,50.0,0.0,INIT
2025-11-17T16:30:44.629130,11111.501168268,0.0,50.0,0.3,-50.0,False,50.0,0.0,INIT
2025-11-17T16:30:44.729780,11111.601827875,0.0,50.0,0.3,-50.0,False,50.0,0.0,INIT
2025-11-17T16:30:44.828988,11111.701024487,0.0,50.0,0.3,-50.0,False,50.0,0.0,INIT
2025-11-17T16:30:44.929608,11111.801652429,0.0,50.0,0.3,-50.0,False,50.0,0.0,INIT
2025-11-17T16:30:45.029031,11111.901070696,0.0,50.0,0.3,-50.0,False,50.0,0.0,INIT
2025-11-17T16:30:45.128996,11112.001033363,0.0,50.0,0.3,-50.0,False,50.0,0.0,INIT
2025-11-17T16:30:45.229023,11112.101059091,0.0,50.0,0.3,-50.0,False,50.0,0.0,INIT
2025-11-17T16:30:45.329315,11112.20134818,0.0,50.0,0.3,-50.0,False,50.0,0.0,INIT
2025-11-17T16:30:45.429636,11112.301681582,0.0,50.0,0.3,-50.0,False,50.0,0.0,INIT
2025-11-17T16:30:45.529698,11112.4017552,0.0,50.0,0.3,-50.0,False,50.0,0.0,INIT
2025-11-17T16:30:45.629055,11112.501094681,0.0,50.0,0.3,-50.0,False,50.0,0.0,INIT
2025-11-17T16:30:45.728957,11112.600996312,0.0,50.0,0.3,-50.0,False,50.0,0.0,INIT
2025-11-17T16:30:45.829005,11112.701042639,0.0,50.0,0.3,-50.0,False,50.0,0.0,INIT
2025-11-17T16:30:45.929876,11112.801923777,0.0,50.0,0.3,-50.0,False,50.0,0.0,INIT
2025-11-17T16:30:46.029175,11112.901212793,0.0,50.0,0.3,-50.0,False,50.0,0.0,INIT
2025-11-17T16:30:46.130133,11113.00218139,0.0,50.0,0.3,-50.0,False,50.0,0.0,INIT
2025-11-17T16:30:46.229699,11113.101743409,0.0,50.0,0.3,-50.0,False,50.0,0.0,INIT
2025-11-17T16:30:46.330195,11113.20224835,0.0,50.0,0.3,-50.0,False,50.0,0.0,INIT
2025-11-17T16:30:46.429833,11113.30188103,0.0,50.0,0.3,-50.0,False,50.0,0.0,INIT
2025-11-17T16:30:46.530063,11113.402110813,0.0,50.0,0.3,-50.0,False,50.0,0.0,INIT
2025-11-17T16:30:46.630040,11113.502091415,0.0,50.0,0.3,-50.0,False,50.0,0.0,INIT
2025-11-17T16:30:46.729827,11113.601872948,0.0,50.0,0.3,-50.0,False,50.0,0.0,INIT
2025-11-17T16:30:46.829729,11113.701774065,0.0,50.0,0.3,-50.0,False,50.0,0.0,INIT
2025-11-17T16:30:46.929044,11113.801088273,0.0,50.0,0.3,-50.0,False,50.0,0.0,INIT
2025-11-17T16:30:47.028863,11113.900908344,0.0,50.0,0.3,-50.0,False,50.0,0.0,INIT
2025-11-17T16:30:47.128896,11114.000932937,0.0,50.0,0.3,-50.0,False,50.0,0.0,INIT
2025-11-17T16:30:47.228925,11114.100965377,0.0,50.0,0.3,-50.0,False,50.0,0.0,INIT
2025-11-17T16:30:47.329791,11114.201844357,0.0,50.0,0.3,-50.0,False,50.0,0.0,INIT
2025-11-17T16:30:47.429752,11114.301805791,0.0,50.0,0.3,-50.0,False,50.0,0.0,INIT
2025-11-17T16:30:47.529010,11114.40104805,0.0,50.0,0.3,-50.0,False,50.0,0.0,INIT
2025-11-17T16:30:47.629399,11114.501457542,0.0,50.0,0.3,-50.0,False,50.0,0.0,INIT
2025-11-17T16:30:47.729341,11114.601386517,0.0,50.0,0.3,-50.0,False,50.0,0.0,INIT
2025-11-17T16:30:47.829339,11114.701380308,0.0,50.0,0.3,-50.0,False,50.0,0.0,INIT
2025-11-17T16:30:47.929160,11114.801199739,0.0,50.0,0.3,-50.0,False,50.0,0.0,INIT
2025-11-17T16:30:48.029025,11114.901065422,0.0,50.0,0.3,-50.0,False,50.0,0.0,INIT
2025-11-17T16:30:48.129300,11115.001342449,0.0,50.0,0.3,-50.0,False,50.0,0.0,INIT
2025-11-17T16:30:48.229439,11115.101483285,0.0,50.0,0.3,-50.0,False,50.0,0.0,INIT
2025-11-17T16:30:48.329512,11115.201560542,0.0,50.0,0.3,-50.0,False,50.0,0.0,INIT
2025-11-17T16:30:48.429745,11115.301794386,0.0,50.0,0.3,-50.0,False,50.0,0.0,INIT
2025-11-17T16:30:48.529658,11115.401702009,0.0,50.0,0.3,-50.0,False,50.0,0.0,INIT
2025-11-17T16:30:48.629625,11115.501671968,0.0,50.0,0.3,-50.0,False,50.0,0.0,INIT
2025-11-17T16:30:48.729242,11115.601279915,0.0,50.0,0.3,-50.0,False,50.0,0.0,INIT
2025-11-17T16:30:48.829715,11115.701765452,0.0,50.0,0.3,-50.0,False,50.0,0.0,INIT
2025-11-17T16:30:48.929546,11115.801592052,0.0,50.0,0.3,-50.0,False,50.0,0.0,INIT
2025-11-17T16:30:49.029046,11115.901084575,0.0,50.0,0.3,-50.0,False,50.0,0.0,INIT
2025-11-17T16:30:49.129275,11116.001307794,0.0,50.0,0.3,-50.0,False,50.0,0.0,INIT
2025-11-17T16:30:49.229870,11116.101920689,0.0,50.0,0.3,-50.0,False,50.0,0.0,INIT
2025-11-17T16:30:49.329797,11116.201844645,0.0,50.0,0.3,-50.0,False,50.0,0.0,INIT
2025-11-17T16:30:49.429782,11116.30183112,0.0,50.0,0.3,-50.0,False,50.0,0.0,INIT
2025-11-17T16:30:49.529342,11116.401382421,0.0,50.0,0.3,-50.0,False,50.0,0.0,INIT
2025-11-17T16:30:49.629888,11116.501935704,0.0,50.0,0.3,-50.0,False,50.0,0.0,INIT
2025-11-17T16:30:49.729605,11116.601651067,0.0,50.0,0.3,-50.0,False,50.0,0.0,INIT
2025-11-17T16:30:49.830234,11116.702284728,0.0,50.0,0.3,-50.0,False,50.0,0.0,INIT
2025-11-17T16:30:49.930146,11116.802195866,0.0,50.0,0.3,-50.0,False,50.0,0.0,INIT
2025-11-17T16:30:50.029407,11116.901449275,0.0,50.0,0.3,-50.0,False,50.0,0.0,INIT
2025-11-17T16:30:50.129910,11117.00196285,0.0,50.0,0.3,-50.0,False,50.0,0.0,INIT
2025-11-17T16:30:50.230106,11117.102161088,0.0,50.0,0.3,-50.0,False,50.0,0.0,INIT
2025-11-17T16:30:50.329669,11117.201722969,0.0,50.0,0.3,-50.0,False,50.0,0.0,INIT
2025-11-17T16:30:50.429685,11117.301732078,0.0,50.0,0.3,-50.0,False,50.0,0.0,INIT
2025-11-17T16:30:50.528822,11117.400856367,0.0,50.0,0.3,-50.0,False,50.0,0.0,INIT
2025-11-17T16:30:50.629380,11117.501420817,0.0,50.0,0.3,-50.0,False,50.0,0.0,INIT
2025-11-17T16:30:50.729057,11117.601093805,0.0,50.0,0.3,-50.0,False,50.0,0.0,INIT
2025-11-17T16:30:50.829444,11117.701492498,0.0,50.0,0.3,-50.0,False,50.0,0.0,INIT
2025-11-17T16:30:50.929067,11117.801106206,0.0,50.0,0.3,-50.0,False,50.0,0.0,INIT
2025-11-17T16:30:51.028803,11117.900840447,0.0,50.0,0.3,-50.0,False,50.0,0.0,INIT
2025-11-17T16:30:51.128883,11118.000918465,0.0,50.0,0.3,-50.0,False,50.0,0.0,INIT
2025-11-17T16:30:51.228773,11118.100808541,0.0,50.0,0.3,-50.0,False,50.0,0.0,INIT
2025-11-17T16:30:51.329275,11118.201317734,0.0,50.0,0.3,-50.0,False,50.0,0.0,INIT
2025-11-17T16:30:51.429647,11118.301697691,0.0,50.0,0.3,-50.0,False,50.0,0.0,INIT
2025-11-17T16:30:51.529644,11118.401689392,0.0,50.0,0.3,-50.0,False,50.0,0.0,INIT
2025-11-17T16:30:51.629636,11118.501685058,0.0,50.0,0.3,-50.0,False,50.0,0.0,INIT
2025-11-17T16:30:51.729769,11118.601818347,0.0,50.0,0.3,-50.0,False,50.0,0.0,INIT
2025-11-17T16:30:51.829655,11118.701701373,0.0,50.0,0.3,-50.0,False,50.0,0.0,INIT
2025-11-17T16:30:51.929016,11118.8010557,0.0,50.0,0.3,-50.0,False,50.0,0.0,INIT
2025-11-17T16:30:52.029306,11118.901348954,0.0,50.0,0.3,-50.0,False,50.0,0.0,INIT
2025-11-17T16:30:52.129092,11119.001131556,0.0,50.0,0.3,-50.0,False,50.0,0.0,INIT
2025-11-17T16:30:52.228955,11119.100989098,0.0,50.0,0.3,-50.0,False,50.0,0.0,INIT
2025-11-17T16:30:52.328806,11119.200841088,0.0,50.0,0.3,-50.0,False,50.0,0.0,INIT
2025-11-17T16:30:52.428723,11119.300758218,0.0,50.0,0.3,-50.0,False,50.0,0.0,INIT
2025-11-17T16:30:52.528879,11119.400914565,0.0,50.0,0.3,-50.0,False,50.0,0.0,INIT
2025-11-17T16:30:52.628946,11119.500982536,0.0,50.0,0.3,-50.0,False,50.0,0.0,INIT
2025-11-17T16:30:52.729153,11119.601196012,0.0,50.0,0.3,-50.0,False,50.0,0.0,INIT
2025-11-17T16:30:52.829069,11119.701106945,0.0,50.0,0.3,-50.0,False,50.0,0.0,INIT
2025-11-17T16:30:52.929516,11119.801565885,0.0,50.0,0.3,-50.0,False,50.0,0.0,INIT
2025-11-17T16:30:53.028950,11119.900988186,0.0,50.0,0.3,-50.0,False,50.0,0.0,INIT
2025-11-17T16:30:53.128837,11120.000873373,0.0,50.0,0.3,-50.0,False,50.0,0.0,INIT
2025-11-17T16:30:53.228852,11120.100888145,0.0,50.0,0.3,-50.0,False,50.0,0.0,INIT
2025-11-17T16:30:53.329342,11120.201384558,0.0,50.0,0.3,-50.0,False,50.0,0.0,INIT
2025-11-17T16:30:53.428803,11120.300842007,0.0,50.0,0.3,-50.0,False,50.0,0.0,INIT
2025-11-17T16:30:53.529857,11120.401905579,0.0,50.0,0.3,-50.0,False,50.0,0.0,INIT
2025-11-17T16:30:53.629715,11120.501765176,0.0,50.0,0.3,-50.0,False,50.0,0.0,INIT
2025-11-17T16:30:53.729487,11120.601529464,0.0,50.0,0.3,-50.0,False,50.0,0.0,INIT
2025-11-17T16:30:53.829638,11120.701682792,0.0,50.0,0.3,-50.0,False,50.0,0.0,INIT
2025-11-17T16:30:53.929779,11120.8018267,0.0,50.0,0.3,-50.0,False,50.0,0.0,INIT
2025-11-17T16:30:54.029102,11120.901140654,0.0,50.0,0.3,-50.0,False,50.0,0.0,INIT
2025-11-17T16:30:54.129651,11121.001696079,0.0,50.0,0.3,-50.0,False,50.0,0.0,INIT
2025-11-17T16:30:54.229573,11121.101617727,0.0,50.0,0.3,-50.0,False,50.0,0.0,INIT
2025-11-17T16:30:54.329618,11121.201662523,0.0,50.0,0.3,-50.0,False,50.0,0.0,INIT
2025-11-17T16:30:54.429526,11121.30156936,0.0,50.0,0.3,-50.0,False,50.0,0.0,INIT
2025-11-17T16:30:54.529667,11121.401711935,0.0,50.0,0.3,-50.0,False,50.0,0.0,INIT
2025-11-17T16:30:54.629477,11121.501519839,0.0,50.0,0.3,-50.0,False,50.0,0.0,INIT
2025-11-17T16:30:54.729723,11121.601769847,0.0,50.0,0.3,-50.0,False,50.0,0.0,INIT
2025-11-17T16:30:54.829768,11121.701820217,0.0,50.0,0.3,-50.0,False,50.0,0.0,INIT
2025-11-17T16:30:54.929795,11121.801841622,0.0,50.0,0.3,-50.0,False,50.0,0.0,INIT
2025-11-17T16:30:55.029623,11121.901667508,0.0,50.0,0.3,-50.0,False,50.0,0.0,INIT
2025-11-17T16:30:55.129623,11122.001665937,0.0,50.0,0.3,-50.0,False,50.0,0.0,INIT
2025-11-17T16:30:55.229784,11122.101833135,0.0,50.0,0.3,-50.0,False,50.0,0.0,INIT
2025-11-17T16:30:55.329733,11122.201779138,0.0,50.0,0.3,-50.0,False,50.0,0.0,INIT
2025-11-17T16:30:55.429779,11122.301827921,0.0,50.0,0.3,-50.0,False,50.0,0.0,INIT
2025-11-17T16:30:55.529457,11122.401500878,0.0,50.0,0.3,-50.0,False,50.0,0.0,INIT
2025-11-17T16:30:55.629300,11122.501343193,0.0,50.0,0.3,-50.0,False,50.0,0.0,INIT
2025-11-17T16:30:55.729382,11122.601425531,0.0,50.0,0.3,-50.0,False,50.0,0.0,INIT
2025-11-17T16:30:55.829662,11122.701709658,0.0,50.0,0.3,-50.0,False,50.0,0.0,INIT
2025-11-17T16:30:55.929169,11122.801206999,0.0,50.0,0.3,-50.0,False,50.0,0.0,INIT
2025-11-17T16:30:56.029348,11122.901389982,0.0,50.0,0.3,-50.0,False,50.0,0.0,INIT
2025-11-17T16:30:56.128838,11123.000871994,0.0,50.0,0.3,-50.0,False,50.0,0.0,INIT
2025-11-17T16:30:56.229731,11123.101780614,0.0,50.0,0.3,-50.0,False,50.0,0.0,INIT
2025-11-17T16:30:56.329386,11123.201427675,0.0,50.0,0.3,-50.0,False,50.0,0.0,INIT
2025-11-17T16:30:56.429590,11123.301641776,0.0,50.0,0.3,-50.0,False,50.0,0.0,INIT
2025-11-17T16:30:56.529437,11123.401485031,0.0,50.0,0.3,-50.0,False,50.0,0.0,INIT
2025-11-17T16:30:56.628939,11123.50097697,0.0,50.0,0.3,-50.0,False,50.0,0.0,INIT
2025-11-17T16:30:56.729401,11123.60144666,0.0,50.0,0.3,-50.0,False,50.0,0.0,INIT
2025-11-17T16:30:56.829127,11123.70116501,0.0,50.0,0.3,-50.0,False,50.0,0.0,INIT
2025-11-17T16:30:56.929100,11123.801137339,0.0,50.0,0.3,-50.0,False,50.0,0.0,INIT
2025-11-17T16:30:57.029596,11123.901641516,0.0,50.0,0.3,-50.0,False,50.0,0.0,INIT
2025-11-17T16:30:57.129135,11124.001173632,0.0,50.0,0.3,-50.0,False,50.0,0.0,INIT
2025-11-17T16:30:57.229420,11124.101468776,0.0,50.0,0.3,-50.0,False,50.0,0.0,INIT
2025-11-17T16:30:57.328808,11124.200844527,0.0,50.0,0.3,-50.0,False,50.0,0.0,INIT
2025-11-17T16:30:57.429645,11124.301691935,0.0,50.0,0.3,-50.0,False,50.0,0.0,INIT
2025-11-17T16:30:57.529751,11124.401796614,0.0,50.0,0.3,-50.0,False,50.0,0.0,INIT
2025-11-17T16:30:57.629756,11124.50180308,0.0,50.0,0.3,-50.0,False,50.0,0.0,INIT
2025-11-17T16:30:57.729865,11124.601914079,0.0,50.0,0.3,-50.0,False,50.0,0.0,INIT
2025-11-17T16:30:57.829577,11124.7016247,0.0,50.0,0.3,-50.0,False,50.0,0.0,INIT
2025-11-17T16:30:57.929686,11124.801734603,0.0,50.0,0.3,-50.0,False,50.0,0.0,INIT
2025-11-17T16:30:58.029418,11124.901461671,0.0,50.0,0.3,-50.0,False,50.0,0.0,INIT
2025-11-17T16:30:58.129682,11125.001730789,0.0,50.0,0.3,-50.0,False,50.0,0.0,INIT
2025-11-17T16:30:58.229735,11125.101782401,0.0,50.0,0.3,-50.0,False,50.0,0.0,INIT
2025-11-17T16:30:58.328872,11125.200905938,0.0,50.0,0.3,-50.0,False,50.0,0.0,INIT
2025-11-17T16:30:58.428829,11125.300861058,0.0,50.0,0.3,-50.0,False,50.0,0.0,INIT
2025-11-17T16:30:58.528798,11125.400832915,0.0,50.0,0.3,-50.0,False,50.0,0.0,INIT
2025-11-17T16:30:58.628797,11125.500829178,0.0,50.0,0.3,-50.0,False,50.0,0.0,INIT
2025-11-17T16:30:58.728896,11125.600931383,0.0,50.0,0.3,-50.0,False,50.0,0.0,INIT
2025-11-17T16:30:58.828910,11125.700945352,0.0,50.0,0.3,-50.0,False,50.0,0.0,INIT
2025-11-17T16:30:58.929468,11125.801511941,0.0,50.0,0.3,-50.0,False,50.0,0.0,INIT
2025-11-17T16:30:59.028928,11125.900964396,0.0,50.0,0.3,-50.0,False,50.0,0.0,INIT
2025-11-17T16:30:59.128702,11126.000736534,0.0,50.0,0.3,-50.0,False,50.0,0.0,INIT
2025-11-17T16:30:59.228920,11126.100956083,0.0,50.0,0.3,-50.0,False,50.0,0.0,INIT
2025-11-17T16:30:59.328886,11126.200920471,0.0,50.0,0.3,-50.0,False,50.0,0.0,INIT
2025-11-17T16:30:59.429029,11126.301065396,0.0,50.0,0.3,-50.0,False,50.0,0.0,INIT
2025-11-17T16:30:59.528831,11126.400864788,0.0,50.0,0.3,-50.0,False,50.0,0.0,INIT
2025-11-17T16:30:59.628951,11126.500987193,0.0,50.0,0.3,-50.0,False,50.0,0.0,INIT
2025-11-17T16:30:59.728925,11126.600962635,0.0,50.0,0.3,-50.0,False,50.0,0.0,INIT
2025-11-17T16:30:59.828771,11126.700803933,0.0,50.0,0.3,-50.0,False,50.0,0.0,INIT
2025-11-17T16:30:59.928618,11126.80065078,0.0,50.0,0.3,-50.0,False,50.0,0.0,INIT
2025-11-17T16:31:00.028882,11126.900917115,0.0,50.0,0.3,-50.0,False,50.0,0.0,INIT
2025-11-17T16:31:00.128749,11127.000781608,0.0,50.0,0.3,-50.0,False,50.0,0.0,INIT
2025-11-17T16:31:00.228835,11127.100870848,0.0,50.0,0.3,-50.0,False,50.0,0.0,INIT
2025-11-17T16:31:00.328910,11127.200946584,0.0,50.0,0.3,-50.0,False,50.0,0.0,INIT
2025-11-17T16:31:00.428782,11127.300815593,0.0,50.0,0.3,-50.0,False,50.0,0.0,INIT
2025-11-17T16:31:00.528809,11127.400845114,0.0,50.0,0.3,-50.0,False,50.0,0.0,INIT
2025-11-17T16:31:00.628861,11127.500898724,0.0,50.0,0.3,-50.0,False,50.0,0.0,INIT
2025-11-17T16:31:00.728862,11127.600897132,0.0,50.0,0.3,-50.0,False,50.0,0.0,INIT
2025-11-17T16:31:00.828811,11127.700846745,0.0,50.0,0.3,-50.0,False,50.0,0.0,INIT
2025-11-17T16:31:00.929158,11127.801197131,0.0,50.0,0.3,-50.0,False,50.0,0.0,INIT
2025-11-17T16:31:01.029271,11127.901315542,0.0,50.0,0.3,-50.0,False,50.0,0.0,INIT
2025-11-17T16:31:01.129624,11128.001671698,0.0,50.0,0.3,-50.0,False,50.0,0.0,INIT
2025-11-17T16:31:01.229483,11128.101531201,0.0,50.0,0.3,-50.0,False,50.0,0.0,INIT
2025-11-17T16:31:01.329631,11128.201679359,0.0,50.0,0.3,-50.0,False,50.0,0.0,INIT
2025-11-17T16:31:01.428886,11128.300921481,0.0,50.0,0.3,-50.0,False,50.0,0.0,INIT
2025-11-17T16:31:01.528933,11128.400969388,0.0,50.0,0.3,-50.0,False,50.0,0.0,INIT
2025-11-17T16:31:01.628779,11128.500814272,0.0,50.0,0.3,-50.0,False,50.0,0.0,INIT
2025-11-17T16:31:01.728716,11128.600749007,0.0,50.0,0.3,-50.0,False,50.0,0.0,INIT
2025-11-17T16:31:01.828703,11128.700735854,0.0,50.0,0.3,-50.0,False,50.0,0.0,INIT
2025-11-17T16:31:01.928635,11128.800667986,0.0,50.0,0.3,-50.0,False,50.0,0.0,INIT
2025-11-17T16:31:02.028740,11128.900771996,0.0,50.0,0.3,-50.0,False,50.0,0.0,INIT
2025-11-17T16:31:02.128740,11129.000773576,0.0,50.0,0.3,-50.0,False,50.0,0.0,INIT
2025-11-17T16:31:02.228740,11129.100773295,0.0,50.0,0.3,-50.0,False,50.0,0.0,INIT
2025-11-17T16:31:02.328580,11129.200612342,0.0,50.0,0.3,-50.0,False,50.0,0.0,INIT
2025-11-17T16:31:02.428638,11129.300671536,0.0,50.0,0.3,-50.0,False,50.0,0.0,INIT
2025-11-17T16:31:02.528678,11129.400709312,0.0,50.0,0.3,-50.0,False,50.0,0.0,INIT
2025-11-17T16:31:02.628746,11129.500780115,0.0,50.0,0.3,-50.0,False,50.0,0.0,INIT
2025-11-17T16:31:02.728973,11129.601027213,0.0,50.0,0.3,-50.0,False,50.0,0.0,INIT
2025-11-17T16:31:02.829016,11129.701049726,0.0,50.0,0.3,-50.0,False,50.0,0.0,INIT
2025-11-17T16:31:02.928931,11129.800968992,0.0,50.0,0.3,-50.0,False,50.0,0.0,INIT
2025-11-17T16:31:03.029057,11129.901098607,0.0,50.0,0.3,-50.0,False,50.0,0.0,INIT
2025-11-17T16:31:03.128955,11130.000991375,0.0,50.0,0.3,-50.0,False,50.0,0.0,INIT
2025-11-17T16:31:03.229108,11130.101153557,0.0,50.0,0.3,-50.0,False,50.0,0.0,INIT
2025-11-17T16:31:03.329250,11130.201292972,0.0,50.0,0.3,-50.0,False,50.0,0.0,INIT
2025-11-17T16:31:03.429107,11130.301149963,0.0,50.0,0.3,-50.0,False,50.0,0.0,INIT
2025-11-17T16:31:03.528972,11130.401028056,0.0,50.0,0.3,-50.0,False,50.0,0.0,INIT
2025-11-17T16:31:03.628994,11130.501031639,0.0,50.0,0.3,-50.0,False,50.0,0.0,INIT
2025-11-17T16:31:03.728822,11130.600859212,0.0,50.0,0.3,-50.0,False,50.0,0.0,INIT
2025-11-17T16:31:03.828773,11130.700808167,0.0,50.0,0.3,-50.0,False,50.0,0.0,INIT
2025-11-17T16:31:03.928998,11130.801039618,0.0,50.0,0.3,-50.0,False,50.0,0.0,INIT
2025-11-17T16:31:04.029001,11130.901039234,0.0,50.0,0.3,-50.0,False,50.0,0.0,INIT
2025-11-17T16:31:04.128849,11131.000889471,0.0,50.0,0.3,-50.0,False,50.0,0.0,INIT
2025-11-17T16:31:04.228975,11131.101026894,0.0,50.0,0.3,-50.0,False,50.0,0.0,INIT
2025-11-17T16:31:04.328871,11131.200912482,0.0,50.0,0.3,-50.0,False,50.0,0.0,INIT
2025-11-17T16:31:04.428885,11131.300920068,0.0,50.0,0.3,-50.0,False,50.0,0.0,INIT
2025-11-17T16:31:04.528965,11131.401018555,0.0,50.0,0.3,-50.0,False,50.0,0.0,INIT
2025-11-17T16:31:04.628951,11131.500988006,0.0,50.0,0.3,-50.0,False,50.0,0.0,INIT
2025-11-17T16:31:04.728896,11131.600935878,0.0,50.0,0.3,-50.0,False,50.0,0.0,INIT
2025-11-17T16:31:04.828813,11131.700851062,0.0,50.0,0.3,-50.0,False,50.0,0.0,INIT
2025-11-17T16:31:04.928988,11131.801026066,0.0,50.0,0.3,-50.0,False,50.0,0.0,INIT
2025-11-17T16:31:05.223637,11132.095675739,0.07710000308169437,50.0,0.3,-49.922899996918304,False,49.922899996918304,0.0,INIT
2025-11-17T16:31:05.336300,11132.208335976,0.07710000308169437,50.0,0.3,-49.922899996918304,False,49.922899996918304,0.0,INIT
2025-11-17T16:31:06.109315,11132.981354891,0.11910000348057599,50.0,0.3,-49.880899996519425,False,49.880899996519425,0.0,INIT
2025-11-17T16:31:06.521715,11133.393755552,0.4371000072163385,50.0,0.3,-49.56289999278366,False,49.56289999278366,0.0,INIT
2025-11-17T16:31:06.536022,11133.408075399,0.4371000072163385,50.0,0.3,-49.56289999278366,False,49.56289999278366,0.0,INIT
2025-11-17T16:31:06.761348,11133.633390097,0.5031000080315858,50.0,0.3,-49.49689999196841,False,49.49689999196841,0.0,INIT
2025-11-17T16:31:06.828987,11133.701024975,0.5211000082427883,50.0,0.3,-49.47889999175721,False,49.47889999175721,0.0,INIT
2025-11-17T16:31:07.032053,11133.904098784,0.5811000089498556,50.0,0.3,-49.41889999105015,False,49.41889999105015,0.0,INIT
2025-11-17T16:31:07.129080,11134.00111843,0.605100009233498,50.0,0.3,-49.394899990766504,False,49.394899990766504,0.0,INIT
2025-11-17T16:31:07.228939,11134.100975879,0.6291000095179385,50.0,0.3,-49.37089999048206,False,49.37089999048206,0.0,INIT
2025-11-17T16:31:07.329206,11134.201250461,0.6591000098742426,50.0,0.3,-49.340899990125756,False,49.340899990125756,0.0,INIT
2025-11-17T16:31:07.612639,11134.484677058,0.7371000108042152,50.0,0.3,-49.26289998919579,False,49.26289998919579,0.0,INIT
2025-11-17T16:31:07.629115,11134.501154844,0.7431000108761675,50.0,0.3,-49.25689998912383,False,49.25689998912383,0.0,INIT
2025-11-17T16:31:07.729293,11134.601338485,0.7731000112359295,50.0,0.3,-49.22689998876407,False,49.22689998876407,0.0,INIT
2025-11-17T16:31:07.828654,11134.700694278,0.8031000115959573,50.0,0.3,-49.19689998840404,False,49.19689998840404,0.0,INIT
2025-11-17T16:31:07.928988,11134.801027108,0.8271000118844759,50.0,0.3,-49.172899988115525,False,49.172899988115525,0.0,INIT
2025-11-17T16:31:08.070145,11134.942183363,0.8691000123912455,50.0,0.3,-49.13089998760876,False,49.13089998760876,0.0,INIT
2025-11-17T16:31:08.128991,11135.001027302,0.8871000126081663,50.0,0.3,-49.112899987391835,False,49.112899987391835,0.0,INIT
2025-11-17T16:31:08.650811,11135.522862099,57.54627811398702,50.0,-0.3,7.546278113987022,False,7.546278113987022,0.0,INIT
2025-11-17T16:31:08.784141,11135.656179399,87.74118845480838,50.0,-0.07745185667217375,37.74118845480838,False,37.74118845480838,0.0,INIT
2025-11-17T16:31:09.483429,11136.355465771,-54.726993171800586,50.0,0.3,-104.72699317180059,False,104.72699317180059,0.0,INIT
2025-11-17T16:31:09.611681,11136.483715881,-54.741851098184256,50.0,0.3,-104.74185109818426,False,104.74185109818426,0.0,INIT
2025-11-17T16:31:09.628970,11136.50102379,-54.741512876034975,50.0,0.3,-104.74151287603497,False,104.74151287603497,0.0,INIT
2025-11-17T16:31:09.729096,11136.601135853,-68.05419042027893,50.0,0.3,-118.05419042027893,False,118.05419042027893,0.0,INIT
2025-11-17T16:31:09.828907,11136.700947095,-100.72980929038856,50.0,0.11285198308807978,-150.72980929038857,False,150.72980929038857,0.0,INIT
2025-11-17T16:31:09.978033,11136.850074134,-125.96118022328676,50.0,0.06175350363290869,-175.96118022328676,False,175.96118022328676,0.0,INIT
2025-11-17T16:31:10.028912,11136.90095013,-125.95804580290803,50.0,0.05667721310473488,-175.95804580290803,False,175.95804580290803,0.0,INIT
2025-11-17T16:31:10.384740,11137.256776031,-117.79215583633517,50.0,0.3,-167.79215583633516,False,167.79215583633516,0.0,INIT
2025-11-17T16:31:10.698570,11137.570618324,-103.51400998796473,50.0,0.3,-153.51400998796473,False,153.51400998796473,0.0,INIT
2025-11-17T16:31:10.729136,11137.601173719,-103.50800998796488,50.0,0.3,-153.5080099879649,False,153.5080099879649,0.0,INIT
2025-11-17T16:31:10.829709,11137.701743145,-103.47800998796635,50.0,0.3,-153.47800998796635,False,153.47800998796635,0.0,INIT
2025-11-17T16:31:11.028655,11137.900699053,-103.41800998796712,50.0,0.3,-153.41800998796714,False,153.41800998796714,0.0,INIT
2025-11-17T16:31:11.129030,11138.001066036,-103.39400998796805,50.0,0.3,-153.39400998796805,False,153.39400998796805,0.0,INIT
2025-11-17T16:31:12.009304,11138.881338375,-19.52639817682217,50.0,0.3,-69.52639817682217,False,69.52639817682217,0.0,INIT
2025-11-17T16:31:12.099330,11138.971369661,-19.520398176821352,50.0,0.3,-69.52039817682135,False,69.52039817682135,0.0,INIT
2025-11-17T16:31:12.153227,11139.025265088,-6.062255859593103,50.0,0.3,-56.0622558595931,False,56.0622558595931,0.0,INIT
2025-11-17T16:31:13.020340,11139.892377342,-6.062255859593103,50.0,0.3,-56.0622558595931,False,56.0622558595931,0.0,INIT
2025-11-17T16:31:13.043880,11139.915915113,172.3115238098709,50.0,-0.3,122.31152380987089,False,122.31152380987089,0.0,INIT
2025-11-17T16:31:13.128870,11140.00091241,-165.85688028451546,50.0,0.3,-215.85688028451546,False,215.85688028451546,0.0,INIT
2025-11-17T16:31:13.247840,11140.119880687,-143.41910333133768,50.0,0.3,-193.41910333133768,False,193.41910333133768,0.0,INIT
2025-11-17T16:31:13.462961,11140.335025513,-178.1032511903289,50.0,0.3,-228.1032511903289,False,228.1032511903289,0.0,INIT
2025-11-17T16:31:13.551580,11140.423615628,71.03732590341623,50.0,-0.3,21.03732590341623,False,21.03732590341623,0.0,INIT
2025-11-17T16:31:13.629079,11140.501124018,18.111158516539987,50.0,0.3,-31.888841483460013,False,31.888841483460013,0.0,INIT
2025-11-17T16:31:13.882723,11140.754758294,18.159158516547265,50.0,0.3,-31.840841483452735,False,31.840841483452735,0.0,INIT
2025-11-17T16:31:13.928840,11140.800878199,18.171158516548193,50.0,0.3,-31.828841483451807,False,31.828841483451807,0.0,INIT
2025-11-17T16:31:14.219957,11141.091995357,10.299909909508218,50.0,0.3,-39.700090090491784,False,39.700090090491784,0.0,INIT
2025-11-17T16:31:14.229743,11141.10178238,10.299909909508218,50.0,0.3,-39.700090090491784,False,39.700090090491784,0.0,INIT
2025-11-17T16:31:14.489941,11141.361977031,-68.76974512144331,50.0,0.3,-118.76974512144331,False,118.76974512144331,0.0,INIT
2025-11-17T16:31:14.554388,11141.42642497,-160.67124325144758,50.0,0.3,-210.67124325144758,False,210.67124325144758,0.0,INIT
2025-11-17T16:31:14.668832,11141.540869343,-177.61131405509562,50.0,0.3,-227.61131405509562,False,227.61131405509562,0.0,INIT
2025-11-17T16:31:14.735420,11141.607455577,-177.59331405509215,50.0,0.3,-227.59331405509215,False,227.59331405509215,0.0,INIT
2025-11-17T16:31:14.884844,11141.756883349,-177.5513140550821,50.0,0.3,-227.5513140550821,False,227.5513140550821,0.0,INIT
2025-11-17T16:31:14.937316,11141.809353801,-177.53931405508166,50.0,0.3,-227.53931405508166,False,227.53931405508166,0.0,INIT
2025-11-17T16:31:15.504555,11142.376592782,40.655600821921425,50.0,0.3,-9.344399178078575,False,9.344399178078575,0.0,INIT
2025-11-17T16:31:15.529762,11142.401804482,40.66760082191869,50.0,0.3,-9.33239917808131,False,9.33239917808131,0.0,INIT
2025-11-17T16:31:15.673956,11142.545993598,40.66760082191869,50.0,0.3,-9.33239917808131,False,9.33239917808131,0.0,INIT
2025-11-17T16:31:15.869266,11142.741303346,40.75760082189151,50.0,0.3,-9.242399178108492,False,9.242399178108492,0.0,INIT
2025-11-17T16:31:16.250508,11143.122546947,122.72180729523977,50.0,-0.3,72.72180729523977,False,72.72180729523977,0.0,INIT
2025-11-17T16:31:16.328936,11143.200973388,122.70920730036224,50.0,-0.3,72.70920730036224,False,72.70920730036224,0.0,INIT
2025-11-17T16:31:16.428900,11143.300934048,122.68520730756221,50.0,-0.3,72.68520730756221,False,72.68520730756221,0.0,INIT
2025-11-17T16:31:16.528957,11143.400996512,122.65520731028656,50.0,-0.3,72.65520731028656,False,72.65520731028656,0.0,INIT
2025-11-17T16:31:16.843527,11143.715564722,122.57120731027067,50.0,-0.3,72.57120731027067,False,72.57120731027067,0.0,INIT
2025-11-17T16:31:17.204198,11144.076235593,122.469207310252,50.0,-0.3,72.469207310252,False,72.469207310252,0.0,INIT
2025-11-17T16:31:17.228720,11144.100757192,122.46320731025202,50.0,-0.3,72.46320731025202,False,72.46320731025202,0.0,INIT
2025-11-17T16:31:17.371795,11144.243831087,122.42120731025287,50.0,-0.3,72.42120731025287,False,72.42120731025287,0.0,INIT
2025-11-17T16:31:17.580525,11144.452560367,122.3612073102731,50.0,-0.3,72.3612073102731,False,72.3612073102731,0.0,INIT
2025-11-17T16:31:17.628832,11144.500866399,122.34320731027668,50.0,-0.3,72.34320731027668,False,72.34320731027668,0.0,INIT
2025-11-17T16:31:17.729308,11144.601343991,122.31320731028633,50.0,-0.3,72.31320731028633,False,72.31320731028633,0.0,INIT
2025-11-17T16:31:17.828741,11144.700776348,122.28920731029373,50.0,-0.3,72.28920731029373,False,72.28920731029373,0.0,INIT
2025-11-17T16:31:17.970818,11144.842853962,122.24720731030894,50.0,-0.3,72.24720731030894,False,72.24720731030894,0.0,INIT
2025-11-17T16:31:18.029065,11144.90110449,122.22920731031387,50.0,-0.3,72.22920731031387,False,72.22920731031387,0.0,INIT
2025-11-17T16:31:18.133063,11145.005103509,122.19920731031003,50.0,-0.3,72.19920731031003,False,72.19920731031003,0.0,INIT
2025-11-17T16:31:18.257647,11145.129685581,122.16320731030856,50.0,-0.3,72.16320731030856,False,72.16320731030856,0.0,INIT
2025-11-17T16:31:18.435940,11145.307980696,122.11520731030643,50.0,-0.3,72.11520731030643,False,72.11520731030643,0.0,INIT
2025-11-17T16:31:19.606362,11146.478398561,121.84520731025052,50.0,-0.3,71.84520731025052,False,71.84520731025052,0.0,INIT
2025-11-17T16:31:19.628870,11146.500905648,121.83920731024743,50.0,-0.3,71.83920731024743,False,71.83920731024743,0.0,INIT
2025-11-17T16:31:19.728959,11146.600998689,121.81520731024365,50.0,-0.3,71.81520731024365,False,71.81520731024365,0.0,INIT
2025-11-17T16:31:19.828942,11146.700977365,121.7912073102397,50.0,-0.3,71.7912073102397,False,71.7912073102397,0.0,INIT
2025-11-17T16:31:19.928964,11146.801017079,121.76720731024429,50.0,-0.3,71.76720731024429,False,71.76720731024429,0.0,INIT
2025-11-17T16:31:20.029135,11146.901175345,121.73720731025152,50.0,-0.3,71.73720731025152,False,71.73720731025152,0.0,INIT
2025-11-17T16:31:20.135554,11147.007588146,121.70720731025872,50.0,-0.3,71.70720731025872,False,71.70720731025872,0.0,INIT
2025-11-17T16:31:20.229020,11147.101056764,121.70120731026138,50.0,-0.3,71.70120731026138,False,71.70120731026138,0.0,INIT
2025-11-17T16:31:20.328965,11147.201027254,121.70120731026138,50.0,-0.3,71.70120731026138,False,71.70120731026138,0.0,INIT
2025-11-17T16:31:20.429073,11147.301109955,121.70120731026138,50.0,-0.3,71.70120731026138,False,71.70120731026138,0.0,INIT
2025-11-17T16:31:20.529013,11147.401050825,121.70120731026138,50.0,-0.3,71.70120731026138,False,71.70120731026138,0.0,INIT
2025-11-17T16:31:20.628963,11147.500999553,121.70120731026138,50.0,-0.3,71.70120731026138,False,71.70120731026138,0.0,INIT
2025-11-17T16:31:20.729012,11147.601047256,121.70120731026138,50.0,-0.3,71.70120731026138,False,71.70120731026138,0.0,INIT
2025-11-17T16:31:20.830103,11147.70215262,121.70120731026138,50.0,-0.3,71.70120731026138,False,71.70120731026138,0.0,INIT
2025-11-17T16:31:20.929090,11147.801126784,121.70120731026138,50.0,-0.3,71.70120731026138,False,71.70120731026138,0.0,INIT
2025-11-17T16:31:21.029718,11147.901767182,121.70120731026138,50.0,-0.3,71.70120731026138,False,71.70120731026138,0.0,INIT
2025-11-17T16:31:21.129927,11148.001975598,121.70120731026138,50.0,-0.3,71.70120731026138,False,71.70120731026138,0.0,INIT
2025-11-17T16:31:21.229666,11148.101708901,121.70120731026138,50.0,-0.3,71.70120731026138,False,71.70120731026138,0.0,INIT
2025-11-17T16:31:21.329357,11148.201398356,121.70120731026138,50.0,-0.3,71.70120731026138,False,71.70120731026138,0.0,INIT
2025-11-17T16:31:21.430034,11148.302080231,121.70120731026138,50.0,-0.3,71.70120731026138,False,71.70120731026138,0.0,INIT
2025-11-17T16:31:21.529941,11148.401984676,121.70120731026138,50.0,-0.3,71.70120731026138,False,71.70120731026138,0.0,INIT
2025-11-17T16:31:21.629785,11148.501831899,121.70120731026138,50.0,-0.3,71.70120731026138,False,71.70120731026138,0.0,INIT
2025-11-17T16:31:21.729115,11148.601153989,121.70120731026138,50.0,-0.3,71.70120731026138,False,71.70120731026138,0.0,INIT
2025-11-17T16:31:21.828959,11148.700995047,121.70120731026138,50.0,-0.3,71.70120731026138,False,71.70120731026138,0.0,INIT
2025-11-17T16:31:21.929914,11148.801957036,121.70120731026138,50.0,-0.3,71.70120731026138,False,71.70120731026138,0.0,INIT
2025-11-17T16:31:22.029486,11148.901528125,121.70120731026138,50.0,-0.3,71.70120731026138,False,71.70120731026138,0.0,INIT
2025-11-17T16:31:22.129843,11149.001885461,121.70120731026138,50.0,-0.3,71.70120731026138,False,71.70120731026138,0.0,INIT
2025-11-17T16:31:22.230090,11149.102137746,121.70120731026138,50.0,-0.3,71.70120731026138,False,71.70120731026138,0.0,INIT
2025-11-17T16:31:22.329154,11149.20118939,121.70120731026138,50.0,-0.3,71.70120731026138,False,71.70120731026138,0.0,INIT
2025-11-17T16:31:22.429919,11149.301962218,121.70120731026138,50.0,-0.3,71.70120731026138,False,71.70120731026138,0.0,INIT
2025-11-17T16:31:22.530042,11149.402086795,121.70120731026138,50.0,-0.3,71.70120731026138,False,71.70120731026138,0.0,INIT
2025-11-17T16:31:22.629332,11149.50137299,121.70120731026138,50.0,-0.3,71.70120731026138,False,71.70120731026138,0.0,INIT
2025-11-17T16:31:22.729355,11149.601394745,121.70120731026138,50.0,-0.3,71.70120731026138,False,71.70120731026138,0.0,INIT
2025-11-17T16:31:22.829359,11149.701397125,121.70120731026138,50.0,-0.3,71.70120731026138,False,71.70120731026138,0.0,INIT
2025-11-17T16:31:22.929452,11149.801490242,121.70120731026138,50.0,-0.3,71.70120731026138,False,71.70120731026138,0.0,INIT
2025-11-17T16:31:23.029369,11149.901409543,121.70120731026138,50.0,-0.3,71.70120731026138,False,71.70120731026138,0.0,INIT
2025-11-17T16:31:23.129283,11150.00132411,121.70120731026138,50.0,-0.3,71.70120731026138,False,71.70120731026138,0.0,INIT
2025-11-17T16:31:23.229242,11150.101283296,121.70120731026138,50.0,-0.3,71.70120731026138,False,71.70120731026138,0.0,INIT
2025-11-17T16:31:23.329362,11150.201406858,121.70120731026138,50.0,-0.3,71.70120731026138,False,71.70120731026138,0.0,INIT
2025-11-17T16:31:23.429318,11150.301358317,121.70120731026138,50.0,-0.3,71.70120731026138,False,71.70120731026138,0.0,INIT
2025-11-17T16:31:23.529343,11150.401381886,121.70120731026138,50.0,-0.3,71.70120731026138,False,71.70120731026138,0.0,INIT
2025-11-17T16:31:23.629095,11150.50113514,121.70120731026138,50.0,-0.3,71.70120731026138,False,71.70120731026138,0.0,INIT
2025-11-17T16:31:23.728943,11150.600980133,121.70120731026138,50.0,-0.3,71.70120731026138,False,71.70120731026138,0.0,INIT
2025-11-17T16:31:23.829049,11150.701086828,121.70120731026138,50.0,-0.3,71.70120731026138,False,71.70120731026138,0.0,INIT
2025-11-17T16:31:23.929161,11150.801201185,121.70120731026138,50.0,-0.3,71.70120731026138,False,71.70120731026138,0.0,INIT
2025-11-17T16:31:24.029215,11150.901258465,121.70120731026138,50.0,-0.3,71.70120731026138,False,71.70120731026138,0.0,INIT
2025-11-17T16:31:24.129160,11151.001197029,121.70120731026138,50.0,-0.3,71.70120731026138,False,71.70120731026138,0.0,INIT
2025-11-17T16:31:24.230074,11151.102120704,121.70120731026138,50.0,-0.3,71.70120731026138,False,71.70120731026138,0.0,INIT
2025-11-17T16:31:24.329645,11151.201685,121.70120731026138,50.0,-0.3,71.70120731026138,False,71.70120731026138,0.0,INIT
