timestamp_wall,timestamp_mono,state_x,desired_x,output_cmd,error,converged_flag,distance_to_converge,estimated_time_to_converge,fsm_mode
2025-11-17T16:35:22.774699,11389.646740496,3.45042998510974e-09,0.0,-5.863680469664361e-13,3.45042998510974e-09,False,3.45042998510974e-09,0.0,INIT
2025-11-17T16:35:22.782027,11389.654064323,3.45042998422329e-09,0.0,-5.863680466952779e-13,3.45042998422329e-09,False,3.45042998422329e-09,0.0,INIT
2025-11-17T16:35:23.310870,11390.18290869,4.154574618000902e-09,0.0,-8.19117133138913e-13,4.154574618000902e-09,False,4.154574618000902e-09,0.0,INIT
2025-11-17T16:35:23.458888,11390.330925897,4.169651777039664e-09,0.0,-8.244755966949074e-13,4.169651777039664e-09,False,4.169651777039664e-09,0.0,INIT
2025-11-17T16:35:23.485540,11390.357576038,4.1695935961613416e-09,0.0,-8.24454889209352e-13,4.1695935961613416e-09,True,4.1695935961613416e-09,0.0,INIT
2025-11-17T16:35:23.582240,11390.454279784,4.169360872648051e-09,0.0,-8.243720615786573e-13,4.169360872648051e-09,True,4.169360872648051e-09,0.0,INIT
2025-11-17T16:35:23.697218,11390.569256697,4.1692084941572075e-09,0.0,-8.243178312050179e-13,4.1692084941572075e-09,True,4.1692084941572075e-09,0.0,INIT
2025-11-17T16:35:23.782244,11390.654280203,4.169214035193238e-09,0.0,-8.24319803190824e-13,4.169214035193238e-09,True,4.169214035193238e-09,0.0,INIT
2025-11-17T16:35:23.882116,11390.754152025,4.1692084941572075e-09,0.0,-8.243178312050179e-13,4.1692084941572075e-09,True,4.1692084941572075e-09,0.0,INIT
2025-11-17T16:35:23.997116,11390.86915332,4.131180363880405e-09,0.0,-8.10833506999437e-13,4.131180363880405e-09,True,4.131180363880405e-09,0.0,INIT
2025-11-17T16:35:24.463585,11391.335622759,4.1341004898684385e-09,0.0,-8.118654445047564e-13,4.1341004898684385e-09,True,4.1341004898684385e-09,0.0,INIT
2025-11-17T16:35:24.513703,11391.385740574,4.158126422096358e-09,0.0,-8.203780557469911e-13,4.158126422096358e-09,True,4.158126422096358e-09,0.0,INIT
2025-11-17T16:35:24.582216,11391.454254003,4.163977756144487e-09,0.0,-8.224572118750418e-13,4.163977756144487e-09,True,4.163977756144487e-09,0.0,INIT
2025-11-17T16:35:24.708005,11391.58004856,4.163966674072426e-09,0.0,-8.224532718687058e-13,4.163966674072426e-09,True,4.163966674072426e-09,0.0,INIT
2025-11-17T16:35:24.813605,11391.6856486,4.163977756144487e-09,0.0,-8.224572118750418e-13,4.163977756144487e-09,True,4.163977756144487e-09,0.0,INIT
2025-11-17T16:35:24.896009,11391.76804502,4.163966674072426e-09,0.0,-8.224532718687058e-13,4.163966674072426e-09,True,4.163966674072426e-09,0.0,INIT
2025-11-17T16:35:25.188365,11392.060403148,4.122408903844244e-09,0.0,-8.077372865203564e-13,4.122408903844244e-09,True,4.122408903844244e-09,0.0,INIT
2025-11-17T16:35:25.343448,11392.215487714,4.1223978217721835e-09,0.0,-8.077333780117111e-13,4.1223978217721835e-09,True,4.1223978217721835e-09,0.0,INIT
2025-11-17T16:35:25.382102,11392.254140044,4.122408903844244e-09,0.0,-8.077372865203564e-13,4.122408903844244e-09,True,4.122408903844244e-09,0.0,INIT
2025-11-17T16:35:25.482361,11392.354398738,4.122408903844244e-09,0.0,-8.077372865203564e-13,4.122408903844244e-09,True,4.122408903844244e-09,0.0,INIT
2025-11-17T16:35:26.667901,11393.539935764,4.1257667716786785e-09,0.0,-8.089219517466249e-13,4.1257667716786785e-09,True,4.1257667716786785e-09,0.0,INIT
2025-11-17T16:35:26.736516,11393.608555786,4.133967505003707e-09,0.0,-8.118184365708774e-13,4.133967505003707e-09,True,4.133967505003707e-09,0.0,INIT
2025-11-17T16:35:26.782238,11393.654273531,4.153538444263165e-09,0.0,-8.187494445082503e-13,4.153538444263165e-09,True,4.153538444263165e-09,0.0,INIT
2025-11-17T16:35:26.882451,11393.754489447,4.153538444263165e-09,0.0,-8.187494445082503e-13,4.153538444263165e-09,True,4.153538444263165e-09,0.0,INIT
2025-11-17T16:35:27.048244,11393.920283731,4.153538444263165e-09,0.0,-8.187494445082503e-13,4.153538444263165e-09,True,4.153538444263165e-09,0.0,INIT
2025-11-17T16:35:27.268753,11394.140787257,4.153538444263165e-09,0.0,-8.187494445082503e-13,4.153538444263165e-09,True,4.153538444263165e-09,0.0,INIT
2025-11-17T16:35:27.683072,11394.555113119,4.103669119989348e-09,0.0,-8.011400127466992e-13,4.103669119989348e-09,True,4.103669119989348e-09,0.0,INIT
2025-11-17T16:35:28.000812,11394.872847788,4.139065258151699e-09,0.0,-8.13621272923146e-13,4.139065258151699e-09,True,4.139065258151699e-09,0.0,INIT
2025-11-17T16:35:28.251516,11395.123554675,4.139065258151699e-09,0.0,-8.13621272923146e-13,4.139065258151699e-09,True,4.139065258151699e-09,0.0,INIT
2025-11-17T16:35:28.317197,11395.189233204,4.139065258151699e-09,0.0,-8.13621272923146e-13,4.139065258151699e-09,True,4.139065258151699e-09,0.0,INIT
2025-11-17T16:35:28.465280,11395.337313289,4.091102050272346e-09,0.0,-7.967292956567903e-13,4.091102050272346e-09,True,4.091102050272346e-09,0.0,INIT
2025-11-17T16:35:28.495752,11395.367789175,4.091057721984103e-09,0.0,-7.96713756728215e-13,4.091057721984103e-09,True,4.091057721984103e-09,0.0,INIT
2025-11-17T16:35:28.582280,11395.454316211,4.091057721984103e-09,0.0,-7.96713756728215e-13,4.091057721984103e-09,True,4.091057721984103e-09,0.0,INIT
2025-11-17T16:35:28.682136,11395.554169104,4.091057721984103e-09,0.0,-7.96713756728215e-13,4.091057721984103e-09,True,4.091057721984103e-09,0.0,INIT
2025-11-17T16:35:28.782189,11395.654226374,4.091057721984103e-09,0.0,-7.96713756728215e-13,4.091057721984103e-09,True,4.091057721984103e-09,0.0,INIT
2025-11-17T16:35:28.882349,11395.754386297,4.091102050272346e-09,0.0,-7.967292956567903e-13,4.091102050272346e-09,True,4.091102050272346e-09,0.0,INIT
2025-11-17T16:35:28.987906,11395.859948802,4.100942930262379e-09,0.0,-8.001822713636294e-13,4.100942930262379e-09,True,4.100942930262379e-09,0.0,INIT
2025-11-17T16:35:29.250777,11396.122813524,4.100942930262379e-09,0.0,-8.001822713636294e-13,4.100942930262379e-09,True,4.100942930262379e-09,0.0,INIT
2025-11-17T16:35:29.282514,11396.154547668,4.100942930262379e-09,0.0,-8.001822713636294e-13,4.100942930262379e-09,True,4.100942930262379e-09,0.0,INIT
2025-11-17T16:35:29.966549,11396.838583678,4.0729717803807975e-09,0.0,-7.903851155798928e-13,4.0729717803807975e-09,True,4.0729717803807975e-09,0.0,INIT
2025-11-17T16:35:30.017434,11396.889469247,4.0729717803807975e-09,0.0,-7.903851155798928e-13,4.0729717803807975e-09,True,4.0729717803807975e-09,0.0,INIT
2025-11-17T16:35:30.296891,11397.168928151,4.12199886717799e-09,0.0,-8.075926772986296e-13,4.12199886717799e-09,True,4.12199886717799e-09,0.0,INIT
2025-11-17T16:35:30.382478,11397.254516471,4.12199886717799e-09,0.0,-8.075926772986296e-13,4.12199886717799e-09,True,4.12199886717799e-09,0.0,INIT
2025-11-17T16:35:31.016868,11397.888908056,4.06570194110888e-09,0.0,-7.878475722322766e-13,4.06570194110888e-09,True,4.06570194110888e-09,0.0,INIT
2025-11-17T16:35:31.635807,11398.507846835,4.102228450621438e-09,0.0,-8.006338258113902e-13,4.102228450621438e-09,True,4.102228450621438e-09,0.0,INIT
2025-11-17T16:35:31.683839,11398.555880195,4.102184122333194e-09,0.0,-8.006182530836232e-13,4.102184122333194e-09,True,4.102184122333194e-09,0.0,INIT
2025-11-17T16:35:31.782367,11398.654402581,4.102228450621438e-09,0.0,-8.006338258113902e-13,4.102228450621438e-09,True,4.102228450621438e-09,0.0,INIT
2025-11-17T16:35:31.882061,11398.754096923,4.069026562727135e-09,0.0,-7.890075841036904e-13,4.069026562727135e-09,True,4.069026562727135e-09,0.0,INIT
2025-11-17T16:35:32.090244,11398.962285449,4.069070891015378e-09,0.0,-7.890230560528543e-13,4.069070891015378e-09,True,4.069070891015378e-09,0.0,INIT
2025-11-17T16:35:32.182261,11399.054304922,4.069070891015378e-09,0.0,-7.890230560528543e-13,4.069070891015378e-09,True,4.069070891015378e-09,0.0,INIT
2025-11-17T16:35:32.599716,11399.471756681,4.1156599219591854e-09,0.0,-8.053585611018749e-13,4.1156599219591854e-09,True,4.1156599219591854e-09,0.0,INIT
2025-11-17T16:35:32.737468,11399.60950256,4.1156599219591854e-09,0.0,-8.053585611018749e-13,4.1156599219591854e-09,True,4.1156599219591854e-09,0.0,INIT
2025-11-17T16:35:32.815476,11399.6875149,4.1156599219591854e-09,0.0,-8.053585611018749e-13,4.1156599219591854e-09,True,4.1156599219591854e-09,0.0,INIT
2025-11-17T16:35:32.946532,11399.818569387,4.100233677650484e-09,0.0,-7.999331863415094e-13,4.100233677650484e-09,True,4.100233677650484e-09,0.0,INIT
2025-11-17T16:35:33.155727,11400.027763023,4.100189349362241e-09,0.0,-7.999176196720082e-13,4.100189349362241e-09,True,4.100189349362241e-09,0.0,INIT
2025-11-17T16:35:33.220567,11400.092600863,4.100189349362241e-09,0.0,-7.999176196720082e-13,4.100189349362241e-09,True,4.100189349362241e-09,0.0,INIT
2025-11-17T16:35:33.585155,11400.457192957,4.137779737792639e-09,0.0,-8.131664770353507e-13,4.137779737792639e-09,True,4.137779737792639e-09,0.0,INIT
2025-11-17T16:35:33.738001,11400.610041321,4.137779737792639e-09,0.0,-8.131664770353507e-13,4.137779737792639e-09,True,4.137779737792639e-09,0.0,INIT
2025-11-17T16:35:33.782042,11400.654090239,4.137779737792639e-09,0.0,-8.131664770353507e-13,4.137779737792639e-09,True,4.137779737792639e-09,0.0,INIT
2025-11-17T16:35:33.882514,11400.754562138,4.137779737792639e-09,0.0,-8.131664770353507e-13,4.137779737792639e-09,True,4.137779737792639e-09,0.0,INIT
2025-11-17T16:35:34.674169,11401.546205799,4.154269861019181e-09,0.0,-8.190089818076172e-13,4.154269861019181e-09,True,4.154269861019181e-09,0.0,INIT
2025-11-17T16:35:34.702523,11401.574561687,4.154269861019181e-09,0.0,-8.190089818076172e-13,4.154269861019181e-09,True,4.154269861019181e-09,0.0,INIT
2025-11-17T16:35:34.923046,11401.795087226,4.154269861019181e-09,0.0,-8.190089818076172e-13,4.154269861019181e-09,True,4.154269861019181e-09,0.0,INIT
2025-11-17T16:35:35.069554,11401.941595446,4.154269861019181e-09,0.0,-8.190089818076172e-13,4.154269861019181e-09,True,4.154269861019181e-09,0.0,INIT
2025-11-17T16:35:35.089865,11401.96189975,4.154269861019181e-09,0.0,-8.190089818076172e-13,4.154269861019181e-09,True,4.154269861019181e-09,0.0,INIT
2025-11-17T16:35:35.182164,11402.054209788,4.154269861019181e-09,0.0,-8.190089818076172e-13,4.154269861019181e-09,True,4.154269861019181e-09,0.0,INIT
2025-11-17T16:35:35.526874,11402.398913102,4.1305098985207215e-09,0.0,-8.105966549268413e-13,4.1305098985207215e-09,True,4.1305098985207215e-09,0.0,INIT
2025-11-17T16:35:35.660996,11402.533033537,4.130598555097209e-09,0.0,-8.106279724447098e-13,4.130598555097209e-09,True,4.130598555097209e-09,0.0,INIT
2025-11-17T16:35:35.897559,11402.76959087,4.18326056153036e-09,0.0,-8.293255251481454e-13,4.18326056153036e-09,True,4.18326056153036e-09,0.0,INIT
2025-11-17T16:35:36.026645,11402.898682331,4.18326056153036e-09,0.0,-8.293255251481454e-13,4.18326056153036e-09,True,4.18326056153036e-09,0.0,INIT
2025-11-17T16:35:36.082598,11402.954636451,4.18326056153036e-09,0.0,-8.293255251481454e-13,4.18326056153036e-09,True,4.18326056153036e-09,0.0,INIT
2025-11-17T16:35:36.182208,11403.054249942,4.18326056153036e-09,0.0,-8.293255251481454e-13,4.18326056153036e-09,True,4.18326056153036e-09,0.0,INIT
2025-11-17T16:35:36.535050,11403.40708557,4.14655673886483e-09,0.0,-8.162738832686577e-13,4.14655673886483e-09,True,4.14655673886483e-09,0.0,INIT
2025-11-17T16:35:37.005432,11403.877466295,4.20010531106285e-09,0.0,-8.353461965403247e-13,4.20010531106285e-09,True,4.20010531106285e-09,0.0,INIT
2025-11-17T16:35:37.082019,11403.95405499,4.20010531106285e-09,0.0,-8.353461965403247e-13,4.20010531106285e-09,True,4.20010531106285e-09,0.0,INIT
2025-11-17T16:35:37.181834,11404.053868827,4.200016654486363e-09,0.0,-8.353144581350503e-13,4.200016654486363e-09,True,4.200016654486363e-09,0.0,INIT
2025-11-17T16:35:37.428632,11404.300667885,4.181044147118192e-09,0.0,-8.285347727377519e-13,4.181044147118192e-09,True,4.181044147118192e-09,0.0,INIT
2025-11-17T16:35:37.482216,11404.354250067,4.181044147118192e-09,0.0,-8.285347727377519e-13,4.181044147118192e-09,True,4.181044147118192e-09,0.0,INIT
2025-11-17T16:35:37.842200,11404.714238225,4.181044147118192e-09,0.0,-8.285347727377519e-13,4.181044147118192e-09,True,4.181044147118192e-09,0.0,INIT
2025-11-17T16:35:38.357007,11405.229048142,4.229805264185925e-09,0.0,-8.460087115438202e-13,4.229805264185925e-09,True,4.229805264185925e-09,0.0,INIT
2025-11-17T16:35:38.735094,11405.607140634,4.200637250521771e-09,0.0,-8.355366382268844e-13,4.200637250521771e-09,True,4.200637250521771e-09,0.0,INIT
2025-11-17T16:35:39.008900,11405.880936365,4.200637250521771e-09,0.0,-8.355366382268844e-13,4.200637250521771e-09,True,4.200637250521771e-09,0.0,INIT
2025-11-17T16:35:39.290804,11406.162845826,4.2356565982340525e-09,0.0,-8.481164710753866e-13,4.2356565982340525e-09,True,4.2356565982340525e-09,0.0,INIT
2025-11-17T16:35:40.248550,11407.120582828,4.274754148464726e-09,100.0,0.3,-99.99999999572525,False,99.99999999572525,0.0,INIT
2025-11-17T16:35:40.457639,11407.329674691,4.274754148464726e-09,100.0,0.3,-99.99999999572525,False,99.99999999572525,0.0,INIT
2025-11-17T16:35:40.482413,11407.354450231,0.05070000309520283,100.0,0.3,-99.9492999969048,False,99.9492999969048,0.0,INIT
2025-11-17T16:35:40.591281,11407.463321056,0.08670000309977487,100.0,0.3,-99.91329999690022,False,99.91329999690022,0.0,INIT
2025-11-17T16:35:40.862356,11407.73439085,0.1587000031090076,100.0,0.3,-99.841299996891,False,99.841299996891,0.0,INIT
2025-11-17T16:35:40.882115,11407.754152944,0.16470000310976962,100.0,0.3,-99.83529999689023,False,99.83529999689023,0.0,INIT
2025-11-17T16:35:41.000103,11407.872139567,0.19470000311357968,100.0,0.3,-99.80529999688642,False,99.80529999688642,0.0,INIT
2025-11-17T16:35:41.607402,11408.479443232,0.36270000313509315,100.0,0.3,-99.63729999686491,False,99.63729999686491,0.0,INIT
2025-11-17T16:35:41.685638,11408.557674807,0.3807000031372905,100.0,0.3,-99.61929999686271,False,99.61929999686271,0.0,INIT
2025-11-17T16:35:41.813319,11408.685358279,0.4167000031419511,100.0,0.3,-99.58329999685805,False,99.58329999685805,0.0,INIT
2025-11-17T16:35:41.932422,11408.804457277,0.44670000314576114,100.0,0.3,-99.55329999685424,False,99.55329999685424,0.0,INIT
2025-11-17T16:35:43.090034,11409.962071142,0.7707000031870868,100.0,0.3,-99.22929999681291,False,99.22929999681291,0.0,INIT
2025-11-17T16:35:43.261340,11410.133375958,0.8187000031932715,100.0,0.3,-99.18129999680673,False,99.18129999680673,0.0,INIT
2025-11-17T16:35:43.288537,11410.16057418,0.8307000031947068,100.0,0.3,-99.1692999968053,False,99.1692999968053,0.0,INIT
2025-11-17T16:35:43.382196,11410.254234744,0.8547000031978434,100.0,0.3,-99.14529999680215,False,99.14529999680215,0.0,INIT
2025-11-17T16:35:43.482166,11410.354202681,0.8847000032015649,100.0,0.3,-99.11529999679844,False,99.11529999679844,0.0,INIT
2025-11-17T16:35:43.616194,11410.488230279,0.9267000032070658,100.0,0.3,-99.07329999679294,False,99.07329999679294,0.0,INIT
2025-11-17T16:35:43.725554,11410.597607301,0.9567000032107774,100.0,0.3,-99.04329999678922,False,99.04329999678922,0.0,INIT
2025-11-17T16:35:43.794973,11410.667024967,0.974700003213146,100.0,0.3,-99.02529999678686,False,99.02529999678686,0.0,INIT
2025-11-17T16:35:44.079666,11410.95170606,1.0527000032230265,100.0,0.3,-98.94729999677698,False,98.94729999677698,0.0,INIT
2025-11-17T16:35:44.120749,11410.992787006,1.0707000032253065,100.0,0.3,-98.92929999677469,False,98.92929999677469,0.0,INIT
2025-11-17T16:35:44.528841,11411.400876106,1.1787000032390753,100.0,0.3,-98.82129999676093,False,98.82129999676093,0.0,INIT
2025-11-17T16:35:44.582056,11411.454094035,1.1907000032405954,100.0,0.3,-98.8092999967594,False,98.8092999967594,0.0,INIT
2025-11-17T16:35:44.843447,11411.715489359,1.268700003250567,100.0,0.3,-98.73129999674943,False,98.73129999674943,0.0,INIT
2025-11-17T16:35:44.910943,11411.782985052,1.2807000032520877,100.0,0.3,-98.7192999967479,False,98.7192999967479,0.0,INIT
2025-11-17T16:35:45.162260,11412.034293756,1.3467000032605383,100.0,0.3,-98.65329999673946,False,98.65329999673946,0.0,INIT
2025-11-17T16:35:45.182280,11412.054376256,1.3527000032612098,100.0,0.3,-98.6472999967388,False,98.6472999967388,0.0,INIT
2025-11-17T16:35:45.603862,11412.475899769,1.4607000032748934,100.0,0.3,-98.5392999967251,False,98.5392999967251,0.0,INIT
2025-11-17T16:35:45.682229,11412.554267317,1.4847000032781115,100.0,0.3,-98.5152999967219,False,98.5152999967219,0.0,INIT
2025-11-17T16:35:46.213245,11413.085279935,1.5087000032809748,100.0,0.3,-98.49129999671902,False,98.49129999671902,0.0,INIT
2025-11-17T16:35:46.306381,11413.178417432,1.652700003305248,100.0,0.3,-98.34729999669476,False,98.34729999669476,0.0,INIT
2025-11-17T16:35:47.457475,11414.329512838,1.9887000033662083,100.0,0.3,-98.0112999966338,False,98.0112999966338,0.0,INIT
2025-11-17T16:35:47.593358,11414.465404331,1.9947000033674152,100.0,0.3,-98.00529999663259,False,98.00529999663259,0.0,INIT
2025-11-17T16:35:47.689332,11414.561371273,2.0547000033784246,100.0,0.3,-97.94529999662157,False,97.94529999662157,0.0,INIT
2025-11-17T16:35:48.458015,11415.330053492,2.270700003418872,100.0,0.3,-97.72929999658113,False,97.72929999658113,0.0,INIT
2025-11-17T16:35:48.484164,11415.356199435,2.270700003418872,100.0,0.3,-97.72929999658113,False,97.72929999658113,0.0,INIT
2025-11-17T16:35:48.583592,11415.455628746,2.3007000034243767,100.0,0.3,-97.69929999657562,False,97.69929999657562,0.0,INIT
2025-11-17T16:35:48.696874,11415.568917394,2.3307000034302363,100.0,0.3,-97.66929999656976,False,97.66929999656976,0.0,INIT
2025-11-17T16:35:48.812399,11415.684439448,2.3607000034359182,100.0,0.3,-97.63929999656408,False,97.63929999656408,0.0,INIT
2025-11-17T16:35:49.004303,11415.876337721,2.4087000034448662,100.0,0.3,-97.59129999655514,False,97.59129999655514,0.0,INIT
2025-11-17T16:35:49.430801,11416.302839797,2.5287000034667066,100.0,0.3,-97.47129999653329,False,97.47129999653329,0.0,INIT
2025-11-17T16:35:49.482380,11416.354419869,2.5407000034691216,100.0,0.3,-97.45929999653087,False,97.45929999653087,0.0,INIT
2025-11-17T16:35:49.582207,11416.454244309,2.564700003473241,100.0,0.3,-97.43529999652677,False,97.43529999652677,0.0,INIT
2025-11-17T16:35:49.862622,11416.734662427,2.64870000348837,100.0,0.3,-97.35129999651163,False,97.35129999651163,0.0,INIT
2025-11-17T16:35:49.881858,11416.753894032,2.6547000034892227,100.0,0.3,-97.34529999651078,False,97.34529999651078,0.0,INIT
2025-11-17T16:35:50.027025,11416.899064014,2.696700003496964,100.0,0.3,-97.30329999650304,False,97.30329999650304,0.0,INIT
2025-11-17T16:35:50.082082,11416.954119273,2.7087000034992013,100.0,0.3,-97.2912999965008,False,97.2912999965008,0.0,INIT
2025-11-17T16:35:50.466375,11417.338408638,2.8227000035201892,100.0,0.3,-97.17729999647982,False,97.17729999647982,0.0,INIT
2025-11-17T16:35:50.482086,11417.354127397,2.828700003521398,100.0,0.3,-97.17129999647861,False,97.17129999647861,0.0,INIT
2025-11-17T16:35:50.706308,11417.578344561,2.888700003532406,100.0,0.3,-97.1112999964676,False,97.1112999964676,0.0,INIT
2025-11-17T16:35:50.952542,11417.824576476,2.9607000035454747,100.0,0.3,-97.03929999645453,False,97.03929999645453,0.0,INIT
2025-11-17T16:35:51.328167,11418.200204682,3.0687000035657874,100.0,0.3,-96.9312999964342,False,96.9312999964342,0.0,INIT
2025-11-17T16:35:51.382342,11418.254383287,3.080700003568202,100.0,0.3,-96.9192999964318,False,96.9192999964318,0.0,INIT
2025-11-17T16:35:51.564297,11418.436335898,3.1287000035769736,100.0,0.3,-96.87129999642303,False,96.87129999642303,0.0,INIT
2025-11-17T16:35:52.881854,11419.753896981,3.4767000036395497,100.0,0.3,-96.52329999636045,False,96.52329999636045,0.0,INIT
2025-11-17T16:35:53.029538,11419.901573159,3.518700003647999,100.0,0.3,-96.481299996352,False,96.481299996352,0.0,INIT
2025-11-17T16:35:53.082362,11419.954398719,3.536700003651621,100.0,0.3,-96.46329999634838,False,96.46329999634838,0.0,INIT
2025-11-17T16:35:53.210341,11420.082381374,3.5667000036573033,100.0,0.3,-96.4332999963427,False,96.4332999963427,0.0,INIT
2025-11-17T16:35:53.903080,11420.775116764,3.764700003693774,100.0,0.3,-96.23529999630622,False,96.23529999630622,0.0,INIT
2025-11-17T16:35:53.994860,11420.866899561,3.7887000036978957,100.0,0.3,-96.2112999963021,False,96.2112999963021,0.0,INIT
2025-11-17T16:35:54.082340,11420.954379557,3.818700003703223,100.0,0.3,-96.18129999629677,False,96.18129999629677,0.0,INIT
2025-11-17T16:35:54.182627,11421.054663122,3.848700003708371,100.0,0.3,-96.15129999629163,False,96.15129999629163,0.0,INIT
2025-11-17T16:35:54.282590,11421.154633393,3.8787000037138757,100.0,0.3,-96.12129999628613,False,96.12129999628613,0.0,INIT
2025-11-17T16:35:54.651070,11421.523108654,3.9867000037340117,100.0,0.3,-96.01329999626599,False,96.01329999626599,0.0,INIT
2025-11-17T16:35:54.719946,11421.591984083,4.004700003736924,100.0,0.3,-95.99529999626307,False,95.99529999626307,0.0,INIT
2025-11-17T16:35:55.372622,11422.244659776,4.184700003770305,100.0,0.3,-95.8152999962297,False,95.8152999962297,0.0,INIT
2025-11-17T16:35:55.437213,11422.309250928,4.190700003771512,100.0,0.3,-95.80929999622849,False,95.80929999622849,0.0,INIT
2025-11-17T16:35:55.482680,11422.354717036,4.214700003776164,100.0,0.3,-95.78529999622384,False,95.78529999622384,0.0,INIT
2025-11-17T16:35:55.582192,11422.454236484,4.2447000037814915,100.0,0.3,-95.75529999621851,False,95.75529999621851,0.0,INIT
2025-11-17T16:35:56.086180,11422.95822067,4.370700003804362,100.0,0.3,-95.62929999619564,False,95.62929999619564,0.0,INIT
2025-11-17T16:35:56.224538,11423.096575292,4.406700003811074,100.0,0.3,-95.59329999618893,False,95.59329999618893,0.0,INIT
2025-11-17T16:35:56.295837,11423.167874775,4.430700003815371,100.0,0.3,-95.56929999618463,False,95.56929999618463,0.0,INIT
2025-11-17T16:35:56.476827,11423.348859937,4.478700003824319,100.0,0.3,-95.52129999617569,False,95.52129999617569,0.0,INIT
2025-11-17T16:35:56.482373,11423.354410836,4.478700003824319,100.0,0.3,-95.52129999617569,False,95.52129999617569,0.0,INIT
2025-11-17T16:35:56.596499,11423.468534593,4.508700003829824,100.0,0.3,-95.49129999617017,False,95.49129999617017,0.0,INIT
2025-11-17T16:35:56.761420,11423.633455683,4.556700003838773,100.0,0.3,-95.44329999616123,False,95.44329999616123,0.0,INIT
2025-11-17T16:35:57.140072,11424.012108807,4.556700003838773,100.0,0.3,-95.44329999616123,False,95.44329999616123,0.0,INIT
2025-11-17T16:35:57.182143,11424.054181639,4.670700003859761,100.0,0.3,-95.32929999614024,False,95.32929999614024,0.0,INIT
2025-11-17T16:35:57.281940,11424.153975974,4.700700003865087,100.0,0.3,-95.29929999613492,False,95.29929999613492,0.0,INIT
2025-11-17T16:35:57.392482,11424.264516701,4.730700003870948,100.0,0.3,-95.26929999612905,False,95.26929999612905,0.0,INIT
2025-11-17T16:35:57.616681,11424.48872045,4.796700003883341,100.0,0.3,-95.20329999611666,False,95.20329999611666,0.0,INIT
2025-11-17T16:35:57.804207,11424.676247376,4.85070000389332,100.0,0.3,-95.14929999610668,False,95.14929999610668,0.0,INIT
2025-11-17T16:35:57.882121,11424.754158463,4.874700003897617,100.0,0.3,-95.12529999610238,False,95.12529999610238,0.0,INIT
2025-11-17T16:35:58.306639,11425.178673926,4.994700003919281,100.0,0.3,-95.00529999608072,False,95.00529999608072,0.0,INIT
2025-11-17T16:35:58.441628,11425.313663481,5.030700003925814,100.0,0.3,-94.96929999607418,False,94.96929999607418,0.0,INIT
2025-11-17T16:35:58.671360,11425.54340202,5.096700003938741,100.0,0.3,-94.90329999606126,False,94.90329999606126,0.0,INIT
2025-11-17T16:35:58.682597,11425.554632398,5.096700003938741,100.0,0.3,-94.90329999606126,False,94.90329999606126,0.0,INIT
2025-11-17T16:35:59.314581,11426.186617049,5.120700003943037,100.0,0.3,-94.87929999605696,False,94.87929999605696,0.0,INIT
2025-11-17T16:35:59.901474,11426.773509116,5.420700003999148,100.0,0.3,-94.57929999600086,False,94.57929999600086,0.0,INIT
2025-11-17T16:36:00.022947,11426.894987274,5.45070000400465,100.0,0.3,-94.54929999599536,False,94.54929999599536,0.0,INIT
2025-11-17T16:36:00.082212,11426.954248251,5.468700004008094,100.0,0.3,-94.5312999959919,False,94.5312999959919,0.0,INIT
2025-11-17T16:36:00.688925,11427.560971136,5.636700004039416,100.0,0.1763533154026955,-94.36329999596059,False,94.36329999596059,0.0,INIT
2025-11-17T16:36:01.060796,11427.932832562,5.7021655449953395,100.0,0.08932356994986251,-94.29783445500466,False,94.29783445500466,0.0,INIT
2025-11-17T16:36:01.116587,11427.988621543,5.7073050235557,100.0,0.08172461224005119,-94.2926949764443,False,94.2926949764443,0.0,INIT
2025-11-17T16:36:01.212415,11428.084453544,5.71623738056156,100.0,0.0680727418562588,-94.28376261943843,False,94.28376261943843,0.0,INIT
2025-11-17T16:36:01.596099,11428.46813597,5.741062330142251,100.0,0.02516491329216108,-94.25893766985774,False,94.25893766985774,0.0,INIT
2025-11-17T16:36:01.704913,11428.576952171,5.749231059167168,100.0,0.007163635257986135,-94.25076894083283,False,94.25076894083283,0.0,INIT
2025-11-17T16:36:01.782112,11428.654151234,5.7501052425494015,100.0,0.004921926108089784,-94.2498947574506,False,94.2498947574506,0.0,INIT
2025-11-17T16:36:02.390708,11429.262748039,5.75297136564306,100.0,0.0013578274966078712,-94.24702863435694,False,94.24702863435694,0.0,INIT
2025-11-17T16:36:02.483668,11429.355704766,5.753258196786633,100.0,0.002088552812461687,-94.24674180321337,False,94.24674180321337,0.0,INIT
2025-11-17T16:36:02.595115,11429.467153974,5.7534949394578945,100.0,0.002708605075510172,-94.2465050605421,False,94.2465050605421,0.0,INIT
2025-11-17T16:36:02.682491,11429.554525756,5.753706047399542,100.0,0.0032659650046471264,-94.24629395260045,False,94.24629395260045,0.0,INIT
2025-11-17T16:36:03.207813,11430.079849683,5.755201703539355,100.0,0.007143434063144359,-94.24479829646064,False,94.24479829646064,0.0,INIT
2025-11-17T16:36:03.292871,11430.164906128,5.75558377993957,100.0,0.008097942058070594,-94.24441622006043,False,94.24441622006043,0.0,INIT
2025-11-17T16:36:03.382201,11430.254239401,5.756215388664047,100.0,0.009642603785935875,-94.24378461133595,False,94.24378461133595,0.0,INIT
2025-11-17T16:36:03.492645,11430.364690818,5.757164202736171,100.0,0.011891764697300501,-94.24283579726382,False,94.24283579726382,0.0,INIT
2025-11-17T16:36:03.915296,11430.787333307,5.761669580084613,100.0,0.021708385710005385,-94.23833041991539,False,94.23833041991539,0.0,INIT
2025-11-17T16:36:03.982123,11430.854158812,5.7628248339424255,100.0,0.024057683251423344,-94.23717516605757,False,94.23717516605757,0.0,INIT
2025-11-17T16:36:04.127491,11430.999529931,5.766160019435267,100.0,0.03057118859863782,-94.23383998056474,False,94.23383998056474,0.0,INIT
2025-11-17T16:36:04.182298,11431.054338991,5.767304704891548,100.0,0.032729806493106695,-94.23269529510846,False,94.23269529510846,0.0,INIT
2025-11-17T16:36:04.282303,11431.154342797,5.770534513819785,100.0,0.03864915516562549,-94.22946548618022,False,94.22946548618022,0.0,INIT
2025-11-17T16:36:04.592746,11431.464792461,5.782034551038839,100.0,0.05823851484782685,-94.21796544896117,False,94.21796544896117,0.0,INIT
2025-11-17T16:36:04.682278,11431.554314544,5.78540073441636,100.0,0.0636515731851496,-94.21459926558364,False,94.21459926558364,0.0,INIT
2025-11-17T16:36:05.778174,11432.650214627,5.851495522582717,100.0,0.1559982057656205,-94.14850447741728,False,94.14850447741728,0.0,INIT
2025-11-17T16:36:05.797190,11432.66922688,5.851495522582717,100.0,0.1559982057656205,-94.14850447741728,False,94.14850447741728,0.0,INIT
2025-11-17T16:36:05.965729,11432.837767739,5.873407796255665,100.0,0.1833145893592137,-94.12659220374434,False,94.12659220374434,0.0,INIT
2025-11-17T16:36:06.217835,11433.089875433,5.873407796255665,100.0,0.1833145893592137,-94.12659220374434,False,94.12659220374434,0.0,INIT
2025-11-17T16:36:06.282066,11433.15410263,5.920890167471994,100.0,0.23936607278338357,-94.079109832528,False,94.079109832528,0.0,INIT
2025-11-17T16:36:06.400485,11433.272522741,5.943873899316557,100.0,0.26530978522652054,-94.05612610068344,False,94.05612610068344,0.0,INIT
2025-11-17T16:36:06.680001,11433.55203785,6.012335569121977,100.0,0.3,-93.98766443087803,False,93.98766443087803,0.0,INIT
2025-11-17T16:36:06.687396,11433.559428103,6.012335569121977,100.0,0.3,-93.98766443087803,False,93.98766443087803,0.0,INIT
2025-11-17T16:36:06.877525,11433.749559752,6.059884596200807,100.0,0.3,-93.9401154037992,False,93.9401154037992,0.0,INIT
2025-11-17T16:36:06.884043,11433.756081432,6.059884596200807,100.0,0.3,-93.9401154037992,False,93.9401154037992,0.0,INIT
2025-11-17T16:36:07.062480,11433.934520473,6.107884596207629,100.0,0.3,-93.89211540379237,False,93.89211540379237,0.0,INIT
2025-11-17T16:36:07.083590,11433.955625569,6.113884596208482,100.0,0.3,-93.88611540379152,False,93.88611540379152,0.0,INIT
2025-11-17T16:36:07.224369,11434.096416383,6.149884596215016,100.0,0.3,-93.85011540378498,False,93.85011540378498,0.0,INIT
2025-11-17T16:36:07.282022,11434.154056361,6.167884596217927,100.0,0.3,-93.83211540378207,False,93.83211540378207,0.0,INIT
2025-11-17T16:36:07.382085,11434.254121155,6.197884596223611,100.0,0.3,-93.80211540377638,False,93.80211540377638,0.0,INIT
2025-11-17T16:36:07.495232,11434.367275449,6.227884596228584,100.0,0.3,-93.77211540377141,False,93.77211540377141,0.0,INIT
2025-11-17T16:36:07.601698,11434.47373691,6.257884596233556,100.0,0.3,-93.74211540376645,False,93.74211540376645,0.0,INIT
2025-11-17T16:36:07.684280,11434.556317178,6.281884596237675,100.0,0.3,-93.71811540376233,False,93.71811540376233,0.0,INIT
2025-11-17T16:36:08.002433,11434.874471581,6.3718845962533015,100.0,0.3,-93.6281154037467,False,93.6281154037467,0.0,INIT
2025-11-17T16:36:08.161091,11435.033129391,6.413884596261044,100.0,0.3,-93.58611540373896,False,93.58611540373896,0.0,INIT
2025-11-17T16:36:08.878529,11435.750563066,6.6238845962557775,100.0,0.3,-93.37611540374422,False,93.37611540374422,0.0,INIT
2025-11-17T16:36:08.899612,11435.771651284,6.6238845962557775,100.0,0.3,-93.37611540374422,False,93.37611540374422,0.0,INIT
2025-11-17T16:36:09.483447,11436.355480296,6.791884596119713,100.0,0.3,-93.20811540388029,False,93.20811540388029,0.0,INIT
2025-11-17T16:36:09.653166,11436.525202204,6.833884596086317,100.0,0.3,-93.16611540391368,False,93.16611540391368,0.0,INIT
2025-11-17T16:36:10.275453,11437.147490421,7.001884595950254,100.0,0.3,-92.99811540404974,False,92.99811540404974,0.0,INIT
2025-11-17T16:36:10.296731,11437.168768237,7.001884595950254,100.0,0.3,-92.99811540404974,False,92.99811540404974,0.0,INIT
2025-11-17T16:36:10.382146,11437.254181825,7.031884595926146,100.0,0.3,-92.96811540407386,False,92.96811540407386,0.0,INIT
2025-11-17T16:36:10.482108,11437.354144666,7.055884595906861,100.0,0.3,-92.94411540409314,False,92.94411540409314,0.0,INIT
2025-11-17T16:36:10.703849,11437.575885257,7.109884595863113,100.0,0.3,-92.89011540413689,False,92.89011540413689,0.0,INIT
2025-11-17T16:36:10.838734,11437.710769464,7.151884595829007,100.0,0.3,-92.848115404171,False,92.848115404171,0.0,INIT
2025-11-17T16:36:10.890032,11437.76206951,7.16388459581901,100.0,0.3,-92.83611540418099,False,92.83611540418099,0.0,INIT
2025-11-17T16:36:11.002422,11437.874456774,7.193884595794902,100.0,0.3,-92.8061154042051,False,92.8061154042051,0.0,INIT
2025-11-17T16:36:11.082234,11437.954270468,7.211884595780438,100.0,0.3,-92.78811540421957,False,92.78811540421957,0.0,INIT
2025-11-17T16:36:11.182404,11438.054439284,7.241884595755976,100.0,0.3,-92.75811540424402,False,92.75811540424402,0.0,INIT
2025-11-17T16:36:11.282279,11438.154315832,7.265884595736692,100.0,0.3,-92.7341154042633,False,92.7341154042633,0.0,INIT
2025-11-17T16:36:12.342621,11439.214656089,7.571884595489378,100.0,0.3,-92.42811540451062,False,92.42811540451062,0.0,INIT
2025-11-17T16:36:12.597729,11439.469764667,7.577884595484558,100.0,0.3,-92.42211540451544,False,92.42211540451544,0.0,INIT
2025-11-17T16:36:12.942935,11439.814973553,7.733884595358846,100.0,0.3,-92.26611540464116,False,92.26611540464116,0.0,INIT
2025-11-17T16:36:13.165217,11440.037252255,7.799884595305096,100.0,0.3,-92.2001154046949,False,92.2001154046949,0.0,INIT
2025-11-17T16:36:13.189545,11440.061580973,7.805884595300631,100.0,0.3,-92.19411540469937,False,92.19411540469937,0.0,INIT
2025-11-17T16:36:13.417883,11440.289924343,7.871884595246886,100.0,0.3,-92.12811540475312,False,92.12811540475312,0.0,INIT
2025-11-17T16:36:13.635689,11440.507728451,7.931884595198671,100.0,0.3,-92.06811540480133,False,92.06811540480133,0.0,INIT
2025-11-17T16:36:13.688644,11440.560678824,7.943884595188675,100.0,0.3,-92.05611540481132,False,92.05611540481132,0.0,INIT
2025-11-17T16:36:13.819282,11440.691317163,7.973884595164568,100.0,0.3,-92.02611540483544,False,92.02611540483544,0.0,INIT
2025-11-17T16:36:13.982430,11440.854463369,8.021884595125641,100.0,0.3,-91.97811540487436,False,91.97811540487436,0.0,INIT
2025-11-17T16:36:14.220051,11441.092088389,8.081884595077426,100.0,0.3,-91.91811540492257,False,91.91811540492257,0.0,INIT
2025-11-17T16:36:14.432382,11441.304417073,8.141884595028502,100.0,0.3,-91.8581154049715,False,91.8581154049715,0.0,INIT
2025-11-17T16:36:14.516477,11441.388514574,8.159884595014038,100.0,0.3,-91.84011540498597,False,91.84011540498597,0.0,INIT
2025-11-17T16:36:14.590729,11441.462763784,8.183884594995108,100.0,0.3,-91.8161154050049,False,91.8161154050049,0.0,INIT
2025-11-17T16:36:14.904174,11441.776211637,8.183884594995108,100.0,0.3,-91.8161154050049,False,91.8161154050049,0.0,INIT
2025-11-17T16:36:14.982382,11441.854419042,8.291884594907255,100.0,0.3,-91.70811540509274,False,91.70811540509274,0.0,INIT
2025-11-17T16:36:15.083035,11441.955070381,8.32188459488315,100.0,0.3,-91.67811540511686,False,91.67811540511686,0.0,INIT
2025-11-17T16:36:15.219259,11442.091295833,8.35788459485422,100.0,0.3,-91.64211540514577,False,91.64211540514577,0.0,INIT
2025-11-17T16:36:15.293456,11442.165493834,8.381884594834935,100.0,0.3,-91.61811540516507,False,91.61811540516507,0.0,INIT
2025-11-17T16:36:15.573619,11442.445655725,8.45988459477155,100.0,0.3,-91.54011540522845,False,91.54011540522845,0.0,INIT
2025-11-17T16:36:15.587539,11442.459572929,8.465884594766726,100.0,0.3,-91.53411540523328,False,91.53411540523328,0.0,INIT
2025-11-17T16:36:15.682562,11442.554613486,8.489884594747439,100.0,0.3,-91.51011540525256,False,91.51011540525256,0.0,INIT
2025-11-17T16:36:15.782463,11442.654503105,8.51988459472333,100.0,0.3,-91.48011540527668,False,91.48011540527668,0.0,INIT
2025-11-17T16:36:15.991708,11442.863742315,8.579884594674763,100.0,0.3,-91.42011540532523,False,91.42011540532523,0.0,INIT
2025-11-17T16:36:16.221950,11443.093985205,8.645884594621371,100.0,0.3,-91.35411540537862,False,91.35411540537862,0.0,INIT
2025-11-17T16:36:16.533208,11443.405252666,8.729884594553518,100.0,0.3,-91.27011540544649,False,91.27011540544649,0.0,INIT
2025-11-17T16:36:17.480974,11444.353037986,8.993884594339955,100.0,0.3,-91.00611540566004,False,91.00611540566004,0.0,INIT
2025-11-17T16:36:17.507172,11444.379208759,8.993884594339955,100.0,0.3,-91.00611540566004,False,91.00611540566004,0.0,INIT
2025-11-17T16:36:17.935705,11444.807744216,9.113884594242814,100.0,0.3,-90.88611540575718,False,90.88611540575718,0.0,INIT
2025-11-17T16:36:18.297623,11445.169659452,9.20988459416532,100.0,0.3,-90.79011540583468,False,90.79011540583468,0.0,INIT
2025-11-17T16:36:18.723832,11445.595870958,9.329884594068533,100.0,0.3,-90.67011540593147,False,90.67011540593147,0.0,INIT
2025-11-17T16:36:19.086231,11445.958280143,9.431884593986215,100.0,0.3,-90.56811540601379,False,90.56811540601379,0.0,INIT
2025-11-17T16:36:19.373303,11446.245337991,9.515884593918004,100.0,0.3,-90.484115406082,False,90.484115406082,0.0,INIT
2025-11-17T16:36:19.382270,11446.254304942,9.515884593918004,100.0,0.3,-90.484115406082,False,90.484115406082,0.0,INIT
2025-11-17T16:36:19.482235,11446.354271243,9.545884593893899,100.0,0.3,-90.4541154061061,False,90.4541154061061,0.0,INIT
2025-11-17T16:36:19.608327,11446.480365014,9.581884593864968,100.0,0.3,-90.41811540613503,False,90.41811540613503,0.0,INIT
2025-11-17T16:36:19.681962,11446.55399971,9.605884593845683,100.0,0.3,-90.39411540615431,False,90.39411540615431,0.0,INIT
2025-11-17T16:36:19.782084,11446.654121186,9.629884593826041,100.0,0.3,-90.37011540617397,False,90.37011540617397,0.0,INIT
2025-11-17T16:36:19.897856,11446.769893981,9.659884593801578,100.0,0.3,-90.34011540619842,False,90.34011540619842,0.0,INIT
2025-11-17T16:36:19.981949,11446.85398274,9.683884593782293,100.0,0.3,-90.3161154062177,False,90.3161154062177,0.0,INIT
2025-11-17T16:36:20.081966,11446.953998839,9.713884593757834,100.0,0.3,-90.28611540624216,False,90.28611540624216,0.0,INIT
2025-11-17T16:36:20.182393,11447.054433264,9.73788459373855,100.0,0.3,-90.26211540626144,False,90.26211540626144,0.0,INIT
2025-11-17T16:36:20.288402,11447.160443171,9.76788459371444,100.0,0.3,-90.23211540628556,False,90.23211540628556,0.0,INIT
2025-11-17T16:36:20.426932,11447.298966394,9.803884593685513,100.0,0.3,-90.19611540631449,False,90.19611540631449,0.0,INIT
2025-11-17T16:36:22.335099,11449.207135794,10.325884593263563,100.0,0.3,-89.67411540673643,False,89.67411540673643,0.0,INIT
2025-11-17T16:36:22.448445,11449.320481495,10.337884593253568,100.0,0.3,-89.66211540674644,False,89.66211540674644,0.0,INIT
2025-11-17T16:36:22.518050,11449.390087447,10.379884593219813,100.0,0.3,-89.62011540678019,False,89.62011540678019,0.0,INIT
2025-11-17T16:36:22.582181,11449.454220076,10.39788459320535,100.0,0.3,-89.60211540679465,False,89.60211540679465,0.0,INIT
2025-11-17T16:36:22.766012,11449.638048761,10.451884593161601,100.0,0.3,-89.5481154068384,False,89.5481154068384,0.0,INIT
2025-11-17T16:36:22.782649,11449.654687142,10.451884593161601,100.0,0.3,-89.5481154068384,False,89.5481154068384,0.0,INIT
2025-11-17T16:36:22.882131,11449.754167582,10.481884593137492,100.0,0.3,-89.5181154068625,False,89.5181154068625,0.0,INIT
2025-11-17T16:36:23.260113,11450.132147203,10.589884593049998,100.0,0.3,-89.41011540695,False,89.41011540695,0.0,INIT
2025-11-17T16:36:23.282647,11450.154695432,10.595884593045177,100.0,0.3,-89.40411540695482,False,89.40411540695482,0.0,INIT
2025-11-17T16:36:23.463829,11450.335864485,10.649884593001428,100.0,0.3,-89.35011540699857,False,89.35011540699857,0.0,INIT
2025-11-17T16:36:23.482098,11450.354134725,10.655884592996962,100.0,0.3,-89.34411540700304,False,89.34411540700304,0.0,INIT
2025-11-17T16:36:23.582100,11450.454134881,10.679884592977322,100.0,0.3,-89.32011540702268,False,89.32011540702268,0.0,INIT
2025-11-17T16:36:23.710484,11450.582518358,10.715884592948042,100.0,0.3,-89.28411540705196,False,89.28411540705196,0.0,INIT
2025-11-17T16:36:23.782512,11450.654554115,10.733884592933574,100.0,0.3,-89.26611540706642,False,89.26611540706642,0.0,INIT
2025-11-17T16:36:24.054297,11450.926345519,10.811884592870543,100.0,0.3,-89.18811540712946,False,89.18811540712946,0.0,INIT
2025-11-17T16:36:24.082288,11450.954322803,10.81788459286572,100.0,0.3,-89.18211540713428,False,89.18211540713428,0.0,INIT
2025-11-17T16:36:24.181794,11451.053827387,10.847884592841615,100.0,0.3,-89.15211540715839,False,89.15211540715839,0.0,INIT
2025-11-17T16:36:25.260973,11452.133022295,11.129884592613585,100.0,0.3,-88.87011540738641,False,88.87011540738641,0.0,INIT
2025-11-17T16:36:25.287449,11452.159485377,11.129884592613585,100.0,0.3,-88.87011540738641,False,88.87011540738641,0.0,INIT
2025-11-17T16:36:25.382007,11452.254043178,11.165884592584305,100.0,0.3,-88.8341154074157,False,88.8341154074157,0.0,INIT
2025-11-17T16:36:25.482084,11452.354119573,11.195884592560192,100.0,0.3,-88.80411540743981,False,88.80411540743981,0.0,INIT
2025-11-17T16:36:25.582162,11452.454199201,11.21988459254091,100.0,0.3,-88.78011540745909,False,88.78011540745909,0.0,INIT
2025-11-17T16:36:25.682325,11452.55436346,11.249884592516445,100.0,0.3,-88.75011540748355,False,88.75011540748355,0.0,INIT
2025-11-17T16:36:25.781965,11452.654015817,11.279884592492339,100.0,0.3,-88.72011540750766,False,88.72011540750766,0.0,INIT
2025-11-17T16:36:25.893241,11452.765284343,11.309884592467881,100.0,0.3,-88.69011540753212,False,88.69011540753212,0.0,INIT
2025-11-17T16:36:26.481044,11453.353093239,11.477884592332522,100.0,0.3,-88.52211540766748,False,88.52211540766748,0.0,INIT
2025-11-17T16:36:26.497498,11453.369536491,11.477884592332522,100.0,0.3,-88.52211540766748,False,88.52211540766748,0.0,INIT
2025-11-17T16:36:27.563428,11454.435465988,11.783884592084855,100.0,0.3,-88.21611540791514,False,88.21611540791514,0.0,INIT
2025-11-17T16:36:27.584534,11454.456573114,11.783884592084855,100.0,0.3,-88.21611540791514,False,88.21611540791514,0.0,INIT
2025-11-17T16:36:27.717094,11454.589127797,11.819884592055926,100.0,0.29159590333250013,-88.18011540794407,False,88.18011540794407,0.0,INIT
2025-11-17T16:36:27.782121,11454.654157013,11.83749800363998,100.0,0.2722583712058162,-88.16250199636002,False,88.16250199636002,0.0,INIT
2025-11-17T16:36:27.882304,11454.754343469,11.865013903816333,100.0,0.24133349068147533,-88.13498609618367,False,88.13498609618367,0.0,INIT
2025-11-17T16:36:28.013342,11454.885381489,11.88945650180782,100.0,0.21300797426220286,-88.11054349819219,False,88.11054349819219,0.0,INIT
2025-11-17T16:36:28.114666,11454.986701724,11.911323809666072,100.0,0.18684465755563864,-88.08867619033393,False,88.08867619033393,0.0,INIT
2025-11-17T16:36:28.182252,11455.054288535,11.918954575964715,100.0,0.17750126553653434,-88.08104542403528,False,88.08104542403528,0.0,INIT
2025-11-17T16:36:28.282209,11455.154244655,11.933285484746827,100.0,0.15960896674901526,-88.06671451525317,False,88.06671451525317,0.0,INIT
2025-11-17T16:36:28.382488,11455.254525682,11.949604227495394,100.0,0.13860006672828049,-88.0503957725046,False,88.0503957725046,0.0,INIT
2025-11-17T16:36:28.782235,11455.654270991,11.999668322858428,100.0,0.06768815300688348,-88.00033167714157,False,88.00033167714157,0.0,INIT
2025-11-17T16:36:28.882287,11455.754324081,12.005863406423735,100.0,0.05779601880426252,-87.99413659357626,False,87.99413659357626,0.0,INIT
2025-11-17T16:36:28.982237,11455.854275647,12.011771606101506,100.0,0.04795495872489025,-87.9882283938985,False,87.9882283938985,0.0,INIT
2025-11-17T16:36:29.082281,11455.954320533,12.015676890272752,100.0,0.04117249799382017,-87.98432310972724,False,87.98432310972724,0.0,INIT
2025-11-17T16:36:29.182406,11456.054445012,12.019916224398676,100.0,0.03348568827531481,-87.98008377560133,False,87.98008377560133,0.0,INIT
2025-11-17T16:36:29.282066,11456.154101675,12.023372408595765,100.0,0.02689291376608065,-87.97662759140424,False,87.97662759140424,0.0,INIT
2025-11-17T16:36:29.382178,11456.254218096,12.02558317671241,100.0,0.02247361680821931,-87.97441682328758,False,87.97441682328758,0.0,INIT
2025-11-17T16:36:29.553560,11456.425596901,12.029712394364998,100.0,0.013614929723830329,-87.97028760563501,False,87.97028760563501,0.0,INIT
2025-11-17T16:36:29.711543,11456.583580767,12.031680495372699,100.0,0.008987720525603444,-87.9683195046273,False,87.9683195046273,0.0,INIT
2025-11-17T16:36:29.791389,11456.663425285,12.032326184425099,100.0,0.007390258974730592,-87.9676738155749,False,87.9676738155749,0.0,INIT
2025-11-17T16:36:29.942041,11456.814079603,12.033764219970037,100.0,0.0036777024942749657,-87.96623578002996,False,87.96623578002996,0.0,INIT
2025-11-17T16:36:30.397192,11457.269234453,12.035487012457484,100.0,4.021020496758273e-05,-87.96451298754252,False,87.96451298754252,0.0,INIT
2025-11-17T16:36:30.492785,11457.364821959,12.035603795725066,100.0,0.00018025424888572222,-87.96439620427493,False,87.96439620427493,0.0,INIT
2025-11-17T16:36:30.747035,11457.619077595,12.035641911127481,100.0,0.00023980018140628352,-87.96435808887252,False,87.96435808887252,0.0,INIT
2025-11-17T16:36:30.782191,11457.654230263,12.035649597658692,100.0,0.0002524588238221941,-87.96435040234131,False,87.96435040234131,0.0,INIT
2025-11-17T16:36:30.895207,11457.767247119,12.03567462832356,100.0,0.00029505977551335717,-87.96432537167644,True,87.96432537167644,0.0,INIT
2025-11-17T16:36:30.982145,11457.854179156,12.035697338494693,100.0,0.0003354138192925153,-87.96430266150531,True,87.96430266150531,0.0,INIT
2025-11-17T16:36:31.082044,11457.95408108,12.035730113243657,100.0,0.0003962369673774799,-87.96426988675634,True,87.96426988675634,0.0,INIT
2025-11-17T16:36:32.953218,11459.825254544,12.036395244463456,100.0,0.0019634968476961124,-87.96360475553655,True,87.96360475553655,0.0,INIT
2025-11-17T16:36:33.284682,11460.156715538,12.03641901870039,100.0,0.0020250262709844147,-87.96358098129961,False,87.96358098129961,0.0,INIT
2025-11-17T16:36:33.462594,11460.334629909,12.037271986883212,100.0,0.004270135024661863,-87.96272801311679,False,87.96272801311679,0.0,INIT
2025-11-17T16:36:33.482765,11460.354807875,12.037320544893737,100.0,0.004397695602855211,-87.96267945510627,False,87.96267945510627,0.0,INIT
2025-11-17T16:36:33.582236,11460.454276316,12.037758783877267,100.0,0.00553991398204548,-87.96224121612273,False,87.96224121612273,0.0,INIT
2025-11-17T16:36:33.682278,11460.554322707,12.038191697045411,100.0,0.006649438709585964,-87.9618083029546,False,87.9618083029546,0.0,INIT
2025-11-17T16:36:34.774755,11461.646792368,12.044951936283942,100.0,0.02190788471808003,-87.95504806371606,False,87.95504806371606,0.0,INIT
2025-11-17T16:36:34.816942,11461.688986357,12.04521791398469,100.0,0.02245256732856826,-87.95478208601531,False,87.95478208601531,0.0,INIT
2025-11-17T16:36:34.882238,11461.754274131,12.046524746787542,100.0,0.025087255877661235,-87.95347525321246,False,87.95347525321246,0.0,INIT
2025-11-17T16:36:35.065412,11461.937451018,12.050985124623008,100.0,0.033652947154454944,-87.94901487537699,False,87.94901487537699,0.0,INIT
2025-11-17T16:36:35.082777,11461.954812009,12.050985124623008,100.0,0.033652947154454944,-87.94901487537699,False,87.94901487537699,0.0,INIT
2025-11-17T16:36:35.224008,11462.096044481,12.054972084119283,100.0,0.04088472699276587,-87.94502791588071,False,87.94502791588071,0.0,INIT
2025-11-17T16:36:35.885357,11462.757395073,12.078432113459158,100.0,0.07888782087585476,-87.92156788654084,False,87.92156788654084,0.0,INIT
2025-11-17T16:36:36.180823,11463.05285771,12.099114588668803,100.0,0.10879178801555607,-87.9008854113312,False,87.9008854113312,0.0,INIT
2025-11-17T16:36:36.191217,11463.063253674,12.099114588668803,100.0,0.10879178801555607,-87.9008854113312,False,87.9008854113312,0.0,INIT
2025-11-17T16:36:36.290958,11463.162991827,12.109305976099776,100.0,0.12276639231349278,-87.89069402390022,False,87.89069402390022,0.0,INIT
2025-11-17T16:36:36.768611,11463.640653205,12.165526973559864,100.0,0.19415733045309597,-87.83447302644014,False,87.83447302644014,0.0,INIT
2025-11-17T16:36:36.789843,11463.661886883,12.16798230140309,100.0,0.19711060862482294,-87.83201769859691,False,87.83201769859691,0.0,INIT
2025-11-17T16:36:36.949823,11463.821866392,12.19941316819096,100.0,0.23401889497421052,-87.80058683180904,False,87.80058683180904,0.0,INIT
2025-11-17T16:36:37.286172,11464.158208761,12.273893223305768,100.0,0.3,-87.72610677669424,False,87.72610677669424,0.0,INIT
2025-11-17T16:36:37.524201,11464.396234553,12.33844163868819,100.0,0.3,-87.6615583613118,False,87.6615583613118,0.0,INIT
2025-11-17T16:36:37.627228,11464.499265038,12.368441638663729,100.0,0.3,-87.63155836133627,False,87.63155836133627,0.0,INIT
2025-11-17T16:36:37.802186,11464.674221636,12.416441638624804,100.0,0.3,-87.5835583613752,False,87.5835583613752,0.0,INIT
2025-11-17T16:36:37.991084,11464.863120554,12.470441638581411,100.0,0.3,-87.5295583614186,False,87.5295583614186,0.0,INIT
2025-11-17T16:36:38.226278,11465.098314041,12.530441638532839,100.0,0.3,-87.46955836146716,False,87.46955836146716,0.0,INIT
2025-11-17T16:36:38.302669,11465.174714573,12.554441638513554,100.0,0.3,-87.44555836148645,False,87.44555836148645,0.0,INIT
2025-11-17T16:36:38.382050,11465.254087431,12.572441638498736,100.0,0.3,-87.42755836150127,False,87.42755836150127,0.0,INIT
2025-11-17T16:36:38.876686,11465.748720294,12.704441638392307,100.0,0.3,-87.29555836160769,False,87.29555836160769,0.0,INIT
2025-11-17T16:36:38.899313,11465.77135003,12.710441638387488,100.0,0.3,-87.2895583616125,False,87.2895583616125,0.0,INIT
2025-11-17T16:36:41.066656,11467.938691054,13.31644163789733,100.0,0.3,-86.68355836210267,False,86.68355836210267,0.0,INIT
2025-11-17T16:36:41.178260,11468.050296521,13.322441637892506,100.0,0.3,-86.67755836210749,False,86.67755836210749,0.0,INIT
2025-11-17T16:36:41.181818,11468.053851481,13.346441637873221,100.0,0.3,-86.65355836212677,False,86.65355836212677,0.0,INIT
2025-11-17T16:36:41.290396,11468.162431993,13.382441637844293,100.0,0.3,-86.6175583621557,False,86.6175583621557,0.0,INIT
2025-11-17T16:36:41.382042,11468.254080836,13.406441637825004,100.0,0.3,-86.593558362175,False,86.593558362175,0.0,INIT
2025-11-17T16:36:41.566623,11468.438657903,13.460441637781258,100.0,0.3,-86.53955836221874,False,86.53955836221874,0.0,INIT
2025-11-17T16:36:41.582748,11468.454784753,13.460441637781258,100.0,0.3,-86.53955836221874,False,86.53955836221874,0.0,INIT
2025-11-17T16:36:41.681841,11468.553875607,13.490441637757149,100.0,0.3,-86.50955836224286,False,86.50955836224286,0.0,INIT
2025-11-17T16:36:42.225457,11469.097497763,13.640441637635908,100.0,0.3,-86.3595583623641,False,86.3595583623641,0.0,INIT
2025-11-17T16:36:42.282230,11469.154269812,13.652441637625909,100.0,0.3,-86.34755836237409,False,86.34755836237409,0.0,INIT
2025-11-17T16:36:42.382201,11469.254238088,13.676441637606622,100.0,0.3,-86.32355836239338,False,86.32355836239338,0.0,INIT
2025-11-17T16:36:42.482033,11469.354070945,13.706441637582516,100.0,0.3,-86.29355836241749,False,86.29355836241749,0.0,INIT
2025-11-17T16:36:42.582414,11469.454452979,13.730441637562876,100.0,0.3,-86.26955836243712,False,86.26955836243712,0.0,INIT
2025-11-17T16:36:42.700590,11469.572627578,13.760441637538769,100.0,0.3,-86.23955836246122,False,86.23955836246122,0.0,INIT
2025-11-17T16:36:42.782699,11469.654735719,13.784441637519482,100.0,0.3,-86.21555836248052,False,86.21555836248052,0.0,INIT
2025-11-17T16:36:43.041257,11469.913299011,13.850441637465737,100.0,0.3,-86.14955836253426,False,86.14955836253426,0.0,INIT
2025-11-17T16:36:43.253323,11470.125375618,13.910441637417518,100.0,0.3,-86.08955836258248,False,86.08955836258248,0.0,INIT
2025-11-17T16:36:43.282009,11470.154045506,13.916441637412344,100.0,0.3,-86.08355836258765,False,86.08355836258765,0.0,INIT
2025-11-17T16:36:43.575816,11470.447853015,14.000441637344489,100.0,0.3,-85.9995583626555,False,85.9995583626555,0.0,INIT
2025-11-17T16:36:43.589144,11470.461191305,14.000441637344489,100.0,0.3,-85.9995583626555,False,85.9995583626555,0.0,INIT
2025-11-17T16:36:44.017750,11470.889789256,14.000441637344489,100.0,0.3,-85.9995583626555,False,85.9995583626555,0.0,INIT
2025-11-17T16:36:44.081884,11470.953920352,14.144441637228065,100.0,0.3,-85.85555836277193,False,85.85555836277193,0.0,INIT
2025-11-17T16:36:44.301029,11471.173065744,14.210441637175029,100.0,0.3,-85.78955836282498,False,85.78955836282498,0.0,INIT
2025-11-17T16:36:44.382266,11471.254302177,14.228441637160566,100.0,0.3,-85.77155836283943,False,85.77155836283943,0.0,INIT
2025-11-17T16:36:44.482192,11471.354229254,14.258441637136102,100.0,0.3,-85.7415583628639,False,85.7415583628639,0.0,INIT
2025-11-17T16:36:44.639534,11471.51158548,14.30644163709753,100.0,0.3,-85.69355836290246,False,85.69355836290246,0.0,INIT
2025-11-17T16:36:44.792010,11471.664051568,14.348441637063358,100.0,0.3,-85.65155836293664,False,85.65155836293664,0.0,INIT
2025-11-17T16:36:44.882251,11471.754290559,14.372441637043645,100.0,0.3,-85.62755836295635,False,85.62755836295635,0.0,INIT
2025-11-17T16:36:45.707999,11472.580036526,14.60044163685906,100.0,0.3,-85.39955836314094,False,85.39955836314094,0.0,INIT
2025-11-17T16:36:45.892596,11472.764642511,14.648441636819982,100.0,0.3,-85.35155836318002,False,85.35155836318002,0.0,INIT
2025-11-17T16:36:45.982244,11472.854282996,14.672441636800263,100.0,0.3,-85.32755836319974,False,85.32755836319974,0.0,INIT
2025-11-17T16:36:46.083674,11472.955709537,14.696441636780907,100.0,0.3,-85.3035583632191,False,85.3035583632191,0.0,INIT
2025-11-17T16:36:46.215700,11473.087735557,14.732441636751874,100.0,0.3,-85.26755836324813,False,85.26755836324813,0.0,INIT
2025-11-17T16:36:46.284457,11473.156493757,14.750441636737355,100.0,0.3,-85.24955836326265,False,85.24955836326265,0.0,INIT
2025-11-17T16:36:46.944403,11473.816440952,14.930441636591102,100.0,0.3,-85.0695583634089,False,85.0695583634089,0.0,INIT
2025-11-17T16:36:46.982209,11473.854247177,14.936441636586265,100.0,0.3,-85.06355836341373,False,85.06355836341373,0.0,INIT
2025-11-17T16:36:47.081845,11473.953881354,14.966441636561715,100.0,0.3,-85.03355836343829,False,85.03355836343829,0.0,INIT
2025-11-17T16:36:47.578935,11474.450976299,15.11044163644521,100.0,0.3,-84.88955836355478,False,84.88955836355478,0.0,INIT
2025-11-17T16:36:47.597961,11474.469997,15.11044163644521,100.0,0.3,-84.88955836355478,False,84.88955836355478,0.0,INIT
2025-11-17T16:36:47.682186,11474.554220575,15.140441636420656,100.0,0.3,-84.85955836357934,False,84.85955836357934,0.0,INIT
2025-11-17T16:36:47.811612,11474.683664034,15.176441636391615,100.0,0.3,-84.82355836360838,False,84.82355836360838,0.0,INIT
2025-11-17T16:36:48.218947,11475.090985277,15.296441636294105,100.0,0.3,-84.7035583637059,False,84.7035583637059,0.0,INIT
2025-11-17T16:36:48.323930,11475.195968348,15.326441636269905,100.0,0.3,-84.6735583637301,False,84.6735583637301,0.0,INIT
2025-11-17T16:36:48.455758,11475.327792005,15.362441636240868,100.0,0.3,-84.63755836375913,False,84.63755836375913,0.0,INIT
2025-11-17T16:36:48.481969,11475.354018507,15.36844163623567,100.0,0.3,-84.63155836376433,False,84.63155836376433,0.0,INIT
2025-11-17T16:36:48.605826,11475.477861377,15.404441636206638,100.0,0.3,-84.59555836379336,False,84.59555836379336,0.0,INIT
2025-11-17T16:36:48.701578,11475.573613952,15.42844163618727,100.0,0.3,-84.57155836381273,False,84.57155836381273,0.0,INIT
2025-11-17T16:36:49.026570,11475.898607997,15.512441636119156,100.0,0.3,-84.48755836388085,False,84.48755836388085,0.0,INIT
2025-11-17T16:36:49.141848,11476.013891471,15.548441636089755,100.0,0.3,-84.45155836391024,False,84.45155836391024,0.0,INIT
2025-11-17T16:36:49.182004,11476.054040898,15.560441636080078,100.0,0.3,-84.43955836391993,False,84.43955836391993,0.0,INIT
2025-11-17T16:36:49.295274,11476.167321149,15.59044163605552,100.0,0.3,-84.40955836394448,False,84.40955836394448,0.0,INIT
2025-11-17T16:36:50.170734,11477.042774996,15.824441635865902,100.0,0.3,-84.1755583641341,False,84.1755583641341,0.0,INIT
2025-11-17T16:36:50.187264,11477.059299125,15.824441635865902,100.0,0.3,-84.1755583641341,False,84.1755583641341,0.0,INIT
2025-11-17T16:36:50.345997,11477.218036302,15.866441635831926,100.0,0.3,-84.13355836416807,False,84.13355836416807,0.0,INIT
2025-11-17T16:36:50.382480,11477.25451586,15.878441635822217,100.0,0.3,-84.12155836417779,False,84.12155836417779,0.0,INIT
2025-11-17T16:36:50.501265,11477.373304631,15.908441635797248,100.0,0.3,-84.09155836420275,False,84.09155836420275,0.0,INIT
2025-11-17T16:36:50.582043,11477.454082384,15.93244163577854,100.0,0.3,-84.06755836422145,False,84.06755836422145,0.0,INIT
2025-11-17T16:36:50.756521,11477.628557852,15.980441635739005,100.0,0.3,-84.019558364261,False,84.019558364261,0.0,INIT
2025-11-17T16:36:50.801725,11477.673761186,15.992441635729298,100.0,0.3,-84.00755836427071,False,84.00755836427071,0.0,INIT
2025-11-17T16:36:50.882551,11477.754588956,16.01644163570989,100.0,0.3,-83.9835583642901,False,83.9835583642901,0.0,INIT
2025-11-17T16:36:50.982182,11477.854219072,16.046441635685618,100.0,0.3,-83.95355836431438,False,83.95355836431438,0.0,INIT
2025-11-17T16:36:51.083486,11477.955521849,16.076441635660643,100.0,0.3,-83.92355836433936,False,83.92355836433936,0.0,INIT
2025-11-17T16:36:51.601106,11478.473141306,16.076441635660643,100.0,0.3,-83.92355836433936,False,83.92355836433936,0.0,INIT
2025-11-17T16:36:52.493289,11479.365341571,16.478441635334057,100.0,0.3,-83.52155836466594,False,83.52155836466594,0.0,INIT
2025-11-17T16:36:52.583024,11479.455058459,16.502441635313932,100.0,0.3,-83.49755836468607,False,83.49755836468607,0.0,INIT
2025-11-17T16:36:52.699319,11479.571357263,16.532441635290375,100.0,0.3,-83.46755836470962,False,83.46755836470962,0.0,INIT
2025-11-17T16:36:53.450103,11480.322140703,16.730441635128802,100.0,0.3,-83.2695583648712,False,83.2695583648712,0.0,INIT
2025-11-17T16:36:53.482530,11480.354567517,16.736441635123946,100.0,0.3,-83.26355836487605,False,83.26355836487605,0.0,INIT
2025-11-17T16:36:53.582443,11480.454485733,16.760441635104538,100.0,0.3,-83.23955836489546,False,83.23955836489546,0.0,INIT
2025-11-17T16:36:53.686610,11480.558647155,16.790441635080267,100.0,0.3,-83.20955836491973,False,83.20955836491973,0.0,INIT
2025-11-17T16:36:53.792714,11480.664751937,16.820441635055293,100.0,0.3,-83.17955836494471,False,83.17955836494471,0.0,INIT
2025-11-17T16:36:54.177975,11481.050027887,16.922441634972788,100.0,0.3,-83.07755836502722,False,83.07755836502722,0.0,INIT
2025-11-17T16:36:55.129992,11482.002033821,16.922441634972788,100.0,0.3,-83.07755836502722,False,83.07755836502722,0.0,INIT
2025-11-17T16:36:55.552913,11482.424950685,17.31244163527581,100.0,0.3,-82.6875583647242,False,82.6875583647242,0.0,INIT
2025-11-17T16:36:55.604765,11482.476799903,17.31244163527581,100.0,0.3,-82.6875583647242,False,82.6875583647242,0.0,INIT
2025-11-17T16:36:55.877367,11482.749403951,17.40844163543718,100.0,0.3,-82.59155836456281,False,82.59155836456281,0.0,INIT
2025-11-17T16:36:55.888796,11482.760828045,17.40844163543718,100.0,0.3,-82.59155836456281,False,82.59155836456281,0.0,INIT
2025-11-17T16:36:56.452770,11483.324808268,17.564441635699666,100.0,0.3,-82.43555836430033,False,82.43555836430033,0.0,INIT
2025-11-17T16:36:57.205497,11484.077533916,17.762441636033156,100.0,0.3,-82.23755836396684,False,82.23755836396684,0.0,INIT
2025-11-17T16:36:57.302278,11484.174323253,17.786441636074034,100.0,0.3,-82.21355836392597,False,82.21355836392597,0.0,INIT
2025-11-17T16:36:57.485325,11484.357362211,17.83444163615436,100.0,0.3,-82.16555836384563,False,82.16555836384563,0.0,INIT
2025-11-17T16:36:59.153975,11486.026030012,18.314441636961917,100.0,0.010014142416344138,-81.68555836303808,False,81.68555836303808,0.0,INIT
2025-11-17T16:36:59.262155,11486.134192089,18.326441636982,100.0,0.018359208233454653,-81.673558363018,False,81.673558363018,0.0,INIT
2025-11-17T16:36:59.282105,11486.154139682,18.33370590900885,100.0,0.03278701987933396,-81.66629409099116,False,81.66629409099116,0.0,INIT
2025-11-17T16:36:59.409439,11486.281475036,18.336883616299133,100.0,0.03861048197577288,-81.66311638370087,False,81.66311638370087,0.0,INIT
2025-11-17T16:36:59.505079,11486.377115806,18.340616548332356,100.0,0.04519163147790853,-81.65938345166765,False,81.65938345166765,0.0,INIT
2025-11-17T16:36:59.625312,11486.497349237,18.345069899943578,100.0,0.052749756012519376,-81.65493010005642,False,81.65493010005642,0.0,INIT
2025-11-17T16:36:59.682066,11486.554103141,18.34807616464927,100.0,0.05770291808830808,-81.65192383535073,False,81.65192383535073,0.0,INIT
2025-11-17T16:36:59.782208,11486.654246686,18.352637913298153,100.0,0.06502645761281474,-81.64736208670185,False,81.64736208670185,0.0,INIT
2025-11-17T16:36:59.882035,11486.754076764,18.35901605885994,100.0,0.07493901777055464,-81.64098394114006,False,81.64098394114006,0.0,INIT
2025-11-17T16:36:59.982049,11486.854086638,18.364961617470133,100.0,0.0838934559247954,-81.63503838252987,False,81.63503838252987,0.0,INIT
2025-11-17T16:37:00.139368,11487.011406449,18.37822339057204,100.0,0.10307735468533716,-81.62177660942797,False,81.62177660942797,0.0,INIT
2025-11-17T16:37:00.182214,11487.05425337,18.380073914713407,100.0,0.10568094482081987,-81.6199260852866,False,81.6199260852866,0.0,INIT
2025-11-17T16:37:00.371447,11487.243493166,18.396954226469767,100.0,0.12876054631880363,-81.60304577353023,False,81.60304577353023,0.0,INIT
2025-11-17T16:37:00.735328,11487.60737494,18.43077212898729,100.0,0.17221921644131338,-81.56922787101271,False,81.56922787101271,0.0,INIT
2025-11-17T16:37:00.782054,11487.65409455,18.43613321768709,100.0,0.17884463512570453,-81.56386678231291,False,81.56386678231291,0.0,INIT
2025-11-17T16:37:01.020739,11487.892779437,18.47184251584459,100.0,0.22156397406417433,-81.52815748415541,False,81.52815748415541,0.0,INIT
2025-11-17T16:37:01.082192,11487.954229905,18.483769335244013,100.0,0.23536459517413305,-81.516230664756,False,81.516230664756,0.0,INIT
2025-11-17T16:37:01.221479,11488.093513833,18.51175087483175,100.0,0.26698751437444834,-81.48824912516825,False,81.48824912516825,0.0,INIT
2025-11-17T16:37:01.282205,11488.154242389,18.52713766719803,100.0,0.28397825599488813,-81.47286233280197,False,81.47286233280197,0.0,INIT
2025-11-17T16:37:01.386177,11488.258232003,18.555229659402062,100.0,0.3,-81.44477034059794,False,81.44477034059794,0.0,INIT
2025-11-17T16:37:01.481949,11488.353987493,18.578957289725036,100.0,0.3,-81.42104271027496,False,81.42104271027496,0.0,INIT
2025-11-17T16:37:01.582070,11488.454105204,18.608957289775958,100.0,0.3,-81.39104271022404,False,81.39104271022404,0.0,INIT
2025-11-17T16:37:01.732737,11488.604774798,18.650957289846243,100.0,0.3,-81.34904271015375,False,81.34904271015375,0.0,INIT
2025-11-17T16:37:01.782095,11488.654135325,18.662957289866334,100.0,0.3,-81.33704271013366,False,81.33704271013366,0.0,INIT
2025-11-17T16:37:02.243551,11489.115588965,18.800957290098694,100.0,0.3,-81.1990427099013,False,81.1990427099013,0.0,INIT
2025-11-17T16:37:02.291758,11489.163796342,18.812957290118778,100.0,0.3,-81.18704270988123,False,81.18704270988123,0.0,INIT
2025-11-17T16:37:02.382195,11489.254234019,18.836957290159653,100.0,0.3,-81.16304270984034,False,81.16304270984034,0.0,INIT
2025-11-17T16:37:02.641890,11489.513934387,18.90895729028086,100.0,0.3,-81.09104270971915,False,81.09104270971915,0.0,INIT
2025-11-17T16:37:02.735245,11489.607281256,18.938957290331064,100.0,0.3,-81.06104270966894,False,81.06104270966894,0.0,INIT
2025-11-17T16:37:02.857871,11489.729910628,18.97495729039202,100.0,0.3,-81.02504270960799,False,81.02504270960799,0.0,INIT
2025-11-17T16:37:02.882131,11489.75417141,18.980957290402063,100.0,0.3,-81.01904270959794,False,81.01904270959794,0.0,INIT
2025-11-17T16:37:02.981892,11489.853926781,19.01095729045227,100.0,0.3,-80.98904270954773,False,80.98904270954773,0.0,INIT
2025-11-17T16:37:03.082143,11489.954180441,19.034957290493143,100.0,0.3,-80.96504270950686,False,80.96504270950686,0.0,INIT
2025-11-17T16:37:03.181924,11490.053959035,19.064957290543347,100.0,0.3,-80.93504270945665,False,80.93504270945665,0.0,INIT
2025-11-17T16:37:03.428420,11490.30045832,19.13095729065451,100.0,0.3,-80.86904270934549,False,80.86904270934549,0.0,INIT
2025-11-17T16:37:03.481998,11490.354034052,19.142957290674598,100.0,0.3,-80.8570427093254,False,80.8570427093254,0.0,INIT
2025-11-17T16:37:04.283385,11491.155423644,19.352957291028165,100.0,0.3,-80.64704270897184,False,80.64704270897184,0.0,INIT
2025-11-17T16:37:04.660632,11491.532671583,19.46095729120962,100.0,0.3,-80.53904270879038,False,80.53904270879038,0.0,INIT
2025-11-17T16:37:04.683246,11491.555283852,19.46695729121966,100.0,0.3,-80.53304270878034,False,80.53304270878034,0.0,INIT
2025-11-17T16:37:04.797240,11491.669277289,19.496957291269865,100.0,0.3,-80.50304270873013,False,80.50304270873013,0.0,INIT
2025-11-17T16:37:04.960425,11491.832462709,19.538957291340864,100.0,0.3,-80.46104270865914,False,80.46104270865914,0.0,INIT
2025-11-17T16:37:04.982513,11491.854548627,19.544957291350904,100.0,0.3,-80.4550427086491,False,80.4550427086491,0.0,INIT
2025-11-17T16:37:05.081897,11491.953936505,19.57495729140182,100.0,0.3,-80.42504270859818,False,80.42504270859818,0.0,INIT
2025-11-17T16:37:05.225556,11492.097599021,19.598957291441987,100.0,0.3,-80.40104270855801,False,80.40104270855801,0.0,INIT
2025-11-17T16:37:05.286003,11492.158036971,19.628957291492192,100.0,0.3,-80.37104270850782,False,80.37104270850782,0.0,INIT
2025-11-17T16:37:05.919745,11492.791784644,19.814957291805598,100.0,0.3,-80.1850427081944,False,80.1850427081944,0.0,INIT
2025-11-17T16:37:06.183291,11493.055331005,19.886957291926805,100.0,0.3,-80.1130427080732,False,80.1130427080732,0.0,INIT
2025-11-17T16:37:06.281937,11493.153972001,19.916957291977013,100.0,0.3,-80.08304270802299,False,80.08304270802299,0.0,INIT
2025-11-17T16:37:06.413968,11493.286015803,19.95295729203797,100.0,0.3,-80.04704270796204,False,80.04704270796204,0.0,INIT
2025-11-17T16:37:06.482109,11493.354147046,19.970957292068093,100.0,0.3,-80.02904270793191,False,80.02904270793191,0.0,INIT
2025-11-17T16:37:07.562330,11494.434370375,20.264957292562954,100.0,0.3,-79.73504270743705,False,79.73504270743705,0.0,INIT
2025-11-17T16:37:07.629497,11494.501536176,20.27695729258374,100.0,0.3,-79.72304270741625,False,79.72304270741625,0.0,INIT
2025-11-17T16:37:08.053697,11494.925734687,20.390957292775237,100.0,0.3,-79.60904270722476,False,79.60904270722476,0.0,INIT
2025-11-17T16:37:08.082285,11494.954322752,20.396957292784567,100.0,0.3,-79.60304270721544,False,79.60304270721544,0.0,INIT
2025-11-17T16:37:08.194414,11495.06646464,20.4269572928362,100.0,0.3,-79.57304270716381,False,79.57304270716381,0.0,INIT
2025-11-17T16:37:08.282042,11495.154079918,20.450957292875646,100.0,0.3,-79.54904270712436,False,79.54904270712436,0.0,INIT
2025-11-17T16:37:08.472328,11495.344370611,20.49895729295669,100.0,0.3,-79.50104270704331,False,79.50104270704331,0.0,INIT
2025-11-17T16:37:08.896692,11495.768729638,20.618957293158935,100.0,0.3,-79.38104270684107,False,79.38104270684107,0.0,INIT
2025-11-17T16:37:08.982207,11495.854246191,20.6429572931991,100.0,0.3,-79.3570427068009,False,79.3570427068009,0.0,INIT
2025-11-17T16:37:09.092318,11495.964364024,20.67295729325002,100.0,0.3,-79.32704270674998,False,79.32704270674998,0.0,INIT
2025-11-17T16:37:09.182493,11496.054531882,20.69695729328947,100.0,0.3,-79.30304270671053,False,79.30304270671053,0.0,INIT
2025-11-17T16:37:09.340405,11496.212441566,20.744957293370515,100.0,0.3,-79.25504270662948,False,79.25504270662948,0.0,INIT
2025-11-17T16:37:09.446285,11496.318330786,20.77495729342142,100.0,0.3,-79.22504270657858,False,79.22504270657858,0.0,INIT
2025-11-17T16:37:09.482499,11496.354545581,20.78095729343147,100.0,0.3,-79.21904270656853,False,79.21904270656853,0.0,INIT
2025-11-17T16:37:09.936776,11496.808811989,20.912957293653083,100.0,0.3,-79.08704270634692,False,79.08704270634692,0.0,INIT
2025-11-17T16:37:09.987750,11496.859785088,20.924957293673874,100.0,0.3,-79.07504270632613,False,79.07504270632613,0.0,INIT
2025-11-17T16:37:10.733060,11497.605097035,21.1289572940167,100.0,0.3,-78.8710427059833,False,78.8710427059833,0.0,INIT
2025-11-17T16:37:10.782461,11497.65449948,21.14095729403749,100.0,0.3,-78.85904270596251,False,78.85904270596251,0.0,INIT
2025-11-17T16:37:10.912832,11497.784869974,21.170957294087696,100.0,0.3,-78.8290427059123,False,78.8290427059123,0.0,INIT
2025-11-17T16:37:11.194030,11498.066071892,21.248957294218943,100.0,0.3,-78.75104270578106,False,78.75104270578106,0.0,INIT
2025-11-17T16:37:11.312221,11498.184259472,21.278957294269148,100.0,0.3,-78.72104270573085,False,78.72104270573085,0.0,INIT
2025-11-17T16:37:11.498807,11498.370845696,21.326957294350894,100.0,0.3,-78.67304270564911,False,78.67304270564911,0.0,INIT
2025-11-17T16:37:11.712500,11498.584544033,21.380957294441266,100.0,0.3,-78.61904270555874,False,78.61904270555874,0.0,INIT
2025-11-17T16:37:12.450877,11499.32291712,21.584957294784797,100.0,0.3,-78.4150427052152,False,78.4150427052152,0.0,INIT
2025-11-17T16:37:12.503358,11499.375394797,21.590957294794844,100.0,0.3,-78.40904270520515,False,78.40904270520515,0.0,INIT
2025-11-17T16:37:12.587119,11499.459156738,21.620957294845045,100.0,0.3,-78.37904270515496,False,78.37904270515496,0.0,INIT
2025-11-17T16:37:13.085317,11499.957353336,21.764957295087456,100.0,0.3,-78.23504270491254,False,78.23504270491254,0.0,INIT
2025-11-17T16:37:13.182431,11500.054470952,21.79495729513766,100.0,0.3,-78.20504270486234,False,78.20504270486234,0.0,INIT
2025-11-17T16:37:13.322645,11500.194681935,21.83095729519862,100.0,0.3,-78.16904270480138,False,78.16904270480138,0.0,INIT
2025-11-17T16:37:13.581773,11500.453807513,21.90895729532987,100.0,0.3,-78.09104270467013,False,78.09104270467013,0.0,INIT
2025-11-17T16:37:13.854691,11500.726729177,21.98695729546111,100.0,0.3,-78.01304270453889,False,78.01304270453889,0.0,INIT
2025-11-17T16:37:13.883434,11500.755480652,21.98695729546111,100.0,0.3,-78.01304270453889,False,78.01304270453889,0.0,INIT
2025-11-17T16:37:13.999651,11500.87169645,22.02295729552207,100.0,0.3,-77.97704270447792,False,77.97704270447792,0.0,INIT
2025-11-17T16:37:14.082296,11500.954341412,22.04695729556153,100.0,0.3,-77.95304270443847,False,77.95304270443847,0.0,INIT
2025-11-17T16:37:14.184486,11501.056525333,22.0709572956024,100.0,0.3,-77.9290427043976,False,77.9290427043976,0.0,INIT
2025-11-17T16:37:14.282664,11501.154705106,22.094957295642565,100.0,0.3,-77.90504270435744,False,77.90504270435744,0.0,INIT
2025-11-17T16:37:14.382540,11501.254583353,22.11895729568344,100.0,0.3,-77.88104270431656,False,77.88104270431656,0.0,INIT
2025-11-17T16:37:14.484061,11501.356096653,22.14895729573364,100.0,0.3,-77.85104270426636,False,77.85104270426636,0.0,INIT
2025-11-17T16:37:14.582407,11501.454448546,22.17895729578385,100.0,0.3,-77.82104270421615,False,77.82104270421615,0.0,INIT
2025-11-17T16:37:14.888647,11501.760685735,22.256957295915804,100.0,0.3,-77.74304270408419,False,77.74304270408419,0.0,INIT
2025-11-17T16:37:14.986013,11501.858049491,22.280957295955968,100.0,0.3,-77.71904270404403,False,77.71904270404403,0.0,INIT
2025-11-17T16:37:15.102332,11501.974371664,22.310957296006883,100.0,0.3,-77.68904270399312,False,77.68904270399312,0.0,INIT
2025-11-17T16:37:15.209799,11502.081832434,22.3409572960571,100.0,0.3,-77.6590427039429,False,77.6590427039429,0.0,INIT
2025-11-17T16:37:15.282426,11502.154462426,22.358957296087212,100.0,0.3,-77.64104270391279,False,77.64104270391279,0.0,INIT
2025-11-17T16:37:15.382230,11502.254276614,22.382957296127387,100.0,0.3,-77.61704270387261,False,77.61704270387261,0.0,INIT
2025-11-17T16:37:15.519703,11502.391744368,22.42495729619838,100.0,0.3,-77.57504270380161,False,77.57504270380161,0.0,INIT
2025-11-17T16:37:15.582226,11502.454264012,22.43695729621846,100.0,0.3,-77.56304270378155,False,77.56304270378155,0.0,INIT
2025-11-17T16:37:15.682176,11502.554216256,22.46695729626867,100.0,0.3,-77.53304270373133,False,77.53304270373133,0.0,INIT
2025-11-17T16:37:15.782415,11502.654452082,22.490957296309542,100.0,0.3,-77.50904270369045,False,77.50904270369045,0.0,INIT
2025-11-17T16:37:15.973020,11502.845057247,22.544957296399915,100.0,0.3,-77.45504270360009,False,77.45504270360009,0.0,INIT
2025-11-17T16:37:15.982778,11502.854817178,22.544957296399915,100.0,0.3,-77.45504270360009,False,77.45504270360009,0.0,INIT
2025-11-17T16:37:16.119029,11502.991066059,22.58695729647091,100.0,0.3,-77.41304270352909,False,77.41304270352909,0.0,INIT
2025-11-17T16:37:16.667261,11503.539305497,22.742957296733405,100.0,0.3,-77.25704270326659,False,77.25704270326659,0.0,INIT
2025-11-17T16:37:16.692199,11503.564235251,22.748957296743445,100.0,0.3,-77.25104270325656,False,77.25104270325656,0.0,INIT
2025-11-17T16:37:16.782358,11503.654401785,22.77895729679365,100.0,0.3,-77.22104270320635,False,77.22104270320635,0.0,INIT
2025-11-17T16:37:16.939968,11503.81201421,22.820957296864652,100.0,0.3,-77.17904270313535,False,77.17904270313535,0.0,INIT
2025-11-17T16:37:16.982614,11503.854663358,22.832957296884732,100.0,0.3,-77.16704270311527,False,77.16704270311527,0.0,INIT
2025-11-17T16:37:17.087317,11503.959352349,22.862957296934933,100.0,0.3,-77.13704270306506,False,77.13704270306506,0.0,INIT
2025-11-17T16:37:17.817874,11504.689910323,23.060957297269137,100.0,0.3,-76.93904270273086,False,76.93904270273086,0.0,INIT
2025-11-17T16:37:17.888034,11504.760070998,23.07895729729855,100.0,0.3,-76.92104270270144,False,76.92104270270144,0.0,INIT
2025-11-17T16:37:17.985074,11504.857107221,23.10895729734947,100.0,0.3,-76.89104270265054,False,76.89104270265054,0.0,INIT
2025-11-17T16:37:18.389352,11505.261388988,23.21695729753092,100.0,0.3,-76.78304270246907,False,76.78304270246907,0.0,INIT
2025-11-17T16:37:18.482065,11505.354105202,23.240957297571793,100.0,0.3,-76.7590427024282,False,76.7590427024282,0.0,INIT
2025-11-17T16:37:18.582387,11505.454429613,23.264957297611964,100.0,0.3,-76.73504270238803,False,76.73504270238803,0.0,INIT
2025-11-17T16:37:18.682403,11505.554442943,23.294957297662165,100.0,0.3,-76.70504270233783,False,76.70504270233783,0.0,INIT
2025-11-17T16:37:18.782240,11505.654282243,23.31895729770304,100.0,0.3,-76.68104270229696,False,76.68104270229696,0.0,INIT
2025-11-17T16:37:18.910342,11505.78237999,23.35495729776329,100.0,0.3,-76.64504270223671,False,76.64504270223671,0.0,INIT
2025-11-17T16:37:19.006099,11505.878138095,23.37895729780346,100.0,0.3,-76.62104270219655,False,76.62104270219655,0.0,INIT
2025-11-17T16:37:19.082925,11505.954977168,23.396957297833577,100.0,0.3,-76.60304270216642,False,76.60304270216642,0.0,INIT
2025-11-17T16:37:19.420354,11506.292388972,23.492957297995655,100.0,0.3,-76.50704270200434,False,76.50704270200434,0.0,INIT
2025-11-17T16:37:19.485095,11506.357133011,23.51095729802649,100.0,0.3,-76.48904270197352,False,76.48904270197352,0.0,INIT
2025-11-17T16:37:19.635827,11506.507863634,23.552957298096775,100.0,0.3,-76.44704270190323,False,76.44704270190323,0.0,INIT
2025-11-17T16:37:19.711268,11506.583305455,23.576957298137653,100.0,0.3,-76.42304270186234,False,76.42304270186234,0.0,INIT
2025-11-17T16:37:19.782335,11506.654374614,23.594957298167063,100.0,0.3,-76.40504270183294,False,76.40504270183294,0.0,INIT
2025-11-17T16:37:19.938577,11506.810612211,23.642957298248106,100.0,0.3,-76.3570427017519,False,76.3570427017519,0.0,INIT
2025-11-17T16:37:19.989890,11506.861926435,23.654957298268183,100.0,0.3,-76.34504270173181,False,76.34504270173181,0.0,INIT
2025-11-17T16:37:20.109078,11506.981111522,23.690957298329145,100.0,0.3,-76.30904270167085,False,76.30904270167085,0.0,INIT
2025-11-17T16:37:20.691279,11507.563314621,23.85895729861172,100.0,0.3,-76.14104270138827,False,76.14104270138827,0.0,INIT
2025-11-17T16:37:20.804417,11507.676451447,23.888957298661925,100.0,0.3,-76.11104270133808,False,76.11104270133808,0.0,INIT
2025-11-17T16:37:22.339054,11509.211094992,24.30895729936907,100.0,0.3,-75.69104270063093,False,75.69104270063093,0.0,INIT
2025-11-17T16:37:22.454798,11509.326838598,24.31495729937911,100.0,0.3,-75.6850427006209,False,75.6850427006209,0.0,INIT
2025-11-17T16:37:22.482075,11509.354110954,24.344957299429318,100.0,0.3,-75.65504270057068,False,75.65504270057068,0.0,INIT
2025-11-17T16:37:22.582299,11509.45433761,24.368957299470196,100.0,0.3,-75.6310427005298,False,75.6310427005298,0.0,INIT
2025-11-17T16:37:22.722552,11509.594593699,24.41095729954119,100.0,0.26437921678144377,-75.5890427004588,False,75.5890427004588,0.0,INIT
2025-11-17T16:37:22.782176,11509.654218161,24.427176260506197,100.0,0.246124714962467,-75.5728237394938,False,75.5728237394938,0.0,INIT
2025-11-17T16:37:22.995720,11509.867757824,24.4715334728479,100.0,0.19430381458107385,-75.5284665271521,False,75.5284665271521,0.0,INIT
2025-11-17T16:37:23.108279,11509.980315882,24.49614545336887,100.0,0.16403652399996466,-75.50385454663113,False,75.50385454663113,0.0,INIT
2025-11-17T16:37:23.203766,11510.075815968,24.509601315620127,100.0,0.14689406698364937,-75.49039868437987,False,75.49039868437987,0.0,INIT
2025-11-17T16:37:23.282376,11510.154413745,24.521712832616462,100.0,0.13102579246342372,-75.47828716738354,False,75.47828716738354,0.0,INIT
2025-11-17T16:37:23.396232,11510.268266172,24.53765808359035,100.0,0.1093614246471551,-75.46234191640966,False,75.46234191640966,0.0,INIT
2025-11-17T16:37:23.691301,11510.563336454,24.568387604545386,100.0,0.06398283214019307,-75.43161239545461,False,75.43161239545461,0.0,INIT
2025-11-17T16:37:23.782227,11510.654270152,24.574277667413995,100.0,0.054442259007501485,-75.425722332586,False,75.425722332586,0.0,INIT
2025-11-17T16:37:23.882584,11510.754642,24.5799031642533,100.0,0.044927723293699845,-75.4200968357467,False,75.4200968357467,0.0,INIT
2025-11-17T16:37:24.094326,11510.966365009,24.58905997071043,100.0,0.028223683144064288,-75.41094002928958,False,75.41094002928958,0.0,INIT
2025-11-17T16:37:24.191244,11511.06327884,24.59355274310437,100.0,0.01915180432246024,-75.40644725689563,False,75.40644725689563,0.0,INIT
2025-11-17T16:37:24.360383,11511.232420009,24.59701274251719,100.0,0.01147062649086327,-75.4029872574828,False,75.4029872574828,0.0,INIT
2025-11-17T16:37:24.382178,11511.254213697,24.597365053916256,100.0,0.010639332270253866,-75.40263494608374,False,75.40263494608374,0.0,INIT
2025-11-17T16:37:24.482558,11511.354597927,24.59844062558415,100.0,0.008029264658249508,-75.40155937441585,False,75.40155937441585,0.0,INIT
2025-11-17T16:37:24.606811,11511.47884692,24.599430239105043,100.0,0.005521787393763838,-75.40056976089495,False,75.40056976089495,0.0,INIT
2025-11-17T16:37:24.694013,11511.566050537,24.599899564357436,100.0,0.004297632807176268,-75.40010043564257,False,75.40010043564257,0.0,INIT
2025-11-17T16:37:26.324346,11513.196385053,24.606096728365547,100.0,0.010423181028259646,-75.39390327163446,False,75.39390327163446,0.0,INIT
2025-11-17T16:37:26.434695,11513.306731979,24.60698590845175,100.0,0.012507883412841031,-75.39301409154825,False,75.39301409154825,0.0,INIT
2025-11-17T16:37:26.554890,11513.426929844,24.608453499643062,100.0,0.015814890109875367,-75.39154650035694,False,75.39154650035694,0.0,INIT
2025-11-17T16:37:26.581957,11513.453993337,24.60874334138488,100.0,0.01645088364457397,-75.39125665861512,False,75.39125665861512,0.0,INIT
2025-11-17T16:37:26.873647,11513.745683598,24.61301484781433,100.0,0.02532491492415567,-75.38698515218567,False,75.38698515218567,0.0,INIT
2025-11-17T16:37:26.886320,11513.758357149,24.61334386548515,100.0,0.025976696848274167,-75.38665613451485,False,75.38665613451485,0.0,INIT
2025-11-17T16:37:26.982610,11513.854652102,24.615788470318208,100.0,0.030709014444845504,-75.38421152968179,False,75.38421152968179,0.0,INIT
2025-11-17T16:37:27.082330,11513.954368028,24.618226262182834,100.0,0.03526160072523192,-75.38177373781717,False,75.38177373781717,0.0,INIT
2025-11-17T16:37:27.292167,11514.164210555,24.625888209915335,100.0,0.048768224904103166,-75.37411179008467,False,75.37411179008467,0.0,INIT
2025-11-17T16:37:27.404846,11514.276883946,24.630629966052226,100.0,0.05667140211842742,-75.36937003394777,False,75.36937003394777,0.0,INIT
2025-11-17T16:37:27.482656,11514.354694496,24.635045130558613,100.0,0.06379228068720387,-75.36495486944139,False,75.36495486944139,0.0,INIT
2025-11-17T16:37:27.612453,11514.484488619,24.64264323723555,100.0,0.07561334499860008,-75.35735676276445,False,75.35735676276445,0.0,INIT
2025-11-17T16:37:27.957872,11514.829911523,24.666685833762156,100.0,0.11046049024444701,-75.33331416623784,False,75.33331416623784,0.0,INIT
2025-11-17T16:37:27.982020,11514.854058577,24.668442030541055,100.0,0.112890113117813,-75.33155796945894,False,75.33155796945894,0.0,INIT
2025-11-17T16:37:28.176494,11515.048537138,24.688740384177553,100.0,0.14012203254555822,-75.31125961582245,False,75.31125961582245,0.0,INIT
2025-11-17T16:37:28.182883,11515.054919398,24.688740384177553,100.0,0.14012203254555822,-75.31125961582245,False,75.31125961582245,0.0,INIT
2025-11-17T16:37:28.408089,11515.280128457,24.719158752547486,100.0,0.17864807801018143,-75.28084124745251,False,75.28084124745251,0.0,INIT
2025-11-17T16:37:28.751022,11515.62305701,24.772252337163117,100.0,0.24142961823377718,-75.22774766283689,False,75.22774766283689,0.0,INIT
2025-11-17T16:37:28.859632,11515.731666995,24.79011714494586,100.0,0.2616108726289046,-75.20988285505413,False,75.20988285505413,0.0,INIT
2025-11-17T16:37:29.449595,11516.321632475,24.92819406689513,100.0,0.3,-75.07180593310487,False,75.07180593310487,0.0,INIT
2025-11-17T16:37:29.543249,11516.415286761,24.951925342884323,100.0,0.3,-75.04807465711568,False,75.04807465711568,0.0,INIT
2025-11-17T16:37:29.582280,11516.454317277,24.95792534289507,100.0,0.3,-75.04207465710493,False,75.04207465710493,0.0,INIT
2025-11-17T16:37:29.682321,11516.554361003,24.987925342945275,100.0,0.3,-75.01207465705473,False,75.01207465705473,0.0,INIT
2025-11-17T16:37:29.939021,11516.811061741,25.053925343056438,100.0,0.3,-74.94607465694357,False,74.94607465694357,0.0,INIT
2025-11-17T16:37:30.070834,11516.942869535,25.089925343117393,100.0,0.3,-74.91007465688261,False,74.91007465688261,0.0,INIT
2025-11-17T16:37:30.082460,11516.95449823,25.089925343117393,100.0,0.3,-74.91007465688261,False,74.91007465688261,0.0,INIT
2025-11-17T16:37:30.215250,11517.087289231,25.125925343177645,100.0,0.3,-74.87407465682236,False,74.87407465682236,0.0,INIT
2025-11-17T16:37:30.282401,11517.154437422,25.143925343208473,100.0,0.3,-74.85607465679152,False,74.85607465679152,0.0,INIT
2025-11-17T16:37:30.850906,11517.722940332,25.3059253434803,100.0,0.3,-74.6940746565197,False,74.6940746565197,0.0,INIT
2025-11-17T16:37:30.884125,11517.75615994,25.317925343500384,100.0,0.3,-74.68207465649962,False,74.68207465649962,0.0,INIT
2025-11-17T16:37:30.982443,11517.854484694,25.34192534354126,100.0,0.3,-74.65807465645874,False,74.65807465645874,0.0,INIT
2025-11-17T16:37:31.101647,11517.973682159,25.37792534360221,100.0,0.3,-74.62207465639779,False,74.62207465639779,0.0,INIT
2025-11-17T16:37:31.198163,11518.070201292,25.407925343652416,100.0,0.3,-74.59207465634759,False,74.59207465634759,0.0,INIT
2025-11-17T16:37:31.347725,11518.219765419,25.449925343722708,100.0,0.3,-74.55007465627729,False,74.55007465627729,0.0,INIT
2025-11-17T16:37:31.394100,11518.266139985,25.4619253437435,100.0,0.3,-74.5380746562565,False,74.5380746562565,0.0,INIT
2025-11-17T16:37:31.621084,11518.493118941,25.527925343854665,100.0,0.3,-74.47207465614534,False,74.47207465614534,0.0,INIT
2025-11-17T16:37:31.682467,11518.554507349,25.53992534387475,100.0,0.3,-74.46007465612524,False,74.46007465612524,0.0,INIT
2025-11-17T16:37:31.896812,11518.768853107,25.599925343975155,100.0,0.3,-74.40007465602484,False,74.40007465602484,0.0,INIT
2025-11-17T16:37:31.982780,11518.854824884,25.623925344016033,100.0,0.3,-74.37607465598397,False,74.37607465598397,0.0,INIT
2025-11-17T16:37:32.082593,11518.954638335,25.647925344056198,100.0,0.3,-74.3520746559438,False,74.3520746559438,0.0,INIT
2025-11-17T16:37:32.182094,11519.05413681,25.67192534409636,100.0,0.3,-74.32807465590363,False,74.32807465590363,0.0,INIT
2025-11-17T16:37:32.288517,11519.160554931,25.701925344146574,100.0,0.3,-74.29807465585343,False,74.29807465585343,0.0,INIT
2025-11-17T16:37:32.451786,11519.323825122,25.743925344218276,100.0,0.3,-74.25607465578173,False,74.25607465578173,0.0,INIT
2025-11-17T16:37:32.482573,11519.354609534,25.74992534422761,100.0,0.3,-74.2500746557724,False,74.2500746557724,0.0,INIT
2025-11-17T16:37:32.629474,11519.501512257,25.791925344298612,100.0,0.3,-74.20807465570138,False,74.20807465570138,0.0,INIT
2025-11-17T16:37:32.813750,11519.685788326,25.839925344379647,100.0,0.3,-74.16007465562035,False,74.16007465562035,0.0,INIT
2025-11-17T16:37:32.883246,11519.755285214,25.857925344409768,100.0,0.3,-74.14207465559024,False,74.14207465559024,0.0,INIT
2025-11-17T16:37:33.024966,11519.897019902,25.893925344470727,100.0,0.3,-74.10607465552927,False,74.10607465552927,0.0,INIT
2025-11-17T16:37:33.082478,11519.954511768,25.9059253444901,100.0,0.3,-74.0940746555099,False,74.0940746555099,0.0,INIT
2025-11-17T16:37:33.562967,11520.435018993,26.037925344712427,100.0,0.3,-73.96207465528758,False,73.96207465528758,0.0,INIT
2025-11-17T16:37:33.594659,11520.466705503,26.037925344712427,100.0,0.3,-73.96207465528758,False,73.96207465528758,0.0,INIT
2025-11-17T16:37:33.916951,11520.788988407,26.133925344873795,100.0,0.3,-73.8660746551262,False,73.8660746551262,0.0,INIT
2025-11-17T16:37:33.982376,11520.85442082,26.15192534490392,100.0,0.3,-73.84807465509608,False,73.84807465509608,0.0,INIT
2025-11-17T16:37:34.199257,11521.071295831,26.21192534500575,100.0,0.3,-73.78807465499425,False,73.78807465499425,0.0,INIT
2025-11-17T16:37:34.282590,11521.154634498,26.23592534504592,100.0,0.3,-73.76407465495407,False,73.76407465495407,0.0,INIT
2025-11-17T16:37:34.509355,11521.381394827,26.30192534515637,100.0,0.3,-73.69807465484362,False,73.69807465484362,0.0,INIT
2025-11-17T16:37:34.652748,11521.524786651,26.343925345228076,100.0,0.3,-73.65607465477193,False,73.65607465477193,0.0,INIT
2025-11-17T16:37:34.682185,11521.554231058,26.35592534524745,100.0,0.3,-73.64407465475256,False,73.64407465475256,0.0,INIT
2025-11-17T16:37:34.852263,11521.724297767,26.40392534532849,100.0,0.3,-73.59607465467151,False,73.59607465467151,0.0,INIT
2025-11-17T16:37:35.199058,11522.071100171,26.499925345489856,100.0,0.3,-73.50007465451014,False,73.50007465451014,0.0,INIT
2025-11-17T16:37:35.419447,11522.29148446,26.559925345590983,100.0,0.3,-73.44007465440902,False,73.44007465440902,0.0,INIT
2025-11-17T16:37:35.511577,11522.383610452,26.589925345641902,100.0,0.3,-73.4100746543581,False,73.4100746543581,0.0,INIT
2025-11-17T16:37:35.582090,11522.454132376,26.607925345672026,100.0,0.3,-73.39207465432797,False,73.39207465432797,0.0,INIT
2025-11-17T16:37:35.751683,11522.623720567,26.64992534574231,100.0,0.3,-73.3500746542577,False,73.3500746542577,0.0,INIT
2025-11-17T16:37:35.864948,11522.736986892,26.67992534579323,100.0,0.3,-73.32007465420676,False,73.32007465420676,0.0,INIT
2025-11-17T16:37:36.053737,11522.925771094,26.7339253458836,100.0,0.3,-73.26607465411641,False,73.26607465411641,0.0,INIT
2025-11-17T16:37:36.671609,11523.543645473,26.89592534615684,100.0,0.3,-73.10407465384316,False,73.10407465384316,0.0,INIT
2025-11-17T16:37:36.716370,11523.588411098,26.90192534616617,100.0,0.3,-73.09807465383383,False,73.09807465383383,0.0,INIT
2025-11-17T16:37:36.782362,11523.654400296,26.92592534620705,100.0,0.3,-73.07407465379295,False,73.07407465379295,0.0,INIT
2025-11-17T16:37:36.882299,11523.754337984,26.94992534624721,100.0,0.3,-73.05007465375279,False,73.05007465375279,0.0,INIT
2025-11-17T16:37:37.001599,11523.873645826,26.98592534630817,100.0,0.3,-73.01407465369184,False,73.01407465369184,0.0,INIT
2025-11-17T16:37:37.082421,11523.95446046,27.0039253463383,100.0,0.3,-72.99607465366171,False,72.99607465366171,0.0,INIT
2025-11-17T16:37:37.451099,11524.323136943,27.105925346509704,100.0,0.3,-72.89407465349029,False,72.89407465349029,0.0,INIT
2025-11-17T16:37:37.482817,11524.354855564,27.117925346529784,100.0,0.3,-72.88207465347021,False,72.88207465347021,0.0,INIT
2025-11-17T16:37:37.582437,11524.454474824,27.147925346579992,100.0,0.3,-72.85207465342,False,72.85207465342,0.0,INIT
2025-11-17T16:37:37.755397,11524.627433687,27.19592534666174,100.0,0.3,-72.80407465333826,False,72.80407465333826,0.0,INIT
2025-11-17T16:37:37.782663,11524.654707373,27.20192534667107,100.0,0.3,-72.79807465332892,False,72.79807465332892,0.0,INIT
2025-11-17T16:37:38.200516,11525.072551958,27.321925346873314,100.0,0.3,-72.67807465312669,False,72.67807465312669,0.0,INIT
2025-11-17T16:37:38.391564,11525.263598047,27.375925346964397,100.0,0.3,-72.6240746530356,False,72.6240746530356,0.0,INIT
2025-11-17T16:37:38.532872,11525.404906018,27.41792534703469,100.0,0.3,-72.5820746529653,False,72.5820746529653,0.0,INIT
2025-11-17T16:37:38.788434,11525.660471101,27.4899253471566,100.0,0.3,-72.5100746528434,False,72.5100746528434,0.0,INIT
2025-11-17T16:37:39.040429,11525.912464471,27.561925347277807,100.0,0.3,-72.4380746527222,False,72.4380746527222,0.0,INIT
2025-11-17T16:37:39.271965,11526.144015694,27.621925347378216,100.0,0.3,-72.37807465262179,False,72.37807465262179,0.0,INIT
2025-11-17T16:37:39.287516,11526.159553245,27.627925347388974,100.0,0.3,-72.37207465261102,False,72.37207465261102,0.0,INIT
2025-11-17T16:37:39.384256,11526.256296779,27.651925347428428,100.0,0.3,-72.34807465257157,False,72.34807465257157,0.0,INIT
2025-11-17T16:37:39.513243,11526.385279709,27.687925347489383,100.0,0.3,-72.31207465251062,False,72.31207465251062,0.0,INIT
2025-11-17T16:37:39.603578,11526.475622437,27.711925347530254,100.0,0.3,-72.28807465246975,False,72.28807465246975,0.0,INIT
2025-11-17T16:37:39.952013,11526.824056687,27.807925347691622,100.0,0.3,-72.19207465230838,False,72.19207465230838,0.0,INIT
2025-11-17T16:37:39.986854,11526.858892572,27.813925347700952,100.0,0.3,-72.18607465229906,False,72.18607465229906,0.0,INIT
2025-11-17T16:37:40.120230,11526.992271802,27.849925347761918,100.0,0.3,-72.15007465223809,False,72.15007465223809,0.0,INIT
2025-11-17T16:37:40.320584,11527.192618057,27.897925347842243,100.0,0.3,-72.10207465215775,False,72.10207465215775,0.0,INIT
2025-11-17T16:37:40.382410,11527.254447739,27.915925347873078,100.0,0.3,-72.08407465212693,False,72.08407465212693,0.0,INIT
2025-11-17T16:37:40.482263,11527.354313385,27.93992534791395,100.0,0.3,-72.06007465208606,False,72.06007465208606,0.0,INIT
2025-11-17T16:37:40.582001,11527.454044406,27.96992534796416,100.0,0.3,-72.03007465203584,False,72.03007465203584,0.0,INIT
2025-11-17T16:37:40.682176,11527.554216402,27.99392534800503,100.0,0.3,-72.00607465199496,False,72.00607465199496,0.0,INIT
2025-11-17T16:37:40.782218,11527.65425691,28.017925348044482,100.0,0.3,-71.98207465195551,False,71.98207465195551,0.0,INIT
2025-11-17T16:37:41.179857,11528.051889933,28.13192534823669,100.0,0.3,-71.86807465176331,False,71.86807465176331,0.0,INIT
2025-11-17T16:37:41.199748,11528.071783629,28.13192534823669,100.0,0.3,-71.86807465176331,False,71.86807465176331,0.0,INIT
2025-11-17T16:37:41.817481,11528.689529969,28.13192534823669,100.0,0.3,-71.86807465176331,False,71.86807465176331,0.0,INIT
2025-11-17T16:37:41.916573,11528.788613652,28.341925348590262,100.0,0.3,-71.65807465140973,False,71.65807465140973,0.0,INIT
2025-11-17T16:37:41.982063,11528.854097889,28.359925348620386,100.0,0.3,-71.64007465137962,False,71.64007465137962,0.0,INIT
2025-11-17T16:37:42.082106,11528.954144453,28.3899253486713,100.0,0.3,-71.6100746513287,False,71.6100746513287,0.0,INIT
2025-11-17T16:37:42.187614,11529.059650454,28.41992534872151,100.0,0.3,-71.5800746512785,False,71.5800746512785,0.0,INIT
2025-11-17T16:37:42.282242,11529.154277876,28.443925348762384,100.0,0.3,-71.55607465123762,False,71.55607465123762,0.0,INIT
2025-11-17T16:37:42.497778,11529.369815289,28.503925348862797,100.0,0.3,-71.4960746511372,False,71.4960746511372,0.0,INIT
2025-11-17T16:37:42.600611,11529.472651097,28.533925348913,100.0,0.3,-71.466074651087,False,71.466074651087,0.0,INIT
2025-11-17T16:37:44.276659,11531.148694045,28.983925349671335,100.0,0.3,-71.01607465032866,False,71.01607465032866,0.0,INIT
2025-11-17T16:37:44.303913,11531.175953092,28.983925349671335,100.0,0.3,-71.01607465032866,False,71.01607465032866,0.0,INIT
2025-11-17T16:37:44.460371,11531.332407401,29.031925349752505,100.0,0.3,-70.9680746502475,False,70.9680746502475,0.0,INIT
2025-11-17T16:37:45.126942,11531.998980517,29.223925350076502,100.0,0.3,-70.7760746499235,False,70.7760746499235,0.0,INIT
2025-11-17T16:37:45.211552,11532.083588081,29.247925350116034,100.0,0.3,-70.75207464988397,False,70.75207464988397,0.0,INIT
2025-11-17T16:37:45.282235,11532.154271829,29.265925350146915,100.0,0.3,-70.73407464985308,False,70.73407464985308,0.0,INIT
2025-11-17T16:37:45.382602,11532.254640777,29.29592535019793,100.0,0.3,-70.70407464980207,False,70.70407464980207,0.0,INIT
2025-11-17T16:37:45.645133,11532.517168149,29.373925350329387,100.0,0.3,-70.62607464967061,False,70.62607464967061,0.0,INIT
2025-11-17T16:37:45.719057,11532.59109156,29.39192535035956,100.0,0.3,-70.60807464964044,False,70.60807464964044,0.0,INIT
2025-11-17T16:37:45.791826,11532.663865636,29.409925350389738,100.0,0.3,-70.59007464961026,False,70.59007464961026,0.0,INIT
2025-11-17T16:37:45.881957,11532.753992945,29.43992535044074,100.0,0.3,-70.56007464955925,False,70.56007464955925,0.0,INIT
2025-11-17T16:37:45.982243,11532.85428057,29.469925350491028,100.0,0.3,-70.53007464950898,False,70.53007464950898,0.0,INIT
2025-11-17T16:37:46.082317,11532.954359555,29.49392535053199,100.0,0.3,-70.50607464946802,False,70.50607464946802,0.0,INIT
2025-11-17T16:37:46.224432,11533.096475884,29.535925350602383,100.0,0.3,-70.46407464939762,False,70.46407464939762,0.0,INIT
2025-11-17T16:37:46.282270,11533.154308225,29.547925350621792,100.0,0.3,-70.4520746493782,False,70.4520746493782,0.0,INIT
2025-11-17T16:37:46.382041,11533.254078888,29.577925350673507,100.0,0.3,-70.42207464932649,False,70.42207464932649,0.0,INIT
2025-11-17T16:37:46.481930,11533.353964715,29.607925350723796,100.0,0.3,-70.3920746492762,False,70.3920746492762,0.0,INIT
2025-11-17T16:37:46.582255,11533.454292559,29.631925350764043,100.0,0.3,-70.36807464923595,False,70.36807464923595,0.0,INIT
2025-11-17T16:37:46.728356,11533.60039902,29.66792535082438,100.0,0.3,-70.33207464917562,False,70.33207464917562,0.0,INIT
2025-11-17T16:37:46.781945,11533.653980664,29.685925350855268,100.0,0.3,-70.31407464914473,False,70.31407464914473,0.0,INIT
2025-11-17T16:37:46.985310,11533.85734644,29.745925350956565,100.0,0.3,-70.25407464904343,False,70.25407464904343,0.0,INIT
2025-11-17T16:37:47.178426,11534.050461687,29.793925351037753,100.0,0.3,-70.20607464896224,False,70.20607464896224,0.0,INIT
2025-11-17T16:37:47.184753,11534.056790097,29.793925351037753,100.0,0.3,-70.20607464896224,False,70.20607464896224,0.0,INIT
2025-11-17T16:37:47.282068,11534.154102437,29.817925351077264,100.0,0.3,-70.18207464892274,False,70.18207464892274,0.0,INIT
2025-11-17T16:37:47.382205,11534.254245597,29.847925351127557,100.0,0.3,-70.15207464887244,False,70.15207464887244,0.0,INIT
2025-11-17T16:37:47.482259,11534.354298467,29.871925351168507,100.0,0.3,-70.1280746488315,False,70.1280746488315,0.0,INIT
2025-11-17T16:37:47.691585,11534.56362072,29.925925351259743,100.0,0.3,-70.07407464874026,False,70.07407464874026,0.0,INIT
2025-11-17T16:37:48.182934,11535.05496917,29.93792535127986,100.0,0.3,-70.06207464872014,False,70.06207464872014,0.0,INIT
2025-11-17T16:37:48.376845,11535.24888527,30.11792535158303,100.0,0.3,-69.88207464841697,False,69.88207464841697,0.0,INIT
2025-11-17T16:37:48.382213,11535.25424929,30.11792535158303,100.0,0.3,-69.88207464841697,False,69.88207464841697,0.0,INIT
2025-11-17T16:37:48.645078,11535.517116523,30.189925351705153,100.0,0.3,-69.81007464829484,False,69.81007464829484,0.0,INIT
2025-11-17T16:37:48.682141,11535.554179133,30.20192535172456,100.0,0.3,-69.79807464827545,False,69.79807464827545,0.0,INIT
2025-11-17T16:37:48.950608,11535.822643708,30.20192535172456,100.0,0.3,-69.79807464827545,False,69.79807464827545,0.0,INIT
2025-11-17T16:37:48.995778,11535.867813622,30.291925351876866,100.0,0.3,-69.70807464812313,False,69.70807464812313,0.0,INIT
2025-11-17T16:37:49.130404,11536.002442567,30.333925351947276,100.0,0.3,-69.66607464805273,False,69.66607464805273,0.0,INIT
2025-11-17T16:37:49.181851,11536.053885668,30.345925351968095,100.0,0.3,-69.65407464803191,False,69.65407464803191,0.0,INIT
2025-11-17T16:37:49.379362,11536.25139983,30.405925352068685,100.0,0.3,-69.59407464793131,False,69.59407464793131,0.0,INIT
2025-11-17T16:37:49.383587,11536.255623524,30.405925352068685,100.0,0.3,-69.59407464793131,False,69.59407464793131,0.0,INIT
2025-11-17T16:37:49.534511,11536.406547133,30.44792535213909,100.0,0.3,-69.5520746478609,False,69.5520746478609,0.0,INIT
2025-11-17T16:37:49.932345,11536.804380611,30.56192535233231,100.0,0.3,-69.43807464766769,False,69.43807464766769,0.0,INIT
2025-11-17T16:37:50.158828,11537.030868137,30.62192535243289,100.0,0.3,-69.3780746475671,False,69.3780746475671,0.0,INIT
2025-11-17T16:37:50.181995,11537.054033981,30.62792535244365,100.0,0.3,-69.37207464755635,False,69.37207464755635,0.0,INIT
2025-11-17T16:37:50.282261,11537.154300354,30.651925352483172,100.0,0.3,-69.34807464751682,False,69.34807464751682,0.0,INIT
2025-11-17T16:37:50.434054,11537.306091029,30.693925352554988,100.0,0.2646215622804423,-69.30607464744502,False,69.30607464744502,0.0,INIT
2025-11-17T16:37:50.491640,11537.363682757,30.710545593636457,100.0,0.24591568595472463,-69.28945440636355,False,69.28945440636355,0.0,INIT
2025-11-17T16:37:50.927111,11537.799147439,30.804255436884677,100.0,0.13187951359345607,-69.19574456311533,False,69.19574456311533,0.0,INIT
2025-11-17T16:37:52.698646,11539.570684027,31.01995290124304,100.0,0.20000425110301098,-68.98004709875696,False,68.98004709875696,0.0,INIT
2025-11-17T16:37:52.918047,11539.79008598,31.06184196934973,100.0,0.24871116479687322,-68.93815803065027,False,68.93815803065027,0.0,INIT
2025-11-17T16:37:53.448802,11540.320836271,31.185661775383704,100.0,0.3,-68.8143382246163,False,68.8143382246163,0.0,INIT
2025-11-17T16:37:53.575474,11540.447511768,31.215046309200055,100.0,0.3,-68.78495369079994,False,68.78495369079994,0.0,INIT
2025-11-17T16:37:54.314938,11541.186982974,31.41904630954413,100.0,0.3,-68.58095369045587,False,68.58095369045587,0.0,INIT
2025-11-17T16:37:54.492256,11541.364294933,31.467046309624596,100.0,0.3,-68.53295369037541,False,68.53295369037541,0.0,INIT
2025-11-17T16:37:55.617499,11542.48953968,31.767046310130308,100.0,0.3,-68.23295368986969,False,68.23295368986969,0.0,INIT
2025-11-17T16:37:55.731471,11542.603508602,31.803046310191366,100.0,0.3,-68.19695368980864,False,68.19695368980864,0.0,INIT
2025-11-17T16:37:55.782591,11542.654628205,31.81504631021148,100.0,0.3,-68.18495368978853,False,68.18495368978853,0.0,INIT
2025-11-17T16:37:55.903845,11542.775879107,31.851046310271823,100.0,0.3,-68.14895368972817,False,68.14895368972817,0.0,INIT
2025-11-17T16:37:55.982245,11542.85428176,31.875046310312044,100.0,0.3,-68.12495368968796,False,68.12495368968796,0.0,INIT
2025-11-17T16:37:56.127882,11542.999928494,31.917046310383174,100.0,0.3,-68.08295368961683,False,68.08295368961683,0.0,INIT
2025-11-17T16:37:56.337825,11543.209863027,31.97704631048447,100.0,0.3,-68.02295368951553,False,68.02295368951553,0.0,INIT
2025-11-17T16:37:56.382196,11543.254234446,31.98904631050459,100.0,0.3,-68.01095368949541,False,68.01095368949541,0.0,INIT
2025-11-17T16:37:56.603107,11543.475146944,32.055046310615225,100.0,0.3,-67.94495368938477,False,67.94495368938477,0.0,INIT
2025-11-17T16:37:56.854366,11543.726400049,32.12704631073735,100.0,0.3,-67.87295368926266,False,67.87295368926266,0.0,INIT
2025-11-17T16:37:56.949716,11543.821754376,32.15104631077758,100.0,0.3,-67.84895368922241,False,67.84895368922241,0.0,INIT
2025-11-17T16:37:57.155783,11544.027818071,32.2050463108681,100.0,0.3,-67.7949536891319,False,67.7949536891319,0.0,INIT
2025-11-17T16:37:57.302931,11544.174967061,32.247046310939226,100.0,0.3,-67.75295368906077,False,67.75295368906077,0.0,INIT
2025-11-17T16:37:57.382344,11544.254382571,32.26504631097011,100.0,0.3,-67.73495368902988,False,67.73495368902988,0.0,INIT
2025-11-17T16:37:57.603251,11544.47528783,32.32504631107069,100.0,0.3,-67.6749536889293,False,67.6749536889293,0.0,INIT
2025-11-17T16:37:59.340004,11546.212040018,32.79904631187029,100.0,0.3,-67.20095368812972,False,67.20095368812972,0.0,INIT
2025-11-17T16:37:59.489815,11546.361855471,32.80504631187964,100.0,0.3,-67.19495368812036,False,67.19495368812036,0.0,INIT
2025-11-17T16:37:59.616131,11546.488174309,32.877046312001774,100.0,0.3,-67.12295368799823,False,67.12295368799823,0.0,INIT
2025-11-17T16:37:59.685863,11546.557901659,32.89504631203194,100.0,0.3,-67.10495368796806,False,67.10495368796806,0.0,INIT
2025-11-17T16:37:59.954885,11546.826927953,32.97904631217347,100.0,0.3,-67.02095368782653,False,67.02095368782653,0.0,INIT
2025-11-17T16:38:00.285580,11547.157624915,33.06904631232577,100.0,0.3,-66.93095368767423,False,66.93095368767423,0.0,INIT
2025-11-17T16:38:00.383518,11547.255564381,33.09904631237607,100.0,0.3,-66.90095368762394,False,66.90095368762394,0.0,INIT
2025-11-17T16:38:00.487755,11547.359795519,33.129046312426354,100.0,0.3,-66.87095368757365,False,66.87095368757365,0.0,INIT
2025-11-17T16:38:00.756336,11547.62837584,33.20104631254776,100.0,0.3,-66.79895368745224,False,66.79895368745224,0.0,INIT
2025-11-17T16:38:00.782077,11547.654126491,33.20704631255783,100.0,0.3,-66.79295368744218,False,66.79295368744218,0.0,INIT
2025-11-17T16:38:00.882032,11547.754073847,33.237046312608115,100.0,0.3,-66.76295368739189,False,66.76295368739189,0.0,INIT
2025-11-17T16:38:01.004353,11547.876392034,33.26704631265912,100.0,0.3,-66.73295368734088,False,66.73295368734088,0.0,INIT
2025-11-17T16:38:01.083720,11547.955776248,33.29104631269936,100.0,0.3,-66.70895368730064,False,66.70895368730064,0.0,INIT
2025-11-17T16:38:01.191066,11548.06310184,33.32104631274965,100.0,0.3,-66.67895368725036,False,66.67895368725036,0.0,INIT
2025-11-17T16:38:01.282027,11548.154061187,33.345046312790586,100.0,0.3,-66.65495368720941,False,66.65495368720941,0.0,INIT
2025-11-17T16:38:01.382120,11548.254160822,33.37504631284089,100.0,0.3,-66.62495368715912,False,66.62495368715912,0.0,INIT
2025-11-17T16:38:01.482421,11548.354455847,33.39904631288182,100.0,0.3,-66.60095368711818,False,66.60095368711818,0.0,INIT
2025-11-17T16:38:01.607079,11548.479114404,33.42904631293212,100.0,0.3,-66.57095368706788,False,66.57095368706788,0.0,INIT
2025-11-17T16:38:01.686186,11548.55822143,33.453046312973065,100.0,0.3,-66.54695368702693,False,66.54695368702693,0.0,INIT
2025-11-17T16:38:01.899835,11548.771872351,33.5070463130636,100.0,0.3,-66.4929536869364,False,66.4929536869364,0.0,INIT
2025-11-17T16:38:01.982099,11548.854139262,33.52504631309376,100.0,0.3,-66.47495368690625,False,66.47495368690625,0.0,INIT
2025-11-17T16:38:02.347952,11549.219987455,33.621046313255405,100.0,0.3,-66.3789536867446,False,66.3789536867446,0.0,INIT
2025-11-17T16:38:02.716195,11549.588232758,33.729046313437884,100.0,0.3,-66.27095368656211,False,66.27095368656211,0.0,INIT
2025-11-17T16:38:02.839504,11549.711544228,33.75904631348817,100.0,0.3,-66.24095368651183,False,66.24095368651183,0.0,INIT
2025-11-17T16:38:03.769964,11550.642023276,34.029046313943645,100.0,0.3,-65.97095368605636,False,65.97095368605636,0.0,INIT
2025-11-17T16:38:03.791922,11550.663959221,34.029046313943645,100.0,0.3,-65.97095368605636,False,65.97095368605636,0.0,INIT
2025-11-17T16:38:03.888095,11550.76013121,34.06504631400471,100.0,0.3,-65.93495368599528,False,65.93495368599528,0.0,INIT
2025-11-17T16:38:03.982222,11550.854262307,34.08904631404495,100.0,0.3,-65.91095368595505,False,65.91095368595505,0.0,INIT
2025-11-17T16:38:04.298526,11551.170566995,34.17904631419653,100.0,0.3,-65.82095368580346,False,65.82095368580346,0.0,INIT
2025-11-17T16:38:04.441064,11551.31310221,34.21504631425759,100.0,0.3,-65.78495368574241,False,65.78495368574241,0.0,INIT
2025-11-17T16:38:04.653026,11551.525060067,34.27504631435818,100.0,0.3,-65.72495368564182,False,65.72495368564182,0.0,INIT
2025-11-17T16:38:04.681951,11551.553990428,34.28104631436894,100.0,0.3,-65.71895368563105,False,65.71895368563105,0.0,INIT
2025-11-17T16:38:05.590271,11552.462309634,34.521046314772704,100.0,0.3,-65.4789536852273,False,65.4789536852273,0.0,INIT
2025-11-17T16:38:05.682645,11552.554679973,34.54504631481365,100.0,0.3,-65.45495368518635,False,65.45495368518635,0.0,INIT
2025-11-17T16:38:05.783204,11552.655239338,34.569046314854596,100.0,0.3,-65.4309536851454,False,65.4309536851454,0.0,INIT
2025-11-17T16:38:06.020699,11552.892742039,34.63504631496594,100.0,0.3,-65.36495368503407,False,65.36495368503407,0.0,INIT
2025-11-17T16:38:06.975874,11553.84791046,34.74304631514698,100.0,0.3,-65.25695368485302,False,65.25695368485302,0.0,INIT
2025-11-17T16:38:07.003514,11553.875548377,34.74304631514698,100.0,0.3,-65.25695368485302,False,65.25695368485302,0.0,INIT
2025-11-17T16:38:07.082435,11553.954470996,34.74304631514698,100.0,0.3,-65.25695368485302,False,65.25695368485302,0.0,INIT
2025-11-17T16:38:07.182020,11554.054056361,34.74304631514698,100.0,0.3,-65.25695368485302,False,65.25695368485302,0.0,INIT
2025-11-17T16:38:07.281952,11554.153989462,34.74304631514698,100.0,0.3,-65.25695368485302,False,65.25695368485302,0.0,INIT
2025-11-17T16:38:07.381935,11554.255155284,34.74304631514698,100.0,0.3,-65.25695368485302,False,65.25695368485302,0.0,INIT
2025-11-17T16:38:07.482528,11554.354569949,34.74304631514698,100.0,0.3,-65.25695368485302,False,65.25695368485302,0.0,INIT
2025-11-17T16:38:07.581871,11554.453909785,34.74304631514698,100.0,0.3,-65.25695368485302,False,65.25695368485302,0.0,INIT
2025-11-17T16:38:07.682158,11554.554197275,34.74304631514698,100.0,0.3,-65.25695368485302,False,65.25695368485302,0.0,INIT
2025-11-17T16:38:07.782155,11554.654192258,34.74304631514698,100.0,0.3,-65.25695368485302,False,65.25695368485302,0.0,INIT
2025-11-17T16:38:07.882133,11554.754170999,34.74304631514698,100.0,0.3,-65.25695368485302,False,65.25695368485302,0.0,INIT
2025-11-17T16:38:07.982231,11554.854268892,34.74304631514698,100.0,0.3,-65.25695368485302,False,65.25695368485302,0.0,INIT
2025-11-17T16:38:08.082189,11554.95422676,34.74304631514698,100.0,0.3,-65.25695368485302,False,65.25695368485302,0.0,INIT
2025-11-17T16:38:08.182142,11555.054178395,34.74304631514698,100.0,0.3,-65.25695368485302,False,65.25695368485302,0.0,INIT
2025-11-17T16:38:08.282074,11555.154108858,34.74304631514698,100.0,0.3,-65.25695368485302,False,65.25695368485302,0.0,INIT
2025-11-17T16:38:08.382298,11555.254334338,34.74304631514698,100.0,0.3,-65.25695368485302,False,65.25695368485302,0.0,INIT
2025-11-17T16:38:08.482284,11555.354321645,34.74304631514698,100.0,0.3,-65.25695368485302,False,65.25695368485302,0.0,INIT
2025-11-17T16:38:08.582217,11555.454255099,34.74304631514698,100.0,0.3,-65.25695368485302,False,65.25695368485302,0.0,INIT
2025-11-17T16:38:08.682101,11555.55413838,34.74304631514698,100.0,0.3,-65.25695368485302,False,65.25695368485302,0.0,INIT
2025-11-17T16:38:08.782028,11555.654062979,34.74304631514698,100.0,0.3,-65.25695368485302,False,65.25695368485302,0.0,INIT
2025-11-17T16:38:08.882088,11555.754126457,34.74304631514698,100.0,0.3,-65.25695368485302,False,65.25695368485302,0.0,INIT
2025-11-17T16:38:08.982122,11555.854157471,34.74304631514698,100.0,0.3,-65.25695368485302,False,65.25695368485302,0.0,INIT
2025-11-17T16:38:09.082085,11555.95412117,34.74304631514698,100.0,0.3,-65.25695368485302,False,65.25695368485302,0.0,INIT
2025-11-17T16:38:09.181974,11556.054035928,34.74304631514698,100.0,0.3,-65.25695368485302,False,65.25695368485302,0.0,INIT
2025-11-17T16:38:09.282296,11556.154331676,34.74304631514698,100.0,0.3,-65.25695368485302,False,65.25695368485302,0.0,INIT
2025-11-17T16:38:09.382029,11556.25406788,34.74304631514698,100.0,0.3,-65.25695368485302,False,65.25695368485302,0.0,INIT
2025-11-17T16:38:09.482161,11556.354196059,34.74304631514698,100.0,0.3,-65.25695368485302,False,65.25695368485302,0.0,INIT
2025-11-17T16:38:09.581969,11556.454009962,34.74304631514698,100.0,0.3,-65.25695368485302,False,65.25695368485302,0.0,INIT
2025-11-17T16:38:09.682315,11556.554358157,34.74304631514698,100.0,0.3,-65.25695368485302,False,65.25695368485302,0.0,INIT
2025-11-17T16:38:09.782093,11556.654128742,34.74304631514698,100.0,0.3,-65.25695368485302,False,65.25695368485302,0.0,INIT
2025-11-17T16:38:09.882138,11556.75417428,34.74304631514698,100.0,0.3,-65.25695368485302,False,65.25695368485302,0.0,INIT
2025-11-17T16:38:09.982095,11556.854131893,34.74304631514698,100.0,0.3,-65.25695368485302,False,65.25695368485302,0.0,INIT
2025-11-17T16:38:10.082372,11556.95440818,34.74304631514698,100.0,0.3,-65.25695368485302,False,65.25695368485302,0.0,INIT
2025-11-17T16:38:10.182353,11557.054387575,34.74304631514698,100.0,0.3,-65.25695368485302,False,65.25695368485302,0.0,INIT
2025-11-17T16:38:10.282181,11557.154217872,34.74304631514698,100.0,0.3,-65.25695368485302,False,65.25695368485302,0.0,INIT
2025-11-17T16:38:10.382313,11557.25434762,34.74304631514698,100.0,0.3,-65.25695368485302,False,65.25695368485302,0.0,INIT
2025-11-17T16:38:10.482161,11557.354195232,34.74304631514698,100.0,0.3,-65.25695368485302,False,65.25695368485302,0.0,INIT
2025-11-17T16:38:10.582308,11557.454345824,34.74304631514698,100.0,0.3,-65.25695368485302,False,65.25695368485302,0.0,INIT
2025-11-17T16:38:10.682188,11557.554224042,34.74304631514698,100.0,0.3,-65.25695368485302,False,65.25695368485302,0.0,INIT
2025-11-17T16:38:10.782240,11557.654274842,34.74304631514698,100.0,0.3,-65.25695368485302,False,65.25695368485302,0.0,INIT
2025-11-17T16:38:10.882359,11557.754396576,34.74304631514698,100.0,0.3,-65.25695368485302,False,65.25695368485302,0.0,INIT
2025-11-17T16:38:10.982442,11557.854478399,34.74304631514698,100.0,0.3,-65.25695368485302,False,65.25695368485302,0.0,INIT
2025-11-17T16:38:11.082316,11557.954349852,34.74304631514698,100.0,0.3,-65.25695368485302,False,65.25695368485302,0.0,INIT
2025-11-17T16:38:11.182443,11558.054480861,34.74304631514698,100.0,0.3,-65.25695368485302,False,65.25695368485302,0.0,INIT
2025-11-17T16:38:11.282157,11558.154194328,34.74304631514698,100.0,0.3,-65.25695368485302,False,65.25695368485302,0.0,INIT
2025-11-17T16:38:11.382373,11558.254408131,34.74304631514698,100.0,0.3,-65.25695368485302,False,65.25695368485302,0.0,INIT
2025-11-17T16:38:11.482276,11558.35431207,34.74304631514698,100.0,0.3,-65.25695368485302,False,65.25695368485302,0.0,INIT
2025-11-17T16:38:11.582314,11558.454350813,34.74304631514698,100.0,0.3,-65.25695368485302,False,65.25695368485302,0.0,INIT
2025-11-17T16:38:11.682328,11558.554364544,34.74304631514698,100.0,0.3,-65.25695368485302,False,65.25695368485302,0.0,INIT
2025-11-17T16:38:11.782391,11558.654426786,34.74304631514698,100.0,0.3,-65.25695368485302,False,65.25695368485302,0.0,INIT
2025-11-17T16:38:11.882306,11558.754340063,34.74304631514698,100.0,0.3,-65.25695368485302,False,65.25695368485302,0.0,INIT
2025-11-17T16:38:11.982233,11558.854271166,34.74304631514698,100.0,0.3,-65.25695368485302,False,65.25695368485302,0.0,INIT
2025-11-17T16:38:12.082437,11558.954474762,34.74304631514698,100.0,0.3,-65.25695368485302,False,65.25695368485302,0.0,INIT
2025-11-17T16:38:12.182472,11559.054511178,34.74304631514698,100.0,0.3,-65.25695368485302,False,65.25695368485302,0.0,INIT
2025-11-17T16:38:12.282467,11559.154503713,34.74304631514698,100.0,0.3,-65.25695368485302,False,65.25695368485302,0.0,INIT
2025-11-17T16:38:12.382423,11559.254459871,34.74304631514698,100.0,0.3,-65.25695368485302,False,65.25695368485302,0.0,INIT
2025-11-17T16:38:12.482758,11559.354793319,34.74304631514698,100.0,0.3,-65.25695368485302,False,65.25695368485302,0.0,INIT
2025-11-17T16:38:12.582486,11559.454524421,34.74304631514698,100.0,0.3,-65.25695368485302,False,65.25695368485302,0.0,INIT
2025-11-17T16:38:12.682324,11559.554361187,34.74304631514698,100.0,0.3,-65.25695368485302,False,65.25695368485302,0.0,INIT
2025-11-17T16:38:12.782454,11559.654491737,34.74304631514698,100.0,0.3,-65.25695368485302,False,65.25695368485302,0.0,INIT
2025-11-17T16:38:12.882346,11559.754381184,34.74304631514698,100.0,0.3,-65.25695368485302,False,65.25695368485302,0.0,INIT
2025-11-17T16:38:12.982391,11559.854428283,34.74304631514698,100.0,0.3,-65.25695368485302,False,65.25695368485302,0.0,INIT
2025-11-17T16:38:13.082092,11559.954127375,34.74304631514698,100.0,0.3,-65.25695368485302,False,65.25695368485302,0.0,INIT
2025-11-17T16:38:13.182177,11560.05421264,34.74304631514698,100.0,0.3,-65.25695368485302,False,65.25695368485302,0.0,INIT
2025-11-17T16:38:13.282192,11560.154225888,34.74304631514698,100.0,0.3,-65.25695368485302,False,65.25695368485302,0.0,INIT
2025-11-17T16:38:13.382047,11560.25408053,34.74304631514698,100.0,0.3,-65.25695368485302,False,65.25695368485302,0.0,INIT
2025-11-17T16:38:13.482160,11560.354198965,34.74304631514698,100.0,0.3,-65.25695368485302,False,65.25695368485302,0.0,INIT
2025-11-17T16:38:13.581975,11560.454022278,34.74304631514698,100.0,0.3,-65.25695368485302,False,65.25695368485302,0.0,INIT
2025-11-17T16:38:13.682476,11560.554515473,34.74304631514698,100.0,0.3,-65.25695368485302,False,65.25695368485302,0.0,INIT
2025-11-17T16:38:13.782177,11560.654212295,34.74304631514698,100.0,0.3,-65.25695368485302,False,65.25695368485302,0.0,INIT
2025-11-17T16:38:13.882173,11560.754209555,34.74304631514698,100.0,0.3,-65.25695368485302,False,65.25695368485302,0.0,INIT
2025-11-17T16:38:13.982135,11560.854171079,34.74304631514698,100.0,0.3,-65.25695368485302,False,65.25695368485302,0.0,INIT
2025-11-17T16:38:14.082187,11560.954224159,34.74304631514698,100.0,0.3,-65.25695368485302,False,65.25695368485302,0.0,INIT
2025-11-17T16:38:14.182290,11561.054326338,34.74304631514698,100.0,0.3,-65.25695368485302,False,65.25695368485302,0.0,INIT
2025-11-17T16:38:14.282288,11561.15432585,34.74304631514698,100.0,0.3,-65.25695368485302,False,65.25695368485302,0.0,INIT
2025-11-17T16:38:14.382153,11561.254190606,34.74304631514698,100.0,0.3,-65.25695368485302,False,65.25695368485302,0.0,INIT
2025-11-17T16:38:14.482303,11561.354339571,34.74304631514698,100.0,0.3,-65.25695368485302,False,65.25695368485302,0.0,INIT
2025-11-17T16:38:14.582153,11561.454188024,34.74304631514698,100.0,0.3,-65.25695368485302,False,65.25695368485302,0.0,INIT
2025-11-17T16:38:14.682158,11561.554195427,34.74304631514698,100.0,0.3,-65.25695368485302,False,65.25695368485302,0.0,INIT
2025-11-17T16:38:14.782132,11561.654166637,34.74304631514698,100.0,0.3,-65.25695368485302,False,65.25695368485302,0.0,INIT
2025-11-17T16:38:14.882023,11561.754057276,34.74304631514698,100.0,0.3,-65.25695368485302,False,65.25695368485302,0.0,INIT
2025-11-17T16:38:14.982110,11561.854145827,34.74304631514698,100.0,0.3,-65.25695368485302,False,65.25695368485302,0.0,INIT
2025-11-17T16:38:15.082127,11561.954163819,34.74304631514698,100.0,0.3,-65.25695368485302,False,65.25695368485302,0.0,INIT
2025-11-17T16:38:15.182107,11562.054142364,34.74304631514698,100.0,0.3,-65.25695368485302,False,65.25695368485302,0.0,INIT
2025-11-17T16:38:15.281998,11562.154031754,34.74304631514698,100.0,0.3,-65.25695368485302,False,65.25695368485302,0.0,INIT
2025-11-17T16:38:15.382311,11562.254349403,34.74304631514698,100.0,0.3,-65.25695368485302,False,65.25695368485302,0.0,INIT
2025-11-17T16:38:15.482162,11562.35419649,34.74304631514698,100.0,0.3,-65.25695368485302,False,65.25695368485302,0.0,INIT
2025-11-17T16:38:15.582106,11562.454140422,34.74304631514698,100.0,0.3,-65.25695368485302,False,65.25695368485302,0.0,INIT
2025-11-17T16:38:15.682306,11562.554343028,34.74304631514698,100.0,0.3,-65.25695368485302,False,65.25695368485302,0.0,INIT
2025-11-17T16:38:15.782190,11562.654223862,34.74304631514698,100.0,0.3,-65.25695368485302,False,65.25695368485302,0.0,INIT
2025-11-17T16:38:15.882082,11562.754117963,34.74304631514698,100.0,0.3,-65.25695368485302,False,65.25695368485302,0.0,INIT
2025-11-17T16:38:15.982267,11562.854304522,34.74304631514698,100.0,0.3,-65.25695368485302,False,65.25695368485302,0.0,INIT
2025-11-17T16:38:16.082220,11562.954257526,34.74304631514698,100.0,0.3,-65.25695368485302,False,65.25695368485302,0.0,INIT
2025-11-17T16:38:16.182141,11563.05417966,34.74304631514698,100.0,0.3,-65.25695368485302,False,65.25695368485302,0.0,INIT
