timestamp_wall,timestamp_mono,state_x,desired_x,output_cmd,error,converged_flag,distance_to_converge,estimated_time_to_converge,fsm_mode
2025-12-04T19:29:27.764854,3951.432327944,-7.528208222956475e-19,0.0,7.750786301127624e-30,-7.528208222956475e-19,False,7.528208222956475e-19,0.0,INIT
2025-12-04T19:29:27.774671,3951.442147535,-7.528208222956475e-19,0.0,7.750786301127624e-30,-7.528208222956475e-19,False,7.528208222956475e-19,0.0,INIT
2025-12-04T19:29:27.809266,3951.476746227,5.885712379990939e-11,0.0,-2.0306186096087494e-16,5.885712379990939e-11,False,5.885712379990939e-11,0.0,INIT
2025-12-04T19:29:27.814752,3951.482226244,5.885712379990939e-11,0.0,-2.0306186096087494e-16,5.885712379990939e-11,False,5.885712379990939e-11,0.0,INIT
2025-12-04T19:29:27.964172,3951.631643044,5.885668936349882e-11,0.0,-2.0305931293789044e-16,5.885668936349882e-11,False,5.885668936349882e-11,0.0,INIT
2025-12-04T19:29:27.974996,3951.64246577,5.885487606369815e-11,0.0,-2.0304867785367576e-16,5.885487606369815e-11,False,5.885487606369815e-11,0.0,INIT
2025-12-04T19:29:27.984712,3951.652184972,5.885487606369815e-11,0.0,-2.0304867785367576e-16,5.885487606369815e-11,False,5.885487606369815e-11,0.0,INIT
2025-12-04T19:29:27.994619,3951.662087592,5.885366719716435e-11,0.0,-2.0304158792495575e-16,5.885366719716435e-11,False,5.885366719716435e-11,0.0,INIT
2025-12-04T19:29:28.004761,3951.672231951,5.885366719716435e-11,0.0,-2.0304158792495575e-16,5.885366719716435e-11,False,5.885366719716435e-11,0.0,INIT
2025-12-04T19:29:28.120774,3951.788245939,5.885487606369815e-11,0.0,-2.0304867785367576e-16,5.885487606369815e-11,False,5.885487606369815e-11,0.0,INIT
2025-12-04T19:29:28.131163,3951.798632763,5.885487606369815e-11,0.0,-2.0304867785367576e-16,5.885487606369815e-11,False,5.885487606369815e-11,0.0,INIT
2025-12-04T19:29:28.134793,3951.802262231,5.885487606369815e-11,0.0,-2.0304867785367576e-16,5.885487606369815e-11,False,5.885487606369815e-11,0.0,INIT
2025-12-04T19:29:28.144705,3951.812174931,5.885971152983327e-11,0.0,-2.0307703858793578e-16,5.885971152983327e-11,False,5.885971152983327e-11,0.0,INIT
2025-12-04T19:29:28.154832,3951.822302917,5.885971152983327e-11,0.0,-2.0307703858793578e-16,5.885971152983327e-11,False,5.885971152983327e-11,0.0,INIT
2025-12-04T19:29:28.454285,3952.121754516,5.884762286449546e-11,0.0,-2.0300613981045812e-16,5.884762286449546e-11,False,5.884762286449546e-11,0.0,INIT
2025-12-04T19:29:28.465325,3952.132800705,5.884762286449546e-11,0.0,-2.0300613981045812e-16,5.884762286449546e-11,False,5.884762286449546e-11,0.0,INIT
2025-12-04T19:29:28.515325,3952.182797332,5.885729379676572e-11,0.0,-2.0306285801693103e-16,5.885729379676572e-11,False,5.885729379676572e-11,0.0,INIT
2025-12-04T19:29:28.524877,3952.192348169,5.885729379676572e-11,0.0,-2.0306285801693103e-16,5.885729379676572e-11,False,5.885729379676572e-11,0.0,INIT
2025-12-04T19:29:28.534692,3952.20216504,5.884762286449546e-11,0.0,-2.0300613981045812e-16,5.884762286449546e-11,False,5.884762286449546e-11,0.0,INIT
2025-12-04T19:29:28.544595,3952.212067326,5.884762286449546e-11,0.0,-2.0300613981045812e-16,5.884762286449546e-11,False,5.884762286449546e-11,0.0,INIT
2025-12-04T19:29:28.554697,3952.222170552,5.884762286449546e-11,0.0,-2.0300613981045812e-16,5.884762286449546e-11,False,5.884762286449546e-11,0.0,INIT
2025-12-04T19:29:28.723022,3952.390489197,5.889597752584672e-11,0.0,-2.0328979607954699e-16,5.889597752584672e-11,False,5.889597752584672e-11,0.0,INIT
2025-12-04T19:29:28.816209,3952.483683827,5.889597752584672e-11,0.0,-2.0328979607954699e-16,5.889597752584672e-11,False,5.889597752584672e-11,0.0,INIT
2025-12-04T19:29:29.765879,3953.433351124,5.879926820314418e-11,0.0,-2.027226466492632e-16,5.879926820314418e-11,False,5.879926820314418e-11,0.0,INIT
2025-12-04T19:29:29.891110,3953.558580839,5.879926820314418e-11,0.0,-2.027226466492632e-16,5.879926820314418e-11,False,5.879926820314418e-11,0.0,INIT
2025-12-04T19:29:30.021074,3953.688551386,0.0,0.0,0.0,0.0,False,0.0,0.0,INIT
2025-12-04T19:29:30.029438,3953.696910384,0.0,0.0,0.0,0.0,False,0.0,0.0,INIT
2025-12-04T19:29:30.171425,3953.838893329,0.0,0.0,0.0,0.0,False,0.0,0.0,INIT
2025-12-04T19:29:30.182256,3953.849727038,0.0,0.0,0.0,0.0,False,0.0,0.0,INIT
2025-12-04T19:29:30.184875,3953.852350365,0.0,0.0,0.0,0.0,False,0.0,0.0,INIT
2025-12-04T19:29:30.194799,3953.862268315,0.0,0.0,0.0,0.0,False,0.0,0.0,INIT
2025-12-04T19:29:30.204842,3953.872317844,0.0,0.0,0.0,0.0,False,0.0,0.0,INIT
2025-12-04T19:29:30.214846,3953.882321182,0.0,0.0,0.0,0.0,False,0.0,0.0,INIT
2025-12-04T19:29:30.224750,3953.892229278,0.0,0.0,0.0,0.0,False,0.0,0.0,INIT
2025-12-04T19:29:30.251927,3953.919403436,0.0,0.0,0.0,0.0,False,0.0,0.0,INIT
2025-12-04T19:29:30.289293,3953.956765457,0.0,0.0,0.0,0.0,False,0.0,0.0,INIT
2025-12-04T19:29:30.319041,3953.986513942,0.0,0.0,0.0,0.0,False,0.0,0.0,INIT
2025-12-04T19:29:30.324587,3953.992058009,0.0,0.0,0.0,0.0,False,0.0,0.0,INIT
2025-12-04T19:29:30.334591,3954.002062987,0.0,0.0,0.0,0.0,False,0.0,0.0,INIT
2025-12-04T19:29:30.506744,3954.174217823,0.0,0.0,0.0,0.0,False,0.0,0.0,INIT
2025-12-04T19:29:31.340330,3955.007800059,0.0,0.0,0.0,0.0,False,0.0,0.0,INIT
2025-12-04T19:29:31.354300,3955.021770752,0.0,0.0,0.0,0.0,False,0.0,0.0,INIT
2025-12-04T19:29:31.773726,3955.441212414,3.094698326481273e-13,0.0,-2.710323610797517e-20,3.094698326481273e-13,False,3.094698326481273e-13,0.0,INIT
2025-12-04T19:29:31.784465,3955.451940988,3.094698326481273e-13,0.0,-2.710323610797517e-20,3.094698326481273e-13,False,3.094698326481273e-13,0.0,INIT
2025-12-04T19:29:31.823723,3955.491194942,3.094698326481273e-13,0.0,-2.710323610797517e-20,3.094698326481273e-13,False,3.094698326481273e-13,0.0,INIT
2025-12-04T19:29:31.825520,3955.492984863,0.0,0.0,0.0,0.0,False,0.0,0.0,INIT
2025-12-04T19:29:32.122693,3955.790164004,-3.094698326481273e-13,0.0,2.710323610797517e-20,-3.094698326481273e-13,False,3.094698326481273e-13,0.0,INIT
2025-12-04T19:29:32.139148,3955.806626716,-3.094698326481273e-13,0.0,2.710323610797517e-20,-3.094698326481273e-13,False,3.094698326481273e-13,0.0,INIT
2025-12-04T19:29:32.411292,3956.078765274,3.094698326481273e-13,0.0,-2.710323610797517e-20,3.094698326481273e-13,False,3.094698326481273e-13,0.0,INIT
2025-12-04T19:29:32.422146,3956.089623689,3.094698326481273e-13,0.0,-2.710323610797517e-20,3.094698326481273e-13,True,3.094698326481273e-13,0.0,INIT
2025-12-04T19:29:32.432020,3956.099488609,0.0,0.0,0.0,0.0,True,0.0,0.0,INIT
2025-12-04T19:29:32.435043,3956.102506808,0.0,0.0,0.0,0.0,True,0.0,0.0,INIT
2025-12-04T19:29:32.445540,3956.113023404,0.0,0.0,0.0,0.0,True,0.0,0.0,INIT
2025-12-04T19:29:32.454561,3956.122035284,0.0,0.0,0.0,0.0,True,0.0,0.0,INIT
2025-12-04T19:29:32.580362,3956.247836231,0.0,0.0,0.0,0.0,True,0.0,0.0,INIT
2025-12-04T19:29:32.921199,3956.588671028,0.0,0.0,0.0,0.0,True,0.0,0.0,INIT
2025-12-04T19:29:32.947678,3956.615148659,0.0,0.0,0.0,0.0,True,0.0,0.0,INIT
2025-12-04T19:29:32.954718,3956.622214482,3.094698326481273e-13,0.0,-2.710323610797517e-20,3.094698326481273e-13,True,3.094698326481273e-13,0.0,INIT
2025-12-04T19:29:32.964596,3956.632070794,3.094698326481273e-13,0.0,-2.710323610797517e-20,3.094698326481273e-13,True,3.094698326481273e-13,0.0,INIT
2025-12-04T19:29:32.974576,3956.642050765,3.094698326481273e-13,0.0,-2.710323610797517e-20,3.094698326481273e-13,True,3.094698326481273e-13,0.0,INIT
2025-12-04T19:29:32.984621,3956.652093379,0.0,0.0,0.0,0.0,True,0.0,0.0,INIT
2025-12-04T19:29:32.994772,3956.662243583,0.0,0.0,0.0,0.0,True,0.0,0.0,INIT
2025-12-04T19:29:33.004633,3956.672106546,0.0,0.0,0.0,0.0,True,0.0,0.0,INIT
2025-12-04T19:29:33.014784,3956.682255644,0.0,0.0,0.0,0.0,True,0.0,0.0,INIT
2025-12-04T19:29:33.059825,3956.727296027,0.0,0.0,0.0,0.0,True,0.0,0.0,INIT
2025-12-04T19:29:33.064839,3956.732311618,0.0,0.0,0.0,0.0,True,0.0,0.0,INIT
2025-12-04T19:29:33.074970,3956.742446416,0.0,0.0,0.0,0.0,True,0.0,0.0,INIT
2025-12-04T19:29:33.084652,3956.752122392,0.0,0.0,0.0,0.0,True,0.0,0.0,INIT
2025-12-04T19:29:33.094649,3956.762123946,0.0,0.0,0.0,0.0,True,0.0,0.0,INIT
2025-12-04T19:29:33.104705,3956.772174208,0.0,0.0,0.0,0.0,True,0.0,0.0,INIT
2025-12-04T19:29:33.115590,3956.783063956,0.0,0.0,0.0,0.0,True,0.0,0.0,INIT
2025-12-04T19:29:33.124914,3956.792385908,0.0,0.0,0.0,0.0,True,0.0,0.0,INIT
2025-12-04T19:29:33.135676,3956.803145638,3.094698326481273e-13,0.0,-2.710323610797517e-20,3.094698326481273e-13,True,3.094698326481273e-13,0.0,INIT
2025-12-04T19:29:33.144711,3956.812180802,3.094698326481273e-13,0.0,-2.710323610797517e-20,3.094698326481273e-13,True,3.094698326481273e-13,0.0,INIT
2025-12-04T19:29:33.208515,3956.875986591,6.189396652962546e-13,0.0,-8.805867390812157e-20,6.189396652962546e-13,True,6.189396652962546e-13,0.0,INIT
2025-12-04T19:29:33.215010,3956.882484589,6.189396652962546e-13,0.0,-8.805867390812157e-20,6.189396652962546e-13,True,6.189396652962546e-13,0.0,INIT
2025-12-04T19:29:33.224782,3956.892257183,6.189396652962546e-13,0.0,-8.805867390812157e-20,6.189396652962546e-13,True,6.189396652962546e-13,0.0,INIT
2025-12-04T19:29:33.234858,3956.902331942,6.189396652962546e-13,0.0,-8.805867390812157e-20,6.189396652962546e-13,True,6.189396652962546e-13,0.0,INIT
2025-12-04T19:29:33.244872,3956.912354529,6.189396652962546e-13,0.0,-8.805867390812157e-20,6.189396652962546e-13,True,6.189396652962546e-13,0.0,INIT
2025-12-04T19:29:33.255166,3956.922638037,6.189396652962546e-13,0.0,-8.805867390812157e-20,6.189396652962546e-13,True,6.189396652962546e-13,0.0,INIT
2025-12-04T19:29:33.264906,3956.932383274,6.189396652962546e-13,0.0,-8.805867390812157e-20,6.189396652962546e-13,True,6.189396652962546e-13,0.0,INIT
2025-12-04T19:29:33.274708,3956.942183283,0.0,0.0,0.0,0.0,True,0.0,0.0,INIT
2025-12-04T19:29:33.284707,3956.952182876,0.0,0.0,0.0,0.0,True,0.0,0.0,INIT
2025-12-04T19:29:33.627470,3957.294941208,0.0,0.0,0.0,0.0,True,0.0,0.0,INIT
2025-12-04T19:29:33.644473,3957.311956049,0.0,0.0,0.0,0.0,True,0.0,0.0,INIT
2025-12-04T19:29:34.367630,3958.035107021,0.0,0.0,0.0,0.0,True,0.0,0.0,INIT
2025-12-04T19:29:34.512476,3958.17995162,0.0,0.0,0.0,0.0,True,0.0,0.0,INIT
2025-12-04T19:29:34.521510,3958.188986044,0.0,0.0,0.0,0.0,True,0.0,0.0,INIT
2025-12-04T19:29:34.526451,3958.193921379,0.0,0.0,0.0,0.0,True,0.0,0.0,INIT
2025-12-04T19:29:34.535455,3958.202929903,0.0,0.0,0.0,0.0,True,0.0,0.0,INIT
2025-12-04T19:29:34.544733,3958.212206216,0.0,0.0,0.0,0.0,True,0.0,0.0,INIT
2025-12-04T19:29:34.554931,3958.222409739,0.0,0.0,0.0,0.0,True,0.0,0.0,INIT
2025-12-04T19:29:34.564788,3958.232259366,0.0,0.0,0.0,0.0,True,0.0,0.0,INIT
2025-12-04T19:29:34.574763,3958.24223417,0.0,0.0,0.0,0.0,True,0.0,0.0,INIT
2025-12-04T19:29:34.584708,3958.252184238,8.033836855545385e-10,0.0,-1.7271858977310857e-14,8.033836855545385e-10,True,8.033836855545385e-10,0.0,INIT
2025-12-04T19:29:34.594699,3958.262171578,8.033836855545385e-10,0.0,-1.7271858977310857e-14,8.033836855545385e-10,True,8.033836855545385e-10,0.0,INIT
2025-12-04T19:29:34.605262,3958.272731602,8.033836855545385e-10,0.0,-1.7271858977310857e-14,8.033836855545385e-10,True,8.033836855545385e-10,0.0,INIT
2025-12-04T19:29:34.614789,3958.282261272,0.0,0.0,0.0,0.0,True,0.0,0.0,INIT
2025-12-04T19:29:34.990153,3958.657628558,0.0,0.0,0.0,0.0,True,0.0,0.0,INIT
2025-12-04T19:29:35.004723,3958.672194053,0.0,0.0,0.0,0.0,True,0.0,0.0,INIT
2025-12-04T19:29:35.014562,3958.682031381,6.189396652962546e-13,0.0,-8.805867390812157e-20,6.189396652962546e-13,True,6.189396652962546e-13,0.0,INIT
2025-12-04T19:29:35.024714,3958.692187587,6.189396652962546e-13,0.0,-8.805867390812157e-20,6.189396652962546e-13,True,6.189396652962546e-13,0.0,INIT
2025-12-04T19:29:35.034691,3958.702161323,0.0,0.0,0.0,0.0,True,0.0,0.0,INIT
2025-12-04T19:29:35.044851,3958.712321799,0.0,0.0,0.0,0.0,True,0.0,0.0,INIT
2025-12-04T19:29:35.054488,3958.721963063,0.0,0.0,0.0,0.0,True,0.0,0.0,INIT
2025-12-04T19:29:35.064663,3958.732141356,0.0,0.0,0.0,0.0,True,0.0,0.0,INIT
2025-12-04T19:29:35.295973,3958.963441909,0.0,0.0,0.0,0.0,True,0.0,0.0,INIT
2025-12-04T19:29:35.343117,3959.010589873,0.0,0.0,0.0,0.0,True,0.0,0.0,INIT
2025-12-04T19:29:35.392095,3959.059566019,0.0,0.0,0.0,0.0,True,0.0,0.0,INIT
2025-12-04T19:29:35.395555,3959.063024878,0.0,0.0,0.0,0.0,True,0.0,0.0,INIT
2025-12-04T19:29:35.404532,3959.071998915,0.0,0.0,0.0,0.0,True,0.0,0.0,INIT
2025-12-04T19:29:35.414796,3959.082264665,0.0,0.0,0.0,0.0,True,0.0,0.0,INIT
2025-12-04T19:29:35.424749,3959.092219626,0.0,0.0,0.0,0.0,True,0.0,0.0,INIT
2025-12-04T19:29:35.434641,3959.102111938,0.0,0.0,0.0,0.0,True,0.0,0.0,INIT
2025-12-04T19:29:35.444487,3959.111958863,-6.189396652962546e-13,0.0,8.805867390812157e-20,-6.189396652962546e-13,True,6.189396652962546e-13,0.0,INIT
2025-12-04T19:29:35.454773,3959.122244689,-6.189396652962546e-13,0.0,8.805867390812157e-20,-6.189396652962546e-13,True,6.189396652962546e-13,0.0,INIT
2025-12-04T19:29:35.472983,3959.140452843,0.0,0.0,0.0,0.0,True,0.0,0.0,INIT
2025-12-04T19:29:35.475221,3959.142692568,0.0,0.0,0.0,0.0,True,0.0,0.0,INIT
2025-12-04T19:29:35.484915,3959.152387302,0.0,0.0,0.0,0.0,True,0.0,0.0,INIT
2025-12-04T19:29:35.494890,3959.162362708,0.0,0.0,0.0,0.0,True,0.0,0.0,INIT
2025-12-04T19:29:35.629971,3959.297452579,-6.189396652962546e-13,0.0,8.805867390812157e-20,-6.189396652962546e-13,True,6.189396652962546e-13,0.0,INIT
2025-12-04T19:29:35.658990,3959.326465703,-6.189396652962546e-13,0.0,8.805867390812157e-20,-6.189396652962546e-13,True,6.189396652962546e-13,0.0,INIT
2025-12-04T19:29:35.664866,3959.33233749,0.0,0.0,0.0,0.0,True,0.0,0.0,INIT
2025-12-04T19:29:35.674901,3959.342377678,0.0,0.0,0.0,0.0,True,0.0,0.0,INIT
2025-12-04T19:29:36.360281,3960.027755964,0.0,0.0,0.0,0.0,True,0.0,0.0,INIT
2025-12-04T19:29:36.380627,3960.048097792,0.0,0.0,0.0,0.0,True,0.0,0.0,INIT
2025-12-04T19:29:36.407466,3960.074933983,0.0,0.0,0.0,0.0,True,0.0,0.0,INIT
2025-12-04T19:29:36.433305,3960.100780361,0.0,0.0,0.0,0.0,True,0.0,0.0,INIT
2025-12-04T19:29:36.436734,3960.104204901,0.0,0.0,0.0,0.0,True,0.0,0.0,INIT
2025-12-04T19:29:36.444946,3960.112432931,0.0,0.0,0.0,0.0,True,0.0,0.0,INIT
2025-12-04T19:29:36.469967,3960.137438651,0.0,0.0,0.0,0.0,True,0.0,0.0,INIT
2025-12-04T19:29:36.474592,3960.142063565,6.189396652962546e-13,0.0,-8.805867390812157e-20,6.189396652962546e-13,True,6.189396652962546e-13,0.0,INIT
2025-12-04T19:29:36.537897,3960.205368607,0.0,0.0,0.0,0.0,True,0.0,0.0,INIT
2025-12-04T19:29:36.544664,3960.212130912,0.0,0.0,0.0,0.0,True,0.0,0.0,INIT
2025-12-04T19:29:36.859963,3960.52743608,-6.189396652962546e-13,0.0,8.805867390812157e-20,-6.189396652962546e-13,True,6.189396652962546e-13,0.0,INIT
2025-12-04T19:29:36.876336,3960.543809077,-6.189396652962546e-13,0.0,8.805867390812157e-20,-6.189396652962546e-13,True,6.189396652962546e-13,0.0,INIT
2025-12-04T19:29:36.920920,3960.588389567,6.189396652962546e-13,0.0,-8.805867390812157e-20,6.189396652962546e-13,True,6.189396652962546e-13,0.0,INIT
2025-12-04T19:29:36.925040,3960.592512346,6.189396652962546e-13,0.0,-8.805867390812157e-20,6.189396652962546e-13,True,6.189396652962546e-13,0.0,INIT
2025-12-04T19:29:36.934486,3960.601955452,6.189396652962546e-13,0.0,-8.805867390812157e-20,6.189396652962546e-13,True,6.189396652962546e-13,0.0,INIT
2025-12-04T19:29:36.944992,3960.612465913,6.189396652962546e-13,0.0,-8.805867390812157e-20,6.189396652962546e-13,True,6.189396652962546e-13,0.0,INIT
2025-12-04T19:29:36.954852,3960.622321127,6.189396652962546e-13,0.0,-8.805867390812157e-20,6.189396652962546e-13,True,6.189396652962546e-13,0.0,INIT
2025-12-04T19:29:36.964648,3960.632118613,6.189396652962546e-13,0.0,-8.805867390812157e-20,6.189396652962546e-13,True,6.189396652962546e-13,0.0,INIT
2025-12-04T19:29:36.974627,3960.642097731,6.189396652962546e-13,0.0,-8.805867390812157e-20,6.189396652962546e-13,True,6.189396652962546e-13,0.0,INIT
2025-12-04T19:29:37.309870,3960.977339522,6.189396652962546e-13,0.0,-8.805867390812157e-20,6.189396652962546e-13,True,6.189396652962546e-13,0.0,INIT
2025-12-04T19:29:37.321449,3960.988917398,6.189396652962546e-13,0.0,-8.805867390812157e-20,6.189396652962546e-13,True,6.189396652962546e-13,0.0,INIT
2025-12-04T19:29:37.326855,3960.994324443,6.189396652962546e-13,0.0,-8.805867390812157e-20,6.189396652962546e-13,True,6.189396652962546e-13,0.0,INIT
2025-12-04T19:29:37.996193,3961.66366571,0.0,0.0,0.0,0.0,True,0.0,0.0,INIT
2025-12-04T19:29:38.014922,3961.682396714,0.0,0.0,0.0,0.0,True,0.0,0.0,INIT
2025-12-04T19:29:38.179705,3961.847177967,0.0,0.0,0.0,0.0,True,0.0,0.0,INIT
2025-12-04T19:29:40.000053,3963.667523453,0.0,0.0,0.0,0.0,True,0.0,0.0,INIT
2025-12-04T19:29:40.033313,3963.700783551,0.0,0.0,0.0,0.0,True,0.0,0.0,INIT
2025-12-04T19:29:40.631619,3964.2990947,0.0,0.0,0.0,0.0,True,0.0,0.0,INIT
2025-12-04T19:29:40.647426,3964.314898151,0.0,0.0,0.0,0.0,True,0.0,0.0,INIT
2025-12-04T19:29:40.655581,3964.323051468,0.0,0.0,0.0,0.0,True,0.0,0.0,INIT
2025-12-04T19:29:40.664492,3964.331967225,0.0,0.0,0.0,0.0,True,0.0,0.0,INIT
2025-12-04T19:29:40.674647,3964.342117889,0.0,0.0,0.0,0.0,True,0.0,0.0,INIT
2025-12-04T19:29:40.712200,3964.379674963,0.0,0.0,0.0,0.0,True,0.0,0.0,INIT
2025-12-04T19:29:40.714515,3964.381980567,0.0,0.0,0.0,0.0,True,0.0,0.0,INIT
2025-12-04T19:29:40.772591,3964.440061577,0.0,0.0,0.0,0.0,True,0.0,0.0,INIT
2025-12-04T19:29:40.776931,3964.444401361,0.0,0.0,0.0,0.0,True,0.0,0.0,INIT
2025-12-04T19:29:41.479379,3965.146848884,0.0,0.0,0.0,0.0,True,0.0,0.0,INIT
2025-12-04T19:29:42.447769,3966.115242551,0.0,0.0,0.0,0.0,True,0.0,0.0,INIT
2025-12-04T19:29:42.575958,3966.243429716,0.0,0.0,0.0,0.0,True,0.0,0.0,INIT
2025-12-04T19:29:42.653346,3966.320820526,0.0,0.0,0.0,0.0,True,0.0,0.0,INIT
2025-12-04T19:29:42.657817,3966.325287947,0.0,0.0,0.0,0.0,True,0.0,0.0,INIT
2025-12-04T19:29:42.664907,3966.332380176,0.0,0.0,0.0,0.0,True,0.0,0.0,INIT
2025-12-04T19:29:42.753921,3966.42139344,0.0,0.0,0.0,0.0,True,0.0,0.0,INIT
2025-12-04T19:29:42.757229,3966.42470098,0.0,0.0,0.0,0.0,True,0.0,0.0,INIT
2025-12-04T19:29:42.801869,3966.469344732,0.0,0.0,0.0,0.0,True,0.0,0.0,INIT
2025-12-04T19:29:42.805208,3966.472682069,0.0,0.0,0.0,0.0,True,0.0,0.0,INIT
2025-12-04T19:29:42.815070,3966.482549096,0.0,0.0,0.0,0.0,True,0.0,0.0,INIT
2025-12-04T19:29:42.824789,3966.492261651,0.0,0.0,0.0,0.0,True,0.0,0.0,INIT
2025-12-04T19:29:43.117683,3966.785151575,0.0,0.0,0.0,0.0,True,0.0,0.0,INIT
2025-12-04T19:29:43.129503,3966.796979578,0.0,0.0,0.0,0.0,True,0.0,0.0,INIT
2025-12-04T19:29:43.313114,3966.98058822,0.0,0.0,0.0,0.0,True,0.0,0.0,INIT
2025-12-04T19:29:43.328293,3966.995764822,0.0,0.0,0.0,0.0,True,0.0,0.0,INIT
2025-12-04T19:29:43.334883,3967.002350056,0.0,0.0,0.0,0.0,True,0.0,0.0,INIT
2025-12-04T19:29:43.344759,3967.012233029,0.0,0.0,0.0,0.0,True,0.0,0.0,INIT
2025-12-04T19:29:43.354684,3967.022154557,0.0,0.0,0.0,0.0,True,0.0,0.0,INIT
2025-12-04T19:29:43.370818,3967.038291825,0.0,0.0,0.0,0.0,True,0.0,0.0,INIT
2025-12-04T19:29:43.374639,3967.042110617,0.0,0.0,0.0,0.0,True,0.0,0.0,INIT
2025-12-04T19:29:43.384862,3967.052338905,0.0,0.0,0.0,0.0,True,0.0,0.0,INIT
2025-12-04T19:29:43.394676,3967.062148327,0.0,0.0,0.0,0.0,True,0.0,0.0,INIT
2025-12-04T19:29:43.455603,3967.123077939,0.0,0.0,0.0,0.0,True,0.0,0.0,INIT
2025-12-04T19:29:43.464932,3967.132402897,0.0,0.0,0.0,0.0,True,0.0,0.0,INIT
2025-12-04T19:29:43.485173,3967.152641538,0.0,0.0,0.0,0.0,True,0.0,0.0,INIT
2025-12-04T19:29:43.496381,3967.163857983,0.0,0.0,0.0,0.0,True,0.0,0.0,INIT
2025-12-04T19:29:43.504901,3967.172377772,0.0,0.0,0.0,0.0,True,0.0,0.0,INIT
2025-12-04T19:29:43.514747,3967.182216792,0.0,0.0,0.0,0.0,True,0.0,0.0,INIT
2025-12-04T19:29:43.524639,3967.192114579,0.0,0.0,0.0,0.0,True,0.0,0.0,INIT
2025-12-04T19:29:43.547721,3967.215190899,0.0,0.0,0.0,0.0,True,0.0,0.0,INIT
2025-12-04T19:29:43.639026,3967.3065,0.0,0.0,0.0,0.0,True,0.0,0.0,INIT
2025-12-04T19:29:43.677330,3967.344805057,0.0,0.0,0.0,0.0,True,0.0,0.0,INIT
2025-12-04T19:29:43.684940,3967.352414474,0.0,0.0,0.0,0.0,True,0.0,0.0,INIT
2025-12-04T19:29:43.696388,3967.363857946,0.0,0.0,0.0,0.0,True,0.0,0.0,INIT
2025-12-04T19:29:43.704738,3967.372210321,0.0,0.0,0.0,0.0,True,0.0,0.0,INIT
2025-12-04T19:29:43.747178,3967.414649499,0.0,0.0,0.0,0.0,True,0.0,0.0,INIT
2025-12-04T19:29:43.787169,3967.454651413,0.0,0.0,0.0,0.0,True,0.0,0.0,INIT
2025-12-04T19:29:43.794527,3967.461998137,0.0,0.0,0.0,0.0,True,0.0,0.0,INIT
2025-12-04T19:29:44.702648,3968.370121469,0.0,0.0,0.0,0.0,True,0.0,0.0,INIT
2025-12-04T19:29:45.091677,3968.759149659,0.0,0.0,0.0,0.0,True,0.0,0.0,INIT
2025-12-04T19:29:45.111104,3968.778575264,0.0,0.0,0.0,0.0,True,0.0,0.0,INIT
2025-12-04T19:29:45.313859,3968.981332608,0.0,0.0,0.0,0.0,True,0.0,0.0,INIT
2025-12-04T19:29:45.335627,3969.003093444,0.0,0.0,0.0,0.0,True,0.0,0.0,INIT
2025-12-04T19:29:45.345518,3969.012992176,0.0,0.0,0.0,0.0,True,0.0,0.0,INIT
2025-12-04T19:29:45.354612,3969.022086527,0.0,0.0,0.0,0.0,True,0.0,0.0,INIT
2025-12-04T19:29:45.634093,3969.301567031,0.0,0.0,0.0,0.0,True,0.0,0.0,INIT
2025-12-04T19:29:46.556631,3970.22410786,0.0,0.0,0.0,0.0,True,0.0,0.0,INIT
2025-12-04T19:29:46.578818,3970.24628946,0.0,0.0,0.0,0.0,True,0.0,0.0,INIT
2025-12-04T19:29:46.620669,3970.288136977,0.0,0.0,0.0,0.0,True,0.0,0.0,INIT
2025-12-04T19:29:46.624456,3970.291926913,0.0,0.0,0.0,0.0,True,0.0,0.0,INIT
2025-12-04T19:29:46.634529,3970.301999984,0.0,0.0,0.0,0.0,True,0.0,0.0,INIT
2025-12-04T19:29:46.644519,3970.31198895,0.0,0.0,0.0,0.0,True,0.0,0.0,INIT
2025-12-04T19:29:46.678418,3970.345889546,0.0,0.0,0.0,0.0,True,0.0,0.0,INIT
2025-12-04T19:29:46.684724,3970.352201243,0.0,0.0,0.0,0.0,True,0.0,0.0,INIT
2025-12-04T19:29:46.694631,3970.362102575,0.0,0.0,0.0,0.0,True,0.0,0.0,INIT
2025-12-04T19:29:47.069579,3970.737055778,0.0,0.0,0.0,0.0,True,0.0,0.0,INIT
2025-12-04T19:29:47.095621,3970.76309847,0.0,0.0,0.0,0.0,True,0.0,0.0,INIT
2025-12-04T19:29:47.620771,3971.288239036,0.0,0.0,0.0,0.0,True,0.0,0.0,INIT
2025-12-04T19:29:47.632606,3971.300075129,0.0,0.0,0.0,0.0,True,0.0,0.0,INIT
2025-12-04T19:29:47.748819,3971.416295553,0.0,0.0,0.0,0.0,True,0.0,0.0,INIT
2025-12-04T19:29:47.759715,3971.427195492,0.0,0.0,0.0,0.0,True,0.0,0.0,INIT
2025-12-04T19:29:47.764776,3971.432244247,0.0,0.0,0.0,0.0,True,0.0,0.0,INIT
2025-12-04T19:29:47.906115,3971.573592367,0.0,0.0,0.0,0.0,True,0.0,0.0,INIT
2025-12-04T19:29:47.932897,3971.600366884,0.0,0.0,0.0,0.0,True,0.0,0.0,INIT
2025-12-04T19:29:47.936724,3971.604193479,0.0,0.0,0.0,0.0,True,0.0,0.0,INIT
2025-12-04T19:29:47.944539,3971.612021754,0.0,0.0,0.0,0.0,True,0.0,0.0,INIT
2025-12-04T19:29:48.018031,3971.685505319,0.0,0.0,0.0,0.0,True,0.0,0.0,INIT
2025-12-04T19:29:48.024745,3971.692218854,0.0,0.0,0.0,0.0,True,0.0,0.0,INIT
2025-12-04T19:29:48.034681,3971.702152679,0.0,0.0,0.0,0.0,True,0.0,0.0,INIT
2025-12-04T19:29:48.044497,3971.711966909,0.0,0.0,0.0,0.0,True,0.0,0.0,INIT
2025-12-04T19:29:48.054651,3971.722120439,0.0,0.0,0.0,0.0,True,0.0,0.0,INIT
2025-12-04T19:29:48.068400,3971.735877825,0.0,0.0,0.0,0.0,True,0.0,0.0,INIT
2025-12-04T19:29:48.074775,3971.74224873,0.0,0.0,0.0,0.0,True,0.0,0.0,INIT
2025-12-04T19:29:48.084758,3971.752228943,0.0,0.0,0.0,0.0,True,0.0,0.0,INIT
2025-12-04T19:29:48.094887,3971.762361169,0.0,0.0,0.0,0.0,True,0.0,0.0,INIT
2025-12-04T19:29:48.104703,3971.772174732,0.0,0.0,0.0,0.0,True,0.0,0.0,INIT
2025-12-04T19:29:48.114643,3971.782112897,0.0,0.0,0.0,0.0,True,0.0,0.0,INIT
2025-12-04T19:29:48.124538,3971.792019051,0.0,0.0,0.0,0.0,True,0.0,0.0,INIT
2025-12-04T19:29:48.134860,3971.80233456,0.0,0.0,0.0,0.0,True,0.0,0.0,INIT
2025-12-04T19:29:48.166385,3971.833859448,0.0,0.0,0.0,0.0,True,0.0,0.0,INIT
2025-12-04T19:29:48.174697,3971.842172582,0.0,0.0,0.0,0.0,True,0.0,0.0,INIT
2025-12-04T19:29:48.203809,3971.871280569,0.0,0.0,0.0,0.0,True,0.0,0.0,INIT
2025-12-04T19:29:48.333852,3972.001324494,0.0,0.0,0.0,0.0,True,0.0,0.0,INIT
2025-12-04T19:29:48.343087,3972.01056338,0.0,0.0,0.0,0.0,True,0.0,0.0,INIT
2025-12-04T19:29:48.349016,3972.016487276,0.0,0.0,0.0,0.0,True,0.0,0.0,INIT
2025-12-04T19:29:48.354683,3972.02215269,0.0,0.0,0.0,0.0,True,0.0,0.0,INIT
2025-12-04T19:29:48.364531,3972.032012502,0.0,0.0,0.0,0.0,True,0.0,0.0,INIT
2025-12-04T19:29:48.374736,3972.042207232,0.0,0.0,0.0,0.0,True,0.0,0.0,INIT
2025-12-04T19:29:48.384637,3972.052107714,0.0,0.0,0.0,0.0,True,0.0,0.0,INIT
2025-12-04T19:29:48.401488,3972.068964381,0.0,0.0,0.0,0.0,True,0.0,0.0,INIT
2025-12-04T19:29:48.404684,3972.072153506,0.0,0.0,0.0,0.0,True,0.0,0.0,INIT
2025-12-04T19:29:48.457749,3972.125223382,0.0,0.0,0.0,0.0,True,0.0,0.0,INIT
2025-12-04T19:29:48.464664,3972.132132873,0.0,0.0,0.0,0.0,True,0.0,0.0,INIT
2025-12-04T19:29:48.474827,3972.142301,0.0,0.0,0.0,0.0,True,0.0,0.0,INIT
2025-12-04T19:29:48.484624,3972.152097287,0.0,0.0,0.0,0.0,True,0.0,0.0,INIT
2025-12-04T19:29:48.776379,3972.443854643,0.0,0.0,0.0,0.0,True,0.0,0.0,INIT
2025-12-04T19:29:48.798325,3972.46579694,0.0,0.0,0.0,0.0,True,0.0,0.0,INIT
2025-12-04T19:29:48.805110,3972.472584099,0.0,0.0,0.0,0.0,True,0.0,0.0,INIT
2025-12-04T19:29:48.814781,3972.482251687,0.0,0.0,0.0,0.0,True,0.0,0.0,INIT
2025-12-04T19:29:48.824629,3972.492099499,0.0,0.0,0.0,0.0,True,0.0,0.0,INIT
2025-12-04T19:29:48.834648,3972.502120967,0.0,0.0,0.0,0.0,True,0.0,0.0,INIT
2025-12-04T19:29:48.844730,3972.51221323,0.0,0.0,0.0,0.0,True,0.0,0.0,INIT
2025-12-04T19:29:48.855029,3972.522501642,0.0,0.0,0.0,0.0,True,0.0,0.0,INIT
2025-12-04T19:29:48.966737,3972.634205575,0.0,0.0,0.0,0.0,True,0.0,0.0,INIT
2025-12-04T19:29:48.977749,3972.645223819,0.0,0.0,0.0,0.0,True,0.0,0.0,INIT
2025-12-04T19:29:48.984831,3972.652306447,0.0,0.0,0.0,0.0,True,0.0,0.0,INIT
2025-12-04T19:29:48.994612,3972.662081123,0.0,0.0,0.0,0.0,True,0.0,0.0,INIT
2025-12-04T19:29:49.004682,3972.672152309,0.0,0.0,0.0,0.0,True,0.0,0.0,INIT
2025-12-04T19:29:49.014682,3972.682153156,0.0,0.0,0.0,0.0,True,0.0,0.0,INIT
2025-12-04T19:29:49.024742,3972.692211566,0.0,0.0,0.0,0.0,True,0.0,0.0,INIT
2025-12-04T19:29:49.069075,3972.73655345,0.0,0.0,0.0,0.0,True,0.0,0.0,INIT
2025-12-04T19:29:49.074661,3972.742131545,0.0,0.0,0.0,0.0,True,0.0,0.0,INIT
2025-12-04T19:29:49.084849,3972.752325767,0.0,0.0,0.0,0.0,True,0.0,0.0,INIT
2025-12-04T19:29:49.095038,3972.762510812,0.0,0.0,0.0,0.0,True,0.0,0.0,INIT
2025-12-04T19:29:49.104773,3972.772247923,0.0,0.0,0.0,0.0,True,0.0,0.0,INIT
2025-12-04T19:29:49.114774,3972.782251014,0.0,0.0,0.0,0.0,True,0.0,0.0,INIT
2025-12-04T19:29:49.124829,3972.792305071,0.0,0.0,0.0,0.0,True,0.0,0.0,INIT
2025-12-04T19:29:49.134646,3972.802114949,0.0,0.0,0.0,0.0,True,0.0,0.0,INIT
2025-12-04T19:29:49.144602,3972.81207061,0.0,0.0,0.0,0.0,True,0.0,0.0,INIT
2025-12-04T19:29:49.212063,3972.879536418,0.0,0.0,0.0,0.0,True,0.0,0.0,INIT
2025-12-04T19:29:49.251147,3972.918618564,0.0,0.0,0.0,0.0,True,0.0,0.0,INIT
2025-12-04T19:29:49.254822,3972.922299142,0.0,0.0,0.0,0.0,True,0.0,0.0,INIT
2025-12-04T19:29:49.280772,3972.948242559,0.0,0.0,0.0,0.0,True,0.0,0.0,INIT
2025-12-04T19:29:49.284651,3972.952121734,0.0,0.0,0.0,0.0,True,0.0,0.0,INIT
2025-12-04T19:29:49.294663,3972.962136871,0.0,0.0,0.0,0.0,True,0.0,0.0,INIT
2025-12-04T19:29:49.391189,3973.058659834,0.0,0.0,0.0,0.0,True,0.0,0.0,INIT
2025-12-04T19:29:49.397277,3973.064748165,0.0,0.0,0.0,0.0,True,0.0,0.0,INIT
2025-12-04T19:29:50.344910,3974.012377672,0.0,0.0,0.0,0.0,True,0.0,0.0,INIT
2025-12-04T19:29:50.466915,3974.134391365,0.0,0.0,0.0,0.0,True,0.0,0.0,INIT
2025-12-04T19:29:50.476997,3974.144466185,0.0,0.0,0.0,0.0,True,0.0,0.0,INIT
2025-12-04T19:29:50.484708,3974.15217712,0.0,0.0,0.0,0.0,True,0.0,0.0,INIT
2025-12-04T19:29:50.554888,3974.222358304,0.0,0.0,0.0,0.0,True,0.0,0.0,INIT
2025-12-04T19:29:50.993924,3974.661393423,0.0,0.0,0.0,0.0,True,0.0,0.0,INIT
2025-12-04T19:29:51.020215,3974.687685288,0.0,0.0,0.0,0.0,True,0.0,0.0,INIT
2025-12-04T19:29:51.024875,3974.69234909,0.0,0.0,0.0,0.0,True,0.0,0.0,INIT
2025-12-04T19:29:51.200487,3974.867958358,0.0,0.0,0.0,0.0,True,0.0,0.0,INIT
2025-12-04T19:29:51.212473,3974.879942131,0.0,0.0,0.0,0.0,True,0.0,0.0,INIT
2025-12-04T19:29:51.214508,3974.881972851,0.0,0.0,0.0,0.0,True,0.0,0.0,INIT
2025-12-04T19:29:51.623761,3975.291236191,0.0,0.0,0.0,0.0,True,0.0,0.0,INIT
2025-12-04T19:29:51.643841,3975.311310182,0.0,0.0,0.0,0.0,True,0.0,0.0,INIT
2025-12-04T19:29:52.702328,3976.369800938,0.0,0.0,0.0,0.0,True,0.0,0.0,INIT
2025-12-04T19:29:52.729249,3976.396719987,0.0,0.0,0.0,0.0,True,0.0,0.0,INIT
2025-12-04T19:29:52.810894,3976.478366634,0.0,0.0,0.0,0.0,True,0.0,0.0,INIT
2025-12-04T19:29:52.814581,3976.482049361,0.0,0.0,0.0,0.0,True,0.0,0.0,INIT
2025-12-04T19:29:52.842888,3976.510360697,0.0,0.0,0.0,0.0,True,0.0,0.0,INIT
2025-12-04T19:29:52.844904,3976.512377026,0.0,0.0,0.0,0.0,True,0.0,0.0,INIT
2025-12-04T19:29:52.867730,3976.535201383,0.0,0.0,0.0,0.0,True,0.0,0.0,INIT
2025-12-04T19:29:52.874684,3976.542154498,0.0,0.0,0.0,0.0,True,0.0,0.0,INIT
2025-12-04T19:29:52.884644,3976.552114695,0.0,0.0,0.0,0.0,True,0.0,0.0,INIT
2025-12-04T19:29:53.242976,3976.910444299,0.0,0.0,0.0,0.0,True,0.0,0.0,INIT
2025-12-04T19:29:53.259567,3976.927033379,0.0,0.0,0.0,0.0,True,0.0,0.0,INIT
2025-12-04T19:29:53.282277,3976.949748502,0.0,0.0,0.0,0.0,True,0.0,0.0,INIT
2025-12-04T19:29:53.284452,3976.951921253,0.0,0.0,0.0,0.0,True,0.0,0.0,INIT
2025-12-04T19:29:53.310279,3976.977754052,0.0,0.0,0.0,0.0,True,0.0,0.0,INIT
2025-12-04T19:29:53.314700,3976.982168224,0.0,0.0,0.0,0.0,True,0.0,0.0,INIT
2025-12-04T19:29:53.324701,3976.992174758,0.0,0.0,0.0,0.0,True,0.0,0.0,INIT
2025-12-04T19:29:53.624278,3977.2917533,0.0,0.0,0.0,0.0,True,0.0,0.0,INIT
2025-12-04T19:29:53.645393,3977.312864194,0.0,0.0,0.0,0.0,True,0.0,0.0,INIT
2025-12-04T19:29:53.697995,3977.365471036,0.0,0.0,0.0,0.0,True,0.0,0.0,INIT
2025-12-04T19:29:53.704649,3977.372119991,0.0,0.0,0.0,0.0,True,0.0,0.0,INIT
2025-12-04T19:29:53.714755,3977.382226501,0.0,0.0,0.0,0.0,True,0.0,0.0,INIT
2025-12-04T19:29:53.724844,3977.392319305,0.0,0.0,0.0,0.0,True,0.0,0.0,INIT
2025-12-04T19:29:53.734768,3977.402237857,0.0,0.0,0.0,0.0,True,0.0,0.0,INIT
2025-12-04T19:29:53.744655,3977.412125218,0.0,0.0,0.0,0.0,True,0.0,0.0,INIT
2025-12-04T19:29:53.754659,3977.422130784,0.0,0.0,0.0,0.0,True,0.0,0.0,INIT
2025-12-04T19:29:53.777365,3977.444835206,0.0,0.0,0.0,0.0,True,0.0,0.0,INIT
2025-12-04T19:29:53.788492,3977.455960011,0.0,0.0,0.0,0.0,True,0.0,0.0,INIT
2025-12-04T19:29:53.794960,3977.462431692,0.0,0.0,0.0,0.0,True,0.0,0.0,INIT
2025-12-04T19:29:53.804622,3977.472099793,0.0,0.0,0.0,0.0,True,0.0,0.0,INIT
2025-12-04T19:29:53.814639,3977.482112878,0.0,0.0,0.0,0.0,True,0.0,0.0,INIT
2025-12-04T19:29:53.829208,3977.496679281,0.0,0.0,0.0,0.0,True,0.0,0.0,INIT
2025-12-04T19:29:53.834559,3977.502033409,0.0,0.0,0.0,0.0,True,0.0,0.0,INIT
2025-12-04T19:29:53.844845,3977.51231983,0.0,0.0,0.0,0.0,True,0.0,0.0,INIT
2025-12-04T19:29:53.854560,3977.522030132,0.0,0.0,0.0,0.0,True,0.0,0.0,INIT
2025-12-04T19:29:54.618714,3978.286186553,0.0,0.0,0.0,0.0,True,0.0,0.0,INIT
2025-12-04T19:29:54.937347,3978.60481908,0.0,0.0,0.0,0.0,True,0.0,0.0,INIT
2025-12-04T19:29:54.951235,3978.618711102,0.0,0.0,0.0,0.0,True,0.0,0.0,INIT
2025-12-04T19:29:55.924964,3979.592439892,0.0,0.0,0.0,0.0,True,0.0,0.0,INIT
2025-12-04T19:29:55.942495,3979.60997003,0.0,0.0,0.0,0.0,True,0.0,0.0,INIT
2025-12-04T19:29:56.010017,3979.677487778,0.0,0.0,0.0,0.0,True,0.0,0.0,INIT
2025-12-04T19:29:56.085165,3979.752637997,0.0,0.0,0.0,0.0,True,0.0,0.0,INIT
2025-12-04T19:29:56.094990,3979.762464597,0.0,0.0,0.0,0.0,True,0.0,0.0,INIT
2025-12-04T19:29:56.335889,3980.003361161,0.0,0.0,0.0,0.0,True,0.0,0.0,INIT
2025-12-04T19:29:56.347411,3980.01489162,0.0,0.0,0.0,0.0,True,0.0,0.0,INIT
2025-12-04T19:29:56.395206,3980.062676171,0.0,0.0,0.0,0.0,True,0.0,0.0,INIT
2025-12-04T19:29:56.404687,3980.072157154,0.0,0.0,0.0,0.0,True,0.0,0.0,INIT
2025-12-04T19:29:56.414686,3980.082158282,0.0,0.0,0.0,0.0,True,0.0,0.0,INIT
2025-12-04T19:29:56.424865,3980.092337007,0.0,0.0,0.0,0.0,True,0.0,0.0,INIT
2025-12-04T19:29:56.434590,3980.102060759,0.0,0.0,0.0,0.0,True,0.0,0.0,INIT
2025-12-04T19:29:56.444890,3980.112369063,0.0,0.0,0.0,0.0,True,0.0,0.0,INIT
2025-12-04T19:29:56.473024,3980.140499912,0.0,0.0,0.0,0.0,True,0.0,0.0,INIT
2025-12-04T19:29:56.475643,3980.143111156,0.0,0.0,0.0,0.0,True,0.0,0.0,INIT
2025-12-04T19:29:56.594707,3980.262176263,0.0,0.0,0.0,0.0,True,0.0,0.0,INIT
2025-12-04T19:29:56.605074,3980.272544051,0.0,0.0,0.0,0.0,True,0.0,0.0,INIT
2025-12-04T19:29:56.614903,3980.28237492,0.0,0.0,0.0,0.0,True,0.0,0.0,INIT
2025-12-04T19:29:56.624830,3980.292306434,0.0,0.0,0.0,0.0,True,0.0,0.0,INIT
2025-12-04T19:29:56.634815,3980.302288074,0.0,0.0,0.0,0.0,True,0.0,0.0,INIT
2025-12-04T19:29:56.644749,3980.31222154,0.0,0.0,0.0,0.0,True,0.0,0.0,INIT
2025-12-04T19:29:56.654890,3980.322364349,0.0,0.0,0.0,0.0,True,0.0,0.0,INIT
2025-12-04T19:29:56.664901,3980.332373969,0.0,0.0,0.0,0.0,True,0.0,0.0,INIT
2025-12-04T19:29:56.674698,3980.342171135,0.0,0.0,0.0,0.0,True,0.0,0.0,INIT
2025-12-04T19:29:56.684705,3980.352180405,0.0,0.0,0.0,0.0,True,0.0,0.0,INIT
2025-12-04T19:29:56.694806,3980.362279738,0.0,0.0,0.0,0.0,True,0.0,0.0,INIT
2025-12-04T19:29:56.704653,3980.37213029,0.0,0.0,0.0,0.0,True,0.0,0.0,INIT
2025-12-04T19:29:56.714996,3980.382464069,0.0,0.0,0.0,0.0,True,0.0,0.0,INIT
2025-12-04T19:29:56.724986,3980.39246391,0.0,0.0,0.0,0.0,True,0.0,0.0,INIT
2025-12-04T19:29:56.734872,3980.402346617,0.0,0.0,0.0,0.0,True,0.0,0.0,INIT
2025-12-04T19:29:56.759711,3980.427190395,0.0,0.0,0.0,0.0,True,0.0,0.0,INIT
2025-12-04T19:29:56.765044,3980.432517976,0.0,0.0,0.0,0.0,True,0.0,0.0,INIT
2025-12-04T19:29:56.774718,3980.442198586,0.0,0.0,0.0,0.0,True,0.0,0.0,INIT
2025-12-04T19:29:56.895540,3980.563027573,0.0,0.0,0.0,0.0,True,0.0,0.0,INIT
2025-12-04T19:29:56.904795,3980.572267358,0.0,0.0,0.0,0.0,True,0.0,0.0,INIT
2025-12-04T19:29:56.914677,3980.582146317,0.0,0.0,0.0,0.0,True,0.0,0.0,INIT
2025-12-04T19:29:57.202348,3980.869821391,0.0,0.0,0.0,0.0,True,0.0,0.0,INIT
2025-12-04T19:29:57.220089,3980.887558433,0.0,0.0,0.0,0.0,True,0.0,0.0,INIT
2025-12-04T19:29:57.294966,3980.962445521,0.0,0.0,0.0,0.0,True,0.0,0.0,INIT
2025-12-04T19:29:57.304770,3980.972243704,0.0,0.0,0.0,0.0,True,0.0,0.0,INIT
2025-12-04T19:29:57.314705,3980.982178312,0.0,0.0,0.0,0.0,True,0.0,0.0,INIT
2025-12-04T19:29:57.327748,3980.995218301,0.0,0.0,0.0,0.0,True,0.0,0.0,INIT
2025-12-04T19:29:57.334659,3981.002131007,0.0,0.0,0.0,0.0,True,0.0,0.0,INIT
2025-12-04T19:29:57.344817,3981.012296738,0.0,0.0,0.0,0.0,True,0.0,0.0,INIT
2025-12-04T19:29:57.354659,3981.022125865,0.0,0.0,0.0,0.0,True,0.0,0.0,INIT
2025-12-04T19:29:57.364811,3981.032282815,0.0,0.0,0.0,0.0,True,0.0,0.0,INIT
2025-12-04T19:29:57.374843,3981.042318553,0.0,0.0,0.0,0.0,True,0.0,0.0,INIT
2025-12-04T19:29:57.384726,3981.052193983,0.0,0.0,0.0,0.0,True,0.0,0.0,INIT
2025-12-04T19:29:57.394677,3981.062151768,0.0,0.0,0.0,0.0,True,0.0,0.0,INIT
2025-12-04T19:29:57.404628,3981.072097887,0.0,0.0,0.0,0.0,True,0.0,0.0,INIT
2025-12-04T19:29:57.414961,3981.082434291,0.0,0.0,0.0,0.0,True,0.0,0.0,INIT
2025-12-04T19:29:57.424717,3981.092189855,0.0,0.0,0.0,0.0,True,0.0,0.0,INIT
2025-12-04T19:29:57.653553,3981.321024407,0.0,0.0,0.0,0.0,True,0.0,0.0,INIT
2025-12-04T19:29:57.665986,3981.333456411,0.0,0.0,0.0,0.0,True,0.0,0.0,INIT
2025-12-04T19:29:57.674805,3981.342277194,0.0,0.0,0.0,0.0,True,0.0,0.0,INIT
2025-12-04T19:29:57.684553,3981.352024636,0.0,0.0,0.0,0.0,True,0.0,0.0,INIT
2025-12-04T19:29:57.853896,3981.521368733,0.0,0.0,0.0,0.0,True,0.0,0.0,INIT
2025-12-04T19:29:57.997736,3981.665209067,0.0,0.0,0.0,0.0,True,0.0,0.0,INIT
2025-12-04T19:29:58.007389,3981.67485904,0.0,0.0,0.0,0.0,True,0.0,0.0,INIT
2025-12-04T19:29:58.014873,3981.682340497,0.0,0.0,0.0,0.0,True,0.0,0.0,INIT
2025-12-04T19:29:58.024580,3981.692046384,0.0,0.0,0.0,0.0,True,0.0,0.0,INIT
2025-12-04T19:29:58.034772,3981.702242247,0.0,0.0,0.0,0.0,True,0.0,0.0,INIT
2025-12-04T19:29:58.044788,3981.712262466,0.0,0.0,0.0,0.0,True,0.0,0.0,INIT
2025-12-04T19:29:58.054696,3981.722166044,0.0,0.0,0.0,0.0,True,0.0,0.0,INIT
2025-12-04T19:29:58.327700,3981.995171492,0.0,0.0,0.0,0.0,True,0.0,0.0,INIT
2025-12-04T19:29:58.342540,3982.01002451,0.0,0.0,0.0,0.0,True,0.0,0.0,INIT
2025-12-04T19:29:58.349014,3982.016486367,0.0,0.0,0.0,0.0,True,0.0,0.0,INIT
2025-12-04T19:29:58.354760,3982.022236125,0.0,0.0,0.0,0.0,True,0.0,0.0,INIT
2025-12-04T19:29:58.365725,3982.033195997,0.0,0.0,0.0,0.0,True,0.0,0.0,INIT
2025-12-04T19:29:58.374675,3982.042158633,0.0,0.0,0.0,0.0,True,0.0,0.0,INIT
2025-12-04T19:29:58.384562,3982.052032002,0.0,0.0,0.0,0.0,True,0.0,0.0,INIT
2025-12-04T19:29:58.394844,3982.062318205,0.0,0.0,0.0,0.0,True,0.0,0.0,INIT
2025-12-04T19:29:58.404663,3982.072136194,0.0,0.0,0.0,0.0,True,0.0,0.0,INIT
2025-12-04T19:29:58.414828,3982.082306869,0.0,0.0,0.0,0.0,True,0.0,0.0,INIT
2025-12-04T19:29:58.558266,3982.225737654,0.0,0.0,0.0,0.0,True,0.0,0.0,INIT
2025-12-04T19:29:59.047863,3982.715331522,0.0,0.0,0.0,0.0,True,0.0,0.0,INIT
2025-12-04T19:29:59.521786,3983.189258247,0.0,0.0,0.0,0.0,True,0.0,0.0,INIT
2025-12-04T19:29:59.617667,3983.285140909,0.0,0.0,0.0,0.0,True,0.0,0.0,INIT
2025-12-04T19:29:59.646853,3983.314326362,0.0,0.0,0.0,0.0,True,0.0,0.0,INIT
2025-12-04T19:29:59.654902,3983.32238289,0.0,0.0,0.0,0.0,True,0.0,0.0,INIT
2025-12-04T19:29:59.664900,3983.332375382,-8.145245995298709e-10,0.0,1.7681011941927494e-14,-8.145245995298709e-10,True,8.145245995298709e-10,0.0,INIT
2025-12-04T19:29:59.674670,3983.342139609,-8.145245995298709e-10,0.0,1.7681011941927494e-14,-8.145245995298709e-10,True,8.145245995298709e-10,0.0,INIT
2025-12-04T19:29:59.684772,3983.352244184,0.0,0.0,0.0,0.0,True,0.0,0.0,INIT
2025-12-04T19:29:59.694860,3983.362340818,0.0,0.0,0.0,0.0,True,0.0,0.0,INIT
2025-12-04T19:29:59.710252,3983.377722121,0.0,0.0,0.0,0.0,True,0.0,0.0,INIT
2025-12-04T19:29:59.714690,3983.382161013,0.0,0.0,0.0,0.0,True,0.0,0.0,INIT
2025-12-04T19:29:59.774413,3983.441883331,0.0,0.0,0.0,0.0,True,0.0,0.0,INIT
2025-12-04T19:29:59.784984,3983.452459871,0.0,0.0,0.0,0.0,True,0.0,0.0,INIT
2025-12-04T19:29:59.794942,3983.462416546,0.0,0.0,0.0,0.0,True,0.0,0.0,INIT
2025-12-04T19:29:59.804736,3983.472209112,0.0,0.0,0.0,0.0,True,0.0,0.0,INIT
2025-12-04T19:29:59.814690,3983.482170834,0.0,0.0,0.0,0.0,True,0.0,0.0,INIT
2025-12-04T19:29:59.824664,3983.492137888,0.0,0.0,0.0,0.0,True,0.0,0.0,INIT
2025-12-04T19:29:59.843730,3983.511198219,0.0,0.0,0.0,0.0,True,0.0,0.0,INIT
2025-12-04T19:29:59.845396,3983.512867826,0.0,0.0,0.0,0.0,True,0.0,0.0,INIT
2025-12-04T19:29:59.854943,3983.522434628,0.0,0.0,0.0,0.0,True,0.0,0.0,INIT
2025-12-04T19:29:59.864727,3983.532198016,0.0,0.0,0.0,0.0,True,0.0,0.0,INIT
2025-12-04T19:29:59.885162,3983.552637157,0.0,0.0,0.0,0.0,True,0.0,0.0,INIT
2025-12-04T19:29:59.894707,3983.562182031,0.0,0.0,0.0,0.0,True,0.0,0.0,INIT
2025-12-04T19:29:59.904633,3983.572111123,0.0,0.0,0.0,0.0,True,0.0,0.0,INIT
2025-12-04T19:29:59.978031,3983.645499459,0.0,0.0,0.0,0.0,True,0.0,0.0,INIT
2025-12-04T19:29:59.985035,3983.652509914,0.0,0.0,0.0,0.0,True,0.0,0.0,INIT
2025-12-04T19:29:59.994707,3983.66218058,0.0,0.0,0.0,0.0,True,0.0,0.0,INIT
2025-12-04T19:30:00.004640,3983.672116576,0.0,0.0,0.0,0.0,True,0.0,0.0,INIT
2025-12-04T19:30:00.014767,3983.68224438,0.0,0.0,0.0,0.0,True,0.0,0.0,INIT
2025-12-04T19:30:00.024676,3983.692146546,0.0,0.0,0.0,0.0,True,0.0,0.0,INIT
2025-12-04T19:30:00.034850,3983.702329675,0.0,0.0,0.0,0.0,True,0.0,0.0,INIT
2025-12-04T19:30:00.060366,3983.727839352,0.0,0.0,0.0,0.0,True,0.0,0.0,INIT
2025-12-04T19:30:00.064951,3983.732433222,0.0,0.0,0.0,0.0,True,0.0,0.0,INIT
2025-12-04T19:30:00.074856,3983.742328871,0.0,0.0,0.0,0.0,True,0.0,0.0,INIT
2025-12-04T19:30:00.709789,3984.377260477,0.0,0.0,0.0,0.0,True,0.0,0.0,INIT
2025-12-04T19:30:00.738521,3984.40599125,0.0,0.0,0.0,0.0,True,0.0,0.0,INIT
2025-12-04T19:30:03.002244,3986.669716317,0.0,0.0,0.0,0.0,True,0.0,0.0,INIT
2025-12-04T19:30:03.040634,3986.708103961,0.0,0.0,0.0,0.0,True,0.0,0.0,INIT
2025-12-04T19:30:03.096016,3986.763490784,0.0,0.0,0.0,0.0,True,0.0,0.0,INIT
2025-12-04T19:30:03.265148,3986.932621546,0.0,0.0,0.0,0.0,True,0.0,0.0,INIT
2025-12-04T19:30:03.277738,3986.945208643,0.0,0.0,0.0,0.0,True,0.0,0.0,INIT
2025-12-04T19:30:03.284740,3986.952217873,0.0,0.0,0.0,0.0,True,0.0,0.0,INIT
2025-12-04T19:30:03.687135,3987.354609213,0.0,0.0,0.0,0.0,True,0.0,0.0,INIT
2025-12-04T19:30:03.717531,3987.384997852,0.0,0.0,0.0,0.0,True,0.0,0.0,INIT
2025-12-04T19:30:04.001015,3987.668483997,0.0,0.0,0.0,0.0,True,0.0,0.0,INIT
2025-12-04T19:30:04.019387,3987.686858632,0.0,0.0,0.0,0.0,True,0.0,0.0,INIT
2025-12-04T19:30:04.200807,3987.868279507,0.0,0.0,0.0,0.0,True,0.0,0.0,INIT
2025-12-04T19:30:04.976702,3988.644173812,0.0,0.0,0.0,0.0,True,0.0,0.0,INIT
2025-12-04T19:30:05.004798,3988.672271215,0.0,0.0,0.0,0.0,True,0.0,0.0,INIT
2025-12-04T19:30:05.408395,3989.075877109,0.0,0.0,0.0,0.0,True,0.0,0.0,INIT
2025-12-04T19:30:05.424417,3989.09188717,0.0,0.0,0.0,0.0,True,0.0,0.0,INIT
2025-12-04T19:30:07.063280,3990.730751174,0.0,0.0,0.0,0.0,True,0.0,0.0,INIT
2025-12-04T19:30:07.272213,3990.939686407,0.0,0.0,0.0,0.0,True,0.0,0.0,INIT
2025-12-04T19:30:07.435113,3991.102585551,0.0,0.0,0.0,0.0,True,0.0,0.0,INIT
2025-12-04T19:30:07.504821,3991.172290378,0.0,0.0,0.0,0.0,True,0.0,0.0,INIT
2025-12-04T19:30:07.518238,3991.185708408,0.0,0.0,0.0,0.0,True,0.0,0.0,INIT
2025-12-04T19:30:07.524736,3991.192207687,0.0,0.0,0.0,0.0,True,0.0,0.0,INIT
2025-12-04T19:30:07.534752,3991.202222326,0.0,0.0,0.0,0.0,True,0.0,0.0,INIT
2025-12-04T19:30:07.544902,3991.212374466,0.0,0.0,0.0,0.0,True,0.0,0.0,INIT
2025-12-04T19:30:07.554725,3991.222194731,0.0,0.0,0.0,0.0,True,0.0,0.0,INIT
2025-12-04T19:30:07.564745,3991.232217295,0.0,0.0,0.0,0.0,True,0.0,0.0,INIT
2025-12-04T19:30:07.574820,3991.242290916,0.0,0.0,0.0,0.0,True,0.0,0.0,INIT
2025-12-04T19:30:07.584909,3991.252380686,0.0,0.0,0.0,0.0,True,0.0,0.0,INIT
2025-12-04T19:30:07.594881,3991.26235246,0.0,0.0,0.0,0.0,True,0.0,0.0,INIT
2025-12-04T19:30:07.626360,3991.293840794,0.0,0.0,0.0,0.0,True,0.0,0.0,INIT
2025-12-04T19:30:07.666191,3991.333663936,0.0,0.0,0.0,0.0,True,0.0,0.0,INIT
2025-12-04T19:30:07.674766,3991.342240835,0.0,0.0,0.0,0.0,True,0.0,0.0,INIT
2025-12-04T19:30:07.684756,3991.352230757,0.0,0.0,0.0,0.0,True,0.0,0.0,INIT
2025-12-04T19:30:07.694668,3991.362140551,0.0,0.0,0.0,0.0,True,0.0,0.0,INIT
2025-12-04T19:30:07.704840,3991.372312503,0.0,0.0,0.0,0.0,True,0.0,0.0,INIT
2025-12-04T19:30:07.752701,3991.420173813,0.0,0.0,0.0,0.0,True,0.0,0.0,INIT
2025-12-04T19:30:08.373873,3992.041340739,0.0,0.0,0.0,0.0,True,0.0,0.0,INIT
2025-12-04T19:30:08.398215,3992.065692693,0.0,0.0,0.0,0.0,True,0.0,0.0,INIT
2025-12-04T19:30:09.313198,3992.980670318,0.0,0.0,0.0,0.0,True,0.0,0.0,INIT
2025-12-04T19:30:09.340333,3993.007803072,0.0,0.0,0.0,0.0,True,0.0,0.0,INIT
2025-12-04T19:30:09.347471,3993.014937791,0.0,0.0,0.0,0.0,True,0.0,0.0,INIT
2025-12-04T19:30:09.355120,3993.022596593,0.0,0.0,0.0,0.0,True,0.0,0.0,INIT
2025-12-04T19:30:09.364627,3993.032094795,0.0,0.0,0.0,0.0,True,0.0,0.0,INIT
2025-12-04T19:30:09.374713,3993.0421884,0.0,0.0,0.0,0.0,True,0.0,0.0,INIT
2025-12-04T19:30:09.384566,3993.052033473,0.0,0.0,0.0,0.0,True,0.0,0.0,INIT
2025-12-04T19:30:09.394905,3993.062377916,0.0,0.0,0.0,0.0,True,0.0,0.0,INIT
2025-12-04T19:30:09.404873,3993.07234328,0.0,0.0,0.0,0.0,True,0.0,0.0,INIT
2025-12-04T19:30:09.414843,3993.082313642,0.0,0.0,0.0,0.0,True,0.0,0.0,INIT
2025-12-04T19:30:09.424908,3993.092392625,0.0,0.0,0.0,0.0,True,0.0,0.0,INIT
2025-12-04T19:30:09.434803,3993.102272155,0.0,0.0,0.0,0.0,True,0.0,0.0,INIT
2025-12-04T19:30:09.445145,3993.112619484,0.0,0.0,0.0,0.0,True,0.0,0.0,INIT
2025-12-04T19:30:09.454917,3993.122387458,0.0,0.0,0.0,0.0,True,0.0,0.0,INIT
2025-12-04T19:30:09.464916,3993.132386742,0.0,0.0,0.0,0.0,True,0.0,0.0,INIT
2025-12-04T19:30:09.475101,3993.142575174,0.0,0.0,0.0,0.0,True,0.0,0.0,INIT
2025-12-04T19:30:09.484917,3993.152390986,0.0,0.0,0.0,0.0,True,0.0,0.0,INIT
2025-12-04T19:30:09.494898,3993.162376587,0.0,0.0,0.0,0.0,True,0.0,0.0,INIT
2025-12-04T19:30:09.504974,3993.172448657,0.0,0.0,0.0,0.0,True,0.0,0.0,INIT
2025-12-04T19:30:09.514811,3993.182287264,0.0,0.0,0.0,0.0,True,0.0,0.0,INIT
2025-12-04T19:30:09.525120,3993.192592463,0.0,0.0,0.0,0.0,True,0.0,0.0,INIT
2025-12-04T19:30:09.534730,3993.202201652,0.0,0.0,0.0,0.0,True,0.0,0.0,INIT
2025-12-04T19:30:09.544728,3993.212200188,0.0,0.0,0.0,0.0,True,0.0,0.0,INIT
2025-12-04T19:30:09.554607,3993.222075901,0.0,0.0,0.0,0.0,True,0.0,0.0,INIT
2025-12-04T19:30:09.564754,3993.232225633,0.0,0.0,0.0,0.0,True,0.0,0.0,INIT
2025-12-04T19:30:09.574775,3993.242245079,0.0,0.0,0.0,0.0,True,0.0,0.0,INIT
2025-12-04T19:30:09.584541,3993.25201386,0.0,0.0,0.0,0.0,True,0.0,0.0,INIT
2025-12-04T19:30:09.594500,3993.261968742,0.0,0.0,0.0,0.0,True,0.0,0.0,INIT
2025-12-04T19:30:09.604586,3993.27205487,0.0,0.0,0.0,0.0,True,0.0,0.0,INIT
2025-12-04T19:30:09.614733,3993.282203309,0.0,0.0,0.0,0.0,True,0.0,0.0,INIT
2025-12-04T19:30:09.624518,3993.291987514,0.0,0.0,0.0,0.0,True,0.0,0.0,INIT
2025-12-04T19:30:09.634678,3993.302148048,0.0,0.0,0.0,0.0,True,0.0,0.0,INIT
2025-12-04T19:30:09.644560,3993.312031759,0.0,0.0,0.0,0.0,True,0.0,0.0,INIT
2025-12-04T19:30:09.654572,3993.32204177,0.0,0.0,0.0,0.0,True,0.0,0.0,INIT
2025-12-04T19:30:09.664501,3993.331968322,0.0,0.0,0.0,0.0,True,0.0,0.0,INIT
2025-12-04T19:30:09.674619,3993.342088304,0.0,0.0,0.0,0.0,True,0.0,0.0,INIT
2025-12-04T19:30:09.684611,3993.352081388,0.0,0.0,0.0,0.0,True,0.0,0.0,INIT
2025-12-04T19:30:09.694580,3993.362046779,0.0,0.0,0.0,0.0,True,0.0,0.0,INIT
2025-12-04T19:30:09.704391,3993.371853732,0.0,0.0,0.0,0.0,True,0.0,0.0,INIT
2025-12-04T19:30:09.714396,3993.381865269,0.0,0.0,0.0,0.0,True,0.0,0.0,INIT
2025-12-04T19:30:09.724380,3993.391842577,0.0,0.0,0.0,0.0,True,0.0,0.0,INIT
2025-12-04T19:30:09.734411,3993.401878594,0.0,0.0,0.0,0.0,True,0.0,0.0,INIT
2025-12-04T19:30:09.744432,3993.411899434,0.0,0.0,0.0,0.0,True,0.0,0.0,INIT
2025-12-04T19:30:09.754402,3993.421866388,0.0,0.0,0.0,0.0,True,0.0,0.0,INIT
2025-12-04T19:30:09.764326,3993.431788645,0.0,0.0,0.0,0.0,True,0.0,0.0,INIT
2025-12-04T19:30:09.774417,3993.4418851,0.0,0.0,0.0,0.0,True,0.0,0.0,INIT
2025-12-04T19:30:09.784435,3993.451903371,0.0,0.0,0.0,0.0,True,0.0,0.0,INIT
2025-12-04T19:30:09.794593,3993.462063983,0.0,0.0,0.0,0.0,True,0.0,0.0,INIT
2025-12-04T19:30:09.804527,3993.472008496,0.0,0.0,0.0,0.0,True,0.0,0.0,INIT
2025-12-04T19:30:09.814441,3993.481906188,0.0,0.0,0.0,0.0,True,0.0,0.0,INIT
2025-12-04T19:30:09.824519,3993.491990883,0.0,0.0,0.0,0.0,True,0.0,0.0,INIT
2025-12-04T19:30:09.834502,3993.501970596,0.0,0.0,0.0,0.0,True,0.0,0.0,INIT
2025-12-04T19:30:09.844442,3993.511907607,0.0,0.0,0.0,0.0,True,0.0,0.0,INIT
2025-12-04T19:30:09.854510,3993.521978446,0.0,0.0,0.0,0.0,True,0.0,0.0,INIT
2025-12-04T19:30:09.864721,3993.532198081,0.0,0.0,0.0,0.0,True,0.0,0.0,INIT
2025-12-04T19:30:09.874711,3993.542178292,0.0,0.0,0.0,0.0,True,0.0,0.0,INIT
2025-12-04T19:30:09.884635,3993.552107004,0.0,0.0,0.0,0.0,True,0.0,0.0,INIT
2025-12-04T19:30:09.894691,3993.562164426,0.0,0.0,0.0,0.0,True,0.0,0.0,INIT
2025-12-04T19:30:09.904765,3993.572241393,0.0,0.0,0.0,0.0,True,0.0,0.0,INIT
2025-12-04T19:30:09.914792,3993.582271762,0.0,0.0,0.0,0.0,True,0.0,0.0,INIT
2025-12-04T19:30:09.924579,3993.592046137,0.0,0.0,0.0,0.0,True,0.0,0.0,INIT
2025-12-04T19:30:09.934669,3993.602151929,0.0,0.0,0.0,0.0,True,0.0,0.0,INIT
2025-12-04T19:30:09.944870,3993.61235106,0.0,0.0,0.0,0.0,True,0.0,0.0,INIT
2025-12-04T19:30:09.954749,3993.622332314,0.0,0.0,0.0,0.0,True,0.0,0.0,INIT
2025-12-04T19:30:09.964754,3993.632234152,0.0,0.0,0.0,0.0,True,0.0,0.0,INIT
2025-12-04T19:30:09.974726,3993.642204384,0.0,0.0,0.0,0.0,True,0.0,0.0,INIT
2025-12-04T19:30:09.984475,3993.651943228,0.0,0.0,0.0,0.0,True,0.0,0.0,INIT
2025-12-04T19:30:09.994469,3993.66193643,0.0,0.0,0.0,0.0,True,0.0,0.0,INIT
2025-12-04T19:30:10.004479,3993.671946961,0.0,0.0,0.0,0.0,True,0.0,0.0,INIT
2025-12-04T19:30:10.014445,3993.681913484,0.0,0.0,0.0,0.0,True,0.0,0.0,INIT
2025-12-04T19:30:10.024633,3993.692110013,0.0,0.0,0.0,0.0,True,0.0,0.0,INIT
2025-12-04T19:30:10.034525,3993.702024535,0.0,0.0,0.0,0.0,True,0.0,0.0,INIT
2025-12-04T19:30:10.044784,3993.712263928,0.0,0.0,0.0,0.0,True,0.0,0.0,INIT
2025-12-04T19:30:10.054719,3993.722194436,0.0,0.0,0.0,0.0,True,0.0,0.0,INIT
2025-12-04T19:30:10.064700,3993.732175062,0.0,0.0,0.0,0.0,True,0.0,0.0,INIT
2025-12-04T19:30:10.074773,3993.742252,0.0,0.0,0.0,0.0,True,0.0,0.0,INIT
2025-12-04T19:30:10.084755,3993.752228175,0.0,0.0,0.0,0.0,True,0.0,0.0,INIT
2025-12-04T19:30:10.094711,3993.762186482,0.0,0.0,0.0,0.0,True,0.0,0.0,INIT
2025-12-04T19:30:10.104944,3993.772430232,0.0,0.0,0.0,0.0,True,0.0,0.0,INIT
2025-12-04T19:30:10.114720,3993.782196829,0.0,0.0,0.0,0.0,True,0.0,0.0,INIT
2025-12-04T19:30:10.124738,3993.792215811,0.0,0.0,0.0,0.0,True,0.0,0.0,INIT
2025-12-04T19:30:10.134687,3993.802162967,0.0,0.0,0.0,0.0,True,0.0,0.0,INIT
2025-12-04T19:30:10.144758,3993.812236562,0.0,0.0,0.0,0.0,True,0.0,0.0,INIT
2025-12-04T19:30:10.154780,3993.822261174,0.0,0.0,0.0,0.0,True,0.0,0.0,INIT
2025-12-04T19:30:10.164758,3993.832237,0.0,0.0,0.0,0.0,True,0.0,0.0,INIT
2025-12-04T19:30:10.174814,3993.842293478,0.0,0.0,0.0,0.0,True,0.0,0.0,INIT
2025-12-04T19:30:10.184771,3993.852250452,0.0,0.0,0.0,0.0,True,0.0,0.0,INIT
2025-12-04T19:30:10.195379,3993.862858775,0.0,0.0,0.0,0.0,True,0.0,0.0,INIT
2025-12-04T19:30:10.204722,3993.872190475,0.0,0.0,0.0,0.0,True,0.0,0.0,INIT
2025-12-04T19:30:10.214421,3993.881887508,0.0,0.0,0.0,0.0,True,0.0,0.0,INIT
2025-12-04T19:30:10.224559,3993.892026516,0.0,0.0,0.0,0.0,True,0.0,0.0,INIT
2025-12-04T19:30:10.234420,3993.901886004,0.0,0.0,0.0,0.0,True,0.0,0.0,INIT
2025-12-04T19:30:10.244761,3993.912240468,0.0,0.0,0.0,0.0,True,0.0,0.0,INIT
2025-12-04T19:30:10.254766,3993.922240695,0.0,0.0,0.0,0.0,True,0.0,0.0,INIT
2025-12-04T19:30:10.264770,3993.932250145,0.0,0.0,0.0,0.0,True,0.0,0.0,INIT
2025-12-04T19:30:10.274867,3993.942343821,0.0,0.0,0.0,0.0,True,0.0,0.0,INIT
2025-12-04T19:30:10.284664,3993.952133083,0.0,0.0,0.0,0.0,True,0.0,0.0,INIT
2025-12-04T19:30:10.295010,3993.962488953,0.0,0.0,0.0,0.0,True,0.0,0.0,INIT
2025-12-04T19:30:10.305013,3993.972492607,0.0,0.0,0.0,0.0,True,0.0,0.0,INIT
2025-12-04T19:30:10.315023,3993.98250537,0.0,0.0,0.0,0.0,True,0.0,0.0,INIT
2025-12-04T19:30:10.325037,3993.992515872,0.0,0.0,0.0,0.0,True,0.0,0.0,INIT
2025-12-04T19:30:10.334844,3994.002323393,0.0,0.0,0.0,0.0,True,0.0,0.0,INIT
2025-12-04T19:30:10.345047,3994.012527662,0.0,0.0,0.0,0.0,True,0.0,0.0,INIT
2025-12-04T19:30:10.354961,3994.022442095,0.0,0.0,0.0,0.0,True,0.0,0.0,INIT
2025-12-04T19:30:10.364772,3994.032251164,0.0,0.0,0.0,0.0,True,0.0,0.0,INIT
2025-12-04T19:30:10.374743,3994.042229531,0.0,0.0,0.0,0.0,True,0.0,0.0,INIT
2025-12-04T19:30:10.384771,3994.052250182,0.0,0.0,0.0,0.0,True,0.0,0.0,INIT
2025-12-04T19:30:10.394728,3994.062205913,0.0,0.0,0.0,0.0,True,0.0,0.0,INIT
2025-12-04T19:30:10.404751,3994.072229697,0.0,0.0,0.0,0.0,True,0.0,0.0,INIT
2025-12-04T19:30:10.414528,3994.081997091,0.0,0.0,0.0,0.0,True,0.0,0.0,INIT
2025-12-04T19:30:10.424634,3994.092106037,0.0,0.0,0.0,0.0,True,0.0,0.0,INIT
2025-12-04T19:30:10.434757,3994.102236003,0.0,0.0,0.0,0.0,True,0.0,0.0,INIT
2025-12-04T19:30:10.444734,3994.112213903,0.0,0.0,0.0,0.0,True,0.0,0.0,INIT
2025-12-04T19:30:10.454691,3994.122166277,0.0,0.0,0.0,0.0,True,0.0,0.0,INIT
2025-12-04T19:30:10.464830,3994.132308123,0.0,0.0,0.0,0.0,True,0.0,0.0,INIT
2025-12-04T19:30:10.474755,3994.142234811,0.0,0.0,0.0,0.0,True,0.0,0.0,INIT
2025-12-04T19:30:10.484666,3994.152140342,0.0,0.0,0.0,0.0,True,0.0,0.0,INIT
2025-12-04T19:30:10.494872,3994.16235536,0.0,0.0,0.0,0.0,True,0.0,0.0,INIT
2025-12-04T19:30:10.504755,3994.172234474,0.0,0.0,0.0,0.0,True,0.0,0.0,INIT
2025-12-04T19:30:10.514760,3994.1822387,0.0,0.0,0.0,0.0,True,0.0,0.0,INIT
2025-12-04T19:30:10.524768,3994.192247126,0.0,0.0,0.0,0.0,True,0.0,0.0,INIT
2025-12-04T19:30:10.534734,3994.202212423,0.0,0.0,0.0,0.0,True,0.0,0.0,INIT
2025-12-04T19:30:10.544755,3994.2122328,0.0,0.0,0.0,0.0,True,0.0,0.0,INIT
2025-12-04T19:30:10.554792,3994.222268731,0.0,0.0,0.0,0.0,True,0.0,0.0,INIT
2025-12-04T19:30:10.564750,3994.232227843,0.0,0.0,0.0,0.0,True,0.0,0.0,INIT
2025-12-04T19:30:10.574787,3994.242266847,0.0,0.0,0.0,0.0,True,0.0,0.0,INIT
2025-12-04T19:30:10.584915,3994.252395629,0.0,0.0,0.0,0.0,True,0.0,0.0,INIT
2025-12-04T19:30:10.594710,3994.262186247,0.0,0.0,0.0,0.0,True,0.0,0.0,INIT
2025-12-04T19:30:10.604867,3994.272347869,0.0,0.0,0.0,0.0,True,0.0,0.0,INIT
2025-12-04T19:30:10.614609,3994.2820825,0.0,0.0,0.0,0.0,True,0.0,0.0,INIT
2025-12-04T19:30:10.624868,3994.292347001,0.0,0.0,0.0,0.0,True,0.0,0.0,INIT
2025-12-04T19:30:10.634768,3994.302246985,0.0,0.0,0.0,0.0,True,0.0,0.0,INIT
2025-12-04T19:30:10.644759,3994.312237488,0.0,0.0,0.0,0.0,True,0.0,0.0,INIT
2025-12-04T19:30:10.654718,3994.322198118,0.0,0.0,0.0,0.0,True,0.0,0.0,INIT
2025-12-04T19:30:10.664769,3994.332245073,0.0,0.0,0.0,0.0,True,0.0,0.0,INIT
2025-12-04T19:30:10.674642,3994.342110525,0.0,0.0,0.0,0.0,True,0.0,0.0,INIT
2025-12-04T19:30:10.684823,3994.352302264,0.0,0.0,0.0,0.0,True,0.0,0.0,INIT
2025-12-04T19:30:10.694746,3994.362223784,0.0,0.0,0.0,0.0,True,0.0,0.0,INIT
2025-12-04T19:30:10.704939,3994.372419591,0.0,0.0,0.0,0.0,True,0.0,0.0,INIT
2025-12-04T19:30:10.714741,3994.382220048,0.0,0.0,0.0,0.0,True,0.0,0.0,INIT
2025-12-04T19:30:10.724752,3994.392231183,0.0,0.0,0.0,0.0,True,0.0,0.0,INIT
2025-12-04T19:30:10.734770,3994.402249211,0.0,0.0,0.0,0.0,True,0.0,0.0,INIT
2025-12-04T19:30:10.744723,3994.412200735,0.0,0.0,0.0,0.0,True,0.0,0.0,INIT
2025-12-04T19:30:10.754765,3994.422244389,0.0,0.0,0.0,0.0,True,0.0,0.0,INIT
2025-12-04T19:30:10.764782,3994.432263472,0.0,0.0,0.0,0.0,True,0.0,0.0,INIT
2025-12-04T19:30:10.774756,3994.442235239,0.0,0.0,0.0,0.0,True,0.0,0.0,INIT
2025-12-04T19:30:10.784751,3994.452229312,0.0,0.0,0.0,0.0,True,0.0,0.0,INIT
2025-12-04T19:30:10.794581,3994.462053998,0.0,0.0,0.0,0.0,True,0.0,0.0,INIT
2025-12-04T19:30:10.804538,3994.472022504,0.0,0.0,0.0,0.0,True,0.0,0.0,INIT
2025-12-04T19:30:10.814754,3994.482234477,0.0,0.0,0.0,0.0,True,0.0,0.0,INIT
2025-12-04T19:30:10.824658,3994.492128952,0.0,0.0,0.0,0.0,True,0.0,0.0,INIT
2025-12-04T19:30:10.834750,3994.502228903,0.0,0.0,0.0,0.0,True,0.0,0.0,INIT
2025-12-04T19:30:10.844701,3994.512176768,0.0,0.0,0.0,0.0,True,0.0,0.0,INIT
2025-12-04T19:30:10.854593,3994.522057672,0.0,0.0,0.0,0.0,True,0.0,0.0,INIT
2025-12-04T19:30:10.864764,3994.532243007,0.0,0.0,0.0,0.0,True,0.0,0.0,INIT
2025-12-04T19:30:10.874700,3994.542176759,0.0,0.0,0.0,0.0,True,0.0,0.0,INIT
2025-12-04T19:30:10.884889,3994.552368549,0.0,0.0,0.0,0.0,True,0.0,0.0,INIT
2025-12-04T19:30:10.894738,3994.562216107,0.0,0.0,0.0,0.0,True,0.0,0.0,INIT
2025-12-04T19:30:10.904735,3994.572209611,0.0,0.0,0.0,0.0,True,0.0,0.0,INIT
2025-12-04T19:30:10.914738,3994.582216212,0.0,0.0,0.0,0.0,True,0.0,0.0,INIT
2025-12-04T19:30:10.924743,3994.592222195,0.0,0.0,0.0,0.0,True,0.0,0.0,INIT
2025-12-04T19:30:10.934683,3994.60215856,0.0,0.0,0.0,0.0,True,0.0,0.0,INIT
2025-12-04T19:30:10.944748,3994.612226023,0.0,0.0,0.0,0.0,True,0.0,0.0,INIT
2025-12-04T19:30:10.954734,3994.622213288,0.0,0.0,0.0,0.0,True,0.0,0.0,INIT
2025-12-04T19:30:10.964825,3994.632305735,0.0,0.0,0.0,0.0,True,0.0,0.0,INIT
2025-12-04T19:30:10.974750,3994.642228512,0.0,0.0,0.0,0.0,True,0.0,0.0,INIT
2025-12-04T19:30:10.984798,3994.652277434,0.0,0.0,0.0,0.0,True,0.0,0.0,INIT
2025-12-04T19:30:10.994715,3994.662192058,0.0,0.0,0.0,0.0,True,0.0,0.0,INIT
2025-12-04T19:30:11.004671,3994.672148793,0.0,0.0,0.0,0.0,True,0.0,0.0,INIT
2025-12-04T19:30:11.014824,3994.682305237,0.0,0.0,0.0,0.0,True,0.0,0.0,INIT
2025-12-04T19:30:11.024759,3994.692232545,0.0,0.0,0.0,0.0,True,0.0,0.0,INIT
2025-12-04T19:30:11.034628,3994.70210111,0.0,0.0,0.0,0.0,True,0.0,0.0,INIT
2025-12-04T19:30:11.044758,3994.712237118,0.0,0.0,0.0,0.0,True,0.0,0.0,INIT
2025-12-04T19:30:11.054728,3994.722206046,0.0,0.0,0.0,0.0,True,0.0,0.0,INIT
2025-12-04T19:30:11.064784,3994.732262982,0.0,0.0,0.0,0.0,True,0.0,0.0,INIT
2025-12-04T19:30:11.074749,3994.742227413,0.0,0.0,0.0,0.0,True,0.0,0.0,INIT
2025-12-04T19:30:11.084783,3994.752257468,0.0,0.0,0.0,0.0,True,0.0,0.0,INIT
2025-12-04T19:30:11.094760,3994.762239455,0.0,0.0,0.0,0.0,True,0.0,0.0,INIT
2025-12-04T19:30:11.104865,3994.772344225,0.0,0.0,0.0,0.0,True,0.0,0.0,INIT
2025-12-04T19:30:11.114893,3994.782373969,0.0,0.0,0.0,0.0,True,0.0,0.0,INIT
2025-12-04T19:30:11.124747,3994.792226436,0.0,0.0,0.0,0.0,True,0.0,0.0,INIT
2025-12-04T19:30:11.134882,3994.802360539,0.0,0.0,0.0,0.0,True,0.0,0.0,INIT
2025-12-04T19:30:11.144754,3994.812233376,0.0,0.0,0.0,0.0,True,0.0,0.0,INIT
2025-12-04T19:30:11.154912,3994.822393602,0.0,0.0,0.0,0.0,True,0.0,0.0,INIT
2025-12-04T19:30:11.164826,3994.832304619,0.0,0.0,0.0,0.0,True,0.0,0.0,INIT
2025-12-04T19:30:11.174783,3994.84226404,0.0,0.0,0.0,0.0,True,0.0,0.0,INIT
2025-12-04T19:30:11.184778,3994.852257809,0.0,0.0,0.0,0.0,True,0.0,0.0,INIT
2025-12-04T19:30:11.194746,3994.862224472,0.0,0.0,0.0,0.0,True,0.0,0.0,INIT
2025-12-04T19:30:11.204914,3994.872394614,0.0,0.0,0.0,0.0,True,0.0,0.0,INIT
2025-12-04T19:30:11.214768,3994.882248417,0.0,0.0,0.0,0.0,True,0.0,0.0,INIT
2025-12-04T19:30:11.224736,3994.892213206,0.0,0.0,0.0,0.0,True,0.0,0.0,INIT
2025-12-04T19:30:11.234393,3994.901859259,0.0,0.0,0.0,0.0,True,0.0,0.0,INIT
2025-12-04T19:30:11.244467,3994.911933809,0.0,0.0,0.0,0.0,True,0.0,0.0,INIT
2025-12-04T19:30:11.254455,3994.921925849,0.0,0.0,0.0,0.0,True,0.0,0.0,INIT
2025-12-04T19:30:11.264763,3994.932236339,0.0,0.0,0.0,0.0,True,0.0,0.0,INIT
2025-12-04T19:30:11.274704,3994.942183792,0.0,0.0,0.0,0.0,True,0.0,0.0,INIT
2025-12-04T19:30:11.284731,3994.952210267,0.0,0.0,0.0,0.0,True,0.0,0.0,INIT
2025-12-04T19:30:11.294722,3994.962199378,0.0,0.0,0.0,0.0,True,0.0,0.0,INIT
2025-12-04T19:30:11.304893,3994.972371533,0.0,0.0,0.0,0.0,True,0.0,0.0,INIT
2025-12-04T19:30:11.314719,3994.982196617,0.0,0.0,0.0,0.0,True,0.0,0.0,INIT
2025-12-04T19:30:11.324755,3994.992233823,0.0,0.0,0.0,0.0,True,0.0,0.0,INIT
2025-12-04T19:30:11.334810,3995.002297501,0.0,0.0,0.0,0.0,True,0.0,0.0,INIT
2025-12-04T19:30:11.344799,3995.012280326,0.0,0.0,0.0,0.0,True,0.0,0.0,INIT
2025-12-04T19:30:11.354914,3995.022395273,0.0,0.0,0.0,0.0,True,0.0,0.0,INIT
2025-12-04T19:30:11.364752,3995.032231016,0.0,0.0,0.0,0.0,True,0.0,0.0,INIT
2025-12-04T19:30:11.374765,3995.042243989,0.0,0.0,0.0,0.0,True,0.0,0.0,INIT
2025-12-04T19:30:11.384783,3995.052265022,0.0,0.0,0.0,0.0,True,0.0,0.0,INIT
2025-12-04T19:30:11.394741,3995.062220952,0.0,0.0,0.0,0.0,True,0.0,0.0,INIT
2025-12-04T19:30:11.404744,3995.072223,0.0,0.0,0.0,0.0,True,0.0,0.0,INIT
2025-12-04T19:30:11.414795,3995.082276158,0.0,0.0,0.0,0.0,True,0.0,0.0,INIT
2025-12-04T19:30:11.424743,3995.092223343,0.0,0.0,0.0,0.0,True,0.0,0.0,INIT
2025-12-04T19:30:11.434456,3995.1019237,0.0,0.0,0.0,0.0,True,0.0,0.0,INIT
2025-12-04T19:30:11.444893,3995.112371544,0.0,0.0,0.0,0.0,True,0.0,0.0,INIT
2025-12-04T19:30:11.454796,3995.122277812,0.0,0.0,0.0,0.0,True,0.0,0.0,INIT
2025-12-04T19:30:11.465068,3995.132546395,0.0,0.0,0.0,0.0,True,0.0,0.0,INIT
2025-12-04T19:30:11.474840,3995.142317609,0.0,0.0,0.0,0.0,True,0.0,0.0,INIT
2025-12-04T19:30:11.484761,3995.152239516,0.0,0.0,0.0,0.0,True,0.0,0.0,INIT
2025-12-04T19:30:11.494747,3995.162226297,0.0,0.0,0.0,0.0,True,0.0,0.0,INIT
2025-12-04T19:30:11.504753,3995.172230541,0.0,0.0,0.0,0.0,True,0.0,0.0,INIT
2025-12-04T19:30:11.514756,3995.182234708,0.0,0.0,0.0,0.0,True,0.0,0.0,INIT
2025-12-04T19:30:11.524724,3995.192202651,0.0,0.0,0.0,0.0,True,0.0,0.0,INIT
2025-12-04T19:30:11.534742,3995.202221435,0.0,0.0,0.0,0.0,True,0.0,0.0,INIT
2025-12-04T19:30:11.544760,3995.212239689,0.0,0.0,0.0,0.0,True,0.0,0.0,INIT
2025-12-04T19:30:11.554731,3995.22220953,0.0,0.0,0.0,0.0,True,0.0,0.0,INIT
2025-12-04T19:30:11.564768,3995.232248235,0.0,0.0,0.0,0.0,True,0.0,0.0,INIT
2025-12-04T19:30:11.574926,3995.242405275,0.0,0.0,0.0,0.0,True,0.0,0.0,INIT
2025-12-04T19:30:11.584527,3995.251996899,0.0,0.0,0.0,0.0,True,0.0,0.0,INIT
2025-12-04T19:30:11.594571,3995.262039273,0.0,0.0,0.0,0.0,True,0.0,0.0,INIT
2025-12-04T19:30:11.604450,3995.271917264,0.0,0.0,0.0,0.0,True,0.0,0.0,INIT
2025-12-04T19:30:11.614459,3995.281925824,0.0,0.0,0.0,0.0,True,0.0,0.0,INIT
2025-12-04T19:30:11.624467,3995.291935072,0.0,0.0,0.0,0.0,True,0.0,0.0,INIT
2025-12-04T19:30:11.634435,3995.301900763,0.0,0.0,0.0,0.0,True,0.0,0.0,INIT
2025-12-04T19:30:11.644481,3995.311948972,0.0,0.0,0.0,0.0,True,0.0,0.0,INIT
2025-12-04T19:30:11.654429,3995.321896098,0.0,0.0,0.0,0.0,True,0.0,0.0,INIT
2025-12-04T19:30:11.664484,3995.3319518,0.0,0.0,0.0,0.0,True,0.0,0.0,INIT
2025-12-04T19:30:11.674420,3995.341886348,0.0,0.0,0.0,0.0,True,0.0,0.0,INIT
2025-12-04T19:30:11.684492,3995.351954228,0.0,0.0,0.0,0.0,True,0.0,0.0,INIT
2025-12-04T19:30:11.694602,3995.362070008,0.0,0.0,0.0,0.0,True,0.0,0.0,INIT
2025-12-04T19:30:11.704630,3995.372097393,0.0,0.0,0.0,0.0,True,0.0,0.0,INIT
2025-12-04T19:30:11.714619,3995.382084889,0.0,0.0,0.0,0.0,True,0.0,0.0,INIT
2025-12-04T19:30:11.724662,3995.392129367,0.0,0.0,0.0,0.0,True,0.0,0.0,INIT
2025-12-04T19:30:11.734483,3995.401947744,0.0,0.0,0.0,0.0,True,0.0,0.0,INIT
2025-12-04T19:30:11.744455,3995.411921963,0.0,0.0,0.0,0.0,True,0.0,0.0,INIT
2025-12-04T19:30:11.754397,3995.421864968,0.0,0.0,0.0,0.0,True,0.0,0.0,INIT
2025-12-04T19:30:11.764426,3995.431891698,0.0,0.0,0.0,0.0,True,0.0,0.0,INIT
2025-12-04T19:30:11.774427,3995.441893068,0.0,0.0,0.0,0.0,True,0.0,0.0,INIT
2025-12-04T19:30:11.784458,3995.451924454,0.0,0.0,0.0,0.0,True,0.0,0.0,INIT
2025-12-04T19:30:11.794435,3995.461900768,0.0,0.0,0.0,0.0,True,0.0,0.0,INIT
2025-12-04T19:30:11.804427,3995.471892889,0.0,0.0,0.0,0.0,True,0.0,0.0,INIT
2025-12-04T19:30:11.814500,3995.481967923,0.0,0.0,0.0,0.0,True,0.0,0.0,INIT
2025-12-04T19:30:11.824409,3995.491874891,0.0,0.0,0.0,0.0,True,0.0,0.0,INIT
2025-12-04T19:30:11.834468,3995.50193556,0.0,0.0,0.0,0.0,True,0.0,0.0,INIT
2025-12-04T19:30:11.844461,3995.51192869,0.0,0.0,0.0,0.0,True,0.0,0.0,INIT
2025-12-04T19:30:11.854426,3995.521892438,0.0,0.0,0.0,0.0,True,0.0,0.0,INIT
2025-12-04T19:30:11.864437,3995.531904822,0.0,0.0,0.0,0.0,True,0.0,0.0,INIT
2025-12-04T19:30:11.874376,3995.541841436,0.0,0.0,0.0,0.0,True,0.0,0.0,INIT
2025-12-04T19:30:11.884385,3995.551852026,0.0,0.0,0.0,0.0,True,0.0,0.0,INIT
2025-12-04T19:30:11.894414,3995.56188084,0.0,0.0,0.0,0.0,True,0.0,0.0,INIT
2025-12-04T19:30:11.904411,3995.571876396,0.0,0.0,0.0,0.0,True,0.0,0.0,INIT
2025-12-04T19:30:11.914397,3995.581862044,0.0,0.0,0.0,0.0,True,0.0,0.0,INIT
2025-12-04T19:30:11.924464,3995.591931453,0.0,0.0,0.0,0.0,True,0.0,0.0,INIT
2025-12-04T19:30:11.934372,3995.601836872,0.0,0.0,0.0,0.0,True,0.0,0.0,INIT
2025-12-04T19:30:11.944421,3995.611886212,0.0,0.0,0.0,0.0,True,0.0,0.0,INIT
2025-12-04T19:30:11.954426,3995.6218911,0.0,0.0,0.0,0.0,True,0.0,0.0,INIT
2025-12-04T19:30:11.964436,3995.631902767,0.0,0.0,0.0,0.0,True,0.0,0.0,INIT
2025-12-04T19:30:11.974471,3995.641938336,0.0,0.0,0.0,0.0,True,0.0,0.0,INIT
2025-12-04T19:30:11.984419,3995.651884376,0.0,0.0,0.0,0.0,True,0.0,0.0,INIT
2025-12-04T19:30:11.994416,3995.661881285,0.0,0.0,0.0,0.0,True,0.0,0.0,INIT
2025-12-04T19:30:12.004485,3995.671953049,0.0,0.0,0.0,0.0,True,0.0,0.0,INIT
2025-12-04T19:30:12.014482,3995.681950677,0.0,0.0,0.0,0.0,True,0.0,0.0,INIT
2025-12-04T19:30:12.024514,3995.691982032,0.0,0.0,0.0,0.0,True,0.0,0.0,INIT
2025-12-04T19:30:12.034516,3995.701986714,0.0,0.0,0.0,0.0,True,0.0,0.0,INIT
2025-12-04T19:30:12.044506,3995.711973766,0.0,0.0,0.0,0.0,True,0.0,0.0,INIT
2025-12-04T19:30:12.054478,3995.721946393,0.0,0.0,0.0,0.0,True,0.0,0.0,INIT
2025-12-04T19:30:12.064456,3995.731923438,0.0,0.0,0.0,0.0,True,0.0,0.0,INIT
2025-12-04T19:30:12.074452,3995.741918778,0.0,0.0,0.0,0.0,True,0.0,0.0,INIT
2025-12-04T19:30:12.084427,3995.751892426,0.0,0.0,0.0,0.0,True,0.0,0.0,INIT
2025-12-04T19:30:12.094494,3995.761961994,0.0,0.0,0.0,0.0,True,0.0,0.0,INIT
2025-12-04T19:30:12.104523,3995.771990606,0.0,0.0,0.0,0.0,True,0.0,0.0,INIT
2025-12-04T19:30:12.114592,3995.782063995,0.0,0.0,0.0,0.0,True,0.0,0.0,INIT
2025-12-04T19:30:12.124578,3995.79204849,0.0,0.0,0.0,0.0,True,0.0,0.0,INIT
2025-12-04T19:30:12.134613,3995.802082006,0.0,0.0,0.0,0.0,True,0.0,0.0,INIT
2025-12-04T19:30:12.144489,3995.811957705,0.0,0.0,0.0,0.0,True,0.0,0.0,INIT
2025-12-04T19:30:12.154422,3995.821887644,0.0,0.0,0.0,0.0,True,0.0,0.0,INIT
2025-12-04T19:30:12.164425,3995.831890268,0.0,0.0,0.0,0.0,True,0.0,0.0,INIT
2025-12-04T19:30:12.174414,3995.841881073,0.0,0.0,0.0,0.0,True,0.0,0.0,INIT
2025-12-04T19:30:12.184431,3995.85189878,0.0,0.0,0.0,0.0,True,0.0,0.0,INIT
2025-12-04T19:30:12.194487,3995.861954493,0.0,0.0,0.0,0.0,True,0.0,0.0,INIT
2025-12-04T19:30:12.204451,3995.871918252,0.0,0.0,0.0,0.0,True,0.0,0.0,INIT
2025-12-04T19:30:12.214429,3995.881894892,0.0,0.0,0.0,0.0,True,0.0,0.0,INIT
2025-12-04T19:30:12.224423,3995.891890522,0.0,0.0,0.0,0.0,True,0.0,0.0,INIT
2025-12-04T19:30:12.234426,3995.901891384,0.0,0.0,0.0,0.0,True,0.0,0.0,INIT
2025-12-04T19:30:12.244423,3995.911888088,0.0,0.0,0.0,0.0,True,0.0,0.0,INIT
2025-12-04T19:30:12.254457,3995.921924903,0.0,0.0,0.0,0.0,True,0.0,0.0,INIT
2025-12-04T19:30:12.264425,3995.931889706,0.0,0.0,0.0,0.0,True,0.0,0.0,INIT
2025-12-04T19:30:12.274479,3995.941947525,0.0,0.0,0.0,0.0,True,0.0,0.0,INIT
2025-12-04T19:30:12.284442,3995.951908842,0.0,0.0,0.0,0.0,True,0.0,0.0,INIT
2025-12-04T19:30:12.294464,3995.961931765,0.0,0.0,0.0,0.0,True,0.0,0.0,INIT
2025-12-04T19:30:12.304575,3995.972042541,0.0,0.0,0.0,0.0,True,0.0,0.0,INIT
2025-12-04T19:30:12.314609,3995.98207718,0.0,0.0,0.0,0.0,True,0.0,0.0,INIT
2025-12-04T19:30:12.324633,3995.992103013,0.0,0.0,0.0,0.0,True,0.0,0.0,INIT
2025-12-04T19:30:12.334769,3996.00224086,0.0,0.0,0.0,0.0,True,0.0,0.0,INIT
2025-12-04T19:30:12.344721,3996.012193207,0.0,0.0,0.0,0.0,True,0.0,0.0,INIT
2025-12-04T19:30:12.354921,3996.022395804,0.0,0.0,0.0,0.0,True,0.0,0.0,INIT
2025-12-04T19:30:12.364880,3996.032352274,0.0,0.0,0.0,0.0,True,0.0,0.0,INIT
2025-12-04T19:30:12.374711,3996.042178479,0.0,0.0,0.0,0.0,True,0.0,0.0,INIT
2025-12-04T19:30:12.384731,3996.052204582,0.0,0.0,0.0,0.0,True,0.0,0.0,INIT
2025-12-04T19:30:12.394844,3996.062314655,0.0,0.0,0.0,0.0,True,0.0,0.0,INIT
2025-12-04T19:30:12.404952,3996.072424451,0.0,0.0,0.0,0.0,True,0.0,0.0,INIT
2025-12-04T19:30:12.415060,3996.082535796,0.0,0.0,0.0,0.0,True,0.0,0.0,INIT
2025-12-04T19:30:12.424866,3996.092339298,0.0,0.0,0.0,0.0,True,0.0,0.0,INIT
2025-12-04T19:30:12.434809,3996.102283101,0.0,0.0,0.0,0.0,True,0.0,0.0,INIT
2025-12-04T19:30:12.444713,3996.112188666,0.0,0.0,0.0,0.0,True,0.0,0.0,INIT
2025-12-04T19:30:12.454938,3996.122407223,0.0,0.0,0.0,0.0,True,0.0,0.0,INIT
2025-12-04T19:30:12.464914,3996.132384208,0.0,0.0,0.0,0.0,True,0.0,0.0,INIT
2025-12-04T19:30:12.474679,3996.142158212,0.0,0.0,0.0,0.0,True,0.0,0.0,INIT
2025-12-04T19:30:12.484855,3996.15233007,0.0,0.0,0.0,0.0,True,0.0,0.0,INIT
2025-12-04T19:30:12.494794,3996.162266859,0.0,0.0,0.0,0.0,True,0.0,0.0,INIT
2025-12-04T19:30:12.504745,3996.172213904,0.0,0.0,0.0,0.0,True,0.0,0.0,INIT
2025-12-04T19:30:12.514623,3996.182095292,0.0,0.0,0.0,0.0,True,0.0,0.0,INIT
2025-12-04T19:30:12.524815,3996.192290754,0.0,0.0,0.0,0.0,True,0.0,0.0,INIT
2025-12-04T19:30:12.534878,3996.202362475,0.0,0.0,0.0,0.0,True,0.0,0.0,INIT
2025-12-04T19:30:12.544845,3996.212320595,0.0,0.0,0.0,0.0,True,0.0,0.0,INIT
2025-12-04T19:30:12.554720,3996.222191228,0.0,0.0,0.0,0.0,True,0.0,0.0,INIT
2025-12-04T19:30:12.564762,3996.232235488,0.0,0.0,0.0,0.0,True,0.0,0.0,INIT
2025-12-04T19:30:12.574864,3996.242335708,0.0,0.0,0.0,0.0,True,0.0,0.0,INIT
2025-12-04T19:30:12.584756,3996.25222654,0.0,0.0,0.0,0.0,True,0.0,0.0,INIT
2025-12-04T19:30:12.594773,3996.262244401,0.0,0.0,0.0,0.0,True,0.0,0.0,INIT
2025-12-04T19:30:12.604784,3996.27225446,0.0,0.0,0.0,0.0,True,0.0,0.0,INIT
2025-12-04T19:30:12.614754,3996.28222635,0.0,0.0,0.0,0.0,True,0.0,0.0,INIT
2025-12-04T19:30:12.624677,3996.292145693,0.0,0.0,0.0,0.0,True,0.0,0.0,INIT
2025-12-04T19:30:12.634657,3996.302128478,0.0,0.0,0.0,0.0,True,0.0,0.0,INIT
2025-12-04T19:30:12.644565,3996.312033139,0.0,0.0,0.0,0.0,True,0.0,0.0,INIT
2025-12-04T19:30:12.654601,3996.322073498,0.0,0.0,0.0,0.0,True,0.0,0.0,INIT
2025-12-04T19:30:12.664742,3996.332210048,0.0,0.0,0.0,0.0,True,0.0,0.0,INIT
2025-12-04T19:30:12.674603,3996.342077242,0.0,0.0,0.0,0.0,True,0.0,0.0,INIT
2025-12-04T19:30:12.684525,3996.351993927,0.0,0.0,0.0,0.0,True,0.0,0.0,INIT
2025-12-04T19:30:12.694635,3996.362109665,0.0,0.0,0.0,0.0,True,0.0,0.0,INIT
2025-12-04T19:30:12.704571,3996.372039795,0.0,0.0,0.0,0.0,True,0.0,0.0,INIT
2025-12-04T19:30:12.714492,3996.381959617,0.0,0.0,0.0,0.0,True,0.0,0.0,INIT
2025-12-04T19:30:12.724392,3996.391855007,0.0,0.0,0.0,0.0,True,0.0,0.0,INIT
2025-12-04T19:30:12.734413,3996.401879868,0.0,0.0,0.0,0.0,True,0.0,0.0,INIT
2025-12-04T19:30:12.744476,3996.411944028,0.0,0.0,0.0,0.0,True,0.0,0.0,INIT
2025-12-04T19:30:12.754460,3996.421927544,0.0,0.0,0.0,0.0,True,0.0,0.0,INIT
2025-12-04T19:30:12.764434,3996.431900944,0.0,0.0,0.0,0.0,True,0.0,0.0,INIT
2025-12-04T19:30:12.774472,3996.441939686,0.0,0.0,0.0,0.0,True,0.0,0.0,INIT
2025-12-04T19:30:12.784530,3996.451993044,0.0,0.0,0.0,0.0,True,0.0,0.0,INIT
2025-12-04T19:30:12.794835,3996.462304892,0.0,0.0,0.0,0.0,True,0.0,0.0,INIT
2025-12-04T19:30:12.804674,3996.472145707,0.0,0.0,0.0,0.0,True,0.0,0.0,INIT
2025-12-04T19:30:12.814621,3996.482088949,0.0,0.0,0.0,0.0,True,0.0,0.0,INIT
2025-12-04T19:30:12.824543,3996.49201864,0.0,0.0,0.0,0.0,True,0.0,0.0,INIT
2025-12-04T19:30:12.834530,3996.501998799,0.0,0.0,0.0,0.0,True,0.0,0.0,INIT
2025-12-04T19:30:12.844626,3996.512093036,0.0,0.0,0.0,0.0,True,0.0,0.0,INIT
2025-12-04T19:30:12.854785,3996.522255856,0.0,0.0,0.0,0.0,True,0.0,0.0,INIT
2025-12-04T19:30:12.864706,3996.532180699,0.0,0.0,0.0,0.0,True,0.0,0.0,INIT
2025-12-04T19:30:12.874815,3996.542283247,0.0,0.0,0.0,0.0,True,0.0,0.0,INIT
2025-12-04T19:30:12.884635,3996.552104573,0.0,0.0,0.0,0.0,True,0.0,0.0,INIT
2025-12-04T19:30:12.894629,3996.562097812,0.0,0.0,0.0,0.0,True,0.0,0.0,INIT
2025-12-04T19:30:12.904581,3996.572048188,0.0,0.0,0.0,0.0,True,0.0,0.0,INIT
2025-12-04T19:30:12.914692,3996.582160612,0.0,0.0,0.0,0.0,True,0.0,0.0,INIT
2025-12-04T19:30:12.924628,3996.592095872,0.0,0.0,0.0,0.0,True,0.0,0.0,INIT
2025-12-04T19:30:12.934645,3996.602115421,0.0,0.0,0.0,0.0,True,0.0,0.0,INIT
2025-12-04T19:30:12.944807,3996.61227847,0.0,0.0,0.0,0.0,True,0.0,0.0,INIT
2025-12-04T19:30:12.954752,3996.622221467,0.0,0.0,0.0,0.0,True,0.0,0.0,INIT
2025-12-04T19:30:12.964707,3996.632178425,0.0,0.0,0.0,0.0,True,0.0,0.0,INIT
2025-12-04T19:30:12.974640,3996.642109507,0.0,0.0,0.0,0.0,True,0.0,0.0,INIT
2025-12-04T19:30:12.984631,3996.652099034,0.0,0.0,0.0,0.0,True,0.0,0.0,INIT
2025-12-04T19:30:12.994730,3996.662198769,0.0,0.0,0.0,0.0,True,0.0,0.0,INIT
2025-12-04T19:30:13.004856,3996.672327235,0.0,0.0,0.0,0.0,True,0.0,0.0,INIT
2025-12-04T19:30:13.014708,3996.682181629,0.0,0.0,0.0,0.0,True,0.0,0.0,INIT
2025-12-04T19:30:13.024633,3996.69210214,0.0,0.0,0.0,0.0,True,0.0,0.0,INIT
2025-12-04T19:30:13.034654,3996.702121951,0.0,0.0,0.0,0.0,True,0.0,0.0,INIT
2025-12-04T19:30:13.044586,3996.712051106,0.0,0.0,0.0,0.0,True,0.0,0.0,INIT
2025-12-04T19:30:13.054850,3996.722321188,0.0,0.0,0.0,0.0,True,0.0,0.0,INIT
2025-12-04T19:30:13.064882,3996.732356006,0.0,0.0,0.0,0.0,True,0.0,0.0,INIT
2025-12-04T19:30:13.074763,3996.742231563,0.0,0.0,0.0,0.0,True,0.0,0.0,INIT
2025-12-04T19:30:13.084680,3996.752150388,0.0,0.0,0.0,0.0,True,0.0,0.0,INIT
2025-12-04T19:30:13.094716,3996.762181741,0.0,0.0,0.0,0.0,True,0.0,0.0,INIT
2025-12-04T19:30:13.104862,3996.772328778,0.0,0.0,0.0,0.0,True,0.0,0.0,INIT
2025-12-04T19:30:13.114810,3996.78227753,0.0,0.0,0.0,0.0,True,0.0,0.0,INIT
2025-12-04T19:30:13.124839,3996.79230589,0.0,0.0,0.0,0.0,True,0.0,0.0,INIT
2025-12-04T19:30:13.134855,3996.802321982,0.0,0.0,0.0,0.0,True,0.0,0.0,INIT
2025-12-04T19:30:13.144859,3996.812326769,0.0,0.0,0.0,0.0,True,0.0,0.0,INIT
2025-12-04T19:30:13.154830,3996.822297874,0.0,0.0,0.0,0.0,True,0.0,0.0,INIT
2025-12-04T19:30:13.164788,3996.832252936,0.0,0.0,0.0,0.0,True,0.0,0.0,INIT
2025-12-04T19:30:13.174834,3996.842300862,0.0,0.0,0.0,0.0,True,0.0,0.0,INIT
2025-12-04T19:30:13.184835,3996.852300114,0.0,0.0,0.0,0.0,True,0.0,0.0,INIT
2025-12-04T19:30:13.194772,3996.862235006,0.0,0.0,0.0,0.0,True,0.0,0.0,INIT
2025-12-04T19:30:13.204872,3996.872339795,0.0,0.0,0.0,0.0,True,0.0,0.0,INIT
2025-12-04T19:30:13.214848,3996.882313569,0.0,0.0,0.0,0.0,True,0.0,0.0,INIT
2025-12-04T19:30:13.224857,3996.892324097,0.0,0.0,0.0,0.0,True,0.0,0.0,INIT
2025-12-04T19:30:13.234851,3996.902317315,0.0,0.0,0.0,0.0,True,0.0,0.0,INIT
2025-12-04T19:30:13.244789,3996.912252704,0.0,0.0,0.0,0.0,True,0.0,0.0,INIT
2025-12-04T19:30:13.254787,3996.922253622,0.0,0.0,0.0,0.0,True,0.0,0.0,INIT
2025-12-04T19:30:13.264839,3996.932304499,0.0,0.0,0.0,0.0,True,0.0,0.0,INIT
2025-12-04T19:30:13.274796,3996.942263395,0.0,0.0,0.0,0.0,True,0.0,0.0,INIT
2025-12-04T19:30:13.284806,3996.95227226,0.0,0.0,0.0,0.0,True,0.0,0.0,INIT
2025-12-04T19:30:13.294830,3996.96229694,0.0,0.0,0.0,0.0,True,0.0,0.0,INIT
2025-12-04T19:30:13.304795,3996.972260264,0.0,0.0,0.0,0.0,True,0.0,0.0,INIT
2025-12-04T19:30:13.314887,3996.98236101,0.0,0.0,0.0,0.0,True,0.0,0.0,INIT
2025-12-04T19:30:13.324768,3996.992238069,0.0,0.0,0.0,0.0,True,0.0,0.0,INIT
2025-12-04T19:30:13.334779,3997.002253835,0.0,0.0,0.0,0.0,True,0.0,0.0,INIT
2025-12-04T19:30:13.344763,3997.012238342,0.0,0.0,0.0,0.0,True,0.0,0.0,INIT
2025-12-04T19:30:13.354652,3997.022125413,0.0,0.0,0.0,0.0,True,0.0,0.0,INIT
2025-12-04T19:30:13.364797,3997.032271746,0.0,0.0,0.0,0.0,True,0.0,0.0,INIT
2025-12-04T19:30:13.374742,3997.042217371,0.0,0.0,0.0,0.0,True,0.0,0.0,INIT
2025-12-04T19:30:13.384686,3997.05215848,0.0,0.0,0.0,0.0,True,0.0,0.0,INIT
2025-12-04T19:30:13.394665,3997.062136871,0.0,0.0,0.0,0.0,True,0.0,0.0,INIT
2025-12-04T19:30:13.404651,3997.0721181,0.0,0.0,0.0,0.0,True,0.0,0.0,INIT
2025-12-04T19:30:13.414737,3997.08220651,0.0,0.0,0.0,0.0,True,0.0,0.0,INIT
2025-12-04T19:30:13.424658,3997.092128472,0.0,0.0,0.0,0.0,True,0.0,0.0,INIT
2025-12-04T19:30:13.434636,3997.102104981,0.0,0.0,0.0,0.0,True,0.0,0.0,INIT
2025-12-04T19:30:13.444691,3997.112159858,0.0,0.0,0.0,0.0,True,0.0,0.0,INIT
2025-12-04T19:30:13.454761,3997.122231183,0.0,0.0,0.0,0.0,True,0.0,0.0,INIT
2025-12-04T19:30:13.464731,3997.132201179,0.0,0.0,0.0,0.0,True,0.0,0.0,INIT
2025-12-04T19:30:13.474713,3997.14218489,0.0,0.0,0.0,0.0,True,0.0,0.0,INIT
2025-12-04T19:30:13.484798,3997.152272078,0.0,0.0,0.0,0.0,True,0.0,0.0,INIT
2025-12-04T19:30:13.494773,3997.162247378,0.0,0.0,0.0,0.0,True,0.0,0.0,INIT
2025-12-04T19:30:13.504702,3997.172174785,0.0,0.0,0.0,0.0,True,0.0,0.0,INIT
2025-12-04T19:30:13.514797,3997.182271077,0.0,0.0,0.0,0.0,True,0.0,0.0,INIT
2025-12-04T19:30:13.524694,3997.192163767,0.0,0.0,0.0,0.0,True,0.0,0.0,INIT
2025-12-04T19:30:13.534700,3997.202172605,0.0,0.0,0.0,0.0,True,0.0,0.0,INIT
2025-12-04T19:30:13.544720,3997.212191986,0.0,0.0,0.0,0.0,True,0.0,0.0,INIT
2025-12-04T19:30:13.554617,3997.222083109,0.0,0.0,0.0,0.0,True,0.0,0.0,INIT
2025-12-04T19:30:13.564684,3997.232156603,0.0,0.0,0.0,0.0,True,0.0,0.0,INIT
2025-12-04T19:30:13.574695,3997.242163476,0.0,0.0,0.0,0.0,True,0.0,0.0,INIT
2025-12-04T19:30:13.584711,3997.252178831,0.0,0.0,0.0,0.0,True,0.0,0.0,INIT
2025-12-04T19:30:13.594574,3997.26204638,0.0,0.0,0.0,0.0,True,0.0,0.0,INIT
2025-12-04T19:30:13.604579,3997.272046804,0.0,0.0,0.0,0.0,True,0.0,0.0,INIT
2025-12-04T19:30:13.614775,3997.282247353,0.0,0.0,0.0,0.0,True,0.0,0.0,INIT
2025-12-04T19:30:13.624781,3997.292250988,0.0,0.0,0.0,0.0,True,0.0,0.0,INIT
2025-12-04T19:30:13.634812,3997.302283446,0.0,0.0,0.0,0.0,True,0.0,0.0,INIT
2025-12-04T19:30:13.646672,3997.314148242,0.0,0.0,0.0,0.0,True,0.0,0.0,INIT
2025-12-04T19:30:13.655824,3997.323296093,0.0,0.0,0.0,0.0,True,0.0,0.0,INIT
2025-12-04T19:30:13.664830,3997.332302683,0.0,0.0,0.0,0.0,True,0.0,0.0,INIT
2025-12-04T19:30:13.674834,3997.342304759,0.0,0.0,0.0,0.0,True,0.0,0.0,INIT
2025-12-04T19:30:13.684823,3997.352293629,0.0,0.0,0.0,0.0,True,0.0,0.0,INIT
2025-12-04T19:30:13.694516,3997.361985148,0.0,0.0,0.0,0.0,True,0.0,0.0,INIT
2025-12-04T19:30:13.704477,3997.371945763,0.0,0.0,0.0,0.0,True,0.0,0.0,INIT
2025-12-04T19:30:13.714443,3997.381912131,0.0,0.0,0.0,0.0,True,0.0,0.0,INIT
2025-12-04T19:30:13.724596,3997.392067968,0.0,0.0,0.0,0.0,True,0.0,0.0,INIT
2025-12-04T19:30:13.734598,3997.402067655,0.0,0.0,0.0,0.0,True,0.0,0.0,INIT
2025-12-04T19:30:13.744692,3997.412164321,0.0,0.0,0.0,0.0,True,0.0,0.0,INIT
2025-12-04T19:30:13.754660,3997.42213055,0.0,0.0,0.0,0.0,True,0.0,0.0,INIT
2025-12-04T19:30:13.764676,3997.43214552,0.0,0.0,0.0,0.0,True,0.0,0.0,INIT
2025-12-04T19:30:13.774846,3997.442317087,0.0,0.0,0.0,0.0,True,0.0,0.0,INIT
2025-12-04T19:30:13.784996,3997.452469569,0.0,0.0,0.0,0.0,True,0.0,0.0,INIT
2025-12-04T19:30:13.795254,3997.462725234,0.0,0.0,0.0,0.0,True,0.0,0.0,INIT
2025-12-04T19:30:13.804887,3997.47235992,0.0,0.0,0.0,0.0,True,0.0,0.0,INIT
2025-12-04T19:30:13.814999,3997.482471712,0.0,0.0,0.0,0.0,True,0.0,0.0,INIT
2025-12-04T19:30:13.825378,3997.492850123,0.0,0.0,0.0,0.0,True,0.0,0.0,INIT
2025-12-04T19:30:13.835321,3997.502793207,0.0,0.0,0.0,0.0,True,0.0,0.0,INIT
2025-12-04T19:30:13.844961,3997.512434923,0.0,0.0,0.0,0.0,True,0.0,0.0,INIT
2025-12-04T19:30:13.855160,3997.522631787,0.0,0.0,0.0,0.0,True,0.0,0.0,INIT
2025-12-04T19:30:13.864885,3997.532353687,0.0,0.0,0.0,0.0,True,0.0,0.0,INIT
2025-12-04T19:30:13.874617,3997.542086489,0.0,0.0,0.0,0.0,True,0.0,0.0,INIT
2025-12-04T19:30:13.884766,3997.552237607,0.0,0.0,0.0,0.0,True,0.0,0.0,INIT
2025-12-04T19:30:13.894702,3997.562170735,0.0,0.0,0.0,0.0,True,0.0,0.0,INIT
2025-12-04T19:30:13.904709,3997.572178918,0.0,0.0,0.0,0.0,True,0.0,0.0,INIT
2025-12-04T19:30:13.914699,3997.582169451,0.0,0.0,0.0,0.0,True,0.0,0.0,INIT
2025-12-04T19:30:13.924698,3997.592166028,0.0,0.0,0.0,0.0,True,0.0,0.0,INIT
2025-12-04T19:30:13.934631,3997.602101544,0.0,0.0,0.0,0.0,True,0.0,0.0,INIT
2025-12-04T19:30:13.944780,3997.612249172,0.0,0.0,0.0,0.0,True,0.0,0.0,INIT
2025-12-04T19:30:13.954692,3997.622161239,0.0,0.0,0.0,0.0,True,0.0,0.0,INIT
2025-12-04T19:30:13.964800,3997.632271213,0.0,0.0,0.0,0.0,True,0.0,0.0,INIT
2025-12-04T19:30:13.974827,3997.64229957,0.0,0.0,0.0,0.0,True,0.0,0.0,INIT
2025-12-04T19:30:13.984711,3997.652183697,0.0,0.0,0.0,0.0,True,0.0,0.0,INIT
2025-12-04T19:30:13.994748,3997.6622207,0.0,0.0,0.0,0.0,True,0.0,0.0,INIT
2025-12-04T19:30:14.004880,3997.672352483,0.0,0.0,0.0,0.0,True,0.0,0.0,INIT
2025-12-04T19:30:14.014997,3997.682469168,0.0,0.0,0.0,0.0,True,0.0,0.0,INIT
2025-12-04T19:30:14.024736,3997.692204323,0.0,0.0,0.0,0.0,True,0.0,0.0,INIT
2025-12-04T19:30:14.034788,3997.702259337,0.0,0.0,0.0,0.0,True,0.0,0.0,INIT
2025-12-04T19:30:14.044801,3997.712274787,0.0,0.0,0.0,0.0,True,0.0,0.0,INIT
2025-12-04T19:30:14.054797,3997.72226857,0.0,0.0,0.0,0.0,True,0.0,0.0,INIT
2025-12-04T19:30:14.064827,3997.73229921,0.0,0.0,0.0,0.0,True,0.0,0.0,INIT
2025-12-04T19:30:14.074861,3997.742336351,0.0,0.0,0.0,0.0,True,0.0,0.0,INIT
2025-12-04T19:30:14.084740,3997.752208832,0.0,0.0,0.0,0.0,True,0.0,0.0,INIT
2025-12-04T19:30:14.094844,3997.762322715,0.0,0.0,0.0,0.0,True,0.0,0.0,INIT
2025-12-04T19:30:14.104807,3997.772279316,0.0,0.0,0.0,0.0,True,0.0,0.0,INIT
2025-12-04T19:30:14.114957,3997.782427139,0.0,0.0,0.0,0.0,True,0.0,0.0,INIT
2025-12-04T19:30:14.124767,3997.79224095,0.0,0.0,0.0,0.0,True,0.0,0.0,INIT
2025-12-04T19:30:14.134617,3997.802083186,0.0,0.0,0.0,0.0,True,0.0,0.0,INIT
2025-12-04T19:30:14.144593,3997.81206764,0.0,0.0,0.0,0.0,True,0.0,0.0,INIT
2025-12-04T19:30:14.155021,3997.822496415,0.0,0.0,0.0,0.0,True,0.0,0.0,INIT
2025-12-04T19:30:14.164975,3997.832446395,0.0,0.0,0.0,0.0,True,0.0,0.0,INIT
2025-12-04T19:30:14.174902,3997.842372774,0.0,0.0,0.0,0.0,True,0.0,0.0,INIT
2025-12-04T19:30:14.184870,3997.852342241,0.0,0.0,0.0,0.0,True,0.0,0.0,INIT
2025-12-04T19:30:14.194697,3997.862168236,0.0,0.0,0.0,0.0,True,0.0,0.0,INIT
2025-12-04T19:30:14.204497,3997.871963349,0.0,0.0,0.0,0.0,True,0.0,0.0,INIT
2025-12-04T19:30:14.215237,3997.88270883,0.0,0.0,0.0,0.0,True,0.0,0.0,INIT
2025-12-04T19:30:14.225058,3997.892528014,0.0,0.0,0.0,0.0,True,0.0,0.0,INIT
2025-12-04T19:30:14.234781,3997.902249986,0.0,0.0,0.0,0.0,True,0.0,0.0,INIT
2025-12-04T19:30:14.244621,3997.912089916,0.0,0.0,0.0,0.0,True,0.0,0.0,INIT
2025-12-04T19:30:14.255005,3997.922473264,0.0,0.0,0.0,0.0,True,0.0,0.0,INIT
2025-12-04T19:30:14.264723,3997.932194808,0.0,0.0,0.0,0.0,True,0.0,0.0,INIT
2025-12-04T19:30:14.275052,3997.942520758,0.0,0.0,0.0,0.0,True,0.0,0.0,INIT
2025-12-04T19:30:14.284552,3997.952020423,0.0,0.0,0.0,0.0,True,0.0,0.0,INIT
2025-12-04T19:30:14.294882,3997.962349254,0.0,0.0,0.0,0.0,True,0.0,0.0,INIT
2025-12-04T19:30:14.304630,3997.972096574,0.0,0.0,0.0,0.0,True,0.0,0.0,INIT
2025-12-04T19:30:14.314670,3997.982138533,0.0,0.0,0.0,0.0,True,0.0,0.0,INIT
2025-12-04T19:30:14.324639,3997.992104458,0.0,0.0,0.0,0.0,True,0.0,0.0,INIT
2025-12-04T19:30:14.334660,3998.002127619,0.0,0.0,0.0,0.0,True,0.0,0.0,INIT
2025-12-04T19:30:14.344672,3998.012138943,0.0,0.0,0.0,0.0,True,0.0,0.0,INIT
2025-12-04T19:30:14.354800,3998.02227074,0.0,0.0,0.0,0.0,True,0.0,0.0,INIT
2025-12-04T19:30:14.364779,3998.032248754,0.0,0.0,0.0,0.0,True,0.0,0.0,INIT
2025-12-04T19:30:14.374845,3998.042317656,0.0,0.0,0.0,0.0,True,0.0,0.0,INIT
2025-12-04T19:30:14.384804,3998.052277287,0.0,0.0,0.0,0.0,True,0.0,0.0,INIT
2025-12-04T19:30:14.394729,3998.062198163,0.0,0.0,0.0,0.0,True,0.0,0.0,INIT
2025-12-04T19:30:14.404628,3998.072097925,0.0,0.0,0.0,0.0,True,0.0,0.0,INIT
2025-12-04T19:30:14.414677,3998.082146066,0.0,0.0,0.0,0.0,True,0.0,0.0,INIT
2025-12-04T19:30:14.424634,3998.092102709,0.0,0.0,0.0,0.0,True,0.0,0.0,INIT
2025-12-04T19:30:14.434636,3998.102102753,0.0,0.0,0.0,0.0,True,0.0,0.0,INIT
2025-12-04T19:30:14.444742,3998.112210717,0.0,0.0,0.0,0.0,True,0.0,0.0,INIT
2025-12-04T19:30:14.454588,3998.122061377,0.0,0.0,0.0,0.0,True,0.0,0.0,INIT
2025-12-04T19:30:14.464804,3998.132273532,0.0,0.0,0.0,0.0,True,0.0,0.0,INIT
2025-12-04T19:30:14.474675,3998.142145103,0.0,0.0,0.0,0.0,True,0.0,0.0,INIT
2025-12-04T19:30:14.484685,3998.15215363,0.0,0.0,0.0,0.0,True,0.0,0.0,INIT
2025-12-04T19:30:14.494912,3998.162384805,0.0,0.0,0.0,0.0,True,0.0,0.0,INIT
2025-12-04T19:30:14.504593,3998.172062828,0.0,0.0,0.0,0.0,True,0.0,0.0,INIT
2025-12-04T19:30:14.514614,3998.18208686,0.0,0.0,0.0,0.0,True,0.0,0.0,INIT
2025-12-04T19:30:14.524961,3998.192431179,0.0,0.0,0.0,0.0,True,0.0,0.0,INIT
2025-12-04T19:30:14.534872,3998.202340067,0.0,0.0,0.0,0.0,True,0.0,0.0,INIT
2025-12-04T19:30:14.544894,3998.212362769,0.0,0.0,0.0,0.0,True,0.0,0.0,INIT
2025-12-04T19:30:14.554718,3998.222189949,0.0,0.0,0.0,0.0,True,0.0,0.0,INIT
2025-12-04T19:30:14.564598,3998.232066492,0.0,0.0,0.0,0.0,True,0.0,0.0,INIT
2025-12-04T19:30:14.574748,3998.242216081,0.0,0.0,0.0,0.0,True,0.0,0.0,INIT
2025-12-04T19:30:14.584908,3998.252382789,0.0,0.0,0.0,0.0,True,0.0,0.0,INIT
2025-12-04T19:30:14.594718,3998.262192071,0.0,0.0,0.0,0.0,True,0.0,0.0,INIT
2025-12-04T19:30:14.604781,3998.272254566,0.0,0.0,0.0,0.0,True,0.0,0.0,INIT
2025-12-04T19:30:14.614758,3998.282228955,0.0,0.0,0.0,0.0,True,0.0,0.0,INIT
2025-12-04T19:30:14.624723,3998.292195748,0.0,0.0,0.0,0.0,True,0.0,0.0,INIT
2025-12-04T19:30:14.634676,3998.30214728,0.0,0.0,0.0,0.0,True,0.0,0.0,INIT
2025-12-04T19:30:14.644725,3998.312196707,0.0,0.0,0.0,0.0,True,0.0,0.0,INIT
2025-12-04T19:30:14.654686,3998.322156177,0.0,0.0,0.0,0.0,True,0.0,0.0,INIT
2025-12-04T19:30:14.664669,3998.332138183,0.0,0.0,0.0,0.0,True,0.0,0.0,INIT
2025-12-04T19:30:14.674630,3998.342098912,0.0,0.0,0.0,0.0,True,0.0,0.0,INIT
2025-12-04T19:30:14.684801,3998.352272791,0.0,0.0,0.0,0.0,True,0.0,0.0,INIT
2025-12-04T19:30:14.694822,3998.362292017,0.0,0.0,0.0,0.0,True,0.0,0.0,INIT
2025-12-04T19:30:14.704930,3998.372405672,0.0,0.0,0.0,0.0,True,0.0,0.0,INIT
2025-12-04T19:30:14.714709,3998.382180999,0.0,0.0,0.0,0.0,True,0.0,0.0,INIT
2025-12-04T19:30:14.724645,3998.392116731,0.0,0.0,0.0,0.0,True,0.0,0.0,INIT
2025-12-04T19:30:14.734709,3998.40217836,0.0,0.0,0.0,0.0,True,0.0,0.0,INIT
2025-12-04T19:30:14.744644,3998.412117021,0.0,0.0,0.0,0.0,True,0.0,0.0,INIT
2025-12-04T19:30:14.754742,3998.422214411,0.0,0.0,0.0,0.0,True,0.0,0.0,INIT
2025-12-04T19:30:14.764627,3998.432099486,0.0,0.0,0.0,0.0,True,0.0,0.0,INIT
2025-12-04T19:30:14.774599,3998.442075071,0.0,0.0,0.0,0.0,True,0.0,0.0,INIT
2025-12-04T19:30:14.784537,3998.452025098,0.0,0.0,0.0,0.0,True,0.0,0.0,INIT
2025-12-04T19:30:14.794520,3998.461990973,0.0,0.0,0.0,0.0,True,0.0,0.0,INIT
2025-12-04T19:30:14.804618,3998.472086977,0.0,0.0,0.0,0.0,True,0.0,0.0,INIT
2025-12-04T19:30:14.814891,3998.482364285,0.0,0.0,0.0,0.0,True,0.0,0.0,INIT
2025-12-04T19:30:14.824716,3998.49219127,0.0,0.0,0.0,0.0,True,0.0,0.0,INIT
2025-12-04T19:30:14.834610,3998.50208246,0.0,0.0,0.0,0.0,True,0.0,0.0,INIT
2025-12-04T19:30:14.844599,3998.512070669,0.0,0.0,0.0,0.0,True,0.0,0.0,INIT
2025-12-04T19:30:14.854881,3998.522358104,0.0,0.0,0.0,0.0,True,0.0,0.0,INIT
2025-12-04T19:30:14.864710,3998.532182944,0.0,0.0,0.0,0.0,True,0.0,0.0,INIT
2025-12-04T19:30:14.875278,3998.542753351,0.0,0.0,0.0,0.0,True,0.0,0.0,INIT
2025-12-04T19:30:14.884791,3998.552260917,0.0,0.0,0.0,0.0,True,0.0,0.0,INIT
2025-12-04T19:30:14.894698,3998.562167772,0.0,0.0,0.0,0.0,True,0.0,0.0,INIT
2025-12-04T19:30:14.904571,3998.572035903,0.0,0.0,0.0,0.0,True,0.0,0.0,INIT
2025-12-04T19:30:14.914839,3998.582314345,0.0,0.0,0.0,0.0,True,0.0,0.0,INIT
2025-12-04T19:30:14.924519,3998.591987937,0.0,0.0,0.0,0.0,True,0.0,0.0,INIT
2025-12-04T19:30:14.934513,3998.601983068,0.0,0.0,0.0,0.0,True,0.0,0.0,INIT
2025-12-04T19:30:14.944454,3998.611921845,0.0,0.0,0.0,0.0,True,0.0,0.0,INIT
2025-12-04T19:30:14.954453,3998.621920019,0.0,0.0,0.0,0.0,True,0.0,0.0,INIT
2025-12-04T19:30:14.964430,3998.631896522,0.0,0.0,0.0,0.0,True,0.0,0.0,INIT
2025-12-04T19:30:14.974435,3998.641901191,0.0,0.0,0.0,0.0,True,0.0,0.0,INIT
2025-12-04T19:30:14.984438,3998.651904313,0.0,0.0,0.0,0.0,True,0.0,0.0,INIT
2025-12-04T19:30:14.994418,3998.661883354,0.0,0.0,0.0,0.0,True,0.0,0.0,INIT
2025-12-04T19:30:15.004425,3998.671890361,0.0,0.0,0.0,0.0,True,0.0,0.0,INIT
2025-12-04T19:30:15.014616,3998.682087612,0.0,0.0,0.0,0.0,True,0.0,0.0,INIT
2025-12-04T19:30:15.024987,3998.692461744,0.0,0.0,0.0,0.0,True,0.0,0.0,INIT
2025-12-04T19:30:15.035699,3998.703178612,0.0,0.0,0.0,0.0,True,0.0,0.0,INIT
2025-12-04T19:30:15.044786,3998.712258375,0.0,0.0,0.0,0.0,True,0.0,0.0,INIT
2025-12-04T19:30:15.054802,3998.722279389,0.0,0.0,0.0,0.0,True,0.0,0.0,INIT
2025-12-04T19:30:15.064746,3998.732224273,0.0,0.0,0.0,0.0,True,0.0,0.0,INIT
2025-12-04T19:30:15.074602,3998.742073371,0.0,0.0,0.0,0.0,True,0.0,0.0,INIT
2025-12-04T19:30:15.084876,3998.752350636,0.0,0.0,0.0,0.0,True,0.0,0.0,INIT
2025-12-04T19:30:15.094955,3998.762431736,0.0,0.0,0.0,0.0,True,0.0,0.0,INIT
2025-12-04T19:30:15.104901,3998.772374325,0.0,0.0,0.0,0.0,True,0.0,0.0,INIT
2025-12-04T19:30:15.114797,3998.782270856,0.0,0.0,0.0,0.0,True,0.0,0.0,INIT
2025-12-04T19:30:15.124579,3998.792049698,0.0,0.0,0.0,0.0,True,0.0,0.0,INIT
2025-12-04T19:30:15.134516,3998.801985073,0.0,0.0,0.0,0.0,True,0.0,0.0,INIT
2025-12-04T19:30:15.144486,3998.811954863,0.0,0.0,0.0,0.0,True,0.0,0.0,INIT
2025-12-04T19:30:15.154534,3998.822013083,0.0,0.0,0.0,0.0,True,0.0,0.0,INIT
2025-12-04T19:30:15.164519,3998.831988383,0.0,0.0,0.0,0.0,True,0.0,0.0,INIT
2025-12-04T19:30:15.174453,3998.841920073,0.0,0.0,0.0,0.0,True,0.0,0.0,INIT
2025-12-04T19:30:15.184530,3998.851997471,0.0,0.0,0.0,0.0,True,0.0,0.0,INIT
2025-12-04T19:30:15.194698,3998.862168011,0.0,0.0,0.0,0.0,True,0.0,0.0,INIT
2025-12-04T19:30:15.204533,3998.8720098,0.0,0.0,0.0,0.0,True,0.0,0.0,INIT
2025-12-04T19:30:15.214785,3998.882256264,0.0,0.0,0.0,0.0,True,0.0,0.0,INIT
2025-12-04T19:30:15.224836,3998.892306608,0.0,0.0,0.0,0.0,True,0.0,0.0,INIT
2025-12-04T19:30:15.234583,3998.902053526,0.0,0.0,0.0,0.0,True,0.0,0.0,INIT
2025-12-04T19:30:15.244508,3998.911977627,0.0,0.0,0.0,0.0,True,0.0,0.0,INIT
2025-12-04T19:30:15.254481,3998.921948555,0.0,0.0,0.0,0.0,True,0.0,0.0,INIT
2025-12-04T19:30:15.264773,3998.932242068,0.0,0.0,0.0,0.0,True,0.0,0.0,INIT
2025-12-04T19:30:15.274641,3998.942110724,0.0,0.0,0.0,0.0,True,0.0,0.0,INIT
2025-12-04T19:30:15.284595,3998.952063322,0.0,0.0,0.0,0.0,True,0.0,0.0,INIT
2025-12-04T19:30:15.294721,3998.962189512,0.0,0.0,0.0,0.0,True,0.0,0.0,INIT
2025-12-04T19:30:15.304630,3998.972098928,0.0,0.0,0.0,0.0,True,0.0,0.0,INIT
2025-12-04T19:30:15.314744,3998.982211678,0.0,0.0,0.0,0.0,True,0.0,0.0,INIT
2025-12-04T19:30:15.324572,3998.992038088,0.0,0.0,0.0,0.0,True,0.0,0.0,INIT
2025-12-04T19:30:15.334757,3999.002226974,0.0,0.0,0.0,0.0,True,0.0,0.0,INIT
2025-12-04T19:30:15.344707,3999.012178521,0.0,0.0,0.0,0.0,True,0.0,0.0,INIT
2025-12-04T19:30:15.354550,3999.022013201,0.0,0.0,0.0,0.0,True,0.0,0.0,INIT
2025-12-04T19:30:15.364660,3999.032127954,0.0,0.0,0.0,0.0,True,0.0,0.0,INIT
2025-12-04T19:30:15.374792,3999.042261146,0.0,0.0,0.0,0.0,True,0.0,0.0,INIT
2025-12-04T19:30:15.384728,3999.052198603,0.0,0.0,0.0,0.0,True,0.0,0.0,INIT
2025-12-04T19:30:15.394656,3999.062126861,0.0,0.0,0.0,0.0,True,0.0,0.0,INIT
2025-12-04T19:30:15.404808,3999.072283306,0.0,0.0,0.0,0.0,True,0.0,0.0,INIT
2025-12-04T19:30:15.414751,3999.082226541,0.0,0.0,0.0,0.0,True,0.0,0.0,INIT
2025-12-04T19:30:15.424640,3999.092109048,0.0,0.0,0.0,0.0,True,0.0,0.0,INIT
2025-12-04T19:30:15.434909,3999.102378023,0.0,0.0,0.0,0.0,True,0.0,0.0,INIT
2025-12-04T19:30:15.444970,3999.112438229,0.0,0.0,0.0,0.0,True,0.0,0.0,INIT
2025-12-04T19:30:15.454805,3999.12227344,0.0,0.0,0.0,0.0,True,0.0,0.0,INIT
2025-12-04T19:30:15.464481,3999.131948164,0.0,0.0,0.0,0.0,True,0.0,0.0,INIT
2025-12-04T19:30:15.474743,3999.142207332,0.0,0.0,0.0,0.0,True,0.0,0.0,INIT
2025-12-04T19:30:15.484780,3999.152245343,0.0,0.0,0.0,0.0,True,0.0,0.0,INIT
2025-12-04T19:30:15.494760,3999.162227465,0.0,0.0,0.0,0.0,True,0.0,0.0,INIT
2025-12-04T19:30:15.504746,3999.172209565,0.0,0.0,0.0,0.0,True,0.0,0.0,INIT
2025-12-04T19:30:15.514666,3999.182135007,0.0,0.0,0.0,0.0,True,0.0,0.0,INIT
2025-12-04T19:30:15.524610,3999.192082347,0.0,0.0,0.0,0.0,True,0.0,0.0,INIT
2025-12-04T19:30:15.534611,3999.202090503,0.0,0.0,0.0,0.0,True,0.0,0.0,INIT
2025-12-04T19:30:15.544668,3999.21213367,0.0,0.0,0.0,0.0,True,0.0,0.0,INIT
2025-12-04T19:30:15.554772,3999.222236691,0.0,0.0,0.0,0.0,True,0.0,0.0,INIT
2025-12-04T19:30:15.564535,3999.231999902,0.0,0.0,0.0,0.0,True,0.0,0.0,INIT
2025-12-04T19:30:15.574533,3999.242014565,0.0,0.0,0.0,0.0,True,0.0,0.0,INIT
2025-12-04T19:30:15.584426,3999.251893669,0.0,0.0,0.0,0.0,True,0.0,0.0,INIT
2025-12-04T19:30:15.594412,3999.261875584,0.0,0.0,0.0,0.0,True,0.0,0.0,INIT
2025-12-04T19:30:15.604476,3999.271939017,0.0,0.0,0.0,0.0,True,0.0,0.0,INIT
2025-12-04T19:30:15.614614,3999.282083054,0.0,0.0,0.0,0.0,True,0.0,0.0,INIT
2025-12-04T19:30:15.624683,3999.292157986,0.0,0.0,0.0,0.0,True,0.0,0.0,INIT
2025-12-04T19:30:15.634580,3999.302049278,0.0,0.0,0.0,0.0,True,0.0,0.0,INIT
2025-12-04T19:30:15.644668,3999.312137191,0.0,0.0,0.0,0.0,True,0.0,0.0,INIT
2025-12-04T19:30:15.654475,3999.321942486,0.0,0.0,0.0,0.0,True,0.0,0.0,INIT
2025-12-04T19:30:15.664570,3999.3320403,0.0,0.0,0.0,0.0,True,0.0,0.0,INIT
2025-12-04T19:30:15.674639,3999.342110061,0.0,0.0,0.0,0.0,True,0.0,0.0,INIT
2025-12-04T19:30:15.684484,3999.351954255,0.0,0.0,0.0,0.0,True,0.0,0.0,INIT
2025-12-04T19:30:15.694432,3999.361896058,0.0,0.0,0.0,0.0,True,0.0,0.0,INIT
2025-12-04T19:30:15.704484,3999.371958898,0.0,0.0,0.0,0.0,True,0.0,0.0,INIT
2025-12-04T19:30:15.714455,3999.381920473,0.0,0.0,0.0,0.0,True,0.0,0.0,INIT
2025-12-04T19:30:15.724572,3999.392036798,0.0,0.0,0.0,0.0,True,0.0,0.0,INIT
2025-12-04T19:30:15.734654,3999.402126185,0.0,0.0,0.0,0.0,True,0.0,0.0,INIT
2025-12-04T19:30:15.744616,3999.412084258,0.0,0.0,0.0,0.0,True,0.0,0.0,INIT
2025-12-04T19:30:15.754464,3999.421931729,0.0,0.0,0.0,0.0,True,0.0,0.0,INIT
2025-12-04T19:30:15.764820,3999.432290309,0.0,0.0,0.0,0.0,True,0.0,0.0,INIT
2025-12-04T19:30:15.774954,3999.442427135,0.0,0.0,0.0,0.0,True,0.0,0.0,INIT
2025-12-04T19:30:15.784607,3999.452076357,0.0,0.0,0.0,0.0,True,0.0,0.0,INIT
2025-12-04T19:30:15.795033,3999.462507556,0.0,0.0,0.0,0.0,True,0.0,0.0,INIT
2025-12-04T19:30:15.804975,3999.472445591,0.0,0.0,0.0,0.0,True,0.0,0.0,INIT
2025-12-04T19:30:15.814799,3999.482267561,0.0,0.0,0.0,0.0,True,0.0,0.0,INIT
2025-12-04T19:30:15.824741,3999.492209495,0.0,0.0,0.0,0.0,True,0.0,0.0,INIT
2025-12-04T19:30:15.834738,3999.502206402,0.0,0.0,0.0,0.0,True,0.0,0.0,INIT
2025-12-04T19:30:15.844811,3999.512279558,0.0,0.0,0.0,0.0,True,0.0,0.0,INIT
2025-12-04T19:30:15.854729,3999.522196619,0.0,0.0,0.0,0.0,True,0.0,0.0,INIT
2025-12-04T19:30:15.864867,3999.532335255,0.0,0.0,0.0,0.0,True,0.0,0.0,INIT
2025-12-04T19:30:15.874737,3999.542203043,0.0,0.0,0.0,0.0,True,0.0,0.0,INIT
2025-12-04T19:30:15.884733,3999.552199899,0.0,0.0,0.0,0.0,True,0.0,0.0,INIT
2025-12-04T19:30:15.894758,3999.562225321,0.0,0.0,0.0,0.0,True,0.0,0.0,INIT
2025-12-04T19:30:15.904810,3999.57227827,0.0,0.0,0.0,0.0,True,0.0,0.0,INIT
2025-12-04T19:30:15.914625,3999.582092668,0.0,0.0,0.0,0.0,True,0.0,0.0,INIT
2025-12-04T19:30:15.924780,3999.592249722,0.0,0.0,0.0,0.0,True,0.0,0.0,INIT
2025-12-04T19:30:15.934746,3999.602214569,0.0,0.0,0.0,0.0,True,0.0,0.0,INIT
2025-12-04T19:30:15.944673,3999.612142921,0.0,0.0,0.0,0.0,True,0.0,0.0,INIT
2025-12-04T19:30:15.954816,3999.622288074,0.0,0.0,0.0,0.0,True,0.0,0.0,INIT
2025-12-04T19:30:15.964738,3999.632209026,0.0,0.0,0.0,0.0,True,0.0,0.0,INIT
2025-12-04T19:30:15.974744,3999.642215302,0.0,0.0,0.0,0.0,True,0.0,0.0,INIT
2025-12-04T19:30:15.984841,3999.652310506,0.0,0.0,0.0,0.0,True,0.0,0.0,INIT
2025-12-04T19:30:15.994768,3999.662238682,0.0,0.0,0.0,0.0,True,0.0,0.0,INIT
2025-12-04T19:30:16.004656,3999.672125118,0.0,0.0,0.0,0.0,True,0.0,0.0,INIT
2025-12-04T19:30:16.014763,3999.6822361,0.0,0.0,0.0,0.0,True,0.0,0.0,INIT
2025-12-04T19:30:16.024887,3999.692358463,0.0,0.0,0.0,0.0,True,0.0,0.0,INIT
2025-12-04T19:30:16.034902,3999.70237703,0.0,0.0,0.0,0.0,True,0.0,0.0,INIT
2025-12-04T19:30:16.044796,3999.712267749,0.0,0.0,0.0,0.0,True,0.0,0.0,INIT
2025-12-04T19:30:16.054992,3999.722466395,0.0,0.0,0.0,0.0,True,0.0,0.0,INIT
2025-12-04T19:30:16.064858,3999.732333199,0.0,0.0,0.0,0.0,True,0.0,0.0,INIT
2025-12-04T19:30:16.074804,3999.742275555,0.0,0.0,0.0,0.0,True,0.0,0.0,INIT
2025-12-04T19:30:16.084696,3999.752167722,0.0,0.0,0.0,0.0,True,0.0,0.0,INIT
2025-12-04T19:30:16.094798,3999.762277089,0.0,0.0,0.0,0.0,True,0.0,0.0,INIT
2025-12-04T19:30:16.104583,3999.772055027,0.0,0.0,0.0,0.0,True,0.0,0.0,INIT
2025-12-04T19:30:16.114880,3999.782351168,0.0,0.0,0.0,0.0,True,0.0,0.0,INIT
2025-12-04T19:30:16.125061,3999.792527311,0.0,0.0,0.0,0.0,True,0.0,0.0,INIT
2025-12-04T19:30:16.135051,3999.802521011,0.0,0.0,0.0,0.0,True,0.0,0.0,INIT
2025-12-04T19:30:16.145052,3999.812531862,0.0,0.0,0.0,0.0,True,0.0,0.0,INIT
2025-12-04T19:30:16.155086,3999.82256144,0.0,0.0,0.0,0.0,True,0.0,0.0,INIT
2025-12-04T19:30:16.165040,3999.832516269,0.0,0.0,0.0,0.0,True,0.0,0.0,INIT
2025-12-04T19:30:16.174866,3999.842339425,0.0,0.0,0.0,0.0,True,0.0,0.0,INIT
2025-12-04T19:30:16.184634,3999.852107962,0.0,0.0,0.0,0.0,True,0.0,0.0,INIT
2025-12-04T19:30:16.194660,3999.862134572,0.0,0.0,0.0,0.0,True,0.0,0.0,INIT
2025-12-04T19:30:16.204700,3999.872176165,0.0,0.0,0.0,0.0,True,0.0,0.0,INIT
2025-12-04T19:30:16.214661,3999.882135444,0.0,0.0,0.0,0.0,True,0.0,0.0,INIT
2025-12-04T19:30:16.224870,3999.89234245,0.0,0.0,0.0,0.0,True,0.0,0.0,INIT
2025-12-04T19:30:16.234792,3999.902262624,0.0,0.0,0.0,0.0,True,0.0,0.0,INIT
2025-12-04T19:30:16.244741,3999.912209976,0.0,0.0,0.0,0.0,True,0.0,0.0,INIT
2025-12-04T19:30:16.254779,3999.922248208,0.0,0.0,0.0,0.0,True,0.0,0.0,INIT
2025-12-04T19:30:16.264717,3999.932189819,0.0,0.0,0.0,0.0,True,0.0,0.0,INIT
2025-12-04T19:30:16.274885,3999.942358583,0.0,0.0,0.0,0.0,True,0.0,0.0,INIT
2025-12-04T19:30:16.284770,3999.95223914,0.0,0.0,0.0,0.0,True,0.0,0.0,INIT
2025-12-04T19:30:16.295013,3999.962488694,0.0,0.0,0.0,0.0,True,0.0,0.0,INIT
2025-12-04T19:30:16.304800,3999.97226872,0.0,0.0,0.0,0.0,True,0.0,0.0,INIT
2025-12-04T19:30:16.314659,3999.982129099,0.0,0.0,0.0,0.0,True,0.0,0.0,INIT
2025-12-04T19:30:16.324834,3999.992305443,0.0,0.0,0.0,0.0,True,0.0,0.0,INIT
2025-12-04T19:30:16.334638,4000.0021109,0.0,0.0,0.0,0.0,True,0.0,0.0,INIT
2025-12-04T19:30:16.344576,4000.01205123,0.0,0.0,0.0,0.0,True,0.0,0.0,INIT
2025-12-04T19:30:16.354587,4000.022059866,0.0,0.0,0.0,0.0,True,0.0,0.0,INIT
2025-12-04T19:30:16.364819,4000.032290559,0.0,0.0,0.0,0.0,True,0.0,0.0,INIT
2025-12-04T19:30:16.374906,4000.042378398,0.0,0.0,0.0,0.0,True,0.0,0.0,INIT
2025-12-04T19:30:16.384833,4000.052302703,0.0,0.0,0.0,0.0,True,0.0,0.0,INIT
2025-12-04T19:30:16.394862,4000.062331982,0.0,0.0,0.0,0.0,True,0.0,0.0,INIT
2025-12-04T19:30:16.404761,4000.072229382,0.0,0.0,0.0,0.0,True,0.0,0.0,INIT
2025-12-04T19:30:16.414809,4000.082278816,0.0,0.0,0.0,0.0,True,0.0,0.0,INIT
2025-12-04T19:30:16.424718,4000.092188073,0.0,0.0,0.0,0.0,True,0.0,0.0,INIT
2025-12-04T19:30:16.434766,4000.102236152,0.0,0.0,0.0,0.0,True,0.0,0.0,INIT
2025-12-04T19:30:16.444745,4000.112214164,0.0,0.0,0.0,0.0,True,0.0,0.0,INIT
2025-12-04T19:30:16.454664,4000.122136782,0.0,0.0,0.0,0.0,True,0.0,0.0,INIT
2025-12-04T19:30:16.464815,4000.132287625,0.0,0.0,0.0,0.0,True,0.0,0.0,INIT
2025-12-04T19:30:16.474651,4000.142120982,0.0,0.0,0.0,0.0,True,0.0,0.0,INIT
2025-12-04T19:30:16.484602,4000.152070294,0.0,0.0,0.0,0.0,True,0.0,0.0,INIT
2025-12-04T19:30:16.494646,4000.162117942,0.0,0.0,0.0,0.0,True,0.0,0.0,INIT
2025-12-04T19:30:16.504659,4000.172130521,0.0,0.0,0.0,0.0,True,0.0,0.0,INIT
2025-12-04T19:30:16.514668,4000.182136223,0.0,0.0,0.0,0.0,True,0.0,0.0,INIT
2025-12-04T19:30:16.524613,4000.19207944,0.0,0.0,0.0,0.0,True,0.0,0.0,INIT
2025-12-04T19:30:16.534609,4000.20207735,0.0,0.0,0.0,0.0,True,0.0,0.0,INIT
2025-12-04T19:30:16.544505,4000.21197171,0.0,0.0,0.0,0.0,True,0.0,0.0,INIT
2025-12-04T19:30:16.554440,4000.221905954,0.0,0.0,0.0,0.0,True,0.0,0.0,INIT
2025-12-04T19:30:16.564679,4000.232147264,0.0,0.0,0.0,0.0,True,0.0,0.0,INIT
2025-12-04T19:30:16.574712,4000.242182229,0.0,0.0,0.0,0.0,True,0.0,0.0,INIT
2025-12-04T19:30:16.584818,4000.252287058,0.0,0.0,0.0,0.0,True,0.0,0.0,INIT
2025-12-04T19:30:16.594761,4000.262232147,0.0,0.0,0.0,0.0,True,0.0,0.0,INIT
2025-12-04T19:30:16.604691,4000.272161801,0.0,0.0,0.0,0.0,True,0.0,0.0,INIT
2025-12-04T19:30:16.614617,4000.282086175,0.0,0.0,0.0,0.0,True,0.0,0.0,INIT
2025-12-04T19:30:16.624825,4000.292297322,0.0,0.0,0.0,0.0,True,0.0,0.0,INIT
2025-12-04T19:30:16.634880,4000.302349454,0.0,0.0,0.0,0.0,True,0.0,0.0,INIT
2025-12-04T19:30:16.644909,4000.312386358,0.0,0.0,0.0,0.0,True,0.0,0.0,INIT
2025-12-04T19:30:16.654666,4000.322138143,0.0,0.0,0.0,0.0,True,0.0,0.0,INIT
2025-12-04T19:30:16.664538,4000.332016981,0.0,0.0,0.0,0.0,True,0.0,0.0,INIT
2025-12-04T19:30:16.674604,4000.342071774,0.0,0.0,0.0,0.0,True,0.0,0.0,INIT
2025-12-04T19:30:16.684655,4000.352122127,0.0,0.0,0.0,0.0,True,0.0,0.0,INIT
2025-12-04T19:30:16.694737,4000.362204184,0.0,0.0,0.0,0.0,True,0.0,0.0,INIT
2025-12-04T19:30:16.704648,4000.372115318,0.0,0.0,0.0,0.0,True,0.0,0.0,INIT
2025-12-04T19:30:16.714684,4000.382152139,0.0,0.0,0.0,0.0,True,0.0,0.0,INIT
2025-12-04T19:30:16.724628,4000.392095269,0.0,0.0,0.0,0.0,True,0.0,0.0,INIT
2025-12-04T19:30:16.734606,4000.402071403,0.0,0.0,0.0,0.0,True,0.0,0.0,INIT
2025-12-04T19:30:16.744653,4000.412119542,0.0,0.0,0.0,0.0,True,0.0,0.0,INIT
2025-12-04T19:30:16.754631,4000.422097581,0.0,0.0,0.0,0.0,True,0.0,0.0,INIT
2025-12-04T19:30:16.764647,4000.432114759,0.0,0.0,0.0,0.0,True,0.0,0.0,INIT
2025-12-04T19:30:16.774664,4000.442131767,0.0,0.0,0.0,0.0,True,0.0,0.0,INIT
2025-12-04T19:30:16.784649,4000.45211684,0.0,0.0,0.0,0.0,True,0.0,0.0,INIT
2025-12-04T19:30:16.794681,4000.462149717,0.0,0.0,0.0,0.0,True,0.0,0.0,INIT
2025-12-04T19:30:16.804618,4000.47208515,0.0,0.0,0.0,0.0,True,0.0,0.0,INIT
2025-12-04T19:30:16.814723,4000.482191035,0.0,0.0,0.0,0.0,True,0.0,0.0,INIT
2025-12-04T19:30:16.824933,4000.492405994,0.0,0.0,0.0,0.0,True,0.0,0.0,INIT
2025-12-04T19:30:16.834622,4000.502090815,0.0,0.0,0.0,0.0,True,0.0,0.0,INIT
2025-12-04T19:30:16.844569,4000.512036832,0.0,0.0,0.0,0.0,True,0.0,0.0,INIT
2025-12-04T19:30:16.854761,4000.522232239,0.0,0.0,0.0,0.0,True,0.0,0.0,INIT
2025-12-04T19:30:16.864655,4000.532124597,0.0,0.0,0.0,0.0,True,0.0,0.0,INIT
2025-12-04T19:30:16.874655,4000.542122923,0.0,0.0,0.0,0.0,True,0.0,0.0,INIT
2025-12-04T19:30:16.884662,4000.552129479,0.0,0.0,0.0,0.0,True,0.0,0.0,INIT
2025-12-04T19:30:16.894800,4000.562269956,0.0,0.0,0.0,0.0,True,0.0,0.0,INIT
2025-12-04T19:30:16.904621,4000.572089453,0.0,0.0,0.0,0.0,True,0.0,0.0,INIT
2025-12-04T19:30:16.914639,4000.582108056,0.0,0.0,0.0,0.0,True,0.0,0.0,INIT
2025-12-04T19:30:16.924795,4000.592264348,0.0,0.0,0.0,0.0,True,0.0,0.0,INIT
2025-12-04T19:30:16.934745,4000.60221433,0.0,0.0,0.0,0.0,True,0.0,0.0,INIT
2025-12-04T19:30:16.944763,4000.612232913,0.0,0.0,0.0,0.0,True,0.0,0.0,INIT
2025-12-04T19:30:16.954900,4000.622369063,0.0,0.0,0.0,0.0,True,0.0,0.0,INIT
2025-12-04T19:30:16.964745,4000.632212444,0.0,0.0,0.0,0.0,True,0.0,0.0,INIT
2025-12-04T19:30:16.974738,4000.642207953,0.0,0.0,0.0,0.0,True,0.0,0.0,INIT
2025-12-04T19:30:16.984606,4000.652074265,0.0,0.0,0.0,0.0,True,0.0,0.0,INIT
2025-12-04T19:30:16.994754,4000.662220877,0.0,0.0,0.0,0.0,True,0.0,0.0,INIT
2025-12-04T19:30:17.004816,4000.672284558,0.0,0.0,0.0,0.0,True,0.0,0.0,INIT
2025-12-04T19:30:17.014659,4000.682128561,0.0,0.0,0.0,0.0,True,0.0,0.0,INIT
2025-12-04T19:30:17.024777,4000.69224649,0.0,0.0,0.0,0.0,True,0.0,0.0,INIT
2025-12-04T19:30:17.034720,4000.702189127,0.0,0.0,0.0,0.0,True,0.0,0.0,INIT
2025-12-04T19:30:17.044745,4000.712216052,0.0,0.0,0.0,0.0,True,0.0,0.0,INIT
2025-12-04T19:30:17.054841,4000.722311446,0.0,0.0,0.0,0.0,True,0.0,0.0,INIT
2025-12-04T19:30:17.064754,4000.732223432,0.0,0.0,0.0,0.0,True,0.0,0.0,INIT
2025-12-04T19:30:17.074817,4000.742284938,0.0,0.0,0.0,0.0,True,0.0,0.0,INIT
2025-12-04T19:30:17.084769,4000.752241016,0.0,0.0,0.0,0.0,True,0.0,0.0,INIT
2025-12-04T19:30:17.094821,4000.762290466,0.0,0.0,0.0,0.0,True,0.0,0.0,INIT
2025-12-04T19:30:17.104669,4000.772137655,0.0,0.0,0.0,0.0,True,0.0,0.0,INIT
2025-12-04T19:30:17.114767,4000.782235416,0.0,0.0,0.0,0.0,True,0.0,0.0,INIT
2025-12-04T19:30:17.124605,4000.792072587,0.0,0.0,0.0,0.0,True,0.0,0.0,INIT
2025-12-04T19:30:17.134757,4000.802226049,0.0,0.0,0.0,0.0,True,0.0,0.0,INIT
2025-12-04T19:30:17.144708,4000.812176443,0.0,0.0,0.0,0.0,True,0.0,0.0,INIT
2025-12-04T19:30:17.154820,4000.822289253,0.0,0.0,0.0,0.0,True,0.0,0.0,INIT
2025-12-04T19:30:17.164817,4000.832287958,0.0,0.0,0.0,0.0,True,0.0,0.0,INIT
2025-12-04T19:30:17.174783,4000.842250671,0.0,0.0,0.0,0.0,True,0.0,0.0,INIT
2025-12-04T19:30:17.184779,4000.852246711,0.0,0.0,0.0,0.0,True,0.0,0.0,INIT
2025-12-04T19:30:17.194663,4000.862130814,0.0,0.0,0.0,0.0,True,0.0,0.0,INIT
2025-12-04T19:30:17.204828,4000.872297443,0.0,0.0,0.0,0.0,True,0.0,0.0,INIT
2025-12-04T19:30:17.214752,4000.88222126,0.0,0.0,0.0,0.0,True,0.0,0.0,INIT
2025-12-04T19:30:17.224905,4000.892374674,0.0,0.0,0.0,0.0,True,0.0,0.0,INIT
2025-12-04T19:30:17.234643,4000.902112394,0.0,0.0,0.0,0.0,True,0.0,0.0,INIT
2025-12-04T19:30:17.244716,4000.912187952,0.0,0.0,0.0,0.0,True,0.0,0.0,INIT
2025-12-04T19:30:17.254767,4000.922237762,0.0,0.0,0.0,0.0,True,0.0,0.0,INIT
2025-12-04T19:30:17.264776,4000.932248471,0.0,0.0,0.0,0.0,True,0.0,0.0,INIT
2025-12-04T19:30:17.274631,4000.942101373,0.0,0.0,0.0,0.0,True,0.0,0.0,INIT
2025-12-04T19:30:17.284751,4000.952222194,0.0,0.0,0.0,0.0,True,0.0,0.0,INIT
2025-12-04T19:30:17.294752,4000.96222357,0.0,0.0,0.0,0.0,True,0.0,0.0,INIT
2025-12-04T19:30:17.304924,4000.972403744,0.0,0.0,0.0,0.0,True,0.0,0.0,INIT
2025-12-04T19:30:17.314709,4000.982184131,0.0,0.0,0.0,0.0,True,0.0,0.0,INIT
2025-12-04T19:30:17.324712,4000.992186414,0.0,0.0,0.0,0.0,True,0.0,0.0,INIT
2025-12-04T19:30:17.334818,4001.00229302,0.0,0.0,0.0,0.0,True,0.0,0.0,INIT
2025-12-04T19:30:17.345085,4001.012559044,0.0,0.0,0.0,0.0,True,0.0,0.0,INIT
2025-12-04T19:30:17.354942,4001.022414209,0.0,0.0,0.0,0.0,True,0.0,0.0,INIT
2025-12-04T19:30:17.365343,4001.032817842,0.0,0.0,0.0,0.0,True,0.0,0.0,INIT
2025-12-04T19:30:17.374863,4001.042335998,0.0,0.0,0.0,0.0,True,0.0,0.0,INIT
2025-12-04T19:30:17.384817,4001.052289326,0.0,0.0,0.0,0.0,True,0.0,0.0,INIT
2025-12-04T19:30:17.394786,4001.062261529,0.0,0.0,0.0,0.0,True,0.0,0.0,INIT
2025-12-04T19:30:17.404790,4001.072259685,0.0,0.0,0.0,0.0,True,0.0,0.0,INIT
2025-12-04T19:30:17.414763,4001.082230072,0.0,0.0,0.0,0.0,True,0.0,0.0,INIT
2025-12-04T19:30:17.424754,4001.092225047,0.0,0.0,0.0,0.0,True,0.0,0.0,INIT
2025-12-04T19:30:17.434764,4001.102236005,0.0,0.0,0.0,0.0,True,0.0,0.0,INIT
2025-12-04T19:30:17.444835,4001.112309872,0.0,0.0,0.0,0.0,True,0.0,0.0,INIT
2025-12-04T19:30:17.454891,4001.122365035,0.0,0.0,0.0,0.0,True,0.0,0.0,INIT
2025-12-04T19:30:17.464811,4001.132282755,0.0,0.0,0.0,0.0,True,0.0,0.0,INIT
2025-12-04T19:30:17.475105,4001.142580356,0.0,0.0,0.0,0.0,True,0.0,0.0,INIT
2025-12-04T19:30:17.485081,4001.152557017,0.0,0.0,0.0,0.0,True,0.0,0.0,INIT
2025-12-04T19:30:17.495258,4001.162735018,0.0,0.0,0.0,0.0,True,0.0,0.0,INIT
2025-12-04T19:30:17.504919,4001.172387392,0.0,0.0,0.0,0.0,True,0.0,0.0,INIT
2025-12-04T19:30:17.514786,4001.182254348,0.0,0.0,0.0,0.0,True,0.0,0.0,INIT
2025-12-04T19:30:17.524915,4001.192389679,0.0,0.0,0.0,0.0,True,0.0,0.0,INIT
2025-12-04T19:30:17.534841,4001.202312181,0.0,0.0,0.0,0.0,True,0.0,0.0,INIT
2025-12-04T19:30:17.544776,4001.212244725,0.0,0.0,0.0,0.0,True,0.0,0.0,INIT
2025-12-04T19:30:17.554822,4001.222291767,0.0,0.0,0.0,0.0,True,0.0,0.0,INIT
2025-12-04T19:30:17.564940,4001.23241411,0.0,0.0,0.0,0.0,True,0.0,0.0,INIT
2025-12-04T19:30:17.574777,4001.242250787,0.0,0.0,0.0,0.0,True,0.0,0.0,INIT
2025-12-04T19:30:17.584797,4001.252267371,0.0,0.0,0.0,0.0,True,0.0,0.0,INIT
2025-12-04T19:30:17.594818,4001.26228651,0.0,0.0,0.0,0.0,True,0.0,0.0,INIT
2025-12-04T19:30:17.604753,4001.27222356,0.0,0.0,0.0,0.0,True,0.0,0.0,INIT
2025-12-04T19:30:17.614749,4001.282218256,0.0,0.0,0.0,0.0,True,0.0,0.0,INIT
2025-12-04T19:30:17.624769,4001.292243096,0.0,0.0,0.0,0.0,True,0.0,0.0,INIT
2025-12-04T19:30:17.634811,4001.302281672,0.0,0.0,0.0,0.0,True,0.0,0.0,INIT
2025-12-04T19:30:17.644722,4001.312192994,0.0,0.0,0.0,0.0,True,0.0,0.0,INIT
2025-12-04T19:30:17.654907,4001.32237966,0.0,0.0,0.0,0.0,True,0.0,0.0,INIT
2025-12-04T19:30:17.664886,4001.332360752,0.0,0.0,0.0,0.0,True,0.0,0.0,INIT
2025-12-04T19:30:17.674870,4001.342339713,0.0,0.0,0.0,0.0,True,0.0,0.0,INIT
2025-12-04T19:30:17.684950,4001.352422612,0.0,0.0,0.0,0.0,True,0.0,0.0,INIT
2025-12-04T19:30:17.694784,4001.362254323,0.0,0.0,0.0,0.0,True,0.0,0.0,INIT
2025-12-04T19:30:17.704775,4001.372244311,0.0,0.0,0.0,0.0,True,0.0,0.0,INIT
2025-12-04T19:30:17.714703,4001.382172191,0.0,0.0,0.0,0.0,True,0.0,0.0,INIT
2025-12-04T19:30:17.724597,4001.392066853,0.0,0.0,0.0,0.0,True,0.0,0.0,INIT
2025-12-04T19:30:17.734523,4001.401991369,0.0,0.0,0.0,0.0,True,0.0,0.0,INIT
2025-12-04T19:30:17.744636,4001.412104924,0.0,0.0,0.0,0.0,True,0.0,0.0,INIT
2025-12-04T19:30:17.754674,4001.422142406,0.0,0.0,0.0,0.0,True,0.0,0.0,INIT
2025-12-04T19:30:17.764732,4001.432207199,0.0,0.0,0.0,0.0,True,0.0,0.0,INIT
2025-12-04T19:30:17.774822,4001.442294364,0.0,0.0,0.0,0.0,True,0.0,0.0,INIT
2025-12-04T19:30:17.785056,4001.452532429,0.0,0.0,0.0,0.0,True,0.0,0.0,INIT
2025-12-04T19:30:17.794565,4001.462036662,0.0,0.0,0.0,0.0,True,0.0,0.0,INIT
2025-12-04T19:30:17.804601,4001.472073812,0.0,0.0,0.0,0.0,True,0.0,0.0,INIT
2025-12-04T19:30:17.814598,4001.482076765,0.0,0.0,0.0,0.0,True,0.0,0.0,INIT
2025-12-04T19:30:17.824464,4001.491933943,0.0,0.0,0.0,0.0,True,0.0,0.0,INIT
2025-12-04T19:30:17.834450,4001.501918408,0.0,0.0,0.0,0.0,True,0.0,0.0,INIT
2025-12-04T19:30:17.844588,4001.512058221,0.0,0.0,0.0,0.0,True,0.0,0.0,INIT
2025-12-04T19:30:17.854456,4001.52192452,0.0,0.0,0.0,0.0,True,0.0,0.0,INIT
2025-12-04T19:30:17.973462,4001.6409319,4.9535421738141215e-11,0.0,-1.5147012104170488e-16,4.9535421738141215e-11,True,4.9535421738141215e-11,0.0,INIT
