timestamp_wall,timestamp_mono,state_x,desired_x,output_cmd,error,converged_flag,distance_to_converge,estimated_time_to_converge,fsm_mode
2025-12-04T19:26:08.164910,3751.832384813,6.110184315722712e-19,0.0,-5.435785779606329e-30,6.110184315722712e-19,False,6.110184315722712e-19,0.0,INIT
2025-12-04T19:26:08.174491,3751.841961412,6.110184315722712e-19,0.0,-5.435785779606329e-30,6.110184315722712e-19,False,6.110184315722712e-19,0.0,INIT
2025-12-04T19:26:08.185068,3751.852540808,6.110184315722712e-19,0.0,-5.435785779606329e-30,6.110184315722712e-19,False,6.110184315722712e-19,0.0,INIT
2025-12-04T19:26:08.194358,3751.861827687,8.750245086101018e-19,0.0,-1.000931538850379e-29,8.750245086101018e-19,False,8.750245086101018e-19,0.0,INIT
2025-12-04T19:26:08.204533,3751.872012387,8.750245086101018e-19,0.0,-1.000931538850379e-29,8.750245086101018e-19,False,8.750245086101018e-19,0.0,INIT
2025-12-04T19:26:08.214620,3751.88208834,7.891360687004146e-19,0.0,-8.3970787096134e-30,7.891360687004146e-19,False,7.891360687004146e-19,0.0,INIT
2025-12-04T19:26:08.224326,3751.891798868,7.891360687004146e-19,0.0,-8.3970787096134e-30,7.891360687004146e-19,False,7.891360687004146e-19,0.0,INIT
2025-12-04T19:26:08.289716,3751.957188195,-6.611680575598068e-19,0.0,6.2158449485471866e-30,-6.611680575598068e-19,False,6.611680575598068e-19,0.0,INIT
2025-12-04T19:26:08.294750,3751.962217931,-8.444735870314882e-19,0.0,9.42250386336456e-30,-8.444735870314882e-19,False,8.444735870314882e-19,0.0,INIT
2025-12-04T19:26:08.304450,3751.971921056,-8.444735870314882e-19,0.0,9.42250386336456e-30,-8.444735870314882e-19,False,8.444735870314882e-19,0.0,INIT
2025-12-04T19:26:08.314378,3751.981857449,-8.444735870314882e-19,0.0,9.42250386336456e-30,-8.444735870314882e-19,False,8.444735870314882e-19,0.0,INIT
2025-12-04T19:26:08.324563,3751.992036894,-3.449948408452872e-18,0.0,1.0309828126211555e-28,-3.449948408452872e-18,False,3.449948408452872e-18,0.0,INIT
2025-12-04T19:26:08.334501,3752.001970172,-3.449948408452872e-18,0.0,1.0309828126211555e-28,-3.449948408452872e-18,False,3.449948408452872e-18,0.0,INIT
2025-12-04T19:26:08.344456,3752.011928675,5.683624278587356e-19,0.0,-4.806546161884408e-30,5.683624278587356e-19,False,5.683624278587356e-19,0.0,INIT
2025-12-04T19:26:08.354498,3752.021968694,5.683624278587356e-19,0.0,-4.806546161884404e-30,5.683624278587356e-19,False,5.683624278587356e-19,0.0,INIT
2025-12-04T19:26:08.364377,3752.031844326,-7.931710960787219e-19,0.0,8.470200677695772e-30,-7.931710960787219e-19,False,7.931710960787219e-19,0.0,INIT
2025-12-04T19:26:08.374449,3752.04192235,-7.931710960787219e-19,0.0,8.470200677695773e-30,-7.931710960787219e-19,False,7.931710960787219e-19,0.0,INIT
2025-12-04T19:26:08.384452,3752.051928793,-1.3759443360028413e-18,0.0,2.1606850873740628e-29,-1.3759443360028413e-18,False,1.3759443360028413e-18,0.0,INIT
2025-12-04T19:26:08.394558,3752.062029112,-1.3759443360028413e-18,0.0,2.1606850873740628e-29,-1.3759443360028413e-18,False,1.3759443360028413e-18,0.0,INIT
2025-12-04T19:26:08.409122,3752.076592505,-2.4636724306980073e-18,0.0,5.816490760105197e-29,-2.4636724306980073e-18,False,2.4636724306980073e-18,0.0,INIT
2025-12-04T19:26:08.414458,3752.081925991,-2.4636724306980073e-18,0.0,5.816490760105197e-29,-2.4636724306980073e-18,False,2.4636724306980073e-18,0.0,INIT
2025-12-04T19:26:08.424112,3752.091581289,5.481872909671982e-19,0.0,-4.520112468897665e-30,5.481872909671982e-19,False,5.481872909671982e-19,0.0,INIT
2025-12-04T19:26:08.434164,3752.101635285,5.481872909671982e-19,0.0,-4.520112468897667e-30,5.481872909671982e-19,False,5.481872909671982e-19,0.0,INIT
2025-12-04T19:26:08.444259,3752.111727471,-2.504599136963697e-18,0.0,5.981704978589888e-29,-2.504599136963697e-18,False,2.504599136963697e-18,0.0,INIT
2025-12-04T19:26:08.454343,3752.121812747,-2.504599136963697e-18,0.0,5.981704978589888e-29,-2.504599136963697e-18,False,2.504599136963697e-18,0.0,INIT
2025-12-04T19:26:08.484607,3752.152079714,4.807446905012024e-19,0.0,-3.6159685813880996e-30,4.807446905012024e-19,False,4.807446905012024e-19,0.0,INIT
2025-12-04T19:26:08.494565,3752.162041411,4.807446905012024e-19,0.0,-3.615968581388094e-30,4.807446905012024e-19,False,4.807446905012024e-19,0.0,INIT
2025-12-04T19:26:08.556608,3752.224084874,6.352285958421161e-19,0.0,-5.806989929676833e-30,6.352285958421161e-19,False,6.352285958421161e-19,0.0,INIT
2025-12-04T19:26:08.572027,3752.239498057,6.352285958421161e-19,0.0,-5.806989929676833e-30,6.352285958421161e-19,False,6.352285958421161e-19,0.0,INIT
2025-12-04T19:26:08.883174,3752.550641826,-6.755788696251905e-19,0.0,6.447914975526418e-30,-6.755788696251905e-19,False,6.755788696251905e-19,0.0,INIT
2025-12-04T19:26:08.893696,3752.561165701,-6.755788696251905e-19,0.0,6.447914975526418e-30,-6.755788696251905e-19,False,6.755788696251905e-19,0.0,INIT
2025-12-04T19:26:08.984337,3752.651807854,-6.755788696251905e-19,0.0,6.447914975526418e-30,-6.755788696251905e-19,False,6.755788696251905e-19,0.0,INIT
2025-12-04T19:26:08.995016,3752.662485504,-6.144770264679636e-19,0.0,5.488195965255222e-30,-6.144770264679636e-19,False,6.144770264679636e-19,0.0,INIT
2025-12-04T19:26:09.004436,3752.671908358,3.372130023299799e-19,0.0,-1.9788247542099547e-30,3.372130023299799e-19,False,3.372130023299799e-19,0.0,INIT
2025-12-04T19:26:09.014610,3752.68208535,3.372130023299799e-19,0.0,-1.978824754209955e-30,3.372130023299799e-19,False,3.372130023299799e-19,0.0,INIT
2025-12-04T19:26:09.039271,3752.706744527,-4.16184252448283e-19,0.0,2.8297990606338573e-30,-4.16184252448283e-19,False,4.16184252448283e-19,0.0,INIT
2025-12-04T19:26:09.044378,3752.711847801,-4.16184252448283e-19,0.0,2.8297990606338573e-30,-4.16184252448283e-19,False,4.16184252448283e-19,0.0,INIT
2025-12-04T19:26:09.054318,3752.721788898,-4.16184252448283e-19,0.0,2.8297990606338573e-30,-4.16184252448283e-19,False,4.16184252448283e-19,0.0,INIT
2025-12-04T19:26:09.064647,3752.732116204,2.374901828375243e-19,0.0,-1.0903542719827394e-30,2.374901828375243e-19,False,2.374901828375243e-19,0.0,INIT
2025-12-04T19:26:09.074300,3752.741769282,2.374901828375243e-19,0.0,-1.0903542719827394e-30,2.374901828375243e-19,False,2.374901828375243e-19,0.0,INIT
2025-12-04T19:26:09.097355,3752.764826086,5.62598103032582e-19,0.0,-4.723969144227324e-30,5.62598103032582e-19,False,5.62598103032582e-19,0.0,INIT
2025-12-04T19:26:09.104253,3752.771724651,4.1445495500043683e-19,0.0,-2.8098392571062618e-30,4.1445495500043683e-19,False,4.1445495500043683e-19,0.0,INIT
2025-12-04T19:26:09.114532,3752.782010457,4.1445495500043683e-19,0.0,-2.8098392571062618e-30,4.1445495500043683e-19,False,4.1445495500043683e-19,0.0,INIT
2025-12-04T19:26:09.124193,3752.791664903,8.513907768228724e-19,0.0,-9.554087276594409e-30,8.513907768228724e-19,False,8.513907768228724e-19,0.0,INIT
2025-12-04T19:26:09.134313,3752.801788149,8.513907768228724e-19,0.0,-9.554087276594409e-30,8.513907768228724e-19,False,8.513907768228724e-19,0.0,INIT
2025-12-04T19:26:09.227511,3752.894979374,1.1770751295005452e-18,0.0,-1.6570557359554994e-29,1.1770751295005452e-18,False,1.1770751295005452e-18,0.0,INIT
2025-12-04T19:26:09.234728,3752.90220088,1.1770751295005452e-18,0.0,-1.6570557359554994e-29,1.1770751295005452e-18,False,1.1770751295005452e-18,0.0,INIT
2025-12-04T19:26:09.510866,3753.178342147,3.6488176149551654e-19,0.0,-2.262708817480428e-30,3.6488176149551654e-19,False,3.6488176149551654e-19,0.0,INIT
2025-12-04T19:26:09.935706,3753.603178875,3.6488176149551654e-19,0.0,-2.2627088174804275e-30,3.6488176149551654e-19,False,3.6488176149551654e-19,0.0,INIT
2025-12-04T19:26:09.951119,3753.618589898,1.0617886329774753e-18,0.0,-1.3907040716923453e-29,1.0617886329774753e-18,True,1.0617886329774753e-18,0.0,INIT
2025-12-04T19:26:10.203403,3753.870879874,1.0617886329774753e-18,0.0,-1.3907040716923453e-29,1.0617886329774753e-18,True,1.0617886329774753e-18,0.0,INIT
2025-12-04T19:26:10.389660,3754.05712892,-1.9385424390354235e-18,0.0,3.8697065862901313e-29,-1.9385424390354235e-18,True,1.9385424390354235e-18,0.0,INIT
2025-12-04T19:26:10.531981,3754.199455061,-1.4681735332212976e-18,0.0,2.412634693506883e-29,-1.4681735332212976e-18,True,1.4681735332212976e-18,0.0,INIT
2025-12-04T19:26:10.541047,3754.208517466,-1.4681735332212976e-18,0.0,2.412634693506883e-29,-1.4681735332212976e-18,True,1.4681735332212976e-18,0.0,INIT
2025-12-04T19:26:11.053419,3754.720893491,-1.4681735332212976e-18,0.0,2.412634693506883e-29,-1.4681735332212976e-18,True,1.4681735332212976e-18,0.0,INIT
2025-12-04T19:26:11.249370,3754.916841279,3.8563333086966927e-19,0.0,-2.485803312568377e-30,3.8563333086966927e-19,True,3.8563333086966927e-19,0.0,INIT
2025-12-04T19:26:11.824237,3755.491703775,3.8563333086966927e-19,0.0,-2.485803312568374e-30,3.8563333086966927e-19,True,3.8563333086966927e-19,0.0,INIT
2025-12-04T19:26:11.924940,3755.592408089,-1.5396511610656006e-18,0.0,2.615700237714934e-29,-1.5396511610656006e-18,True,1.5396511610656006e-18,0.0,INIT
2025-12-04T19:26:11.930926,3755.59839453,-1.5396511610656006e-18,0.0,2.6157002377149346e-29,-1.5396511610656006e-18,True,1.5396511610656006e-18,0.0,INIT
2025-12-04T19:26:12.348622,3756.016093022,-1.5396511610656006e-18,0.0,2.6157002377149346e-29,-1.5396511610656006e-18,True,1.5396511610656006e-18,0.0,INIT
2025-12-04T19:26:12.363330,3756.030804073,-4.1503138748305246e-20,0.0,5.619628497215302e-32,-4.1503138748305246e-20,True,4.1503138748305246e-20,0.0,INIT
2025-12-04T19:26:13.312895,3756.980371308,-4.1503138748305246e-20,0.0,5.619628497215152e-32,-4.1503138748305246e-20,True,4.1503138748305246e-20,0.0,INIT
2025-12-04T19:26:13.334088,3757.001562241,-4.398179842355125e-19,0.0,3.1083797909197327e-30,-4.398179842355125e-19,True,4.398179842355125e-19,0.0,INIT
2025-12-04T19:26:13.390444,3757.057918812,-2.605474821421382e-19,0.0,1.2763732724635019e-30,-2.605474821421382e-19,True,2.605474821421382e-19,0.0,INIT
2025-12-04T19:26:13.858012,3757.525482294,1.3240654125674598e-18,0.0,-2.0240258463598413e-29,1.3240654125674598e-18,True,1.3240654125674598e-18,0.0,INIT
2025-12-04T19:26:13.876142,3757.543612799,1.3240654125674598e-18,0.0,-2.0240258463598413e-29,1.3240654125674598e-18,True,1.3240654125674598e-18,0.0,INIT
2025-12-04T19:26:14.106852,3757.774328744,1.3240654125674598e-18,0.0,-2.0240258463598413e-29,1.3240654125674598e-18,True,1.3240654125674598e-18,0.0,INIT
2025-12-04T19:26:14.119223,3757.786693941,-8.242984501399507e-19,0.0,9.043022801774848e-30,-8.242984501399507e-19,True,8.242984501399507e-19,0.0,INIT
2025-12-04T19:26:14.124584,3757.79205383,-8.242984501399507e-19,0.0,9.04302280177485e-30,-8.242984501399507e-19,True,8.242984501399507e-19,0.0,INIT
2025-12-04T19:26:14.134310,3757.801778032,1.0669765253210134e-18,0.0,-1.4022752669237518e-29,1.0669765253210134e-18,True,1.0669765253210134e-18,0.0,INIT
2025-12-04T19:26:14.144373,3757.811842256,1.0669765253210134e-18,0.0,-1.4022752669237518e-29,1.0669765253210134e-18,True,1.0669765253210134e-18,0.0,INIT
2025-12-04T19:26:14.154432,3757.821911451,-6.092891341244253e-19,0.0,5.4096583845851265e-30,-6.092891341244253e-19,True,6.092891341244253e-19,0.0,INIT
2025-12-04T19:26:14.164261,3757.831732454,-6.092891341244253e-19,0.0,5.409658384585128e-30,-6.092891341244253e-19,True,6.092891341244253e-19,0.0,INIT
2025-12-04T19:26:14.174435,3757.841915458,-1.0145211694030163e-19,0.0,2.56811162937516e-31,-1.0145211694030163e-19,True,1.0145211694030163e-19,0.0,INIT
2025-12-04T19:26:14.184503,3757.851975204,-1.0145211694030163e-19,0.0,2.5681116293751607e-31,-1.0145211694030163e-19,True,1.0145211694030163e-19,0.0,INIT
2025-12-04T19:26:14.194603,3757.862077007,4.986140974622779e-19,0.0,-3.847421299269767e-30,4.986140974622779e-19,True,4.986140974622779e-19,0.0,INIT
2025-12-04T19:26:14.204383,3757.871852409,4.986140974622779e-19,0.0,-3.847421299269767e-30,4.986140974622779e-19,True,4.986140974622779e-19,0.0,INIT
2025-12-04T19:26:14.253028,3757.920500862,-1.762730531837741e-18,0.0,3.292199010474508e-29,-1.762730531837741e-18,True,1.762730531837741e-18,0.0,INIT
2025-12-04T19:26:14.256204,3757.92367387,-1.762730531837741e-18,0.0,3.292199010474508e-29,-1.762730531837741e-18,True,1.762730531837741e-18,0.0,INIT
2025-12-04T19:26:14.298867,3757.966338804,-2.162198242290179e-18,0.0,4.6589963614034805e-29,-2.162198242290179e-18,True,2.162198242290179e-18,0.0,INIT
2025-12-04T19:26:14.737023,3758.404493524,-2.162198242290179e-18,0.0,4.6589963614034805e-29,-2.162198242290179e-18,True,2.162198242290179e-18,0.0,INIT
2025-12-04T19:26:15.290000,3758.957468764,-1.7984693457598928e-18,0.0,3.4064747335628994e-29,-1.7984693457598928e-18,True,1.7984693457598928e-18,0.0,INIT
2025-12-04T19:26:15.301366,3758.968838418,-1.7984693457598928e-18,0.0,3.4064747335628994e-29,-1.7984693457598928e-18,True,1.7984693457598928e-18,0.0,INIT
2025-12-04T19:26:15.614924,3759.282403997,6.9921260141242e-19,0.0,-6.836057762109105e-30,6.9921260141242e-19,True,6.9921260141242e-19,0.0,INIT
2025-12-04T19:26:15.629166,3759.296637018,6.9921260141242e-19,0.0,-6.836057762109108e-30,6.9921260141242e-19,True,6.9921260141242e-19,0.0,INIT
2025-12-04T19:26:15.634560,3759.302030085,6.9921260141242e-19,0.0,-6.836057762109108e-30,6.9921260141242e-19,True,6.9921260141242e-19,0.0,INIT
2025-12-04T19:26:15.659241,3759.326714413,7.343749828519564e-19,0.0,-7.43071132579339e-30,7.343749828519564e-19,True,7.343749828519564e-19,0.0,INIT
2025-12-04T19:26:15.664451,3759.331919349,7.343749828519564e-19,0.0,-7.43071132579339e-30,7.343749828519564e-19,True,7.343749828519564e-19,0.0,INIT
2025-12-04T19:26:15.674455,3759.341934778,7.343749828519564e-19,0.0,-7.43071132579339e-30,7.343749828519564e-19,True,7.343749828519564e-19,0.0,INIT
2025-12-04T19:26:15.684578,3759.352058597,1.092339554556089e-18,0.0,-1.4594123818087213e-29,1.092339554556089e-18,True,1.092339554556089e-18,0.0,INIT
2025-12-04T19:26:15.694455,3759.361927574,1.092339554556089e-18,0.0,-1.4594123818087213e-29,1.092339554556089e-18,True,1.092339554556089e-18,0.0,INIT
2025-12-04T19:26:15.714205,3759.381683838,1.6670427397235933e-18,0.0,-2.9941906708447615e-29,1.6670427397235933e-18,True,1.6670427397235933e-18,0.0,INIT
2025-12-04T19:26:15.725130,3759.392603054,-9.822409503765571e-19,0.0,1.218261910319689e-29,-9.822409503765571e-19,True,9.822409503765571e-19,0.0,INIT
2025-12-04T19:26:15.734389,3759.401860464,-9.822409503765571e-19,0.0,1.2182619103196888e-29,-9.822409503765571e-19,True,9.822409503765571e-19,0.0,INIT
2025-12-04T19:26:15.754623,3759.422099865,-4.2425430720489784e-19,0.0,2.9237123792682247e-30,-4.2425430720489784e-19,True,4.2425430720489784e-19,0.0,INIT
2025-12-04T19:26:15.793911,3759.461383594,-8.992346728799466e-19,0.0,1.0484655843566444e-29,-8.992346728799466e-19,True,8.992346728799466e-19,0.0,INIT
2025-12-04T19:26:15.817080,3759.484555661,-8.992346728799466e-19,0.0,1.0484655843566444e-29,-8.992346728799466e-19,True,8.992346728799466e-19,0.0,INIT
2025-12-04T19:26:15.958240,3759.625721877,8.144990979354901e-19,0.0,-8.86102654055504e-30,8.144990979354901e-19,True,8.144990979354901e-19,0.0,INIT
2025-12-04T19:26:16.363706,3760.031180908,-3.9024479073059223e-19,0.0,2.5365480814192053e-30,-3.9024479073059223e-19,True,3.9024479073059223e-19,0.0,INIT
2025-12-04T19:26:16.382175,3760.049645107,-3.9024479073059223e-19,0.0,2.536548081419206e-30,-3.9024479073059223e-19,True,3.9024479073059223e-19,0.0,INIT
2025-12-04T19:26:16.413112,3760.080584776,-3.9024479073059223e-19,0.0,2.536548081419206e-30,-3.9024479073059223e-19,True,3.9024479073059223e-19,0.0,INIT
2025-12-04T19:26:16.439844,3760.10731566,1.7292974478460537e-20,0.0,-1.26866948858385e-32,1.7292974478460537e-20,True,1.7292974478460537e-20,0.0,INIT
2025-12-04T19:26:16.444280,3760.111749245,-2.1472109977421804e-18,0.0,4.604230243677543e-29,-2.1472109977421804e-18,True,2.1472109977421804e-18,0.0,INIT
2025-12-04T19:26:16.454172,3760.121641964,-2.1472109977421804e-18,0.0,4.604230243677543e-29,-2.1472109977421804e-18,True,2.1472109977421804e-18,0.0,INIT
2025-12-04T19:26:16.699971,3760.367443512,-8.508143443402572e-19,0.0,9.543093302791678e-30,-8.508143443402572e-19,True,8.508143443402572e-19,0.0,INIT
2025-12-04T19:26:16.715501,3760.382980139,-8.508143443402572e-19,0.0,9.543093302791676e-30,-8.508143443402572e-19,True,8.508143443402572e-19,0.0,INIT
2025-12-04T19:26:16.744853,3760.412323532,-2.4365801040150863e-18,0.0,5.708173743100961e-29,-2.4365801040150863e-18,True,2.4365801040150863e-18,0.0,INIT
2025-12-04T19:26:16.754272,3760.421742969,-2.4365801040150863e-18,0.0,5.708173743100961e-29,-2.4365801040150863e-18,True,2.4365801040150863e-18,0.0,INIT
2025-12-04T19:26:16.764463,3760.4319376,-1.076199445042859e-18,0.0,1.4229436526295275e-29,-1.076199445042859e-18,True,1.076199445042859e-18,0.0,INIT
2025-12-04T19:26:16.774486,3760.441960247,-1.076199445042859e-18,0.0,1.4229436526295275e-29,-1.076199445042859e-18,True,1.076199445042859e-18,0.0,INIT
2025-12-04T19:26:16.784401,3760.451871597,-1.076199445042859e-18,0.0,1.4229436526295275e-29,-1.076199445042859e-18,True,1.076199445042859e-18,0.0,INIT
2025-12-04T19:26:17.132170,3760.799638533,-8.219927202094896e-19,0.0,9.000063126463365e-30,-8.219927202094896e-19,True,8.219927202094896e-19,0.0,INIT
2025-12-04T19:26:17.146507,3760.813981947,-8.219927202094896e-19,0.0,9.000063126463365e-30,-8.219927202094896e-19,True,8.219927202094896e-19,0.0,INIT
2025-12-04T19:26:17.166651,3760.834120876,-8.219927202094896e-19,0.0,9.000063126463365e-30,-8.219927202094896e-19,True,8.219927202094896e-19,0.0,INIT
2025-12-04T19:26:17.217848,3760.88532745,-1.6428325754537488e-19,0.0,5.827450916513791e-31,-1.6428325754537488e-19,True,1.6428325754537488e-19,0.0,INIT
2025-12-04T19:26:17.284940,3760.952416445,-1.6428325754537488e-19,0.0,5.827450916513793e-31,-1.6428325754537488e-19,True,1.6428325754537488e-19,0.0,INIT
2025-12-04T19:26:17.294460,3760.961932056,-1.0554478756687067e-18,0.0,1.3766151587585593e-29,-1.0554478756687067e-18,True,1.0554478756687067e-18,0.0,INIT
2025-12-04T19:26:17.304268,3760.971743368,-1.0554478756687067e-18,0.0,1.3766151587585593e-29,-1.0554478756687067e-18,True,1.0554478756687067e-18,0.0,INIT
2025-12-04T19:26:17.314560,3760.982031677,1.781176371281432e-18,0.0,-3.350979548151151e-29,1.781176371281432e-18,True,1.781176371281432e-18,0.0,INIT
2025-12-04T19:26:17.324561,3760.992039765,1.781176371281432e-18,0.0,-3.350979548151151e-29,1.781176371281432e-18,True,1.781176371281432e-18,0.0,INIT
2025-12-04T19:26:17.334360,3761.00183347,1.4128360148902238e-18,0.0,-2.2600913407095447e-29,1.4128360148902238e-18,True,1.4128360148902238e-18,0.0,INIT
2025-12-04T19:26:17.344504,3761.011977375,1.4128360148902238e-18,0.0,-2.2600913407095447e-29,1.4128360148902238e-18,True,1.4128360148902238e-18,0.0,INIT
2025-12-04T19:26:17.354739,3761.022219519,2.2423223573737127e-19,0.0,-9.889098085170246e-31,2.2423223573737127e-19,True,2.2423223573737127e-19,0.0,INIT
2025-12-04T19:26:17.364893,3761.032367512,2.2423223573737127e-19,0.0,-9.889098085170243e-31,2.2423223573737127e-19,True,2.2423223573737127e-19,0.0,INIT
2025-12-04T19:26:17.410595,3761.07807371,2.611239146247536e-19,0.0,-1.2811775078028039e-30,2.611239146247536e-19,True,2.611239146247536e-19,0.0,INIT
2025-12-04T19:26:17.414563,3761.082035228,2.611239146247536e-19,0.0,-1.2811775078028039e-30,2.611239146247536e-19,True,2.611239146247536e-19,0.0,INIT
2025-12-04T19:26:17.424529,3761.092015397,2.611239146247536e-19,0.0,-1.2811775078028039e-30,2.611239146247536e-19,True,2.611239146247536e-19,0.0,INIT
2025-12-04T19:26:17.464525,3761.131995431,-1.2704571916842322e-18,0.0,1.886696594398614e-29,-1.2704571916842322e-18,True,1.2704571916842322e-18,0.0,INIT
2025-12-04T19:26:17.474392,3761.141868407,-1.5425333234786775e-18,0.0,2.6240297084475484e-29,-1.5425333234786775e-18,True,1.5425333234786775e-18,0.0,INIT
2025-12-04T19:26:17.484479,3761.151953377,-1.5425333234786775e-18,0.0,2.6240297084475484e-29,-1.5425333234786775e-18,True,1.5425333234786775e-18,0.0,INIT
2025-12-04T19:26:17.519596,3761.187069548,1.2450941624491566e-18,0.0,-1.8231136350861244e-29,1.2450941624491566e-18,True,1.2450941624491566e-18,0.0,INIT
2025-12-04T19:26:17.524705,3761.192180083,1.2450941624491566e-18,0.0,-1.8231136350861247e-29,1.2450941624491566e-18,True,1.2450941624491566e-18,0.0,INIT
2025-12-04T19:26:17.534639,3761.202115046,1.2450941624491566e-18,0.0,-1.8231136350861247e-29,1.2450941624491566e-18,True,1.2450941624491566e-18,0.0,INIT
2025-12-04T19:26:17.544472,3761.211943521,1.2450941624491566e-18,0.0,-1.8231136350861247e-29,1.2450941624491566e-18,True,1.2450941624491566e-18,0.0,INIT
2025-12-04T19:26:17.554371,3761.221845135,-8.802124009536398e-19,0.0,1.0110409013845368e-29,-8.802124009536398e-19,True,8.802124009536398e-19,0.0,INIT
2025-12-04T19:26:17.564672,3761.232144146,-8.802124009536398e-19,0.0,1.0110409013845369e-29,-8.802124009536398e-19,True,8.802124009536398e-19,0.0,INIT
2025-12-04T19:26:17.574452,3761.241924469,3.0377991833828954e-19,0.0,-1.6569919864074526e-30,3.0377991833828954e-19,True,3.0377991833828954e-19,0.0,INIT
2025-12-04T19:26:17.584538,3761.252025201,3.0377991833828954e-19,0.0,-1.6569919864074533e-30,3.0377991833828954e-19,True,3.0377991833828954e-19,0.0,INIT
2025-12-04T19:26:17.600722,3761.268193751,-6.790374645208827e-19,0.0,6.504132140645244e-30,-6.790374645208827e-19,True,6.790374645208827e-19,0.0,INIT
2025-12-04T19:26:17.604376,3761.271848022,-6.790374645208827e-19,0.0,6.504132140645245e-30,-6.790374645208827e-19,True,6.790374645208827e-19,0.0,INIT
2025-12-04T19:26:17.615201,3761.282679666,-1.602482301670674e-18,0.0,2.7997452420980995e-29,-1.602482301670674e-18,True,1.602482301670674e-18,0.0,INIT
2025-12-04T19:26:17.624662,3761.292137161,-1.602482301670674e-18,0.0,2.7997452420980995e-29,-1.602482301670674e-18,True,1.602482301670674e-18,0.0,INIT
2025-12-04T19:26:17.634338,3761.301810839,-6.853782218296516e-19,0.0,6.607718226763465e-30,-6.853782218296516e-19,True,6.853782218296516e-19,0.0,INIT
2025-12-04T19:26:17.644719,3761.312196554,-6.853782218296516e-19,0.0,6.607718226763466e-30,-6.853782218296516e-19,True,6.853782218296516e-19,0.0,INIT
2025-12-04T19:26:17.654492,3761.321963519,-6.853782218296516e-19,0.0,6.607718226763466e-30,-6.853782218296516e-19,True,6.853782218296516e-19,0.0,INIT
2025-12-04T19:26:17.664927,3761.332406895,-2.1328001856767958e-19,0.0,9.082079373487056e-31,-2.1328001856767958e-19,True,2.1328001856767958e-19,0.0,INIT
2025-12-04T19:26:17.674475,3761.341948003,-2.1328001856767958e-19,0.0,9.082079373487056e-31,-2.1328001856767958e-19,True,2.1328001856767958e-19,0.0,INIT
2025-12-04T19:26:17.684488,3761.351960221,-2.1328001856767958e-19,0.0,9.082079373487056e-31,-2.1328001856767958e-19,True,2.1328001856767958e-19,0.0,INIT
2025-12-04T19:26:17.694534,3761.362031322,-4.2367787472228256e-19,0.0,2.916962451109977e-30,-4.2367787472228256e-19,True,4.2367787472228256e-19,0.0,INIT
2025-12-04T19:26:17.704542,3761.372031151,-4.2367787472228256e-19,0.0,2.916962451109977e-30,-4.2367787472228256e-19,True,4.2367787472228256e-19,0.0,INIT
2025-12-04T19:26:17.746495,3761.413969262,-1.3534634691808427e-18,0.0,2.101014838284145e-29,-1.3534634691808427e-18,True,1.3534634691808427e-18,0.0,INIT
2025-12-04T19:26:17.754385,3761.421855963,-8.90011753158101e-19,0.0,1.0302503373761123e-29,-8.90011753158101e-19,True,8.90011753158101e-19,0.0,INIT
2025-12-04T19:26:17.764613,3761.432091078,-8.90011753158101e-19,0.0,1.0302503373761123e-29,-8.90011753158101e-19,True,8.90011753158101e-19,0.0,INIT
2025-12-04T19:26:17.774379,3761.441852314,-8.90011753158101e-19,0.0,1.0302503373761123e-29,-8.90011753158101e-19,True,8.90011753158101e-19,0.0,INIT
2025-12-04T19:26:18.083960,3761.751434564,-1.8999214627001944e-18,0.0,3.7395608751173744e-29,-1.8999214627001944e-18,True,1.8999214627001944e-18,0.0,INIT
2025-12-04T19:26:18.151659,3761.819130434,6.311935684638086e-19,0.0,-5.74442237062472e-30,6.311935684638086e-19,True,6.311935684638086e-19,0.0,INIT
2025-12-04T19:26:18.156406,3761.823879418,6.311935684638086e-19,0.0,-5.744422370624719e-30,6.311935684638086e-19,True,6.311935684638086e-19,0.0,INIT
2025-12-04T19:26:18.164862,3761.832335323,-1.0986803118648576e-18,0.0,1.4738432132249371e-29,-1.0986803118648576e-18,True,1.0986803118648576e-18,0.0,INIT
2025-12-04T19:26:18.174244,3761.841717924,-1.0986803118648576e-18,0.0,1.4738432132249371e-29,-1.0986803118648576e-18,True,1.0986803118648576e-18,0.0,INIT
2025-12-04T19:26:18.438671,3762.106146017,-1.0986803118648576e-18,0.0,1.4738432132249371e-29,-1.0986803118648576e-18,True,1.0986803118648576e-18,0.0,INIT
2025-12-04T19:26:18.457103,3762.124575854,1.0721644176645516e-18,0.0,-1.4138859126768393e-29,1.0721644176645516e-18,True,1.0721644176645516e-18,0.0,INIT
2025-12-04T19:26:18.547446,3762.214918379,1.2214604306619273e-18,0.0,-1.7646760381871003e-29,1.2214604306619273e-18,True,1.2214604306619273e-18,0.0,INIT
2025-12-04T19:26:18.555065,3762.222541024,1.2214604306619273e-18,0.0,-1.7646760381871003e-29,1.2214604306619273e-18,True,1.2214604306619273e-18,0.0,INIT
2025-12-04T19:26:18.564462,3762.2319333,1.2214604306619273e-18,0.0,-1.7646760381871003e-29,1.2214604306619273e-18,True,1.2214604306619273e-18,0.0,INIT
2025-12-04T19:26:18.583745,3762.251218083,-1.3327118998066901e-18,0.0,2.046546763897092e-29,-1.3327118998066901e-18,True,1.3327118998066901e-18,0.0,INIT
2025-12-04T19:26:18.586050,3762.253523892,-1.3327118998066901e-18,0.0,2.0465467638970921e-29,-1.3327118998066901e-18,True,1.3327118998066901e-18,0.0,INIT
2025-12-04T19:26:18.594475,3762.261948135,-7.320692529214941e-20,0.0,1.4747170039874403e-31,-7.320692529214941e-20,True,7.320692529214941e-20,0.0,INIT
2025-12-04T19:26:18.604400,3762.271874953,-7.320692529214941e-20,0.0,1.4747170039874451e-31,-7.320692529214941e-20,True,7.320692529214941e-20,0.0,INIT
2025-12-04T19:26:18.614209,3762.281687048,-2.0791919647935686e-18,0.0,4.3590394970457314e-29,-2.0791919647935686e-18,True,2.0791919647935686e-18,0.0,INIT
2025-12-04T19:26:18.624329,3762.291808077,-2.0791919647935686e-18,0.0,4.3590394970457314e-29,-2.0791919647935686e-18,True,2.0791919647935686e-18,0.0,INIT
2025-12-04T19:26:18.961293,3762.628767217,-8.548493717185645e-19,0.0,9.620160527044748e-30,-8.548493717185645e-19,True,8.548493717185645e-19,0.0,INIT
2025-12-04T19:26:18.977263,3762.644741301,-8.548493717185645e-19,0.0,9.620160527044748e-30,-8.548493717185645e-19,True,8.548493717185645e-19,0.0,INIT
2025-12-04T19:26:18.984455,3762.651926464,-3.436690461352718e-18,0.0,1.0242564655766016e-28,-3.436690461352718e-18,True,3.436690461352718e-18,0.0,INIT
2025-12-04T19:26:19.128938,3762.796412995,-4.006205754176684e-19,0.0,2.6522626534104754e-30,-4.006205754176684e-19,True,4.006205754176684e-19,0.0,INIT
2025-12-04T19:26:20.594977,3764.262451536,-4.006205754176684e-19,0.0,2.652262653410471e-30,-4.006205754176684e-19,True,4.006205754176684e-19,0.0,INIT
2025-12-04T19:26:20.628422,3764.295897669,-8.369799647574886e-19,0.0,9.280804193826451e-30,-8.369799647574886e-19,True,8.369799647574886e-19,0.0,INIT
2025-12-04T19:26:20.683379,3764.350849792,1.2623871369276172e-18,0.0,-1.8663683344889176e-29,1.2623871369276172e-18,True,1.2623871369276172e-18,0.0,INIT
2025-12-04T19:26:20.684488,3764.351958425,1.2623871369276172e-18,0.0,-1.8663683344889176e-29,1.2623871369276172e-18,True,1.2623871369276172e-18,0.0,INIT
2025-12-04T19:26:20.694529,3764.362017918,1.2623871369276172e-18,0.0,-1.8663683344889176e-29,1.2623871369276172e-18,True,1.2623871369276172e-18,0.0,INIT
2025-12-04T19:26:20.881076,3764.548548406,-1.5598262979571377e-18,0.0,2.674235249816322e-29,-1.5598262979571377e-18,True,1.5598262979571377e-18,0.0,INIT
2025-12-04T19:26:20.889391,3764.55686167,-1.5598262979571377e-18,0.0,2.674235249816322e-29,-1.5598262979571377e-18,True,1.5598262979571377e-18,0.0,INIT
2025-12-04T19:26:20.894342,3764.56181318,4.432765791312043e-19,0.0,-3.1500477702034025e-30,4.432765791312043e-19,True,4.432765791312043e-19,0.0,INIT
2025-12-04T19:26:20.904514,3764.571991749,4.432765791312043e-19,0.0,-3.1500477702034053e-30,4.432765791312043e-19,True,4.432765791312043e-19,0.0,INIT
2025-12-04T19:26:20.914935,3764.582405964,7.827953113916458e-19,0.0,-8.282700756290827e-30,7.827953113916458e-19,True,7.827953113916458e-19,0.0,INIT
2025-12-04T19:26:20.924346,3764.591819418,7.827953113916458e-19,0.0,-8.282700756290827e-30,7.827953113916458e-19,True,7.827953113916458e-19,0.0,INIT
2025-12-04T19:26:21.134893,3764.802366454,-1.5131352668652944e-18,0.0,2.539581679245461e-29,-1.5131352668652944e-18,True,1.5131352668652944e-18,0.0,INIT
2025-12-04T19:26:21.150061,3764.817531616,-1.5131352668652944e-18,0.0,2.539581679245461e-29,-1.5131352668652944e-18,True,1.5131352668652944e-18,0.0,INIT
2025-12-04T19:26:21.650901,3765.318375295,-1.5165938617609865e-18,0.0,2.5494576607241807e-29,-1.5165938617609865e-18,True,1.5165938617609865e-18,0.0,INIT
2025-12-04T19:26:21.673447,3765.340916407,-1.5165938617609865e-18,0.0,2.5494576607241807e-29,-1.5165938617609865e-18,True,1.5165938617609865e-18,0.0,INIT
2025-12-04T19:26:21.687755,3765.355224972,-6.306171359811931e-19,0.0,5.735506940171328e-30,-6.306171359811931e-19,True,6.306171359811931e-19,0.0,INIT
2025-12-04T19:26:21.694317,3765.361785718,-6.306171359811931e-19,0.0,5.7355069401713275e-30,-6.306171359811931e-19,True,6.306171359811931e-19,0.0,INIT
2025-12-04T19:26:21.704555,3765.372030185,-6.306171359811931e-19,0.0,5.7355069401713275e-30,-6.306171359811931e-19,True,6.306171359811931e-19,0.0,INIT
2025-12-04T19:26:21.714889,3765.382363226,2.409487777332164e-19,0.0,-1.1174858720881749e-30,2.409487777332164e-19,True,2.409487777332164e-19,0.0,INIT
2025-12-04T19:26:21.943521,3765.610997418,-5.718210227544277e-19,0.0,4.856374889580061e-30,-5.718210227544277e-19,True,5.718210227544277e-19,0.0,INIT
2025-12-04T19:26:21.954445,3765.621923302,-5.718210227544277e-19,0.0,4.856374889580061e-30,-5.718210227544277e-19,True,5.718210227544277e-19,0.0,INIT
2025-12-04T19:26:21.993559,3765.661031305,-1.4255175295077608e-18,0.0,2.294686496844224e-29,-1.4255175295077608e-18,True,1.4255175295077608e-18,0.0,INIT
2025-12-04T19:26:21.995221,3765.662686927,-1.4255175295077608e-18,0.0,2.294686496844224e-29,-1.4255175295077608e-18,True,1.4255175295077608e-18,0.0,INIT
2025-12-04T19:26:22.004217,3765.671684665,-1.4255175295077608e-18,0.0,2.294686496844224e-29,-1.4255175295077608e-18,True,1.4255175295077608e-18,0.0,INIT
2025-12-04T19:26:22.062585,3765.730075586,3.400951647430566e-19,0.0,-2.007662846167009e-30,3.400951647430566e-19,True,3.400951647430566e-19,0.0,INIT
2025-12-04T19:26:22.067751,3765.735221531,3.400951647430566e-19,0.0,-2.007662846167009e-30,3.400951647430566e-19,True,3.400951647430566e-19,0.0,INIT
2025-12-04T19:26:22.079513,3765.746987694,5.551044807585824e-19,0.0,-4.617501554585306e-30,5.551044807585824e-19,True,5.551044807585824e-19,0.0,INIT
2025-12-04T19:26:22.084421,3765.751888193,5.551044807585824e-19,0.0,-4.617501554585306e-30,5.551044807585824e-19,True,5.551044807585824e-19,0.0,INIT
2025-12-04T19:26:22.112285,3765.779754191,7.044004937559581e-19,0.0,-6.922507138399391e-30,7.044004937559581e-19,True,7.044004937559581e-19,0.0,INIT
2025-12-04T19:26:22.115253,3765.782722213,7.044004937559581e-19,0.0,-6.922507138399391e-30,7.044004937559581e-19,True,7.044004937559581e-19,0.0,INIT
2025-12-04T19:26:22.291135,3765.958603934,7.337985503693412e-19,0.0,-7.42079865813702e-30,7.337985503693412e-19,True,7.337985503693412e-19,0.0,INIT
2025-12-04T19:26:22.302352,3765.969826018,7.337985503693412e-19,0.0,-7.42079865813702e-30,7.337985503693412e-19,True,7.337985503693412e-19,0.0,INIT
2025-12-04T19:26:22.312126,3765.979603041,-1.2364476752099263e-18,0.0,1.8016431147229804e-29,-1.2364476752099263e-18,True,1.2364476752099263e-18,0.0,INIT
2025-12-04T19:26:22.314805,3765.982271202,-1.2364476752099263e-18,0.0,1.8016431147229802e-29,-1.2364476752099263e-18,True,1.2364476752099263e-18,0.0,INIT
2025-12-04T19:26:22.325598,3765.99306893,-1.2364476752099263e-18,0.0,1.8016431147229802e-29,-1.2364476752099263e-18,True,1.2364476752099263e-18,0.0,INIT
2025-12-04T19:26:22.334579,3766.002054932,-1.293514490988846e-18,0.0,1.9452759235280787e-29,-1.293514490988846e-18,True,1.293514490988846e-18,0.0,INIT
2025-12-04T19:26:22.344487,3766.011958171,-1.293514490988846e-18,0.0,1.9452759235280787e-29,-1.293514490988846e-18,True,1.293514490988846e-18,0.0,INIT
2025-12-04T19:26:22.354318,3766.021788497,-1.2352948102446956e-18,0.0,1.7987882954326838e-29,-1.2352948102446956e-18,True,1.2352948102446956e-18,0.0,INIT
2025-12-04T19:26:22.364303,3766.031771084,-1.2352948102446956e-18,0.0,1.7987882954326838e-29,-1.2352948102446956e-18,True,1.2352948102446956e-18,0.0,INIT
2025-12-04T19:26:22.374584,3766.04205448,-1.8906985429783483e-19,0.0,7.399934856191299e-31,-1.8906985429783483e-19,True,1.8906985429783483e-19,0.0,INIT
2025-12-04T19:26:22.384593,3766.052064582,-1.8906985429783483e-19,0.0,7.399934856191312e-31,-1.8906985429783483e-19,True,1.8906985429783483e-19,0.0,INIT
2025-12-04T19:26:22.394285,3766.061757842,-6.398400557030386e-20,0.0,1.1729822118955258e-31,-6.398400557030386e-20,True,6.398400557030386e-20,0.0,INIT
2025-12-04T19:26:22.404523,3766.071996378,-6.398400557030386e-20,0.0,1.1729822118955256e-31,-6.398400557030386e-20,True,6.398400557030386e-20,0.0,INIT
2025-12-04T19:26:22.414575,3766.082051545,-1.602482301670674e-18,0.0,2.7997452420980995e-29,-1.602482301670674e-18,True,1.602482301670674e-18,0.0,INIT
2025-12-04T19:26:22.424493,3766.091965854,-1.602482301670674e-18,0.0,2.7997452420980995e-29,-1.602482301670674e-18,True,1.602482301670674e-18,0.0,INIT
2025-12-04T19:26:22.434393,3766.10186476,1.3782500659333026e-18,0.0,-2.16684397909838e-29,1.3782500659333026e-18,True,1.3782500659333026e-18,0.0,INIT
2025-12-04T19:26:22.444738,3766.112220292,1.3782500659333026e-18,0.0,-2.16684397909838e-29,1.3782500659333026e-18,True,1.3782500659333026e-18,0.0,INIT
2025-12-04T19:26:22.731192,3766.398664085,1.4583741810168366e-19,0.0,-4.759345665379582e-31,1.4583741810168366e-19,True,1.4583741810168366e-19,0.0,INIT
2025-12-04T19:26:22.741253,3766.408724882,1.4583741810168366e-19,0.0,-4.759345665379593e-31,1.4583741810168366e-19,True,1.4583741810168366e-19,0.0,INIT
2025-12-04T19:26:22.744826,3766.412297025,-1.5857657596748286e-18,0.0,2.750276550071415e-29,-1.5857657596748286e-18,True,1.5857657596748286e-18,0.0,INIT
2025-12-04T19:26:22.754794,3766.422265863,-1.5857657596748286e-18,0.0,2.750276550071415e-29,-1.5857657596748286e-18,True,1.5857657596748286e-18,0.0,INIT
2025-12-04T19:26:22.764403,3766.431874488,-1.5857657596748286e-18,0.0,2.750276550071415e-29,-1.5857657596748286e-18,True,1.5857657596748286e-18,0.0,INIT
2025-12-04T19:26:22.774440,3766.441908284,-1.4180239072337612e-19,0.0,4.53766096701485e-31,-1.4180239072337612e-19,True,1.4180239072337612e-19,0.0,INIT
2025-12-04T19:26:22.784461,3766.451929217,-1.4180239072337612e-19,0.0,4.53766096701483e-31,-1.4180239072337612e-19,True,1.4180239072337612e-19,0.0,INIT
2025-12-04T19:26:22.794409,3766.461880476,7.972061234570296e-19,0.0,-8.543583501422745e-30,7.972061234570296e-19,True,7.972061234570296e-19,0.0,INIT
2025-12-04T19:26:22.804581,3766.472063518,7.972061234570296e-19,0.0,-8.543583501422745e-30,7.972061234570296e-19,True,7.972061234570296e-19,0.0,INIT
2025-12-04T19:26:22.814421,3766.481899559,-5.562573457238131e-19,0.0,4.633816107867641e-30,-5.562573457238131e-19,True,5.562573457238131e-19,0.0,INIT
2025-12-04T19:26:22.824375,3766.491847091,-5.562573457238131e-19,0.0,4.63381610786764e-30,-5.562573457238131e-19,True,5.562573457238131e-19,0.0,INIT
2025-12-04T19:26:23.029163,3766.696638201,-1.3275240074631518e-18,0.0,2.0330218991096957e-29,-1.3275240074631518e-18,True,1.3275240074631518e-18,0.0,INIT
2025-12-04T19:26:23.063272,3766.73074321,-1.7033579861283604e-18,0.0,3.105918725475206e-29,-1.7033579861283604e-18,True,1.7033579861283604e-18,0.0,INIT
2025-12-04T19:26:23.065954,3766.733433141,-1.7033579861283604e-18,0.0,3.105918725475206e-29,-1.7033579861283604e-18,True,1.7033579861283604e-18,0.0,INIT
2025-12-04T19:26:23.074408,3766.741880345,-1.7033579861283604e-18,0.0,3.105918725475206e-29,-1.7033579861283604e-18,True,1.7033579861283604e-18,0.0,INIT
2025-12-04T19:26:23.119412,3766.78689202,-9.730180306547115e-19,0.0,1.1988794447316882e-29,-9.730180306547115e-19,True,9.730180306547115e-19,0.0,INIT
2025-12-04T19:26:23.124538,3766.792020842,-9.730180306547115e-19,0.0,1.1988794447316882e-29,-9.730180306547115e-19,True,9.730180306547115e-19,0.0,INIT
2025-12-04T19:26:23.134478,3766.801949529,-9.730180306547115e-19,0.0,1.1988794447316882e-29,-9.730180306547115e-19,True,9.730180306547115e-19,0.0,INIT
2025-12-04T19:26:23.173115,3766.840599429,-1.462985640877759e-18,0.0,2.398159765294893e-29,-1.462985640877759e-18,True,1.462985640877759e-18,0.0,INIT
2025-12-04T19:26:23.175513,3766.842982389,-1.462985640877759e-18,0.0,2.398159765294893e-29,-1.462985640877759e-18,True,1.462985640877759e-18,0.0,INIT
2025-12-04T19:26:23.187184,3766.854658302,-2.313223552735401e-18,0.0,5.22564537080322e-29,-2.313223552735401e-18,True,2.313223552735401e-18,0.0,INIT
2025-12-04T19:26:23.194394,3766.861864961,-2.313223552735401e-18,0.0,5.22564537080322e-29,-2.313223552735401e-18,True,2.313223552735401e-18,0.0,INIT
2025-12-04T19:26:23.204503,3766.871978603,-7.822188789090304e-19,0.0,8.272334804891696e-30,-7.822188789090304e-19,True,7.822188789090304e-19,0.0,INIT
2025-12-04T19:26:23.214385,3766.881856101,-7.822188789090304e-19,0.0,8.272334804891693e-30,-7.822188789090304e-19,True,7.822188789090304e-19,0.0,INIT
2025-12-04T19:26:23.288426,3766.95589769,1.370756443659303e-18,0.0,-2.1468539856541596e-29,1.370756443659303e-18,True,1.370756443659303e-18,0.0,INIT
2025-12-04T19:26:23.294659,3766.962134254,1.370756443659303e-18,0.0,-2.1468539856541596e-29,1.370756443659303e-18,True,1.370756443659303e-18,0.0,INIT
2025-12-04T19:26:23.338339,3767.005812222,-1.8791698933260415e-19,0.0,7.323392017605686e-31,-1.8791698933260415e-19,True,1.8791698933260415e-19,0.0,INIT
2025-12-04T19:26:23.388034,3767.055505881,-6.669323823859602e-19,0.0,6.308252557413177e-30,-6.669323823859602e-19,True,6.669323823859602e-19,0.0,INIT
2025-12-04T19:26:23.411295,3767.078769367,4.865090153273557e-19,0.0,-3.6899843266386835e-30,4.865090153273557e-19,True,4.865090153273557e-19,0.0,INIT
2025-12-04T19:26:23.414283,3767.081752552,4.865090153273557e-19,0.0,-3.689984326638684e-30,4.865090153273557e-19,True,4.865090153273557e-19,0.0,INIT
2025-12-04T19:26:23.424501,3767.09197614,4.865090153273557e-19,0.0,-3.689984326638684e-30,4.865090153273557e-19,True,4.865090153273557e-19,0.0,INIT
2025-12-04T19:26:23.461754,3767.12922732,4.865090153273557e-19,0.0,-3.689984326638684e-30,4.865090153273557e-19,True,4.865090153273557e-19,0.0,INIT
2025-12-04T19:26:23.464759,3767.132229458,-1.1130911239302416e-18,0.0,1.5068576512792638e-29,-1.1130911239302416e-18,True,1.1130911239302416e-18,0.0,INIT
2025-12-04T19:26:23.567448,3767.23491844,-7.937475285613375e-19,0.0,8.480667976757609e-30,-7.937475285613375e-19,True,7.937475285613375e-19,0.0,INIT
2025-12-04T19:26:23.574414,3767.241887038,-7.937475285613375e-19,0.0,8.480667976757609e-30,-7.937475285613375e-19,True,7.937475285613375e-19,0.0,INIT
2025-12-04T19:26:23.584268,3767.25173864,-2.215806463173406e-18,0.0,4.8570671363588956e-29,-2.215806463173406e-18,True,2.215806463173406e-18,0.0,INIT
2025-12-04T19:26:23.760305,3767.427779197,-1.2024381587356207e-18,0.0,1.7182117283774406e-29,-1.2024381587356207e-18,True,1.2024381587356207e-18,0.0,INIT
2025-12-04T19:26:23.772596,3767.440066434,-1.2024381587356207e-18,0.0,1.7182117283774406e-29,-1.2024381587356207e-18,True,1.2024381587356207e-18,0.0,INIT
2025-12-04T19:26:23.774217,3767.441684194,-1.2024381587356207e-18,0.0,1.7182117283774406e-29,-1.2024381587356207e-18,True,1.2024381587356207e-18,0.0,INIT
2025-12-04T19:26:23.900202,3767.567680042,-1.8099979954122005e-19,0.0,6.871044542748841e-31,-1.8099979954122005e-19,True,1.8099979954122005e-19,0.0,INIT
2025-12-04T19:26:23.911311,3767.578783205,-1.8099979954122005e-19,0.0,6.8710445427488276e-31,-1.8099979954122005e-19,True,1.8099979954122005e-19,0.0,INIT
2025-12-04T19:26:23.957744,3767.625216692,-7.724195267045705e-20,0.0,1.6155504307764454e-31,-7.724195267045705e-20,True,7.724195267045705e-20,0.0,INIT
2025-12-04T19:26:23.964344,3767.63182442,-7.724195267045705e-20,0.0,1.6155504307764458e-31,-7.724195267045705e-20,True,7.724195267045705e-20,0.0,INIT
2025-12-04T19:26:24.015882,3767.683355697,1.1050210691736264e-18,0.0,-1.4883324615127097e-29,1.1050210691736264e-18,True,1.1050210691736264e-18,0.0,INIT
2025-12-04T19:26:24.024470,3767.691938753,-1.2819858413365391e-18,0.0,1.915894069767675e-29,-1.2819858413365391e-18,True,1.2819858413365391e-18,0.0,INIT
2025-12-04T19:26:24.034629,3767.702099283,-1.2819858413365391e-18,0.0,1.915894069767675e-29,-1.2819858413365391e-18,True,1.2819858413365391e-18,0.0,INIT
2025-12-04T19:26:24.044359,3767.711828816,-6.5367443528580745e-19,0.0,6.096555825770752e-30,-6.5367443528580745e-19,True,6.5367443528580745e-19,0.0,INIT
2025-12-04T19:26:24.054480,3767.721951765,-6.5367443528580745e-19,0.0,6.0965558257707515e-30,-6.5367443528580745e-19,True,6.5367443528580745e-19,0.0,INIT
2025-12-04T19:26:24.079029,3767.746505454,8.646487239230347e-21,0.0,-3.904788383127668e-33,8.646487239230347e-21,True,8.646487239230347e-21,0.0,INIT
2025-12-04T19:26:24.173510,3767.840982871,-1.4889251025954498e-18,0.0,2.4708925088202138e-29,-1.4889251025954498e-18,True,1.4889251025954498e-18,0.0,INIT
2025-12-04T19:26:24.179859,3767.847336082,-1.4889251025954498e-18,0.0,2.4708925088202138e-29,-1.4889251025954498e-18,True,1.4889251025954498e-18,0.0,INIT
2025-12-04T19:26:24.184604,3767.852073681,-1.4889251025954498e-18,0.0,2.4708925088202138e-29,-1.4889251025954498e-18,True,1.4889251025954498e-18,0.0,INIT
2025-12-04T19:26:24.215060,3767.882531342,5.187892343538169e-20,0.0,-8.212107545875493e-32,5.187892343538169e-20,True,5.187892343538169e-20,0.0,INIT
2025-12-04T19:26:24.225393,3767.892867652,1.4237882320599154e-18,0.0,-2.2899562373826462e-29,1.4237882320599154e-18,True,1.4237882320599154e-18,0.0,INIT
2025-12-04T19:26:24.234300,3767.90177952,1.4237882320599154e-18,0.0,-2.2899562373826462e-29,1.4237882320599154e-18,True,1.4237882320599154e-18,0.0,INIT
2025-12-04T19:26:24.244272,3767.911743386,1.4237882320599154e-18,0.0,-2.2899562373826462e-29,1.4237882320599154e-18,True,1.4237882320599154e-18,0.0,INIT
2025-12-04T19:26:24.430084,3768.097558398,-1.4773964529431429e-18,0.0,2.4384563887046154e-29,-1.4773964529431429e-18,True,1.4773964529431429e-18,0.0,INIT
2025-12-04T19:26:25.287423,3768.95489612,-1.4773964529431429e-18,0.0,2.438456388704615e-29,-1.4773964529431429e-18,True,1.4773964529431429e-18,0.0,INIT
2025-12-04T19:26:25.317677,3768.985150361,-1.8428546469212748e-18,0.0,3.550625304591536e-29,-1.8428546469212748e-18,True,1.8428546469212748e-18,0.0,INIT
2025-12-04T19:26:25.478719,3769.146190931,-8.04123313248414e-19,0.0,8.669988374827357e-30,-8.04123313248414e-19,True,8.04123313248414e-19,0.0,INIT
2025-12-04T19:26:25.486141,3769.153609202,-8.04123313248414e-19,0.0,8.669988374827354e-30,-8.04123313248414e-19,True,8.04123313248414e-19,0.0,INIT
2025-12-04T19:26:25.494247,3769.161720167,-7.7587812160026135e-19,0.0,8.158662425161807e-30,-7.7587812160026135e-19,True,7.7587812160026135e-19,0.0,INIT
2025-12-04T19:26:25.504282,3769.171751627,-7.7587812160026135e-19,0.0,8.158662425161807e-30,-7.7587812160026135e-19,True,7.7587812160026135e-19,0.0,INIT
2025-12-04T19:26:26.021415,3769.688890465,-1.7696477216291256e-18,0.0,3.314191510645836e-29,-1.7696477216291256e-18,True,1.7696477216291256e-18,0.0,INIT
2025-12-04T19:26:26.039698,3769.707167123,-1.7696477216291256e-18,0.0,3.314191510645836e-29,-1.7696477216291256e-18,True,1.7696477216291256e-18,0.0,INIT
2025-12-04T19:26:26.064821,3769.732290643,-1.7696477216291256e-18,0.0,3.314191510645836e-29,-1.7696477216291256e-18,True,1.7696477216291256e-18,0.0,INIT
2025-12-04T19:26:26.074485,3769.741956331,6.698145447990371e-19,0.0,-6.354666744058379e-30,6.698145447990371e-19,True,6.698145447990371e-19,0.0,INIT
2025-12-04T19:26:26.336690,3770.004165496,1.3990016353074553e-18,0.0,-2.2225983212234315e-29,1.3990016353074553e-18,True,1.3990016353074553e-18,0.0,INIT
2025-12-04T19:26:26.350902,3770.018369008,1.3990016353074553e-18,0.0,-2.2225983212234315e-29,1.3990016353074553e-18,True,1.3990016353074553e-18,0.0,INIT
2025-12-04T19:26:26.370570,3770.038041809,-6.1332416150273265e-19,0.0,5.470702896975614e-30,-6.1332416150273265e-19,True,6.1332416150273265e-19,0.0,INIT
2025-12-04T19:26:26.374359,3770.041826456,-6.1332416150273265e-19,0.0,5.470702896975613e-30,-6.1332416150273265e-19,True,6.1332416150273265e-19,0.0,INIT
2025-12-04T19:26:26.384400,3770.051872125,-6.1332416150273265e-19,0.0,5.470702896975613e-30,-6.1332416150273265e-19,True,6.1332416150273265e-19,0.0,INIT
2025-12-04T19:26:26.394250,3770.061718912,-3.066620807513663e-19,0.0,1.683806327170344e-30,-3.066620807513663e-19,True,3.066620807513663e-19,0.0,INIT
2025-12-04T19:26:26.404341,3770.071814035,-3.066620807513663e-19,0.0,1.6838063271703436e-30,-3.066620807513663e-19,True,3.066620807513663e-19,0.0,INIT
2025-12-04T19:26:26.590504,3770.25797828,-4.576873911965881e-19,0.0,3.3261146593615395e-30,-4.576873911965881e-19,True,4.576873911965881e-19,0.0,INIT
2025-12-04T19:26:26.601596,3770.269071743,-4.576873911965881e-19,0.0,3.3261146593615395e-30,-4.576873911965881e-19,True,4.576873911965881e-19,0.0,INIT
2025-12-04T19:26:26.604493,3770.271964328,-2.7363249949750677e-18,0.0,6.952725063883122e-29,-2.7363249949750677e-18,True,2.7363249949750677e-18,0.0,INIT
2025-12-04T19:26:26.733680,3770.40115268,-2.079768397276184e-18,0.0,4.3610941369623504e-29,-2.079768397276184e-18,True,2.079768397276184e-18,0.0,INIT
2025-12-04T19:26:28.359726,3772.027202057,-2.079768397276184e-18,0.0,4.3610941369623504e-29,-2.079768397276184e-18,True,2.079768397276184e-18,0.0,INIT
2025-12-04T19:26:28.399251,3772.066724722,-1.3978487703422245e-18,0.0,2.2194855669770995e-29,-1.3978487703422245e-18,True,1.3978487703422245e-18,0.0,INIT
2025-12-04T19:26:28.485814,3772.15328282,-1.3978487703422245e-18,0.0,2.2194855669770995e-29,-1.3978487703422245e-18,True,1.3978487703422245e-18,0.0,INIT
2025-12-04T19:26:28.473368,3772.140838685,-1.3978487703422245e-18,0.0,2.2194855669770995e-29,-1.3978487703422245e-18,True,1.3978487703422245e-18,0.0,INIT
2025-12-04T19:26:28.494249,3772.161719783,-1.5926829494662131e-18,0.0,2.7707023086240255e-29,-1.5926829494662131e-18,True,1.5926829494662131e-18,0.0,INIT
2025-12-04T19:26:28.504469,3772.171939697,-1.5926829494662131e-18,0.0,2.7707023086240255e-29,-1.5926829494662131e-18,True,1.5926829494662131e-18,0.0,INIT
2025-12-04T19:26:28.514302,3772.181770673,2.364526043688167e-18,0.0,-5.424191046134895e-29,2.364526043688167e-18,True,2.364526043688167e-18,0.0,INIT
2025-12-04T19:26:28.524467,3772.191937602,2.364526043688167e-18,0.0,-5.424191046134895e-29,2.364526043688167e-18,True,2.364526043688167e-18,0.0,INIT
2025-12-04T19:26:28.534301,3772.201770313,2.364526043688167e-18,0.0,-5.424191046134895e-29,2.364526043688167e-18,True,2.364526043688167e-18,0.0,INIT
2025-12-04T19:26:28.571852,3772.239324212,-1.6532083601408247e-18,0.0,2.9520717725467793e-29,-1.6532083601408247e-18,True,1.6532083601408247e-18,0.0,INIT
2025-12-04T19:26:28.574973,3772.242442872,-1.6532083601408247e-18,0.0,2.9520717725467793e-29,-1.6532083601408247e-18,True,1.6532083601408247e-18,0.0,INIT
2025-12-04T19:26:28.636253,3772.303725369,-2.216959328138638e-18,0.0,4.861363971776272e-29,-2.216959328138638e-18,True,2.216959328138638e-18,0.0,INIT
2025-12-04T19:26:28.644686,3772.312160817,-2.216959328138638e-18,0.0,4.861363971776272e-29,-2.216959328138638e-18,True,2.216959328138638e-18,0.0,INIT
2025-12-04T19:26:28.654412,3772.321886342,-1.5344632687220629e-18,0.0,2.600734681543296e-29,-1.5344632687220629e-18,True,1.5344632687220629e-18,0.0,INIT
2025-12-04T19:26:28.664317,3772.331789304,-1.5344632687220629e-18,0.0,2.600734681543296e-29,-1.5344632687220629e-18,True,1.5344632687220629e-18,0.0,INIT
2025-12-04T19:26:28.674211,3772.341682388,-1.732756042741743e-18,0.0,3.197596219894921e-29,-1.732756042741743e-18,True,1.732756042741743e-18,0.0,INIT
2025-12-04T19:26:28.684194,3772.3516619,-1.732756042741743e-18,0.0,3.197596219894921e-29,-1.732756042741743e-18,True,1.732756042741743e-18,0.0,INIT
2025-12-04T19:26:28.701856,3772.369327072,3.366365698473646e-19,0.0,-1.973077764317471e-30,3.366365698473646e-19,True,3.366365698473646e-19,0.0,INIT
2025-12-04T19:26:28.704417,3772.371892105,3.366365698473646e-19,0.0,-1.973077764317469e-30,3.366365698473646e-19,True,3.366365698473646e-19,0.0,INIT
2025-12-04T19:26:28.813480,3772.480955747,-1.0122154394725551e-18,0.0,1.2821358150251537e-29,-1.0122154394725551e-18,True,1.0122154394725551e-18,0.0,INIT
2025-12-04T19:26:28.822990,3772.49046441,-1.0122154394725551e-18,0.0,1.2821358150251537e-29,-1.0122154394725551e-18,True,1.0122154394725551e-18,0.0,INIT
2025-12-04T19:26:29.950153,3773.617624168,-2.535726491024926e-18,0.0,6.108633894556689e-29,-2.535726491024926e-18,True,2.535726491024926e-18,0.0,INIT
2025-12-04T19:26:29.978703,3773.646178255,-2.535726491024926e-18,0.0,6.108633894556689e-29,-2.535726491024926e-18,True,2.535726491024926e-18,0.0,INIT
2025-12-04T19:26:30.035027,3773.702493279,-1.0508364158077839e-18,0.0,1.3664058066854663e-29,-1.0508364158077839e-18,True,1.0508364158077839e-18,0.0,INIT
2025-12-04T19:26:30.399375,3774.066854539,-2.6832932065744556e-18,0.0,6.725209646628406e-29,-2.6832932065744556e-18,True,2.6832932065744556e-18,0.0,INIT
2025-12-04T19:26:30.419365,3774.086839854,-2.6832932065744556e-18,0.0,6.725209646628406e-29,-2.6832932065744556e-18,True,2.6832932065744556e-18,0.0,INIT
2025-12-04T19:26:30.959746,3774.627221144,6.444515155639617e-19,0.0,-5.951047657939737e-30,6.444515155639617e-19,True,6.444515155639617e-19,0.0,INIT
2025-12-04T19:26:30.977690,3774.645161279,6.444515155639617e-19,0.0,-5.951047657939742e-30,6.444515155639617e-19,True,6.444515155639617e-19,0.0,INIT
2025-12-04T19:26:31.408912,3775.076385652,6.444515155639617e-19,0.0,-5.951047657939742e-30,6.444515155639617e-19,True,6.444515155639617e-19,0.0,INIT
2025-12-04T19:26:32.393636,3776.061103019,-5.510694533802751e-19,0.0,4.560587358382595e-30,-5.510694533802751e-19,True,5.510694533802751e-19,0.0,INIT
2025-12-04T19:26:32.425949,3776.093421634,-5.510694533802751e-19,0.0,4.560587358382595e-30,-5.510694533802751e-19,True,5.510694533802751e-19,0.0,INIT
2025-12-04T19:26:33.704973,3777.372451543,-5.510694533802751e-19,0.0,4.560587358382595e-30,-5.510694533802751e-19,True,5.510694533802751e-19,0.0,INIT
2025-12-04T19:26:33.727317,3777.394788776,-9.418906765934824e-19,0.0,1.1344121019923996e-29,-9.418906765934824e-19,True,9.418906765934824e-19,0.0,INIT
2025-12-04T19:26:33.874505,3777.541979253,-9.418906765934824e-19,0.0,1.1344121019923996e-29,-9.418906765934824e-19,True,9.418906765934824e-19,0.0,INIT
2025-12-04T19:26:33.884479,3777.551950425,-7.689609318088774e-19,0.0,8.03539577789755e-30,-7.689609318088774e-19,True,7.689609318088774e-19,0.0,INIT
2025-12-04T19:26:33.912220,3777.579692083,-5.977604844721184e-19,0.0,5.2368031364896795e-30,-5.977604844721184e-19,True,5.977604844721184e-19,0.0,INIT
2025-12-04T19:26:33.914176,3777.581643046,-5.977604844721184e-19,0.0,5.2368031364896795e-30,-5.977604844721184e-19,True,5.977604844721184e-19,0.0,INIT
2025-12-04T19:26:33.924194,3777.59166301,-5.977604844721184e-19,0.0,5.2368031364896795e-30,-5.977604844721184e-19,True,5.977604844721184e-19,0.0,INIT
2025-12-04T19:26:33.949392,3777.6168638,-2.108013588924336e-18,0.0,4.462259212053855e-29,-2.108013588924336e-18,True,2.108013588924336e-18,0.0,INIT
2025-12-04T19:26:34.425923,3778.093398723,-6.375343257725774e-19,0.0,5.842868041276043e-30,-6.375343257725774e-19,True,6.375343257725774e-19,0.0,INIT
2025-12-04T19:26:34.470609,3778.138082763,9.147983499105606e-19,0.0,-1.0795012205211939e-29,9.147983499105606e-19,True,9.147983499105606e-19,0.0,INIT
2025-12-04T19:26:34.713231,3778.380708017,-1.9754341179228053e-18,0.0,3.995731889835837e-29,-1.9754341179228053e-18,True,1.9754341179228053e-18,0.0,INIT
2025-12-04T19:26:34.730623,3778.398095464,-1.9754341179228053e-18,0.0,3.9957318898358366e-29,-1.9754341179228053e-18,True,1.9754341179228053e-18,0.0,INIT
2025-12-04T19:26:35.123323,3778.790796407,2.0751569374152506e-20,0.0,-1.7296435573548232e-32,2.0751569374152506e-20,True,2.0751569374152506e-20,0.0,INIT
2025-12-04T19:26:35.225370,3778.892840041,-1.8238323749949684e-18,0.0,3.488545320878833e-29,-1.8238323749949684e-18,True,1.8238323749949684e-18,0.0,INIT
2025-12-04T19:26:35.610517,3779.277988669,-1.688947174062976e-19,0.0,6.1082572174099515e-31,-1.688947174062976e-19,True,1.688947174062976e-19,0.0,INIT
2025-12-04T19:26:35.634534,3779.302008194,-1.688947174062976e-19,0.0,6.108257217409924e-31,-1.688947174062976e-19,True,1.688947174062976e-19,0.0,INIT
2025-12-04T19:26:35.665894,3779.33336056,-3.6027030163459406e-19,0.0,2.2143098487783563e-30,-3.6027030163459406e-19,True,3.6027030163459406e-19,0.0,INIT
2025-12-04T19:26:35.674746,3779.34221654,-6.698145447990371e-19,0.0,6.354666744058379e-30,-6.698145447990371e-19,True,6.698145447990371e-19,0.0,INIT
2025-12-04T19:26:35.684350,3779.351822466,-6.698145447990371e-19,0.0,6.354666744058379e-30,-6.698145447990371e-19,True,6.698145447990371e-19,0.0,INIT
2025-12-04T19:26:35.754765,3779.422234561,-1.2479763248622334e-18,0.0,1.8302937360126335e-29,-1.2479763248622334e-18,True,1.2479763248622334e-18,0.0,INIT
2025-12-04T19:26:35.764348,3779.431818199,-2.3235993374224773e-18,0.0,5.265554583369563e-29,-2.3235993374224773e-18,True,2.3235993374224773e-18,0.0,INIT
2025-12-04T19:26:35.774172,3779.441642458,-2.3235993374224773e-18,0.0,5.265554583369563e-29,-2.3235993374224773e-18,True,2.3235993374224773e-18,0.0,INIT
2025-12-04T19:26:35.784303,3779.451775367,-9.50537163832713e-19,0.0,1.1521724244370599e-29,-9.50537163832713e-19,True,9.50537163832713e-19,0.0,INIT
2025-12-04T19:26:35.794403,3779.461874355,-9.50537163832713e-19,0.0,1.1521724244370599e-29,-9.50537163832713e-19,True,9.50537163832713e-19,0.0,INIT
2025-12-04T19:26:35.813935,3779.481413431,-5.793146450284271e-19,0.0,4.9650618992799615e-30,-5.793146450284271e-19,True,5.793146450284271e-19,0.0,INIT
2025-12-04T19:26:35.824893,3779.492372028,-5.470344260019675e-19,0.0,4.50396413256757e-30,-5.470344260019675e-19,True,5.470344260019675e-19,0.0,INIT
2025-12-04T19:26:35.834509,3779.501983797,-5.470344260019675e-19,0.0,4.50396413256757e-30,-5.470344260019675e-19,True,5.470344260019675e-19,0.0,INIT
2025-12-04T19:26:35.852540,3779.520024415,-5.470344260019675e-19,0.0,4.50396413256757e-30,-5.470344260019675e-19,True,5.470344260019675e-19,0.0,INIT
2025-12-04T19:26:35.855743,3779.523212086,-1.7367910701200505e-18,0.0,3.210265015995917e-29,-1.7367910701200505e-18,True,1.7367910701200505e-18,0.0,INIT
2025-12-04T19:26:35.864429,3779.531904557,-1.7367910701200505e-18,0.0,3.210265015995917e-29,-1.7367910701200505e-18,True,1.7367910701200505e-18,0.0,INIT
2025-12-04T19:26:35.874516,3779.541989213,-6.940247090688816e-19,0.0,6.750056219629799e-30,-6.940247090688816e-19,True,6.940247090688816e-19,0.0,INIT
2025-12-04T19:26:35.884389,3779.551859187,-6.940247090688816e-19,0.0,6.750056219629799e-30,-6.940247090688816e-19,True,6.940247090688816e-19,0.0,INIT
2025-12-04T19:26:35.894652,3779.562122687,-4.484644714747426e-19,0.0,3.212977446992557e-30,-4.484644714747426e-19,True,4.484644714747426e-19,0.0,INIT
2025-12-04T19:26:35.904533,3779.572024045,-4.484644714747426e-19,0.0,3.212977446992557e-30,-4.484644714747426e-19,True,4.484644714747426e-19,0.0,INIT
2025-12-04T19:26:35.914448,3779.581920603,-1.083116634834243e-18,0.0,1.438526571794889e-29,-1.083116634834243e-18,True,1.083116634834243e-18,0.0,INIT
2025-12-04T19:26:35.924437,3779.591907568,-1.083116634834243e-18,0.0,1.438526571794889e-29,-1.083116634834243e-18,True,1.083116634834243e-18,0.0,INIT
2025-12-04T19:26:36.147515,3779.814989536,-6.986361689298045e-19,0.0,6.826479901680168e-30,-6.986361689298045e-19,True,6.986361689298045e-19,0.0,INIT
2025-12-04T19:26:36.163880,3779.831356269,-6.986361689298045e-19,0.0,6.826479901680168e-30,-6.986361689298045e-19,True,6.986361689298045e-19,0.0,INIT
2025-12-04T19:26:36.164512,3779.83198413,-6.986361689298045e-19,0.0,6.826479901680168e-30,-6.986361689298045e-19,True,6.986361689298045e-19,0.0,INIT
2025-12-04T19:26:36.483110,3780.150581875,-2.0809212622414143e-19,0.0,8.709728260970158e-31,-2.0809212622414143e-19,True,2.0809212622414143e-19,0.0,INIT
2025-12-04T19:26:36.496822,3780.164295266,-2.0809212622414143e-19,0.0,8.70972826097016e-31,-2.0809212622414143e-19,True,2.0809212622414143e-19,0.0,INIT
2025-12-04T19:26:36.504797,3780.172271351,-6.283114060507325e-20,0.0,1.1372800181355143e-31,-6.283114060507325e-20,True,6.283114060507325e-20,0.0,INIT
2025-12-04T19:26:36.514496,3780.181968011,-6.283114060507325e-20,0.0,1.1372800181355139e-31,-6.283114060507325e-20,True,6.283114060507325e-20,0.0,INIT
2025-12-04T19:26:36.524483,3780.191961907,-6.283114060507325e-20,0.0,1.1372800181355139e-31,-6.283114060507325e-20,True,6.283114060507325e-20,0.0,INIT
2025-12-04T19:26:36.599080,3780.266553446,5.48187290967198e-19,0.0,-4.520112468897664e-30,5.48187290967198e-19,True,5.48187290967198e-19,0.0,INIT
2025-12-04T19:26:36.604754,3780.272228527,5.48187290967198e-19,0.0,-4.520112468897664e-30,5.48187290967198e-19,True,5.48187290967198e-19,0.0,INIT
2025-12-04T19:26:36.631688,3780.299160312,1.058330038081783e-18,0.0,-1.3830118869872128e-29,1.058330038081783e-18,True,1.058330038081783e-18,0.0,INIT
2025-12-04T19:26:36.634390,3780.301863502,1.058330038081783e-18,0.0,-1.3830118869872128e-29,1.058330038081783e-18,True,1.058330038081783e-18,0.0,INIT
2025-12-04T19:26:36.644380,3780.311851828,1.058330038081783e-18,0.0,-1.3830118869872128e-29,1.058330038081783e-18,True,1.058330038081783e-18,0.0,INIT
2025-12-04T19:26:36.664973,3780.332446099,-6.294642710159624e-19,0.0,5.717693189071646e-30,-6.294642710159624e-19,True,6.294642710159624e-19,0.0,INIT
2025-12-04T19:26:36.793754,3780.461226126,-5.994897819199656e-20,0.0,1.050023548689505e-31,-5.994897819199656e-20,True,5.994897819199656e-20,0.0,INIT
2025-12-04T19:26:36.800627,3780.468111208,-5.994897819199656e-20,0.0,1.050023548689502e-31,-5.994897819199656e-20,True,5.994897819199656e-20,0.0,INIT
2025-12-04T19:26:36.804415,3780.471890382,-5.994897819199656e-20,0.0,1.050023548689502e-31,-5.994897819199656e-20,True,5.994897819199656e-20,0.0,INIT
2025-12-04T19:26:37.147655,3780.815132133,-4.634517160227415e-19,0.0,3.39764222323718e-30,-4.634517160227415e-19,True,4.634517160227415e-19,0.0,INIT
2025-12-04T19:26:37.169102,3780.836577075,-4.634517160227415e-19,0.0,3.39764222323718e-30,-4.634517160227415e-19,True,4.634517160227415e-19,0.0,INIT
2025-12-04T19:26:37.175426,3780.84290738,-3.1098532437098142e-18,0.0,8.642269904935676e-29,-3.1098532437098142e-18,True,3.1098532437098142e-18,0.0,INIT
2025-12-04T19:26:37.240706,3780.90817787,-5.9430188957642605e-19,0.0,5.1853979684512316e-30,-5.9430188957642605e-19,True,5.9430188957642605e-19,0.0,INIT
2025-12-04T19:26:37.467437,3781.134912804,-5.9430188957642605e-19,0.0,5.185397968451231e-30,-5.9430188957642605e-19,True,5.9430188957642605e-19,0.0,INIT
2025-12-04T19:26:37.536926,3781.204397158,8.150755304181054e-19,0.0,-8.871690005624772e-30,8.150755304181054e-19,True,8.150755304181054e-19,0.0,INIT
2025-12-04T19:26:37.548479,3781.215949986,-1.5281225114132939e-18,0.0,2.5824914916902425e-29,-1.5281225114132939e-18,True,1.5281225114132939e-18,0.0,INIT
2025-12-04T19:26:37.554451,3781.221927966,-1.5281225114132939e-18,0.0,2.5824914916902425e-29,-1.5281225114132939e-18,True,1.5281225114132939e-18,0.0,INIT
2025-12-04T19:26:37.564387,3781.231856966,-9.897345726505566e-19,0.0,1.2341042956153143e-29,-9.897345726505566e-19,True,9.897345726505566e-19,0.0,INIT
2025-12-04T19:26:37.574417,3781.241897463,-9.897345726505566e-19,0.0,1.2341042956153143e-29,-9.897345726505566e-19,True,9.897345726505566e-19,0.0,INIT
2025-12-04T19:26:37.585037,3781.252511831,-1.9126029773177324e-18,0.0,3.782093063881993e-29,-1.9126029773177324e-18,True,1.9126029773177324e-18,0.0,INIT
2025-12-04T19:26:37.594511,3781.261986146,-1.9126029773177324e-18,0.0,3.782093063881993e-29,-1.9126029773177324e-18,True,1.9126029773177324e-18,0.0,INIT
2025-12-04T19:26:38.258562,3781.926036,-2.0175136891537263e-18,0.0,4.141503546651359e-29,-2.0175136891537263e-18,True,2.0175136891537263e-18,0.0,INIT
2025-12-04T19:26:38.285220,3781.95268895,-2.0175136891537263e-18,0.0,4.141503546651359e-29,-2.0175136891537263e-18,True,2.0175136891537263e-18,0.0,INIT
2025-12-04T19:26:38.297121,3781.964591071,-1.861876918847582e-19,0.0,7.209192964133852e-31,-1.861876918847582e-19,True,1.861876918847582e-19,0.0,INIT
2025-12-04T19:26:38.709375,3782.376846464,-2.7570765643492203e-18,0.0,7.04259979434734e-29,-2.7570765643492203e-18,True,2.7570765643492203e-18,0.0,INIT
2025-12-04T19:26:38.750797,3782.418274325,-2.7570765643492203e-18,0.0,7.042599794347339e-29,-2.7570765643492203e-18,True,2.7570765643492203e-18,0.0,INIT
2025-12-04T19:26:38.775708,3782.443181412,-1.6024823016706734e-19,0.0,5.5862261730717084e-31,-1.6024823016706734e-19,True,1.6024823016706734e-19,0.0,INIT
2025-12-04T19:26:38.784268,3782.451736723,-4.96884800014432e-19,0.0,3.8247646265214984e-30,-4.96884800014432e-19,True,4.96884800014432e-19,0.0,INIT
2025-12-04T19:26:38.794597,3782.462075482,-4.96884800014432e-19,0.0,3.8247646265214984e-30,-4.96884800014432e-19,True,4.96884800014432e-19,0.0,INIT
2025-12-04T19:26:38.804445,3782.471915778,-4.96884800014432e-19,0.0,3.8247646265214984e-30,-4.96884800014432e-19,True,4.96884800014432e-19,0.0,INIT
2025-12-04T19:26:38.814370,3782.48183957,1.0623650654600906e-18,0.0,-1.39198781008571e-29,1.0623650654600906e-18,True,1.0623650654600906e-18,0.0,INIT
2025-12-04T19:26:38.824325,3782.49179938,1.0623650654600906e-18,0.0,-1.39198781008571e-29,1.0623650654600906e-18,True,1.0623650654600906e-18,0.0,INIT
2025-12-04T19:26:38.834454,3782.501928164,-1.7039344186109755e-18,0.0,3.107705760060715e-29,-1.7039344186109755e-18,True,1.7039344186109755e-18,0.0,INIT
2025-12-04T19:26:38.844463,3782.511936344,-1.7039344186109755e-18,0.0,3.107705760060715e-29,-1.7039344186109755e-18,True,1.7039344186109755e-18,0.0,INIT
2025-12-04T19:26:38.919222,3782.586694556,-5.954547545416569e-19,0.0,5.202509821937153e-30,-5.954547545416569e-19,True,5.954547545416569e-19,0.0,INIT
2025-12-04T19:26:39.065619,3782.733092435,-8.064290431788754e-19,0.0,8.712293085387636e-30,-8.064290431788754e-19,True,8.064290431788754e-19,0.0,INIT
2025-12-04T19:26:39.074423,3782.741894643,-8.064290431788754e-19,0.0,8.712293085387636e-30,-8.064290431788754e-19,True,8.064290431788754e-19,0.0,INIT
2025-12-04T19:26:39.084283,3782.751752377,-6.167827563984249e-19,0.0,5.523251056227844e-30,-6.167827563984249e-19,True,6.167827563984249e-19,0.0,INIT
2025-12-04T19:26:39.094518,3782.761989566,-6.167827563984249e-19,0.0,5.523251056227844e-30,-6.167827563984249e-19,True,6.167827563984249e-19,0.0,INIT
2025-12-04T19:26:39.326529,3782.993999269,-1.2543170821710022e-18,0.0,1.846130838393259e-29,-1.2543170821710022e-18,True,1.2543170821710022e-18,0.0,INIT
2025-12-04T19:26:39.334717,3783.002186976,-1.2543170821710022e-18,0.0,1.8461308383932594e-29,-1.2543170821710022e-18,True,1.2543170821710022e-18,0.0,INIT
2025-12-04T19:26:39.344330,3783.011798917,-1.2543170821710022e-18,0.0,1.8461308383932594e-29,-1.2543170821710022e-18,True,1.2543170821710022e-18,0.0,INIT
2025-12-04T19:26:39.357239,3783.024711088,-1.2543170821710022e-18,0.0,1.8461308383932594e-29,-1.2543170821710022e-18,True,1.2543170821710022e-18,0.0,INIT
2025-12-04T19:26:39.364318,3783.031788758,-2.825095597297832e-18,0.0,7.340512059436235e-29,-2.825095597297832e-18,True,2.825095597297832e-18,0.0,INIT
2025-12-04T19:26:39.395279,3783.062749583,-1.8059629680338926e-18,0.0,3.430639103361159e-29,-1.8059629680338926e-18,True,1.8059629680338926e-18,0.0,INIT
2025-12-04T19:26:39.404192,3783.071664282,6.13900593985348e-19,0.0,-5.479446556667409e-30,6.13900593985348e-19,True,6.13900593985348e-19,0.0,INIT
2025-12-04T19:26:39.414214,3783.081682781,6.13900593985348e-19,0.0,-5.479446556667406e-30,6.13900593985348e-19,True,6.13900593985348e-19,0.0,INIT
2025-12-04T19:26:39.681950,3783.34942066,5.222478292495076e-19,0.0,-4.162558003482154e-30,5.222478292495076e-19,True,5.222478292495076e-19,0.0,INIT
2025-12-04T19:26:39.692761,3783.360232579,5.222478292495076e-19,0.0,-4.162558003482154e-30,5.222478292495076e-19,True,5.222478292495076e-19,0.0,INIT
2025-12-04T19:26:39.705750,3783.373222123,5.222478292495076e-19,0.0,-4.162558003482154e-30,5.222478292495076e-19,True,5.222478292495076e-19,0.0,INIT
2025-12-04T19:26:39.714703,3783.382176479,1.752354747150665e-18,0.0,-3.259323397938844e-29,1.752354747150665e-18,True,1.752354747150665e-18,0.0,INIT
2025-12-04T19:26:39.724856,3783.392324925,-3.800419357883005e-18,0.0,1.21530026045923e-28,-3.800419357883005e-18,True,3.800419357883005e-18,0.0,INIT
2025-12-04T19:26:39.734878,3783.402348538,-3.800419357883005e-18,0.0,1.21530026045923e-28,-3.800419357883005e-18,True,3.800419357883005e-18,0.0,INIT
2025-12-04T19:26:39.744932,3783.412400911,-3.800419357883005e-18,0.0,1.21530026045923e-28,-3.800419357883005e-18,True,3.800419357883005e-18,0.0,INIT
2025-12-04T19:26:39.754587,3783.422058386,1.320030385189153e-19,0.0,-4.0175628748234976e-31,1.320030385189153e-19,True,1.320030385189153e-19,0.0,INIT
2025-12-04T19:26:39.764830,3783.432301875,1.320030385189153e-19,0.0,-4.017562874823464e-31,1.320030385189153e-19,True,1.320030385189153e-19,0.0,INIT
2025-12-04T19:26:39.774446,3783.441918038,4.646045809879723e-19,0.0,-3.412022868456387e-30,4.646045809879723e-19,True,4.646045809879723e-19,0.0,INIT
2025-12-04T19:26:39.784716,3783.452186717,4.646045809879723e-19,0.0,-3.412022868456387e-30,4.646045809879723e-19,True,4.646045809879723e-19,0.0,INIT
2025-12-04T19:26:39.794497,3783.461971263,4.646045809879723e-19,0.0,-3.412022868456387e-30,4.646045809879723e-19,True,4.646045809879723e-19,0.0,INIT
2025-12-04T19:26:39.806530,3783.474006794,6.404164881856542e-19,0.0,-5.887843561849607e-30,6.404164881856542e-19,True,6.404164881856542e-19,0.0,INIT
2025-12-04T19:26:39.814480,3783.48195172,6.404164881856542e-19,0.0,-5.887843561849607e-30,6.404164881856542e-19,True,6.404164881856542e-19,0.0,INIT
2025-12-04T19:26:39.824258,3783.491726285,-3.2626078516028844e-19,0.0,1.8708126387609932e-30,-3.2626078516028844e-19,True,3.2626078516028844e-19,0.0,INIT
2025-12-04T19:26:39.834280,3783.501749964,-3.2626078516028844e-19,0.0,1.8708126387609932e-30,-3.2626078516028844e-19,True,3.2626078516028844e-19,0.0,INIT
2025-12-04T19:26:39.844201,3783.511672818,2.471742485454622e-18,0.0,-5.848917324548451e-29,2.471742485454622e-18,True,2.471742485454622e-18,0.0,INIT
2025-12-04T19:26:39.854349,3783.521820755,2.471742485454622e-18,0.0,-5.84891732454845e-29,2.471742485454622e-18,True,2.471742485454622e-18,0.0,INIT
2025-12-04T19:26:39.864420,3783.531891326,-1.5073709420391413e-18,0.0,2.5231568020113693e-29,-1.5073709420391413e-18,True,1.5073709420391413e-18,0.0,INIT
2025-12-04T19:26:39.874571,3783.542042527,-1.5073709420391413e-18,0.0,2.5231568020113698e-29,-1.5073709420391413e-18,True,1.5073709420391413e-18,0.0,INIT
2025-12-04T19:26:39.884331,3783.551799409,-1.4543391536385288e-18,0.0,2.374114650861225e-29,-1.4543391536385288e-18,True,1.4543391536385288e-18,0.0,INIT
2025-12-04T19:26:39.894540,3783.562019859,-1.4543391536385288e-18,0.0,2.374114650861225e-29,-1.4543391536385288e-18,True,1.4543391536385288e-18,0.0,INIT
2025-12-04T19:26:39.904481,3783.571955604,-7.666552018784159e-19,0.0,7.994478738898688e-30,-7.666552018784159e-19,True,7.666552018784159e-19,0.0,INIT
2025-12-04T19:26:39.914352,3783.581825447,-7.666552018784159e-19,0.0,7.994478738898689e-30,-7.666552018784159e-19,True,7.666552018784159e-19,0.0,INIT
2025-12-04T19:26:39.926928,3783.59440074,-4.830504204316637e-19,0.0,3.645500766510528e-30,-4.830504204316637e-19,True,4.830504204316637e-19,0.0,INIT
2025-12-04T19:26:39.934199,3783.601666972,-4.830504204316637e-19,0.0,3.645500766510528e-30,-4.830504204316637e-19,True,4.830504204316637e-19,0.0,INIT
2025-12-04T19:26:39.944395,3783.61186943,-1.824985239960199e-18,0.0,3.492294903069781e-29,-1.824985239960199e-18,True,1.824985239960199e-18,0.0,INIT
2025-12-04T19:26:39.954259,3783.621727567,-1.824985239960199e-18,0.0,3.492294903069781e-29,-1.824985239960199e-18,True,1.824985239960199e-18,0.0,INIT
2025-12-04T19:26:39.967921,3783.635387933,-1.3390526571154585e-18,0.0,2.06312726695727e-29,-1.3390526571154585e-18,True,1.3390526571154585e-18,0.0,INIT
2025-12-04T19:26:39.974235,3783.641706105,-1.3390526571154585e-18,0.0,2.06312726695727e-29,-1.3390526571154585e-18,True,1.3390526571154585e-18,0.0,INIT
2025-12-04T19:26:39.993696,3783.661170438,1.0150976018856316e-18,0.0,-1.2883482365827006e-29,1.0150976018856316e-18,True,1.0150976018856316e-18,0.0,INIT
2025-12-04T19:26:39.996047,3783.663515242,1.0150976018856316e-18,0.0,-1.2883482365827003e-29,1.0150976018856316e-18,True,1.0150976018856316e-18,0.0,INIT
2025-12-04T19:26:40.004719,3783.672187501,-1.8405489169908135e-18,0.0,3.543076453254243e-29,-1.8405489169908135e-18,True,1.8405489169908135e-18,0.0,INIT
2025-12-04T19:26:40.014453,3783.681923223,-1.8405489169908135e-18,0.0,3.543076453254243e-29,-1.8405489169908135e-18,True,1.8405489169908135e-18,0.0,INIT
2025-12-04T19:26:40.024443,3783.691912012,-1.8405489169908135e-18,0.0,3.543076453254243e-29,-1.8405489169908135e-18,True,1.8405489169908135e-18,0.0,INIT
2025-12-04T19:26:40.034360,3783.701831296,-8.548493717185645e-19,0.0,9.620160527044748e-30,-8.548493717185645e-19,True,8.548493717185645e-19,0.0,INIT
2025-12-04T19:26:40.044374,3783.711849156,-8.548493717185645e-19,0.0,9.620160527044748e-30,-8.548493717185645e-19,True,8.548493717185645e-19,0.0,INIT
2025-12-04T19:26:40.054412,3783.721888334,-6.484865429422691e-19,0.0,6.014529375734116e-30,-6.484865429422691e-19,True,6.484865429422691e-19,0.0,INIT
2025-12-04T19:26:40.064461,3783.731935017,-6.484865429422691e-19,0.0,6.014529375734116e-30,-6.484865429422691e-19,True,6.484865429422691e-19,0.0,INIT
2025-12-04T19:26:40.074388,3783.741860546,-9.384320816977902e-19,0.0,1.1273398088231356e-29,-9.384320816977902e-19,True,9.384320816977902e-19,0.0,INIT
2025-12-04T19:26:40.084404,3783.751872296,-9.384320816977902e-19,0.0,1.1273398088231356e-29,-9.384320816977902e-19,True,9.384320816977902e-19,0.0,INIT
2025-12-04T19:26:40.128090,3783.795562456,2.3057299304613705e-21,0.0,-4.128044282972129e-34,2.3057299304613705e-21,True,2.3057299304613705e-21,0.0,INIT
2025-12-04T19:26:40.134412,3783.801881921,-1.9765869828880363e-18,0.0,3.9996969506001435e-29,-1.9765869828880363e-18,True,1.9765869828880363e-18,0.0,INIT
2025-12-04T19:26:40.144358,3783.811832674,-1.9765869828880363e-18,0.0,3.9996969506001435e-29,-1.9765869828880363e-18,True,1.9765869828880363e-18,0.0,INIT
2025-12-04T19:26:40.271068,3783.938540718,1.556944135544061e-18,0.0,-2.6658404617461953e-29,1.556944135544061e-18,True,1.556944135544061e-18,0.0,INIT
2025-12-04T19:26:40.280536,3783.948011487,9.98957492372402e-19,0.0,-1.2537181663568695e-29,9.98957492372402e-19,True,9.98957492372402e-19,0.0,INIT
2025-12-04T19:26:40.284375,3783.951845614,9.98957492372402e-19,0.0,-1.2537181663568694e-29,9.98957492372402e-19,True,9.98957492372402e-19,0.0,INIT
2025-12-04T19:26:40.308906,3783.976376996,-4.628752835401263e-19,0.0,3.3904612816422115e-30,-4.628752835401263e-19,True,4.628752835401263e-19,0.0,INIT
2025-12-04T19:26:40.314896,3783.982365723,-3.0320348585567436e-19,0.0,1.6516504015416492e-30,-3.0320348585567436e-19,True,3.0320348585567436e-19,0.0,INIT
2025-12-04T19:26:40.324282,3783.99175309,-3.0320348585567436e-19,0.0,1.6516504015416492e-30,-3.0320348585567436e-19,True,3.0320348585567436e-19,0.0,INIT
2025-12-04T19:26:40.343402,3784.010877552,-1.0796580399385514e-18,0.0,1.4307263764532892e-29,-1.0796580399385514e-18,True,1.0796580399385514e-18,0.0,INIT
2025-12-04T19:26:40.344983,3784.012454661,-1.0796580399385514e-18,0.0,1.4307263764532892e-29,-1.0796580399385514e-18,True,1.0796580399385514e-18,0.0,INIT
2025-12-04T19:26:40.354460,3784.021932091,-1.0796580399385514e-18,0.0,1.4307263764532892e-29,-1.0796580399385514e-18,True,1.0796580399385514e-18,0.0,INIT
2025-12-04T19:26:40.364255,3784.031725299,-7.251520631301107e-19,0.0,7.272763281354894e-30,-7.251520631301107e-19,True,7.251520631301107e-19,0.0,INIT
2025-12-04T19:26:40.374203,3784.041672249,-7.251520631301107e-19,0.0,7.272763281354894e-30,-7.251520631301107e-19,True,7.251520631301107e-19,0.0,INIT
2025-12-04T19:26:40.579378,3784.246851656,-2.60835698383446e-18,0.0,6.409054346106055e-29,-2.60835698383446e-18,True,2.60835698383446e-18,0.0,INIT
2025-12-04T19:26:41.331675,3784.999145072,-2.60835698383446e-18,0.0,6.409054346106055e-29,-2.60835698383446e-18,True,2.60835698383446e-18,0.0,INIT
2025-12-04T19:26:41.788383,3785.455858605,2.5593602228121547e-19,0.0,-1.2382074462336305e-30,2.5593602228121547e-19,True,2.5593602228121547e-19,0.0,INIT
2025-12-04T19:26:41.834509,3785.501978902,2.5593602228121547e-19,0.0,-1.238207446233627e-30,2.5593602228121547e-19,True,2.5593602228121547e-19,0.0,INIT
2025-12-04T19:26:41.844350,3785.511821905,-9.684065707937898e-20,0.0,2.372838286113015e-31,-9.684065707937898e-20,True,9.684065707937898e-20,0.0,INIT
2025-12-04T19:26:41.854281,3785.52175171,-9.684065707937898e-20,0.0,2.3728382861130155e-31,-9.684065707937898e-20,True,9.684065707937898e-20,0.0,INIT
2025-12-04T19:26:41.909703,3785.577174711,-2.4982583796549285e-18,0.0,5.95598374880699e-29,-2.4982583796549285e-18,True,2.4982583796549285e-18,0.0,INIT
2025-12-04T19:26:41.914794,3785.582263038,1.0986803118648576e-18,0.0,-1.4738432132249366e-29,1.0986803118648576e-18,True,1.0986803118648576e-18,0.0,INIT
2025-12-04T19:26:41.924506,3785.591982068,1.0986803118648576e-18,0.0,-1.4738432132249371e-29,1.0986803118648576e-18,True,1.0986803118648576e-18,0.0,INIT
2025-12-04T19:26:41.934367,3785.601844339,-4.375122543050508e-19,0.0,3.0807281804909344e-30,-4.375122543050508e-19,True,4.375122543050508e-19,0.0,INIT
2025-12-04T19:26:41.944623,3785.61210079,-4.375122543050508e-19,0.0,3.0807281804909344e-30,-4.375122543050508e-19,True,4.375122543050508e-19,0.0,INIT
2025-12-04T19:26:41.954266,3785.621736967,-1.575966407470368e-18,0.0,2.7214466787262856e-29,-1.575966407470368e-18,True,1.575966407470368e-18,0.0,INIT
2025-12-04T19:26:41.964541,3785.632028998,-1.575966407470368e-18,0.0,2.7214466787262856e-29,-1.575966407470368e-18,True,1.575966407470368e-18,0.0,INIT
2025-12-04T19:26:41.975911,3785.643387719,-3.8909192576536133e-19,0.0,2.5238223154209583e-30,-3.8909192576536133e-19,True,3.8909192576536133e-19,0.0,INIT
2025-12-04T19:26:41.984506,3785.651977398,-3.8909192576536133e-19,0.0,2.523822315420957e-30,-3.8909192576536133e-19,True,3.8909192576536133e-19,0.0,INIT
2025-12-04T19:26:41.994518,3785.661995062,-1.7569662070115876e-18,0.0,3.273918008067547e-29,-1.7569662070115876e-18,True,1.7569662070115876e-18,0.0,INIT
2025-12-04T19:26:42.004429,3785.671901412,-1.7569662070115876e-18,0.0,3.273918008067547e-29,-1.7569662070115876e-18,True,1.7569662070115876e-18,0.0,INIT
2025-12-04T19:26:42.014398,3785.681870495,-1.7569662070115876e-18,0.0,3.273918008067547e-29,-1.7569662070115876e-18,True,1.7569662070115876e-18,0.0,INIT
2025-12-04T19:26:42.024415,3785.691896462,-1.7569662070115876e-18,0.0,3.273918008067547e-29,-1.7569662070115876e-18,True,1.7569662070115876e-18,0.0,INIT
2025-12-04T19:26:42.034386,3785.701858064,-4.0696133272643723e-19,0.0,2.724020389647085e-30,-4.0696133272643723e-19,True,4.0696133272643723e-19,0.0,INIT
2025-12-04T19:26:42.044448,3785.711921862,-4.0696133272643723e-19,0.0,2.724020389647086e-30,-4.0696133272643723e-19,True,4.0696133272643723e-19,0.0,INIT
2025-12-04T19:26:42.119797,3785.787270238,-3.568117067389017e-19,0.0,2.178293851100247e-30,-3.568117067389017e-19,True,3.568117067389017e-19,0.0,INIT
2025-12-04T19:26:42.124507,3785.791979189,-3.568117067389017e-19,0.0,2.178293851100247e-30,-3.568117067389017e-19,True,3.568117067389017e-19,0.0,INIT
2025-12-04T19:26:42.134497,3785.801980587,-7.954768260091832e-19,0.0,8.512101803828586e-30,-7.954768260091832e-19,True,7.954768260091832e-19,0.0,INIT
2025-12-04T19:26:42.144481,3785.811956326,-7.954768260091832e-19,0.0,8.512101803828586e-30,-7.954768260091832e-19,True,7.954768260091832e-19,0.0,INIT
2025-12-04T19:26:42.172186,3785.839657805,1.072740850147167e-18,0.0,-1.4151784171492585e-29,1.072740850147167e-18,True,1.072740850147167e-18,0.0,INIT
2025-12-04T19:26:42.174581,3785.842050446,1.072740850147167e-18,0.0,-1.4151784171492585e-29,1.072740850147167e-18,True,1.072740850147167e-18,0.0,INIT
2025-12-04T19:26:42.184584,3785.852061687,1.072740850147167e-18,0.0,-1.4151784171492585e-29,1.072740850147167e-18,True,1.072740850147167e-18,0.0,INIT
2025-12-04T19:26:42.614004,3786.28147742,-2.535150058542311e-18,0.0,6.10627339186056e-29,-2.535150058542311e-18,True,2.535150058542311e-18,0.0,INIT
2025-12-04T19:26:42.634914,3786.302389803,-2.535150058542311e-18,0.0,6.10627339186056e-29,-2.535150058542311e-18,True,2.535150058542311e-18,0.0,INIT
2025-12-04T19:26:42.651845,3786.319321143,-2.535150058542311e-18,0.0,6.10627339186056e-29,-2.535150058542311e-18,True,2.535150058542311e-18,0.0,INIT
2025-12-04T19:26:42.654466,3786.321932015,5.729738877196583e-19,0.0,-4.87303146585057e-30,5.729738877196583e-19,True,5.729738877196583e-19,0.0,INIT
2025-12-04T19:26:42.664509,3786.331996873,5.729738877196583e-19,0.0,-4.873031465850568e-30,5.729738877196583e-19,True,5.729738877196583e-19,0.0,INIT
2025-12-04T19:26:42.725076,3786.392551884,6.750024371425753e-19,0.0,-6.438564991134938e-30,6.750024371425753e-19,True,6.750024371425753e-19,0.0,INIT
2025-12-04T19:26:42.734678,3786.402151135,6.750024371425753e-19,0.0,-6.438564991134938e-30,6.750024371425753e-19,True,6.750024371425753e-19,0.0,INIT
2025-12-04T19:26:42.780355,3786.447826203,-1.0946452844865503e-18,0.0,1.464653191501548e-29,-1.0946452844865503e-18,True,1.0946452844865503e-18,0.0,INIT
2025-12-04T19:26:42.784361,3786.451830799,-1.0946452844865503e-18,0.0,1.4646531915015483e-29,-1.0946452844865503e-18,True,1.0946452844865503e-18,0.0,INIT
2025-12-04T19:26:42.794534,3786.462022392,5.643274004804278e-19,0.0,-4.748680367162979e-30,5.643274004804278e-19,True,5.643274004804278e-19,0.0,INIT
2025-12-04T19:26:42.804348,3786.471822171,5.643274004804278e-19,0.0,-4.7486803671629796e-30,5.643274004804278e-19,True,5.643274004804278e-19,0.0,INIT
2025-12-04T19:26:42.814451,3786.48192235,5.643274004804278e-19,0.0,-4.7486803671629796e-30,5.643274004804278e-19,True,5.643274004804278e-19,0.0,INIT
2025-12-04T19:26:42.824324,3786.491793654,-7.655023369131853e-19,0.0,7.974052483522289e-30,-7.655023369131853e-19,True,7.655023369131853e-19,0.0,INIT
2025-12-04T19:26:42.834499,3786.501975292,-7.655023369131853e-19,0.0,7.974052483522289e-30,-7.655023369131853e-19,True,7.655023369131853e-19,0.0,INIT
2025-12-04T19:26:43.291980,3786.959451673,-8.5196720930548775e-19,0.0,9.565086462046417e-30,-8.5196720930548775e-19,True,8.5196720930548775e-19,0.0,INIT
2025-12-04T19:26:43.311866,3786.979341857,-8.5196720930548775e-19,0.0,9.565086462046417e-30,-8.5196720930548775e-19,True,8.5196720930548775e-19,0.0,INIT
2025-12-04T19:26:43.336463,3787.003932398,-8.5196720930548775e-19,0.0,9.565086462046417e-30,-8.5196720930548775e-19,True,8.5196720930548775e-19,0.0,INIT
2025-12-04T19:26:43.344983,3787.012455855,-1.3085017355368452e-18,0.0,1.9837471665377662e-29,-1.3085017355368452e-18,True,1.3085017355368452e-18,0.0,INIT
2025-12-04T19:26:43.354528,3787.021999876,-1.3085017355368452e-18,0.0,1.9837471665377662e-29,-1.3085017355368452e-18,True,1.3085017355368452e-18,0.0,INIT
2025-12-04T19:26:43.364600,3787.032073831,-1.3085017355368452e-18,0.0,1.9837471665377662e-29,-1.3085017355368452e-18,True,1.3085017355368452e-18,0.0,INIT
2025-12-04T19:26:43.451652,3787.119121927,-2.5876054144603073e-18,0.0,6.322614331307985e-29,-2.5876054144603073e-18,True,2.5876054144603073e-18,0.0,INIT
2025-12-04T19:26:43.747573,3787.415048162,-1.6774185244106694e-18,0.0,3.0259409137755046e-29,-1.6774185244106694e-18,True,1.6774185244106694e-18,0.0,INIT
2025-12-04T19:26:43.771680,3787.439153768,-2.596828334182153e-18,0.0,6.360972444769536e-29,-2.596828334182153e-18,True,2.596828334182153e-18,0.0,INIT
2025-12-04T19:26:43.779132,3787.446607267,-2.2250293828952526e-18,0.0,4.8914856091185693e-29,-2.2250293828952526e-18,True,2.2250293828952526e-18,0.0,INIT
2025-12-04T19:26:43.784278,3787.451752653,-2.2250293828952526e-18,0.0,4.8914856091185693e-29,-2.2250293828952526e-18,True,2.2250293828952526e-18,0.0,INIT
2025-12-04T19:26:43.794222,3787.461691266,-2.2250293828952526e-18,0.0,4.8914856091185693e-29,-2.2250293828952526e-18,True,2.2250293828952526e-18,0.0,INIT
2025-12-04T19:26:43.804344,3787.4718157,-1.2012852937703899e-18,0.0,1.7154121313915e-29,-1.2012852937703899e-18,True,1.2012852937703899e-18,0.0,INIT
2025-12-04T19:26:43.814471,3787.481940882,-1.2012852937703899e-18,0.0,1.7154121313915e-29,-1.2012852937703899e-18,True,1.2012852937703899e-18,0.0,INIT
2025-12-04T19:26:43.824358,3787.49182779,3.314486775038266e-19,0.0,-1.921665079388873e-30,3.314486775038266e-19,True,3.314486775038266e-19,0.0,INIT
2025-12-04T19:26:43.834446,3787.501916491,3.314486775038266e-19,0.0,-1.9216650793888725e-30,3.314486775038266e-19,True,3.314486775038266e-19,0.0,INIT
2025-12-04T19:26:43.874506,3787.541980437,-1.0952217169691659e-19,0.0,2.9249839262622634e-31,-1.0952217169691659e-19,True,1.0952217169691659e-19,0.0,INIT
2025-12-04T19:26:44.118251,3787.785720561,-1.2260718905228502e-18,0.0,1.7760169040187422e-29,-1.2260718905228502e-18,True,1.2260718905228502e-18,0.0,INIT
2025-12-04T19:26:44.367010,3788.034484338,4.282893345832052e-19,0.0,-2.9711415692845032e-30,4.282893345832052e-19,True,4.282893345832052e-19,0.0,INIT
2025-12-04T19:26:44.380366,3788.047836592,4.282893345832052e-19,0.0,-2.9711415692845025e-30,4.282893345832052e-19,True,4.282893345832052e-19,0.0,INIT
2025-12-04T19:26:45.400888,3789.068361952,-2.0924499118937226e-19,0.0,8.791917916951215e-31,-2.0924499118937226e-19,True,2.0924499118937226e-19,0.0,INIT
2025-12-04T19:26:45.432257,3789.099731269,-2.0924499118937226e-19,0.0,8.791917916951215e-31,-2.0924499118937226e-19,True,2.0924499118937226e-19,0.0,INIT
2025-12-04T19:26:45.702731,3789.370201373,-2.0924499118937226e-19,0.0,8.791917916951215e-31,-2.0924499118937226e-19,True,2.0924499118937226e-19,0.0,INIT
2025-12-04T19:26:45.708890,3789.376360051,-8.871295907450243e-19,0.0,1.0245850529532193e-29,-8.871295907450243e-19,True,8.871295907450243e-19,0.0,INIT
2025-12-04T19:26:45.719241,3789.38670941,-2.4440737262890853e-18,0.0,5.738049869965885e-29,-2.4440737262890853e-18,True,2.4440737262890853e-18,0.0,INIT
2025-12-04T19:26:45.724553,3789.392027793,-2.4440737262890853e-18,0.0,5.738049869965885e-29,-2.4440737262890853e-18,True,2.4440737262890853e-18,0.0,INIT
2025-12-04T19:26:45.856524,3789.52399661,-1.0531421457382452e-18,0.0,1.3715065710916e-29,-1.0531421457382452e-18,True,1.0531421457382452e-18,0.0,INIT
2025-12-04T19:26:47.581051,3791.248530043,-1.3598042264896113e-18,0.0,2.1177752169964503e-29,-1.3598042264896113e-18,True,1.3598042264896113e-18,0.0,INIT
2025-12-04T19:26:47.619801,3791.287276425,-1.3598042264896113e-18,0.0,2.1177752169964503e-29,-1.3598042264896113e-18,True,1.3598042264896113e-18,0.0,INIT
2025-12-04T19:26:47.787138,3791.454615477,-1.3598042264896113e-18,0.0,2.1177752169964503e-29,-1.3598042264896113e-18,True,1.3598042264896113e-18,0.0,INIT
2025-12-04T19:26:47.794463,3791.461933427,-2.346080204244475e-19,0.0,1.0679547651999333e-30,-2.346080204244475e-19,True,2.346080204244475e-19,0.0,INIT
2025-12-04T19:26:48.060931,3791.72840042,-6.761553021078059e-19,0.0,6.457270546048058e-30,-6.761553021078059e-19,True,6.761553021078059e-19,0.0,INIT
2025-12-04T19:26:48.076649,3791.74411886,-6.761553021078059e-19,0.0,6.457270546048058e-30,-6.761553021078059e-19,True,6.761553021078059e-19,0.0,INIT
2025-12-04T19:26:48.084467,3791.751936571,-7.68384499326262e-19,0.0,8.025158455146177e-30,-7.68384499326262e-19,True,7.68384499326262e-19,0.0,INIT
2025-12-04T19:26:48.094438,3791.76190911,-2.5933697392864613e-18,0.0,6.346576957470301e-29,-2.5933697392864613e-18,True,2.5933697392864613e-18,0.0,INIT
2025-12-04T19:26:48.104469,3791.771946499,-2.5933697392864613e-18,0.0,6.346576957470301e-29,-2.5933697392864613e-18,True,2.5933697392864613e-18,0.0,INIT
2025-12-04T19:26:48.114397,3791.781869021,-4.795918255359713e-19,0.0,3.601239598475484e-30,-4.795918255359713e-19,True,4.795918255359713e-19,0.0,INIT
2025-12-04T19:26:48.124528,3791.792014539,-4.795918255359713e-19,0.0,3.601239598475485e-30,-4.795918255359713e-19,True,4.795918255359713e-19,0.0,INIT
2025-12-04T19:26:48.134218,3791.801690266,-1.5177467267262174e-18,0.0,2.5527531613353836e-29,-1.5177467267262174e-18,True,1.5177467267262174e-18,0.0,INIT
2025-12-04T19:26:48.144348,3791.811818513,-1.5177467267262174e-18,0.0,2.5527531613353836e-29,-1.5177467267262174e-18,True,1.5177467267262174e-18,0.0,INIT
2025-12-04T19:26:48.193864,3791.861337451,-1.1096325290345493e-18,0.0,1.4989067306541483e-29,-1.1096325290345493e-18,True,1.1096325290345493e-18,0.0,INIT
2025-12-04T19:26:48.204436,3791.871908094,9.586072185893275e-19,0.0,-1.1688510892318551e-29,9.586072185893275e-19,True,9.586072185893275e-19,0.0,INIT
2025-12-04T19:26:48.214358,3791.881828452,9.586072185893275e-19,0.0,-1.1688510892318551e-29,9.586072185893275e-19,True,9.586072185893275e-19,0.0,INIT
2025-12-04T19:26:48.235960,3791.90344373,1.3517341717329967e-18,0.0,-2.0964533462257846e-29,1.3517341717329967e-18,True,1.3517341717329967e-18,0.0,INIT
2025-12-04T19:26:48.244343,3791.911813604,3.1357927054275055e-19,0.0,-1.748881934811497e-30,3.1357927054275055e-19,True,3.1357927054275055e-19,0.0,INIT
2025-12-04T19:26:48.254595,3791.92206458,3.1357927054275055e-19,0.0,-1.7488819348114966e-30,3.1357927054275055e-19,True,3.1357927054275055e-19,0.0,INIT
2025-12-04T19:26:48.264369,3791.931842095,-6.006426468851952e-19,0.0,5.279800155366856e-30,-6.006426468851952e-19,True,6.006426468851952e-19,0.0,INIT
2025-12-04T19:26:48.274582,3791.942054252,-6.006426468851952e-19,0.0,5.279800155366857e-30,-6.006426468851952e-19,True,6.006426468851952e-19,0.0,INIT
2025-12-04T19:26:48.289114,3791.956585325,1.2381769726577724e-18,0.0,-1.8059288382962412e-29,1.2381769726577724e-18,True,1.2381769726577724e-18,0.0,INIT
2025-12-04T19:26:48.294371,3791.961840677,1.2381769726577724e-18,0.0,-1.8059288382962412e-29,1.2381769726577724e-18,True,1.2381769726577724e-18,0.0,INIT
2025-12-04T19:26:48.304766,3791.972238537,2.288436955982941e-19,0.0,-1.0237318702543962e-30,2.288436955982941e-19,True,2.288436955982941e-19,0.0,INIT
2025-12-04T19:26:48.314517,3791.981990058,2.288436955982941e-19,0.0,-1.0237318702543976e-30,2.288436955982941e-19,True,2.288436955982941e-19,0.0,INIT
2025-12-04T19:26:48.324292,3791.991763941,-1.97370482047496e-18,0.0,3.989787335299511e-29,-1.97370482047496e-18,True,1.97370482047496e-18,0.0,INIT
2025-12-04T19:26:48.334567,3792.002042767,-1.97370482047496e-18,0.0,3.989787335299511e-29,-1.97370482047496e-18,True,1.97370482047496e-18,0.0,INIT
2025-12-04T19:26:48.363860,3792.031331497,-2.6884810989179937e-18,0.0,6.747328942614257e-29,-2.6884810989179937e-18,True,2.6884810989179937e-18,0.0,INIT
2025-12-04T19:26:48.374535,3792.042024426,-6.39840055703039e-19,0.0,5.8788370987391815e-30,-6.39840055703039e-19,True,6.39840055703039e-19,0.0,INIT
2025-12-04T19:26:48.404999,3792.072475616,-8.565786691664107e-19,0.0,9.653267438259859e-30,-8.565786691664107e-19,True,8.565786691664107e-19,0.0,INIT
2025-12-04T19:26:49.030709,3792.698181236,-1.2808329763713085e-18,0.0,1.9129660169931902e-29,-1.2808329763713085e-18,True,1.2808329763713085e-18,0.0,INIT
2025-12-04T19:26:49.061366,3792.728844563,-1.2808329763713085e-18,0.0,1.9129660169931902e-29,-1.2808329763713085e-18,True,1.2808329763713085e-18,0.0,INIT
2025-12-04T19:26:49.073291,3792.740766866,-1.2808329763713085e-18,0.0,1.9129660169931902e-29,-1.2808329763713085e-18,True,1.2808329763713085e-18,0.0,INIT
2025-12-04T19:26:49.107381,3792.774850695,-1.1568999926090079e-18,0.0,1.6090624330763586e-29,-1.1568999926090079e-18,True,1.1568999926090079e-18,0.0,INIT
2025-12-04T19:26:49.114385,3792.781851732,-1.1568999926090079e-18,0.0,1.6090624330763586e-29,-1.1568999926090079e-18,True,1.1568999926090079e-18,0.0,INIT
2025-12-04T19:26:49.124538,3792.792026095,-1.1568999926090079e-18,0.0,1.6090624330763586e-29,-1.1568999926090079e-18,True,1.1568999926090079e-18,0.0,INIT
2025-12-04T19:26:49.151264,3792.818739293,-1.3707564436593031e-18,0.0,2.1468539856541602e-29,-1.3707564436593031e-18,True,1.3707564436593031e-18,0.0,INIT
2025-12-04T19:26:49.179963,3792.847443654,-2.634296445552151e-19,0.0,1.3004686951575587e-30,-2.634296445552151e-19,True,2.634296445552151e-19,0.0,INIT
2025-12-04T19:26:49.184292,3792.851758429,-2.634296445552151e-19,0.0,1.3004686951575587e-30,-2.634296445552151e-19,True,2.634296445552151e-19,0.0,INIT
2025-12-04T19:26:49.370964,3793.038438484,-8.450500195141038e-19,0.0,9.433440438923469e-30,-8.450500195141038e-19,True,8.450500195141038e-19,0.0,INIT
2025-12-04T19:26:50.118308,3793.785780275,-8.450500195141038e-19,0.0,9.433440438923469e-30,-8.450500195141038e-19,True,8.450500195141038e-19,0.0,INIT
2025-12-04T19:26:50.148228,3793.815695105,-6.721202747294984e-19,0.0,6.3918989112597e-30,-6.721202747294984e-19,True,6.721202747294984e-19,0.0,INIT
2025-12-04T19:26:50.316833,3793.984303586,-6.721202747294984e-19,0.0,6.3918989112597e-30,-6.721202747294984e-19,True,6.721202747294984e-19,0.0,INIT
2025-12-04T19:26:50.430184,3794.097655356,-8.611901290273335e-19,0.0,9.74178135300802e-30,-8.611901290273335e-19,True,8.611901290273335e-19,0.0,INIT
2025-12-04T19:26:50.441212,3794.108683339,-7.585851471218011e-19,0.0,7.85194726220048e-30,-7.585851471218011e-19,True,7.585851471218011e-19,0.0,INIT
2025-12-04T19:26:50.444626,3794.11209347,-7.585851471218011e-19,0.0,7.85194726220048e-30,-7.585851471218011e-19,True,7.585851471218011e-19,0.0,INIT
2025-12-04T19:26:50.454414,3794.121895893,-7.585851471218011e-19,0.0,7.85194726220048e-30,-7.585851471218011e-19,True,7.585851471218011e-19,0.0,INIT
2025-12-04T19:26:50.464439,3794.131912095,-1.2958202209193076e-18,0.0,1.9511743760661857e-29,-1.2958202209193076e-18,True,1.2958202209193076e-18,0.0,INIT
2025-12-04T19:26:50.474292,3794.141761403,-1.2958202209193076e-18,0.0,1.9511743760661857e-29,-1.2958202209193076e-18,True,1.2958202209193076e-18,0.0,INIT
2025-12-04T19:26:50.574464,3794.241938517,6.80190329486113e-20,0.0,-1.3014928142302004e-31,6.80190329486113e-20,True,6.80190329486113e-20,0.0,INIT
2025-12-04T19:26:50.688790,3794.356269094,2.2135007332429444e-19,0.0,-9.673985756973367e-31,2.2135007332429444e-19,True,2.2135007332429444e-19,0.0,INIT
2025-12-04T19:26:50.694587,3794.362057747,2.2135007332429444e-19,0.0,-9.673985756973367e-31,2.2135007332429444e-19,True,2.2135007332429444e-19,0.0,INIT
2025-12-04T19:26:50.704470,3794.37194184,2.2135007332429444e-19,0.0,-9.673985756973367e-31,2.2135007332429444e-19,True,2.2135007332429444e-19,0.0,INIT
2025-12-04T19:26:50.908590,3794.576062171,-9.130690524627148e-19,0.0,1.0760344196489296e-29,-9.130690524627148e-19,True,9.130690524627148e-19,0.0,INIT
2025-12-04T19:26:50.930900,3794.598367113,-1.6722306320671313e-18,0.0,3.0100485545765566e-29,-1.6722306320671313e-18,True,1.6722306320671313e-18,0.0,INIT
2025-12-04T19:26:50.934301,3794.601766696,-1.6722306320671313e-18,0.0,3.0100485545765566e-29,-1.6722306320671313e-18,True,1.6722306320671313e-18,0.0,INIT
2025-12-04T19:26:50.944474,3794.61194651,-1.6722306320671313e-18,0.0,3.0100485545765566e-29,-1.6722306320671313e-18,True,1.6722306320671313e-18,0.0,INIT
2025-12-04T19:26:50.954403,3794.621877099,-1.408224555029301e-18,0.0,2.2475649772596232e-29,-1.408224555029301e-18,True,1.408224555029301e-18,0.0,INIT
2025-12-04T19:26:50.964264,3794.631733541,-1.408224555029301e-18,0.0,2.2475649772596232e-29,-1.408224555029301e-18,True,1.408224555029301e-18,0.0,INIT
2025-12-04T19:26:50.974552,3794.642019088,4.496173364399723e-20,0.0,-6.438774075623367e-32,4.496173364399723e-20,True,4.496173364399723e-20,0.0,INIT
2025-12-04T19:26:50.984473,3794.65194655,4.496173364399723e-20,0.0,-6.438774075623479e-32,4.496173364399723e-20,True,4.496173364399723e-20,0.0,INIT
2025-12-04T19:26:51.022095,3794.689571699,-2.0768862348631073e-18,0.0,4.35082492470406e-29,-2.0768862348631073e-18,True,2.0768862348631073e-18,0.0,INIT
2025-12-04T19:26:51.025588,3794.693054274,-2.0768862348631073e-18,0.0,4.35082492470406e-29,-2.0768862348631073e-18,True,2.0768862348631073e-18,0.0,INIT
2025-12-04T19:26:51.034907,3794.702378633,9.90311005133172e-19,0.0,-1.2353264301159255e-29,9.90311005133172e-19,True,9.90311005133172e-19,0.0,INIT
2025-12-04T19:26:51.044460,3794.711926866,9.90311005133172e-19,0.0,-1.2353264301159252e-29,9.90311005133172e-19,True,9.90311005133172e-19,0.0,INIT
2025-12-04T19:26:51.054568,3794.722041967,9.90311005133172e-19,0.0,-1.2353264301159252e-29,9.90311005133172e-19,True,9.90311005133172e-19,0.0,INIT
2025-12-04T19:26:51.064233,3794.731704156,-1.8053865355512775e-18,0.0,3.4287778090971515e-29,-1.8053865355512775e-18,True,1.8053865355512775e-18,0.0,INIT
2025-12-04T19:26:51.074294,3794.741763686,-1.8053865355512775e-18,0.0,3.4287778090971515e-29,-1.8053865355512775e-18,True,1.8053865355512775e-18,0.0,INIT
2025-12-04T19:26:51.084438,3794.751906954,-2.3420451768661682e-18,0.0,5.336812688144032e-29,-2.3420451768661682e-18,True,2.3420451768661682e-18,0.0,INIT
2025-12-04T19:26:51.094515,3794.761987754,-2.3420451768661682e-18,0.0,5.336812688144032e-29,-2.3420451768661682e-18,True,2.3420451768661682e-18,0.0,INIT
2025-12-04T19:26:51.104613,3794.772087083,-1.058330038081783e-18,0.0,1.3830118869872128e-29,-1.058330038081783e-18,True,1.058330038081783e-18,0.0,INIT
2025-12-04T19:26:51.114340,3794.781808135,-1.058330038081783e-18,0.0,1.3830118869872128e-29,-1.058330038081783e-18,True,1.058330038081783e-18,0.0,INIT
2025-12-04T19:26:51.124416,3794.791886704,-2.090720614445876e-18,0.0,4.4002080042225103e-29,-2.090720614445876e-18,True,2.090720614445876e-18,0.0,INIT
2025-12-04T19:26:51.134259,3794.801733532,-2.090720614445876e-18,0.0,4.4002080042225103e-29,-2.090720614445876e-18,True,2.090720614445876e-18,0.0,INIT
2025-12-04T19:26:51.144253,3794.811723111,-2.4308157791889326e-18,0.0,5.685235823691026e-29,-2.4308157791889326e-18,True,2.4308157791889326e-18,0.0,INIT
2025-12-04T19:26:51.154352,3794.821824669,-2.4308157791889326e-18,0.0,5.685235823691026e-29,-2.4308157791889326e-18,True,2.4308157791889326e-18,0.0,INIT
2025-12-04T19:26:51.224966,3794.892438659,-9.563014886588662e-19,0.0,1.1640756865872184e-29,-9.563014886588662e-19,True,9.563014886588662e-19,0.0,INIT
2025-12-04T19:26:51.234441,3794.901922242,-9.563014886588662e-19,0.0,1.1640756865872184e-29,-9.563014886588662e-19,True,9.563014886588662e-19,0.0,INIT
2025-12-04T19:26:51.258481,3794.925954431,-2.0693926125891078e-18,0.0,4.324171646557824e-29,-2.0693926125891078e-18,True,2.0693926125891078e-18,0.0,INIT
2025-12-04T19:26:51.264271,3794.931749917,-1.1447949104740856e-18,0.0,1.5805457717341657e-29,-1.1447949104740856e-18,True,1.1447949104740856e-18,0.0,INIT
2025-12-04T19:26:51.274251,3794.941721101,-1.1447949104740856e-18,0.0,1.580545771734166e-29,-1.1447949104740856e-18,True,1.1447949104740856e-18,0.0,INIT
2025-12-04T19:26:51.284390,3794.951858855,-3.7986900604351584e-19,0.0,2.422967378223963e-30,-3.7986900604351584e-19,True,3.7986900604351584e-19,0.0,INIT
2025-12-04T19:26:51.294402,3794.96187524,-3.7986900604351584e-19,0.0,2.422967378223964e-30,-3.7986900604351584e-19,True,3.7986900604351584e-19,0.0,INIT
2025-12-04T19:26:51.521259,3795.188731879,-1.5373454311351393e-18,0.0,2.609044514270727e-29,-1.5373454311351393e-18,True,1.5373454311351393e-18,0.0,INIT
2025-12-04T19:26:51.668319,3795.335793575,-1.5373454311351393e-18,0.0,2.609044514270727e-29,-1.5373454311351393e-18,True,1.5373454311351393e-18,0.0,INIT
2025-12-04T19:26:51.940866,3795.608334944,6.283114060507318e-19,0.0,-5.699902261489111e-30,6.283114060507318e-19,True,6.283114060507318e-19,0.0,INIT
2025-12-04T19:26:52.073143,3795.74061144,6.283114060507318e-19,0.0,-5.69990226148911e-30,6.283114060507318e-19,True,6.283114060507318e-19,0.0,INIT
2025-12-04T19:26:52.539058,3796.206526558,2.0463353132844946e-19,0.0,-8.465070168572408e-31,2.0463353132844946e-19,True,2.0463353132844946e-19,0.0,INIT
2025-12-04T19:26:52.554360,3796.221832221,2.0463353132844946e-19,0.0,-8.46507016857241e-31,2.0463353132844946e-19,True,2.0463353132844946e-19,0.0,INIT
2025-12-04T19:26:52.635214,3796.302689119,2.0463353132844946e-19,0.0,-8.46507016857241e-31,2.0463353132844946e-19,True,2.0463353132844946e-19,0.0,INIT
2025-12-04T19:26:52.644923,3796.312392675,-7.141998459604187e-19,0.0,7.08701877099549e-30,-7.141998459604187e-19,True,7.141998459604187e-19,0.0,INIT
2025-12-04T19:26:52.654303,3796.321777086,-7.141998459604187e-19,0.0,7.08701877099549e-30,-7.141998459604187e-19,True,7.141998459604187e-19,0.0,INIT
2025-12-04T19:26:52.823664,3796.491139144,-7.8971250118303e-20,0.0,1.677518531017179e-31,-7.8971250118303e-20,True,7.8971250118303e-20,0.0,INIT
2025-12-04T19:26:52.861943,3796.529411588,-7.8971250118303e-20,0.0,1.6775185310171823e-31,-7.8971250118303e-20,True,7.8971250118303e-20,0.0,INIT
2025-12-04T19:26:52.864889,3796.53235881,-1.5275460789306781e-18,0.0,2.580835642618079e-29,-1.5275460789306781e-18,True,1.5275460789306781e-18,0.0,INIT
2025-12-04T19:26:52.894653,3796.562125095,-2.1402938079507957e-18,0.0,4.579043570028437e-29,-2.1402938079507957e-18,True,2.1402938079507957e-18,0.0,INIT
2025-12-04T19:26:52.904537,3796.572021739,-2.1402938079507957e-18,0.0,4.579043570028437e-29,-2.1402938079507957e-18,True,2.1402938079507957e-18,0.0,INIT
2025-12-04T19:26:52.926426,3796.59389404,-1.8342081596820447e-18,0.0,3.5223512375689843e-29,-1.8342081596820447e-18,True,1.8342081596820447e-18,0.0,INIT
2025-12-04T19:26:52.934418,3796.601892887,-1.0473778209120915e-18,0.0,1.3587693399506814e-29,-1.0473778209120915e-18,True,1.0473778209120915e-18,0.0,INIT
2025-12-04T19:26:52.944445,3796.611919575,-1.0473778209120915e-18,0.0,1.3587693399506814e-29,-1.0473778209120915e-18,True,1.0473778209120915e-18,0.0,INIT
2025-12-04T19:26:52.955438,3796.622910431,5.406936686931986e-19,0.0,-4.415574203501738e-30,5.406936686931986e-19,True,5.406936686931986e-19,0.0,INIT
2025-12-04T19:26:52.964515,3796.631988886,5.406936686931986e-19,0.0,-4.4155742035017386e-30,5.406936686931986e-19,True,5.406936686931986e-19,0.0,INIT
2025-12-04T19:26:52.974296,3796.641772376,5.406936686931986e-19,0.0,-4.4155742035017386e-30,5.406936686931986e-19,True,5.406936686931986e-19,0.0,INIT
2025-12-04T19:26:53.072892,3796.740366703,-1.7408260974983584e-19,0.0,6.430639520948223e-31,-1.7408260974983584e-19,True,1.7408260974983584e-19,0.0,INIT
2025-12-04T19:26:53.081378,3796.748851767,-1.7408260974983584e-19,0.0,6.43063952094822e-31,-1.7408260974983584e-19,True,1.7408260974983584e-19,0.0,INIT
2025-12-04T19:26:53.084222,3796.751692723,-1.7408260974983584e-19,0.0,6.43063952094822e-31,-1.7408260974983584e-19,True,1.7408260974983584e-19,0.0,INIT
2025-12-04T19:26:53.094201,3796.76167562,-1.7408260974983584e-19,0.0,6.43063952094822e-31,-1.7408260974983584e-19,True,1.7408260974983584e-19,0.0,INIT
2025-12-04T19:26:53.571624,3797.239098572,-8.634958589577946e-19,0.0,9.786162994733811e-30,-8.634958589577946e-19,True,8.634958589577946e-19,0.0,INIT
2025-12-04T19:26:53.592999,3797.260474547,-8.634958589577946e-19,0.0,9.786162994733811e-30,-8.634958589577946e-19,True,8.634958589577946e-19,0.0,INIT
2025-12-04T19:26:54.074969,3797.742441466,-8.634958589577946e-19,0.0,9.786162994733811e-30,-8.634958589577946e-19,True,8.634958589577946e-19,0.0,INIT
2025-12-04T19:26:54.091511,3797.758986909,-1.2871737336800773e-18,0.0,1.9290931168473079e-29,-1.2871737336800773e-18,True,1.2871737336800773e-18,0.0,INIT
2025-12-04T19:26:54.433524,3798.100998045,-1.2871737336800773e-18,0.0,1.9290931168473079e-29,-1.2871737336800773e-18,True,1.2871737336800773e-18,0.0,INIT
2025-12-04T19:26:54.505597,3798.173065424,-3.147321355079812e-19,0.0,1.7598265067364587e-30,-3.147321355079812e-19,True,3.147321355079812e-19,0.0,INIT
2025-12-04T19:26:54.533526,3798.200998701,-1.0485306858773222e-18,0.0,1.361312870685918e-29,-1.0485306858773222e-18,True,1.0485306858773222e-18,0.0,INIT
2025-12-04T19:26:54.538720,3798.206194086,-7.920182311134915e-19,0.0,8.44928205147392e-30,-7.920182311134915e-19,True,7.920182311134915e-19,0.0,INIT
2025-12-04T19:26:54.544341,3798.211807748,-7.920182311134915e-19,0.0,8.44928205147392e-30,-7.920182311134915e-19,True,7.920182311134915e-19,0.0,INIT
2025-12-04T19:26:54.554279,3798.221752194,-7.920182311134915e-19,0.0,8.44928205147392e-30,-7.920182311134915e-19,True,7.920182311134915e-19,0.0,INIT
2025-12-04T19:26:54.564121,3798.231588848,6.052541067461173e-20,0.0,-1.0672451027348151e-31,6.052541067461173e-20,True,6.052541067461173e-20,0.0,INIT
2025-12-04T19:26:54.574272,3798.241740631,6.052541067461173e-20,0.0,-1.0672451027348169e-31,6.052541067461173e-20,True,6.052541067461173e-20,0.0,INIT
2025-12-04T19:26:54.618017,3798.285489298,7.7184309422195415e-19,0.0,-8.086662967293226e-30,7.7184309422195415e-19,True,7.7184309422195415e-19,0.0,INIT
2025-12-04T19:26:55.332950,3799.000420918,7.7184309422195415e-19,0.0,-8.086662967293226e-30,7.7184309422195415e-19,True,7.7184309422195415e-19,0.0,INIT
2025-12-04T19:26:55.351322,3799.018794399,1.2681514617537706e-19,0.0,-3.7528475237630303e-31,1.2681514617537706e-19,True,1.2681514617537706e-19,0.0,INIT
2025-12-04T19:26:55.383964,3799.051436584,7.22269900717034e-19,0.0,-7.223691375030525e-30,7.22269900717034e-19,True,7.22269900717034e-19,0.0,INIT
2025-12-04T19:26:55.394533,3799.062015926,7.22269900717034e-19,0.0,-7.223691375030525e-30,7.22269900717034e-19,True,7.22269900717034e-19,0.0,INIT
2025-12-04T19:26:55.426042,3799.093513665,1.7316031777765124e-18,0.0,-3.19398035320068e-29,1.7316031777765124e-18,True,1.7316031777765124e-18,0.0,INIT
2025-12-04T19:26:55.434226,3799.10169428,1.7316031777765124e-18,0.0,-3.19398035320068e-29,1.7316031777765124e-18,True,1.7316031777765124e-18,0.0,INIT
2025-12-04T19:26:55.560050,3799.227519725,-2.3114942552875554e-19,0.0,1.0413285982126722e-30,-2.3114942552875554e-19,True,2.3114942552875554e-19,0.0,INIT
2025-12-04T19:26:55.569442,3799.236913201,-2.3114942552875554e-19,0.0,1.0413285982126743e-30,-2.3114942552875554e-19,True,2.3114942552875554e-19,0.0,INIT
2025-12-04T19:26:55.694768,3799.362241473,-1.7984693457598936e-18,0.0,3.4064747335629016e-29,-1.7984693457598936e-18,True,1.7984693457598936e-18,0.0,INIT
2025-12-04T19:26:55.719573,3799.387047143,1.95007108868773e-18,0.0,-3.908910785243571e-29,1.95007108868773e-18,True,1.95007108868773e-18,0.0,INIT
2025-12-04T19:26:55.724469,3799.391943156,1.95007108868773e-18,0.0,-3.908910785243571e-29,1.95007108868773e-18,True,1.95007108868773e-18,0.0,INIT
2025-12-04T19:26:55.734281,3799.401754262,1.95007108868773e-18,0.0,-3.908910785243571e-29,1.95007108868773e-18,True,1.95007108868773e-18,0.0,INIT
2025-12-04T19:26:55.771139,3799.438613113,9.22868404667176e-19,0.0,-1.095740279086567e-29,9.22868404667176e-19,True,9.22868404667176e-19,0.0,INIT
2025-12-04T19:26:55.775040,3799.442509814,9.22868404667176e-19,0.0,-1.0957402790865672e-29,9.22868404667176e-19,True,9.22868404667176e-19,0.0,INIT
2025-12-04T19:26:55.784494,3799.451974979,9.22868404667176e-19,0.0,-1.0957402790865672e-29,9.22868404667176e-19,True,9.22868404667176e-19,0.0,INIT
2025-12-04T19:26:55.794180,3799.461649679,1.6889471740629755e-19,0.0,-6.1082572174099234e-31,1.6889471740629755e-19,True,1.6889471740629755e-19,0.0,INIT
2025-12-04T19:26:55.804353,3799.471829969,1.6889471740629755e-19,0.0,-6.108257217409922e-31,1.6889471740629755e-19,True,1.6889471740629755e-19,0.0,INIT
2025-12-04T19:26:56.568134,3800.235603321,-1.0606357680122446e-18,0.0,1.3881380582524742e-29,-1.0606357680122446e-18,True,1.0606357680122446e-18,0.0,INIT
2025-12-04T19:26:56.594177,3800.261646288,-1.0606357680122446e-18,0.0,1.3881380582524742e-29,-1.0606357680122446e-18,True,1.0606357680122446e-18,0.0,INIT
2025-12-04T19:26:56.615170,3800.282637221,-1.0606357680122446e-18,0.0,1.3881380582524742e-29,-1.0606357680122446e-18,True,1.0606357680122446e-18,0.0,INIT
2025-12-04T19:26:56.625406,3800.292874951,-8.877060232276397e-20,0.0,2.0465746369167717e-31,-8.877060232276397e-20,True,8.877060232276397e-20,0.0,INIT
2025-12-04T19:26:56.634344,3800.301820308,-8.877060232276397e-20,0.0,2.0465746369167735e-31,-8.877060232276397e-20,True,8.877060232276397e-20,0.0,INIT
2025-12-04T19:26:56.644359,3800.311832173,-8.877060232276397e-20,0.0,2.0465746369167735e-31,-8.877060232276397e-20,True,8.877060232276397e-20,0.0,INIT
2025-12-04T19:26:56.654173,3800.32164415,-1.1984031313573133e-18,0.0,1.70842136553143e-29,-1.1984031313573133e-18,True,1.1984031313573133e-18,0.0,INIT
2025-12-04T19:26:56.664449,3800.331918763,-1.1984031313573133e-18,0.0,1.70842136553143e-29,-1.1984031313573133e-18,True,1.1984031313573133e-18,0.0,INIT
2025-12-04T19:26:56.674563,3800.34203996,1.233565512796846e-19,0.0,-3.5805173037863553e-31,1.233565512796846e-19,True,1.233565512796846e-19,0.0,INIT
2025-12-04T19:26:56.684647,3800.352122722,1.233565512796846e-19,0.0,-3.580517303786351e-31,1.233565512796846e-19,True,1.233565512796846e-19,0.0,INIT
2025-12-04T19:26:56.716416,3800.383891674,2.248086682199866e-19,0.0,-9.932354097658568e-31,2.248086682199866e-19,True,2.248086682199866e-19,0.0,INIT
2025-12-04T19:26:56.724367,3800.391840327,2.248086682199866e-19,0.0,-9.932354097658568e-31,2.248086682199866e-19,True,2.248086682199866e-19,0.0,INIT
2025-12-04T19:26:56.989291,3800.656767791,-2.2019720835906392e-19,0.0,9.588486898289138e-31,-2.2019720835906392e-19,True,2.2019720835906392e-19,0.0,INIT
2025-12-04T19:26:56.996502,3800.663972217,-2.2019720835906392e-19,0.0,9.588486898289138e-31,-2.2019720835906392e-19,True,2.2019720835906392e-19,0.0,INIT
2025-12-04T19:26:57.013105,3800.680574117,-6.582858951467298e-19,0.0,6.169851891894644e-30,-6.582858951467298e-19,True,6.582858951467298e-19,0.0,INIT
2025-12-04T19:26:57.014783,3800.682252224,-6.582858951467298e-19,0.0,6.169851891894644e-30,-6.582858951467298e-19,True,6.582858951467298e-19,0.0,INIT
2025-12-04T19:26:57.048829,3800.716303722,-8.877060232276394e-19,0.0,1.0257170806880561e-29,-8.877060232276394e-19,True,8.877060232276394e-19,0.0,INIT
2025-12-04T19:26:57.054378,3800.721852933,-8.877060232276394e-19,0.0,1.0257170806880561e-29,-8.877060232276394e-19,True,8.877060232276394e-19,0.0,INIT
2025-12-04T19:26:57.343919,3801.011390163,1.7120044733675915e-19,0.0,-6.250695256900342e-31,1.7120044733675915e-19,True,1.7120044733675915e-19,0.0,INIT
2025-12-04T19:26:57.560267,3801.227737994,-1.9368131415875773e-18,0.0,3.8638399965794495e-29,-1.9368131415875773e-18,True,1.9368131415875773e-18,0.0,INIT
2025-12-04T19:26:57.576126,3801.243605237,-1.9368131415875773e-18,0.0,3.8638399965794495e-29,-1.9368131415875773e-18,True,1.9368131415875773e-18,0.0,INIT
2025-12-04T19:26:57.778848,3801.446325276,-3.671874914259782e-19,0.0,2.2870696839823347e-30,-3.671874914259782e-19,True,3.671874914259782e-19,0.0,INIT
2025-12-04T19:26:57.976622,3801.644094699,-3.671874914259782e-19,0.0,2.2870696839823322e-30,-3.671874914259782e-19,True,3.671874914259782e-19,0.0,INIT
2025-12-04T19:26:58.092259,3801.75973525,1.6082466264968264e-19,0.0,-5.620429541165397e-31,1.6082466264968264e-19,True,1.6082466264968264e-19,0.0,INIT
2025-12-04T19:26:58.606409,3802.273877655,1.6082466264968264e-19,0.0,-5.620429541165396e-31,1.6082466264968264e-19,True,1.6082466264968264e-19,0.0,INIT
2025-12-04T19:26:58.805069,3802.472543787,6.917189791384195e-20,0.0,-1.3392155410740735e-31,6.917189791384195e-20,True,6.917189791384195e-20,0.0,INIT
2025-12-04T19:26:59.211921,3802.879394392,6.917189791384195e-20,0.0,-1.3392155410740735e-31,6.917189791384195e-20,True,6.917189791384195e-20,0.0,INIT
2025-12-04T19:27:00.118850,3803.786328533,-1.5459919183743698e-18,0.0,2.634039462679534e-29,-1.5459919183743698e-18,True,1.5459919183743698e-18,0.0,INIT
2025-12-04T19:27:00.137255,3803.804728456,-1.5459919183743698e-18,0.0,2.634039462679534e-29,-1.5459919183743698e-18,True,1.5459919183743698e-18,0.0,INIT
2025-12-04T19:27:00.228583,3803.896064212,1.2105082134922353e-19,0.0,-3.467489568783224e-31,1.2105082134922353e-19,True,1.2105082134922353e-19,0.0,INIT
2025-12-04T19:27:00.235267,3803.90273658,1.2105082134922353e-19,0.0,-3.467489568783251e-31,1.2105082134922353e-19,True,1.2105082134922353e-19,0.0,INIT
2025-12-04T19:27:00.244286,3803.911756305,1.4474219638471446e-18,0.0,-2.3549504508793787e-29,1.4474219638471446e-18,True,1.4474219638471446e-18,0.0,INIT
2025-12-04T19:27:00.254317,3803.921790734,1.4474219638471446e-18,0.0,-2.3549504508793787e-29,1.4474219638471446e-18,True,1.4474219638471446e-18,0.0,INIT
2025-12-04T19:27:00.264342,3803.931814992,1.4474219638471446e-18,0.0,-2.3549504508793787e-29,1.4474219638471446e-18,True,1.4474219638471446e-18,0.0,INIT
2025-12-04T19:27:00.331273,3803.998740721,-2.2054306784863306e-18,0.0,4.8184660557336507e-29,-2.2054306784863306e-18,True,2.2054306784863306e-18,0.0,INIT
2025-12-04T19:27:00.335396,3804.002861379,-2.2054306784863306e-18,0.0,4.81846605573365e-29,-2.2054306784863306e-18,True,2.2054306784863306e-18,0.0,INIT
2025-12-04T19:27:00.395623,3804.063090886,-4.045979595477144e-18,0.0,1.351793252475243e-28,-4.045979595477144e-18,True,4.045979595477144e-18,0.0,INIT
2025-12-04T19:27:00.405179,3804.07265068,1.8226795100297377e-18,0.0,-3.4847973974281174e-29,1.8226795100297377e-18,True,1.8226795100297377e-18,0.0,INIT
2025-12-04T19:27:00.414450,3804.081923687,1.8226795100297377e-18,0.0,-3.484797397428116e-29,1.8226795100297377e-18,True,1.8226795100297377e-18,0.0,INIT
2025-12-04T19:27:00.424122,3804.09159012,1.8226795100297377e-18,0.0,-3.484797397428116e-29,1.8226795100297377e-18,True,1.8226795100297377e-18,0.0,INIT
2025-12-04T19:27:00.434285,3804.101763111,2.161621809807564e-19,0.0,-9.291707231741824e-31,2.161621809807564e-19,True,2.161621809807564e-19,0.0,INIT
2025-12-04T19:27:00.444702,3804.112174544,2.161621809807564e-19,0.0,-9.291707231741805e-31,2.161621809807564e-19,True,2.161621809807564e-19,0.0,INIT
2025-12-04T19:27:00.454199,3804.121671396,1.7062401485414368e-19,0.0,-6.214959043839138e-31,1.7062401485414368e-19,True,1.7062401485414368e-19,0.0,INIT
2025-12-04T19:27:00.464615,3804.13209849,1.7062401485414368e-19,0.0,-6.214959043839138e-31,1.7062401485414368e-19,True,1.7062401485414368e-19,0.0,INIT
2025-12-04T19:27:00.875652,3804.543122407,-9.418906765934824e-19,0.0,1.1344121019923996e-29,-9.418906765934824e-19,True,9.418906765934824e-19,0.0,INIT
2025-12-04T19:27:00.896481,3804.563948472,-9.418906765934824e-19,0.0,1.1344121019923996e-29,-9.418906765934824e-19,True,9.418906765934824e-19,0.0,INIT
2025-12-04T19:27:00.905488,3804.572957656,-1.7177687981937439e-19,0.0,6.2865157961651635e-31,-1.7177687981937439e-19,True,1.7177687981937439e-19,0.0,INIT
2025-12-04T19:27:01.537384,3805.204859732,1.700475823715284e-19,0.0,-6.1793072423466736e-31,1.700475823715284e-19,True,1.700475823715284e-19,0.0,INIT
2025-12-04T19:27:01.555977,3805.223450722,1.700475823715284e-19,0.0,-6.1793072423466736e-31,1.700475823715284e-19,True,1.700475823715284e-19,0.0,INIT
2025-12-04T19:27:01.582180,3805.2496547,-2.1241536984375657e-18,0.0,4.5204961005162576e-29,-2.1241536984375657e-18,True,2.1241536984375657e-18,0.0,INIT
2025-12-04T19:27:01.584526,3805.251996379,-2.1241536984375657e-18,0.0,4.5204961005162576e-29,-2.1241536984375657e-18,True,2.1241536984375657e-18,0.0,INIT
2025-12-04T19:27:02.128305,3805.795780036,-3.715107350455933e-18,0.0,1.169287559520128e-28,-3.715107350455933e-18,True,3.715107350455933e-18,0.0,INIT
2025-12-04T19:27:02.149774,3805.817252531,-3.715107350455933e-18,0.0,1.169287559520128e-28,-3.715107350455933e-18,True,3.715107350455933e-18,0.0,INIT
2025-12-04T19:27:02.297581,3805.965055576,-3.715107350455933e-18,0.0,1.169287559520128e-28,-3.715107350455933e-18,True,3.715107350455933e-18,0.0,INIT
2025-12-04T19:27:02.832081,3806.499554902,-4.16184252448283e-19,0.0,2.829799060633859e-30,-4.16184252448283e-19,True,4.16184252448283e-19,0.0,INIT
2025-12-04T19:27:02.844037,3806.511510683,-4.16184252448283e-19,0.0,2.8297990606338573e-30,-4.16184252448283e-19,True,4.16184252448283e-19,0.0,INIT
2025-12-04T19:27:02.855481,3806.522952857,-4.16184252448283e-19,0.0,2.8297990606338573e-30,-4.16184252448283e-19,True,4.16184252448283e-19,0.0,INIT
2025-12-04T19:27:02.864341,3806.531810764,-1.0698586877340903e-18,0.0,1.4087207589212158e-29,-1.0698586877340903e-18,True,1.0698586877340903e-18,0.0,INIT
2025-12-04T19:27:02.874971,3806.542444024,-2.0693926125891097e-19,0.0,8.627856729833772e-31,-2.0693926125891097e-19,True,2.0693926125891097e-19,0.0,INIT
2025-12-04T19:27:02.884510,3806.551982556,-2.0693926125891097e-19,0.0,8.62785672983377e-31,-2.0693926125891097e-19,True,2.0693926125891097e-19,0.0,INIT
2025-12-04T19:27:02.894261,3806.561731804,8.450500195141036e-19,0.0,-9.433440438923464e-30,8.450500195141036e-19,True,8.450500195141036e-19,0.0,INIT
2025-12-04T19:27:02.904332,3806.571802395,8.450500195141036e-19,0.0,-9.433440438923464e-30,8.450500195141036e-19,True,8.450500195141036e-19,0.0,INIT
2025-12-04T19:27:02.914144,3806.581615326,-3.609620206137324e-18,0.0,1.113408595657465e-28,-3.609620206137324e-18,True,3.609620206137324e-18,0.0,INIT
2025-12-04T19:27:02.924362,3806.591834237,-3.609620206137324e-18,0.0,1.113408595657465e-28,-3.609620206137324e-18,True,3.609620206137324e-18,0.0,INIT
2025-12-04T19:27:03.362885,3807.030355335,-1.2197311332140812e-18,0.0,1.760430928424129e-29,-1.2197311332140812e-18,True,1.2197311332140812e-18,0.0,INIT
2025-12-04T19:27:03.383106,3807.050579141,-1.2197311332140812e-18,0.0,1.760430928424129e-29,-1.2197311332140812e-18,True,1.2197311332140812e-18,0.0,INIT
2025-12-04T19:27:03.494211,3807.161687148,-1.2197311332140812e-18,0.0,1.760430928424129e-29,-1.2197311332140812e-18,True,1.2197311332140812e-18,0.0,INIT
2025-12-04T19:27:03.505589,3807.173060986,-6.369578932899622e-19,0.0,5.833889983345852e-30,-6.369578932899622e-19,True,6.369578932899622e-19,0.0,INIT
2025-12-04T19:27:03.514431,3807.181902072,-6.369578932899622e-19,0.0,5.833889983345852e-30,-6.369578932899622e-19,True,6.369578932899622e-19,0.0,INIT
2025-12-04T19:27:03.524326,3807.191797408,-1.5644377578180603e-18,0.0,2.687689507493745e-29,-1.5644377578180603e-18,True,1.5644377578180603e-18,0.0,INIT
2025-12-04T19:27:03.534527,3807.201996972,-1.5644377578180603e-18,0.0,2.687689507493745e-29,-1.5644377578180603e-18,True,1.5644377578180603e-18,0.0,INIT
2025-12-04T19:27:03.544377,3807.211851162,-1.8912749754609643e-18,0.0,3.7106753041854614e-29,-1.8912749754609643e-18,True,1.8912749754609643e-18,0.0,INIT
2025-12-04T19:27:03.554436,3807.221907019,-1.8912749754609643e-18,0.0,3.7106753041854614e-29,-1.8912749754609643e-18,True,1.8912749754609643e-18,0.0,INIT
2025-12-04T19:27:03.565070,3807.23254284,-1.1937916714963908e-18,0.0,1.697260602559912e-29,-1.1937916714963908e-18,True,1.1937916714963908e-18,0.0,INIT
2025-12-04T19:27:03.574483,3807.241953986,-1.1937916714963908e-18,0.0,1.697260602559912e-29,-1.1937916714963908e-18,True,1.1937916714963908e-18,0.0,INIT
2025-12-04T19:27:04.115814,3807.783287992,-7.655023369131851e-19,0.0,7.974052483522283e-30,-7.655023369131851e-19,True,7.655023369131851e-19,0.0,INIT
2025-12-04T19:27:04.131554,3807.799026527,-7.655023369131851e-19,0.0,7.974052483522283e-30,-7.655023369131851e-19,True,7.655023369131851e-19,0.0,INIT
2025-12-04T19:27:04.166985,3807.834470833,-7.655023369131851e-19,0.0,7.974052483522283e-30,-7.655023369131851e-19,True,7.655023369131851e-19,0.0,INIT
2025-12-04T19:27:04.176718,3807.844190106,1.4987244547999108e-18,0.0,-2.4986018302589834e-29,1.4987244547999108e-18,True,1.4987244547999108e-18,0.0,INIT
2025-12-04T19:27:04.199875,3807.867352365,-2.934041336512133e-19,0.0,1.5619336889238827e-30,-2.934041336512133e-19,True,2.934041336512133e-19,0.0,INIT
2025-12-04T19:27:04.204637,3807.872114462,-2.934041336512133e-19,0.0,1.5619336889238844e-30,-2.934041336512133e-19,True,2.934041336512133e-19,0.0,INIT
2025-12-04T19:27:04.214515,3807.881992971,-1.3482755768373044e-18,0.0,2.087342612948827e-29,-1.3482755768373044e-18,True,1.3482755768373044e-18,0.0,INIT
2025-12-04T19:27:04.224496,3807.891976362,-1.3482755768373044e-18,0.0,2.087342612948827e-29,-1.3482755768373044e-18,True,1.3482755768373044e-18,0.0,INIT
2025-12-04T19:27:04.234496,3807.901967875,8.934703480537926e-20,0.0,-2.0692180069115117e-31,8.934703480537926e-20,True,8.934703480537926e-20,0.0,INIT
2025-12-04T19:27:04.244673,3807.912153666,8.934703480537926e-20,0.0,-2.0692180069115226e-31,8.934703480537926e-20,True,8.934703480537926e-20,0.0,INIT
2025-12-04T19:27:04.254404,3807.92187743,4.85356150362125e-19,0.0,-3.675131792471746e-30,4.85356150362125e-19,True,4.85356150362125e-19,0.0,INIT
2025-12-04T19:27:04.264366,3807.931839597,4.85356150362125e-19,0.0,-3.675131792471746e-30,4.85356150362125e-19,True,4.85356150362125e-19,0.0,INIT
2025-12-04T19:27:04.317155,3807.984624805,-2.7138441281530697e-18,0.0,6.855897789207923e-29,-2.7138441281530697e-18,True,2.7138441281530697e-18,0.0,INIT
2025-12-04T19:27:04.324713,3807.992186409,-2.7138441281530697e-18,0.0,6.855897789207923e-29,-2.7138441281530697e-18,True,2.7138441281530697e-18,0.0,INIT
2025-12-04T19:27:04.334401,3808.001873909,-2.7138441281530697e-18,0.0,6.855897789207923e-29,-2.7138441281530697e-18,True,2.7138441281530697e-18,0.0,INIT
2025-12-04T19:27:04.352530,3808.020012548,-6.444515155639617e-19,0.0,5.951047657939737e-30,-6.444515155639617e-19,True,6.444515155639617e-19,0.0,INIT
2025-12-04T19:27:04.356070,3808.023542051,-6.444515155639617e-19,0.0,5.951047657939742e-30,-6.444515155639617e-19,True,6.444515155639617e-19,0.0,INIT
2025-12-04T19:27:04.364524,3808.031997056,8.646487239230256e-19,0.0,-9.808384957495216e-30,8.646487239230256e-19,True,8.646487239230256e-19,0.0,INIT
2025-12-04T19:27:04.374487,3808.041955297,8.646487239230256e-19,0.0,-9.808384957495218e-30,8.646487239230256e-19,True,8.646487239230256e-19,0.0,INIT
2025-12-04T19:27:04.551042,3808.218510771,-1.2064731861139284e-18,0.0,1.7280251157798354e-29,-1.2064731861139284e-18,True,1.2064731861139284e-18,0.0,INIT
2025-12-04T19:27:04.984744,3808.652217791,-1.2064731861139284e-18,0.0,1.7280251157798354e-29,-1.2064731861139284e-18,True,1.2064731861139284e-18,0.0,INIT
2025-12-04T19:27:05.004134,3808.67161315,4.726746357445872e-20,0.0,-7.010127407891812e-32,4.726746357445872e-20,True,4.726746357445872e-20,0.0,INIT
2025-12-04T19:27:05.088533,3808.756019567,-1.3505813067677657e-18,0.0,2.093414619807041e-29,-1.3505813067677657e-18,True,1.3505813067677657e-18,0.0,INIT
2025-12-04T19:27:05.094281,3808.761751577,-1.3505813067677657e-18,0.0,2.093414619807041e-29,-1.3505813067677657e-18,True,1.3505813067677657e-18,0.0,INIT
2025-12-04T19:27:05.125152,3808.792623879,-1.1517121002654701e-18,0.0,1.5968152986823285e-29,-1.1517121002654701e-18,True,1.1517121002654701e-18,0.0,INIT
2025-12-04T19:27:05.134383,3808.801859895,-1.1517121002654701e-18,0.0,1.5968152986823285e-29,-1.1517121002654701e-18,True,1.1517121002654701e-18,0.0,INIT
2025-12-04T19:27:05.257190,3808.924662991,4.063849002438222e-19,0.0,-2.717464385967895e-30,4.063849002438222e-19,True,4.063849002438222e-19,0.0,INIT
2025-12-04T19:27:05.264490,3808.931968707,4.063849002438222e-19,0.0,-2.7174643859678956e-30,4.063849002438222e-19,True,4.063849002438222e-19,0.0,INIT
2025-12-04T19:27:05.286772,3808.954242723,1.6497497652451327e-18,0.0,-2.9415804616805845e-29,1.6497497652451327e-18,True,1.6497497652451327e-18,0.0,INIT
2025-12-04T19:27:05.294336,3808.961809883,1.6497497652451327e-18,0.0,-2.9415804616805845e-29,1.6497497652451327e-18,True,1.6497497652451327e-18,0.0,INIT
2025-12-04T19:27:05.304350,3808.971821521,1.6497497652451327e-18,0.0,-2.9415804616805845e-29,1.6497497652451327e-18,True,1.6497497652451327e-18,0.0,INIT
2025-12-04T19:27:05.336058,3809.003527336,2.680411044161379e-19,0.0,-1.3394064381249732e-30,2.680411044161379e-19,True,2.680411044161379e-19,0.0,INIT
2025-12-04T19:27:05.344454,3809.011934399,2.680411044161379e-19,0.0,-1.3394064381249751e-30,2.680411044161379e-19,True,2.680411044161379e-19,0.0,INIT
2025-12-04T19:27:05.354618,3809.022091183,-2.1535517550509488e-18,0.0,4.6273679799569533e-29,-2.1535517550509488e-18,True,2.1535517550509488e-18,0.0,INIT
2025-12-04T19:27:05.364479,3809.031950981,-2.1535517550509488e-18,0.0,4.6273679799569533e-29,-2.1535517550509488e-18,True,2.1535517550509488e-18,0.0,INIT
2025-12-04T19:27:05.565669,3809.233145383,-2.9686272854690546e-19,0.0,1.5933627194509738e-30,-2.9686272854690546e-19,True,2.9686272854690546e-19,0.0,INIT
2025-12-04T19:27:05.601558,3809.269030176,-7.389864427128793e-19,0.0,7.510208688135183e-30,-7.389864427128793e-19,True,7.389864427128793e-19,0.0,INIT
2025-12-04T19:27:05.604845,3809.272318305,-7.389864427128793e-19,0.0,7.510208688135183e-30,-7.389864427128793e-19,True,7.389864427128793e-19,0.0,INIT
2025-12-04T19:27:05.659810,3809.327283914,-1.6785713893758999e-18,0.0,3.0294772277828274e-29,-1.6785713893758999e-18,True,1.6785713893758999e-18,0.0,INIT
2025-12-04T19:27:05.664475,3809.331945995,-1.6785713893758999e-18,0.0,3.0294772277828274e-29,-1.6785713893758999e-18,True,1.6785713893758999e-18,0.0,INIT
2025-12-04T19:27:05.674467,3809.341938273,-1.6785713893758999e-18,0.0,3.0294772277828274e-29,-1.6785713893758999e-18,True,1.6785713893758999e-18,0.0,INIT
2025-12-04T19:27:05.684507,3809.35197863,6.848017893470362e-19,0.0,-6.598273471448483e-30,6.848017893470362e-19,True,6.848017893470362e-19,0.0,INIT
2025-12-04T19:27:05.694496,3809.361969074,6.848017893470362e-19,0.0,-6.59827347144848e-30,6.848017893470362e-19,True,6.848017893470362e-19,0.0,INIT
2025-12-04T19:27:05.704730,3809.372205387,-3.6776392390859337e-19,0.0,2.2931766767632673e-30,-3.6776392390859337e-19,True,3.6776392390859337e-19,0.0,INIT
2025-12-04T19:27:05.714390,3809.381864928,-3.6776392390859337e-19,0.0,2.2931766767632676e-30,-3.6776392390859337e-19,True,3.6776392390859337e-19,0.0,INIT
2025-12-04T19:27:05.724340,3809.391810374,-1.2543170821710022e-18,0.0,1.8461308383932594e-29,-1.2543170821710022e-18,True,1.2543170821710022e-18,0.0,INIT
2025-12-04T19:27:05.734610,3809.402092638,-1.2543170821710022e-18,0.0,1.8461308383932594e-29,-1.2543170821710022e-18,True,1.2543170821710022e-18,0.0,INIT
2025-12-04T19:27:05.744585,3809.412061566,8.963525104668697e-19,0.0,-1.0427592017468922e-29,8.963525104668697e-19,True,8.963525104668697e-19,0.0,INIT
2025-12-04T19:27:05.754398,3809.4218703,8.963525104668697e-19,0.0,-1.042759201746892e-29,8.963525104668697e-19,True,8.963525104668697e-19,0.0,INIT
2025-12-04T19:27:05.784897,3809.45236412,-2.038265258527879e-18,0.0,4.2141811288550234e-29,-2.038265258527879e-18,True,2.038265258527879e-18,0.0,INIT
2025-12-04T19:27:05.794385,3809.461854687,-2.038265258527879e-18,0.0,4.2141811288550234e-29,-2.038265258527879e-18,True,2.038265258527879e-18,0.0,INIT
2025-12-04T19:27:06.543857,3810.211326477,-7.176584408561113e-19,0.0,7.145461106400197e-30,-7.176584408561113e-19,True,7.176584408561113e-19,0.0,INIT
2025-12-04T19:27:06.561184,3810.228656251,-7.176584408561113e-19,0.0,7.145461106400198e-30,-7.176584408561113e-19,True,7.176584408561113e-19,0.0,INIT
2025-12-04T19:27:08.497807,3812.165279636,-7.176584408561113e-19,0.0,7.145461106400198e-30,-7.176584408561113e-19,True,7.176584408561113e-19,0.0,INIT
2025-12-04T19:27:08.540886,3812.208357483,-2.36913750354909e-19,0.0,1.085859060289164e-30,-2.36913750354909e-19,True,2.36913750354909e-19,0.0,INIT
2025-12-04T19:27:08.599443,3812.266914282,6.957540065167279e-19,0.0,-6.778673579511826e-30,6.957540065167279e-19,True,6.957540065167279e-19,0.0,INIT
2025-12-04T19:27:08.604248,3812.271718376,6.957540065167279e-19,0.0,-6.778673579511828e-30,6.957540065167279e-19,True,6.957540065167279e-19,0.0,INIT
2025-12-04T19:27:08.614262,3812.281730242,6.957540065167279e-19,0.0,-6.778673579511828e-30,6.957540065167279e-19,True,6.957540065167279e-19,0.0,INIT
2025-12-04T19:27:10.567692,3814.23516871,3.619995990824401e-19,0.0,-2.2324089581272673e-30,3.619995990824401e-19,True,3.619995990824401e-19,0.0,INIT
2025-12-04T19:27:10.605414,3814.272896186,3.619995990824401e-19,0.0,-2.2324089581272676e-30,3.619995990824401e-19,True,3.619995990824401e-19,0.0,INIT
2025-12-04T19:27:10.682212,3814.349684102,-1.5361925661699088e-18,0.0,2.605719271341337e-29,-1.5361925661699088e-18,True,1.5361925661699088e-18,0.0,INIT
2025-12-04T19:27:10.687697,3814.355166466,-1.5361925661699088e-18,0.0,2.605719271341337e-29,-1.5361925661699088e-18,True,1.5361925661699088e-18,0.0,INIT
2025-12-04T19:27:10.694379,3814.361847409,-9.914638700984026e-19,0.0,1.2377721932126697e-29,-9.914638700984026e-19,True,9.914638700984026e-19,0.0,INIT
2025-12-04T19:27:10.704397,3814.371867567,-9.914638700984026e-19,0.0,1.2377721932126698e-29,-9.914638700984026e-19,True,9.914638700984026e-19,0.0,INIT
2025-12-04T19:27:10.714459,3814.381933462,-4.421237141659738e-19,0.0,3.1361330618699266e-30,-4.421237141659738e-19,True,4.421237141659738e-19,0.0,INIT
2025-12-04T19:27:10.724799,3814.392271059,-4.421237141659738e-19,0.0,3.1361330618699266e-30,-4.421237141659738e-19,True,4.421237141659738e-19,0.0,INIT
2025-12-04T19:27:10.734286,3814.401754719,-1.33271189980669e-18,0.0,2.0465467638970916e-29,-1.33271189980669e-18,True,1.33271189980669e-18,0.0,INIT
2025-12-04T19:27:10.744436,3814.411907376,-1.33271189980669e-18,0.0,2.0465467638970916e-29,-1.33271189980669e-18,True,1.33271189980669e-18,0.0,INIT
2025-12-04T19:27:10.754612,3814.422092893,2.211771435795099e-18,0.0,-4.84204053553823e-29,2.211771435795099e-18,True,2.211771435795099e-18,0.0,INIT
2025-12-04T19:27:10.764582,3814.432056575,2.211771435795099e-18,0.0,-4.84204053553823e-29,2.211771435795099e-18,True,2.211771435795099e-18,0.0,INIT
2025-12-04T19:27:10.774454,3814.44192664,-7.885596362177992e-19,0.0,8.386654031768753e-30,-7.885596362177992e-19,True,7.885596362177992e-19,0.0,INIT
2025-12-04T19:27:10.784453,3814.451925817,-7.885596362177992e-19,0.0,8.38665403176875e-30,-7.885596362177992e-19,True,7.885596362177992e-19,0.0,INIT
2025-12-04T19:27:10.794674,3814.462148391,-7.885596362177992e-19,0.0,8.38665403176875e-30,-7.885596362177992e-19,True,7.885596362177992e-19,0.0,INIT
2025-12-04T19:27:10.804367,3814.471838158,-7.885596362177992e-19,0.0,8.38665403176875e-30,-7.885596362177992e-19,True,7.885596362177992e-19,0.0,INIT
2025-12-04T19:27:10.814427,3814.481901483,-4.334772269267435e-19,0.0,3.0325829660456092e-30,-4.334772269267435e-19,True,4.334772269267435e-19,0.0,INIT
2025-12-04T19:27:10.824575,3814.492058886,-4.334772269267435e-19,0.0,3.032582966045609e-30,-4.334772269267435e-19,True,4.334772269267435e-19,0.0,INIT
2025-12-04T19:27:10.836719,3814.504192054,1.4157181773033004e-18,0.0,-2.267934869874938e-29,1.4157181773033004e-18,True,1.4157181773033004e-18,0.0,INIT
2025-12-04T19:27:10.844515,3814.511986603,1.4157181773033004e-18,0.0,-2.2679348698749384e-29,1.4157181773033004e-18,True,1.4157181773033004e-18,0.0,INIT
2025-12-04T19:27:10.854377,3814.521847057,1.3719093086245318e-19,0.0,-4.289663140986904e-31,1.3719093086245318e-19,True,1.3719093086245318e-19,0.0,INIT
2025-12-04T19:27:10.864263,3814.531732495,1.3719093086245318e-19,0.0,-4.289663140986913e-31,1.3719093086245318e-19,True,1.3719093086245318e-19,0.0,INIT
2025-12-04T19:27:11.051557,3814.719033057,2.824519164815215e-19,0.0,-1.4641167133350072e-30,2.824519164815215e-19,True,2.824519164815215e-19,0.0,INIT
2025-12-04T19:27:11.064328,3814.731800825,2.824519164815215e-19,0.0,-1.4641167133350072e-30,2.824519164815215e-19,True,2.824519164815215e-19,0.0,INIT
2025-12-04T19:27:11.074699,3814.742170747,-8.329449373791813e-19,0.0,9.204870909533777e-30,-8.329449373791813e-19,True,8.329449373791813e-19,0.0,INIT
2025-12-04T19:27:11.084352,3814.751825604,1.0819637698690127e-18,0.0,-1.4359245664370002e-29,1.0819637698690127e-18,True,1.0819637698690127e-18,0.0,INIT
2025-12-04T19:27:11.094398,3814.761869761,1.0819637698690127e-18,0.0,-1.4359245664370002e-29,1.0819637698690127e-18,True,1.0819637698690127e-18,0.0,INIT
2025-12-04T19:27:11.558525,3815.225999283,-2.2377108975127898e-18,0.0,4.938974285131766e-29,-2.2377108975127898e-18,True,2.2377108975127898e-18,0.0,INIT
2025-12-04T19:27:11.577120,3815.244595178,-2.2377108975127898e-18,0.0,4.9389742851317667e-29,-2.2377108975127898e-18,True,2.2377108975127898e-18,0.0,INIT
2025-12-04T19:27:11.589100,3815.256573008,-2.0227015814972645e-18,0.0,4.159624123255751e-29,-2.0227015814972645e-18,True,2.0227015814972645e-18,0.0,INIT
2025-12-04T19:27:11.594248,3815.261715791,9.516900287979436e-19,0.0,-1.1545490460081623e-29,9.516900287979436e-19,True,9.516900287979436e-19,0.0,INIT
2025-12-04T19:27:11.604417,3815.27188905,9.516900287979436e-19,0.0,-1.1545490460081625e-29,9.516900287979436e-19,True,9.516900287979436e-19,0.0,INIT
2025-12-04T19:27:11.639127,3815.30660165,1.876287730912965e-18,0.0,-3.6608256873456854e-29,1.876287730912965e-18,True,1.876287730912965e-18,0.0,INIT
2025-12-04T19:27:11.644362,3815.311840179,1.876287730912965e-18,0.0,-3.6608256873456854e-29,1.876287730912965e-18,True,1.876287730912965e-18,0.0,INIT
2025-12-04T19:27:11.669623,3815.33709403,4.092670626568976e-20,0.0,-5.487588724065411e-32,4.092670626568976e-20,True,4.092670626568976e-20,0.0,INIT
2025-12-04T19:27:11.674428,3815.341898134,4.092670626568976e-20,0.0,-5.487588724065566e-32,4.092670626568976e-20,True,4.092670626568976e-20,0.0,INIT
2025-12-04T19:27:11.684368,3815.351844906,-1.1142439888954723e-18,0.0,1.5095118061509747e-29,-1.1142439888954723e-18,True,1.1142439888954723e-18,0.0,INIT
2025-12-04T19:27:11.694409,3815.361881088,-1.1142439888954723e-18,0.0,1.5095118061509747e-29,-1.1142439888954723e-18,True,1.1142439888954723e-18,0.0,INIT
2025-12-04T19:27:11.704425,3815.371895859,1.3033138431933072e-18,0.0,-1.9703950971803833e-29,1.3033138431933072e-18,True,1.3033138431933072e-18,0.0,INIT
2025-12-04T19:27:11.714529,3815.382015372,1.3033138431933072e-18,0.0,-1.9703950971803835e-29,1.3033138431933072e-18,True,1.3033138431933072e-18,0.0,INIT
2025-12-04T19:27:11.724430,3815.391905014,-4.686396083662799e-19,0.0,3.4625518839593074e-30,-4.686396083662799e-19,True,4.686396083662799e-19,0.0,INIT
2025-12-04T19:27:11.734434,3815.401905913,-4.686396083662799e-19,0.0,3.462551883959308e-30,-4.686396083662799e-19,True,4.686396083662799e-19,0.0,INIT
2025-12-04T19:27:11.744345,3815.411815998,8.012411508353367e-20,0.0,-1.7193627861646098e-31,8.012411508353367e-20,True,8.012411508353367e-20,0.0,INIT
2025-12-04T19:27:11.754569,3815.422043747,8.012411508353367e-20,0.0,-1.719362786164612e-31,8.012411508353367e-20,True,8.012411508353367e-20,0.0,INIT
2025-12-04T19:27:11.793176,3815.460653388,-6.110184315722714e-19,0.0,5.435785779606332e-30,-6.110184315722714e-19,True,6.110184315722714e-19,0.0,INIT
2025-12-04T19:27:11.795798,3815.463265131,-6.110184315722714e-19,0.0,5.435785779606332e-30,-6.110184315722714e-19,True,6.110184315722714e-19,0.0,INIT
2025-12-04T19:27:11.804475,3815.471949969,-6.110184315722714e-19,0.0,5.435785779606332e-30,-6.110184315722714e-19,True,6.110184315722714e-19,0.0,INIT
2025-12-04T19:27:11.842106,3815.509583845,-5.614452380673514e-19,0.0,4.7075244995415446e-30,-5.614452380673514e-19,True,5.614452380673514e-19,0.0,INIT
2025-12-04T19:27:11.844869,3815.512339722,-5.614452380673514e-19,0.0,4.7075244995415446e-30,-5.614452380673514e-19,True,5.614452380673514e-19,0.0,INIT
2025-12-04T19:27:11.862839,3815.530310981,1.896462867804502e-19,0.0,-7.438329090427016e-31,1.896462867804502e-19,True,1.896462867804502e-19,0.0,INIT
2025-12-04T19:27:11.864835,3815.532298019,1.896462867804502e-19,0.0,-7.438329090427015e-31,1.896462867804502e-19,True,1.896462867804502e-19,0.0,INIT
2025-12-04T19:27:11.875181,3815.542657362,2.2077364084167916e-19,0.0,-9.631197261555131e-31,2.2077364084167916e-19,True,2.2077364084167916e-19,0.0,INIT
2025-12-04T19:27:11.884348,3815.55181738,2.2077364084167916e-19,0.0,-9.631197261555131e-31,2.2077364084167916e-19,True,2.2077364084167916e-19,0.0,INIT
2025-12-04T19:27:11.894593,3815.56206752,-1.8561125940214284e-19,0.0,7.1712909708486964e-31,-1.8561125940214284e-19,True,1.8561125940214284e-19,0.0,INIT
2025-12-04T19:27:11.904422,3815.571893119,-1.8561125940214284e-19,0.0,7.171290970848697e-31,-1.8561125940214284e-19,True,1.8561125940214284e-19,0.0,INIT
2025-12-04T19:27:11.921288,3815.58876291,-1.6566669550365169e-18,0.0,2.962578458519805e-29,-1.6566669550365169e-18,True,1.6566669550365169e-18,0.0,INIT
2025-12-04T19:27:11.924460,3815.591936202,-1.6566669550365169e-18,0.0,2.962578458519805e-29,-1.6566669550365169e-18,True,1.6566669550365169e-18,0.0,INIT
2025-12-04T19:27:11.934314,3815.601785579,-1.8906985429783488e-19,0.0,7.399934856191299e-31,-1.8906985429783488e-19,True,1.8906985429783488e-19,0.0,INIT
2025-12-04T19:27:11.944499,3815.61197156,-1.8906985429783488e-19,0.0,7.399934856191315e-31,-1.8906985429783488e-19,True,1.8906985429783488e-19,0.0,INIT
2025-12-04T19:27:11.966246,3815.633722898,-2.634296445552151e-19,0.0,1.3004686951575587e-30,-2.634296445552151e-19,True,2.634296445552151e-19,0.0,INIT
2025-12-04T19:27:12.024219,3815.691698794,-2.651589420030612e-19,0.0,1.3150149071855327e-30,-2.651589420030612e-19,True,2.651589420030612e-19,0.0,INIT
2025-12-04T19:27:12.034751,3815.70222762,-2.651589420030612e-19,0.0,1.3150149071855327e-30,-2.651589420030612e-19,True,2.651589420030612e-19,0.0,INIT
2025-12-04T19:27:12.044252,3815.711722328,-2.1696918645641787e-18,0.0,4.686479345268774e-29,-2.1696918645641787e-18,True,2.1696918645641787e-18,0.0,INIT
2025-12-04T19:27:12.054423,3815.721900423,-2.1696918645641787e-18,0.0,4.686479345268774e-29,-2.1696918645641787e-18,True,2.1696918645641787e-18,0.0,INIT
2025-12-04T19:27:12.064488,3815.731959055,7.839481763568771e-20,0.0,-1.6567558259153218e-31,7.839481763568771e-20,True,7.839481763568771e-20,0.0,INIT
2025-12-04T19:27:12.074464,3815.741935187,7.839481763568771e-20,0.0,-1.6567558259153424e-31,7.839481763568771e-20,True,7.839481763568771e-20,0.0,INIT
2025-12-04T19:27:12.084332,3815.751801817,-1.5171702942436022e-18,0.0,2.5511051919140486e-29,-1.5171702942436022e-18,True,1.5171702942436022e-18,0.0,INIT
2025-12-04T19:27:12.094520,3815.7619985,-1.5171702942436022e-18,0.0,2.5511051919140486e-29,-1.5171702942436022e-18,True,1.5171702942436022e-18,0.0,INIT
2025-12-04T19:27:12.192659,3815.860133651,1.3315590348414593e-19,0.0,-4.077394455584156e-31,1.3315590348414593e-19,True,1.3315590348414593e-19,0.0,INIT
2025-12-04T19:27:12.196790,3815.864259713,1.3315590348414593e-19,0.0,-4.077394455584155e-31,1.3315590348414593e-19,True,1.3315590348414593e-19,0.0,INIT
2025-12-04T19:27:12.265327,3815.932800384,-8.202634227616439e-19,0.0,8.9678986683585e-30,-8.202634227616439e-19,True,8.202634227616439e-19,0.0,INIT
2025-12-04T19:27:12.274526,3815.941998547,-8.202634227616439e-19,0.0,8.9678986683585e-30,-8.202634227616439e-19,True,8.202634227616439e-19,0.0,INIT
2025-12-04T19:27:12.506582,3816.174058394,-1.6295746283535953e-18,0.0,2.8806880872405344e-29,-1.6295746283535953e-18,True,1.6295746283535953e-18,0.0,INIT
2025-12-04T19:27:12.518617,3816.186091032,-1.164970047365623e-18,0.0,1.6281900454456388e-29,-1.164970047365623e-18,True,1.164970047365623e-18,0.0,INIT
2025-12-04T19:27:12.524582,3816.192060924,-1.164970047365623e-18,0.0,1.6281900454456388e-29,-1.164970047365623e-18,True,1.164970047365623e-18,0.0,INIT
2025-12-04T19:27:12.639989,3816.307461074,-1.3085017355368464e-19,0.0,3.958095963819112e-31,-1.3085017355368464e-19,True,1.3085017355368464e-19,0.0,INIT
2025-12-04T19:27:12.650115,3816.317582748,-1.3085017355368464e-19,0.0,3.958095963819108e-31,-1.3085017355368464e-19,True,1.3085017355368464e-19,0.0,INIT
2025-12-04T19:27:12.666703,3816.33417429,-6.346521633595006e-19,0.0,5.7980346236488356e-30,-6.346521633595006e-19,True,6.346521633595006e-19,0.0,INIT
2025-12-04T19:27:12.676786,3816.34425829,-8.208398552442587e-19,0.0,8.978614885664599e-30,-8.208398552442587e-19,True,8.208398552442587e-19,0.0,INIT
2025-12-04T19:27:12.684439,3816.351910247,-8.208398552442587e-19,0.0,8.978614885664599e-30,-8.208398552442587e-19,True,8.208398552442587e-19,0.0,INIT
2025-12-04T19:27:12.694304,3816.361776761,-8.208398552442587e-19,0.0,8.978614885664599e-30,-8.208398552442587e-19,True,8.208398552442587e-19,0.0,INIT
2025-12-04T19:27:12.704494,3816.371968293,-3.40671597225672e-19,0.0,2.013451068493188e-30,-3.40671597225672e-19,True,3.40671597225672e-19,0.0,INIT
2025-12-04T19:27:12.714321,3816.381795822,-3.40671597225672e-19,0.0,2.0134510684931875e-30,-3.40671597225672e-19,True,3.40671597225672e-19,0.0,INIT
2025-12-04T19:27:12.747457,3816.414931343,-2.1126250487852588e-18,0.0,4.47886658974475e-29,-2.1126250487852588e-18,True,2.1126250487852588e-18,0.0,INIT
2025-12-04T19:27:12.754324,3816.421793464,-2.1126250487852588e-18,0.0,4.47886658974475e-29,-2.1126250487852588e-18,True,2.1126250487852588e-18,0.0,INIT
2025-12-04T19:27:12.808078,3816.475549912,-1.6647370097931314e-18,0.0,2.987153797123261e-29,-1.6647370097931314e-18,True,1.6647370097931314e-18,0.0,INIT
2025-12-04T19:27:12.814332,3816.48179905,-1.6647370097931314e-18,0.0,2.987153797123261e-29,-1.6647370097931314e-18,True,1.6647370097931314e-18,0.0,INIT
2025-12-04T19:27:12.850369,3816.517841761,-6.3407573087690415e-21,0.0,2.30467625321267e-33,-6.3407573087690415e-21,True,6.3407573087690415e-21,0.0,INIT
2025-12-04T19:27:12.854609,3816.522080966,-6.3407573087690415e-21,0.0,2.304676253212619e-33,-6.3407573087690415e-21,True,6.3407573087690415e-21,0.0,INIT
2025-12-04T19:27:13.163589,3816.8310674,-3.6292189105462455e-18,0.0,1.1237051858339678e-28,-3.6292189105462455e-18,True,3.6292189105462455e-18,0.0,INIT
2025-12-04T19:27:13.184465,3816.851935263,-3.6292189105462455e-18,0.0,1.1237051858339678e-28,-3.6292189105462455e-18,True,3.6292189105462455e-18,0.0,INIT
2025-12-04T19:27:13.194644,3816.862115507,-8.882824557102548e-19,0.0,1.0268496230979415e-29,-8.882824557102548e-19,True,8.882824557102548e-19,0.0,INIT
2025-12-04T19:27:13.204475,3816.871950002,-8.882824557102548e-19,0.0,1.0268496230979408e-29,-8.882824557102548e-19,True,8.882824557102548e-19,0.0,INIT
2025-12-04T19:27:13.214235,3816.881707321,-7.090119536168807e-19,0.0,6.999726185477439e-30,-7.090119536168807e-19,True,7.090119536168807e-19,0.0,INIT
2025-12-04T19:27:13.224611,3816.892089497,-7.090119536168807e-19,0.0,6.999726185477439e-30,-7.090119536168807e-19,True,7.090119536168807e-19,0.0,INIT
2025-12-04T19:27:13.234272,3816.901744756,-2.190443433938345e-20,0.0,1.896157798126878e-32,-2.190443433938345e-20,True,2.190443433938345e-20,0.0,INIT
2025-12-04T19:27:13.244327,3816.911799375,-2.190443433938345e-20,0.0,1.8961577981269142e-32,-2.190443433938345e-20,True,2.190443433938345e-20,0.0,INIT
2025-12-04T19:27:13.254764,3816.922239314,-2.190443433938345e-20,0.0,1.8961577981269142e-32,-2.190443433938345e-20,True,2.190443433938345e-20,0.0,INIT
2025-12-04T19:27:13.264485,3816.931955733,-2.1794912167686395e-18,0.0,4.722518998343596e-29,-2.1794912167686395e-18,True,2.1794912167686395e-18,0.0,INIT
2025-12-04T19:27:13.274478,3816.941948446,-2.1794912167686395e-18,0.0,4.722518998343596e-29,-2.1794912167686395e-18,True,2.1794912167686395e-18,0.0,INIT
2025-12-04T19:27:13.284376,3816.951844907,-1.5333104037568318e-18,0.0,2.597413805315774e-29,-1.5333104037568318e-18,True,1.5333104037568318e-18,0.0,INIT
2025-12-04T19:27:13.294463,3816.961934135,-1.5333104037568318e-18,0.0,2.597413805315774e-29,-1.5333104037568318e-18,True,1.5333104037568318e-18,0.0,INIT
2025-12-04T19:27:13.308014,3816.97548587,-2.6319907156216896e-18,0.0,6.508087815695751e-29,-2.6319907156216896e-18,True,2.6319907156216896e-18,0.0,INIT
2025-12-04T19:27:13.314540,3816.982021106,-2.6319907156216896e-18,0.0,6.508087815695751e-29,-2.6319907156216896e-18,True,2.6319907156216896e-18,0.0,INIT
2025-12-04T19:27:13.324403,3816.991876606,4.323243619615123e-20,0.0,-6.023466647864563e-32,4.323243619615123e-20,True,4.323243619615123e-20,0.0,INIT
2025-12-04T19:27:13.334403,3817.001872931,4.323243619615123e-20,0.0,-6.02346664786407e-32,4.323243619615123e-20,True,4.323243619615123e-20,0.0,INIT
2025-12-04T19:27:13.344382,3817.011853738,-1.638221115592826e-18,0.0,2.906720592161508e-29,-1.638221115592826e-18,True,1.638221115592826e-18,0.0,INIT
2025-12-04T19:27:13.354368,3817.021838192,-1.638221115592826e-18,0.0,2.906720592161508e-29,-1.638221115592826e-18,True,1.638221115592826e-18,0.0,INIT
2025-12-04T19:27:13.610828,3817.278299,-2.3599145838272444e-18,0.0,5.406219657998433e-29,-2.3599145838272444e-18,True,2.3599145838272444e-18,0.0,INIT
2025-12-04T19:27:13.620956,3817.288430316,-2.3599145838272444e-18,0.0,5.406219657998433e-29,-2.3599145838272444e-18,True,2.3599145838272444e-18,0.0,INIT
2025-12-04T19:27:14.107802,3817.775274817,-3.6661105894336296e-19,0.0,2.2809693984982665e-30,-3.6661105894336296e-19,True,3.6661105894336296e-19,0.0,INIT
2025-12-04T19:27:14.132326,3817.799803459,-3.6661105894336296e-19,0.0,2.2809693984982623e-30,-3.6661105894336296e-19,True,3.6661105894336296e-19,0.0,INIT
2025-12-04T19:27:14.716170,3818.383645831,-1.6929822014412843e-18,0.0,3.0738245245938113e-29,-1.6929822014412843e-18,True,1.6929822014412843e-18,0.0,INIT
2025-12-04T19:27:14.730225,3818.397696071,-1.6929822014412843e-18,0.0,3.0738245245938113e-29,-1.6929822014412843e-18,True,1.6929822014412843e-18,0.0,INIT
2025-12-04T19:27:14.823241,3818.490718462,-1.6929822014412843e-18,0.0,3.0738245245938113e-29,-1.6929822014412843e-18,True,1.6929822014412843e-18,0.0,INIT
2025-12-04T19:27:14.828247,3818.495727841,-7.574322821565703e-19,0.0,7.831671868429844e-30,-7.574322821565703e-19,True,7.574322821565703e-19,0.0,INIT
2025-12-04T19:27:14.858434,3818.525913659,8.646487239230252e-20,0.0,-1.957030087639781e-31,8.646487239230252e-20,True,8.646487239230252e-20,0.0,INIT
2025-12-04T19:27:14.864445,3818.531915213,8.646487239230252e-20,0.0,-1.9570300876397828e-31,8.646487239230252e-20,True,8.646487239230252e-20,0.0,INIT
2025-12-04T19:27:14.874366,3818.541841984,8.756009410927172e-19,0.0,-1.0020527351075884e-29,8.756009410927172e-19,True,8.756009410927172e-19,0.0,INIT
2025-12-04T19:27:14.884562,3818.5520322,8.756009410927172e-19,0.0,-1.0020527351075884e-29,8.756009410927172e-19,True,8.756009410927172e-19,0.0,INIT
2025-12-04T19:27:14.894433,3818.561910921,1.9483417912398847e-19,0.0,-7.7875482897246845e-31,1.9483417912398847e-19,True,1.9483417912398847e-19,0.0,INIT
2025-12-04T19:27:14.904408,3818.571884051,1.9483417912398847e-19,0.0,-7.7875482897246845e-31,1.9483417912398847e-19,True,1.9483417912398847e-19,0.0,INIT
2025-12-04T19:27:14.914384,3818.581852263,1.9483417912398847e-19,0.0,-7.7875482897246845e-31,1.9483417912398847e-19,True,1.9483417912398847e-19,0.0,INIT
2025-12-04T19:27:14.924462,3818.591933084,-5.937254570938108e-19,0.0,5.176850748554958e-30,-5.937254570938108e-19,True,5.937254570938108e-19,0.0,INIT
2025-12-04T19:27:14.934317,3818.601787361,-5.937254570938108e-19,0.0,5.176850748554958e-30,-5.937254570938108e-19,True,5.937254570938108e-19,0.0,INIT
2025-12-04T19:27:15.039977,3818.707450572,-1.1419127480610092e-18,0.0,1.573787061814489e-29,-1.1419127480610092e-18,True,1.1419127480610092e-18,0.0,INIT
2025-12-04T19:27:16.053993,3819.721466515,-1.1419127480610092e-18,0.0,1.573787061814489e-29,-1.1419127480610092e-18,True,1.1419127480610092e-18,0.0,INIT
2025-12-04T19:27:16.123866,3819.791346035,2.622767795899847e-19,0.0,-1.290808262085943e-30,2.622767795899847e-19,True,2.622767795899847e-19,0.0,INIT
2025-12-04T19:27:16.161437,3819.828911006,-8.807888334362553e-19,0.0,1.0121667451707805e-29,-8.807888334362553e-19,True,8.807888334362553e-19,0.0,INIT
2025-12-04T19:27:16.164464,3819.831933678,-8.807888334362553e-19,0.0,1.0121667451707805e-29,-8.807888334362553e-19,True,8.807888334362553e-19,0.0,INIT
2025-12-04T19:27:16.174589,3819.842065627,-8.807888334362553e-19,0.0,1.0121667451707805e-29,-8.807888334362553e-19,True,8.807888334362553e-19,0.0,INIT
2025-12-04T19:27:16.184470,3819.85194399,-1.5413804585134468e-18,0.0,2.620696611640386e-29,-1.5413804585134468e-18,True,1.5413804585134468e-18,0.0,INIT
2025-12-04T19:27:16.194577,3819.862054453,-1.5413804585134468e-18,0.0,2.620696611640386e-29,-1.5413804585134468e-18,True,1.5413804585134468e-18,0.0,INIT
2025-12-04T19:27:16.221200,3819.888672016,-1.309654600502076e-18,0.0,1.986719333964602e-29,-1.309654600502076e-18,True,1.309654600502076e-18,0.0,INIT
2025-12-04T19:27:16.224412,3819.891883971,-1.309654600502076e-18,0.0,1.986719333964602e-29,-1.309654600502076e-18,True,1.309654600502076e-18,0.0,INIT
2025-12-04T19:27:16.234501,3819.90197028,-1.309654600502076e-18,0.0,1.986719333964602e-29,-1.309654600502076e-18,True,1.309654600502076e-18,0.0,INIT
2025-12-04T19:27:16.244465,3819.911935517,5.274357215930457e-19,0.0,-4.233097017816565e-30,5.274357215930457e-19,True,5.274357215930457e-19,0.0,INIT
2025-12-04T19:27:16.254365,3819.921832236,5.274357215930457e-19,0.0,-4.233097017816565e-30,5.274357215930457e-19,True,5.274357215930457e-19,0.0,INIT
2025-12-04T19:27:16.368577,3820.036051974,-1.2825622738191544e-18,0.0,1.9173587876031707e-29,-1.2825622738191544e-18,True,1.2825622738191544e-18,0.0,INIT
2025-12-04T19:27:16.374488,3820.041959504,-1.2825622738191544e-18,0.0,1.9173587876031707e-29,-1.2825622738191544e-18,True,1.2825622738191544e-18,0.0,INIT
2025-12-04T19:27:16.384368,3820.051839983,-1.2825622738191544e-18,0.0,1.9173587876031707e-29,-1.2825622738191544e-18,True,1.2825622738191544e-18,0.0,INIT
2025-12-04T19:27:17.995441,3821.662918473,-2.3345515545921695e-19,0.0,1.0590486273981084e-30,-2.3345515545921695e-19,True,2.3345515545921695e-19,0.0,INIT
2025-12-04T19:27:18.029240,3821.696710801,-2.3345515545921695e-19,0.0,1.0590486273981072e-30,-2.3345515545921695e-19,True,2.3345515545921695e-19,0.0,INIT
2025-12-04T19:27:19.085249,3822.752726117,-1.597870841809751e-18,0.0,2.786062445774757e-29,-1.597870841809751e-18,True,1.597870841809751e-18,0.0,INIT
2025-12-04T19:27:19.113309,3822.780779167,-1.597870841809751e-18,0.0,2.786062445774757e-29,-1.597870841809751e-18,True,1.597870841809751e-18,0.0,INIT
2025-12-04T19:27:19.162106,3822.829574565,-1.597870841809751e-18,0.0,2.786062445774757e-29,-1.597870841809751e-18,True,1.597870841809751e-18,0.0,INIT
2025-12-04T19:27:19.167281,3822.834756817,-3.8448046590443856e-19,0.0,2.4731831552434754e-30,-3.8448046590443856e-19,True,3.8448046590443856e-19,0.0,INIT
2025-12-04T19:27:19.174381,3822.841850578,-3.8448046590443856e-19,0.0,2.473183155243473e-30,-3.8448046590443856e-19,True,3.8448046590443856e-19,0.0,INIT
2025-12-04T19:27:19.184355,3822.851828455,-3.8448046590443856e-19,0.0,2.473183155243473e-30,-3.8448046590443856e-19,True,3.8448046590443856e-19,0.0,INIT
2025-12-04T19:27:19.566159,3823.233628192,-1.8330552947168155e-19,0.0,7.0205068299296285e-31,-1.8330552947168155e-19,True,1.8330552947168155e-19,0.0,INIT
2025-12-04T19:27:19.584247,3823.251718305,-1.8330552947168155e-19,0.0,7.020506829929629e-31,-1.8330552947168155e-19,True,1.8330552947168155e-19,0.0,INIT
2025-12-04T19:27:19.617255,3823.284727219,-1.6387975480754411e-18,0.0,2.908459520217503e-29,-1.6387975480754411e-18,True,1.6387975480754411e-18,0.0,INIT
2025-12-04T19:27:23.231028,3826.898498687,-2.3506916641053987e-18,0.0,5.370350592541508e-29,-2.3506916641053987e-18,True,2.3506916641053987e-18,0.0,INIT
2025-12-04T19:27:23.280087,3826.947569397,-2.3506916641053987e-18,0.0,5.370350592541508e-29,-2.3506916641053987e-18,True,2.3506916641053987e-18,0.0,INIT
2025-12-04T19:27:23.455442,3827.122912772,-2.3506916641053987e-18,0.0,5.370350592541508e-29,-2.3506916641053987e-18,True,2.3506916641053987e-18,0.0,INIT
2025-12-04T19:27:23.572239,3827.239709453,1.8474661067821978e-18,0.0,-3.5657428478064444e-29,1.8474661067821978e-18,True,1.8474661067821978e-18,0.0,INIT
2025-12-04T19:27:23.582345,3827.249816272,1.8474661067821978e-18,0.0,-3.565742847806444e-29,1.8474661067821978e-18,True,1.8474661067821978e-18,0.0,INIT
2025-12-04T19:27:23.585068,3827.252536999,-3.154814977353812e-18,0.0,8.855755633131918e-29,-3.154814977353812e-18,True,3.154814977353812e-18,0.0,INIT
2025-12-04T19:27:23.594607,3827.262079635,-3.154814977353812e-18,0.0,8.855755633131917e-29,-3.154814977353812e-18,True,3.154814977353812e-18,0.0,INIT
2025-12-04T19:27:23.604322,3827.271794286,-7.136234134778038e-19,0.0,7.077297602096923e-30,-7.136234134778038e-19,True,7.136234134778038e-19,0.0,INIT
2025-12-04T19:27:23.614586,3827.282060142,-7.136234134778038e-19,0.0,7.077297602096922e-30,-7.136234134778038e-19,True,7.136234134778038e-19,0.0,INIT
2025-12-04T19:27:23.624393,3827.291867195,-4.1387852251782155e-19,0.0,2.8031989216902976e-30,-4.1387852251782155e-19,True,4.1387852251782155e-19,0.0,INIT
2025-12-04T19:27:23.634418,3827.301888581,-4.1387852251782155e-19,0.0,2.8031989216902973e-30,-4.1387852251782155e-19,True,4.1387852251782155e-19,0.0,INIT
2025-12-04T19:27:23.644385,3827.311857267,-3.222257577819807e-19,0.0,1.831649769405464e-30,-3.222257577819807e-19,True,3.222257577819807e-19,0.0,INIT
2025-12-04T19:27:23.654590,3827.322067848,-3.222257577819807e-19,0.0,1.831649769405464e-30,-3.222257577819807e-19,True,3.222257577819807e-19,0.0,INIT
2025-12-04T19:27:23.665222,3827.33270292,5.764324826154822e-22,0.0,-3.9105906918778047e-35,5.764324826154822e-22,True,5.764324826154822e-22,0.0,INIT
2025-12-04T19:27:23.674399,3827.341872333,5.764324826154822e-22,0.0,-3.91059069187377e-35,5.764324826154822e-22,True,5.764324826154822e-22,0.0,INIT
2025-12-04T19:27:23.684648,3827.352121603,5.764324826154822e-22,0.0,-3.91059069187377e-35,5.764324826154822e-22,True,5.764324826154822e-22,0.0,INIT
2025-12-04T19:27:23.694488,3827.36196168,-1.5327339712742167e-18,0.0,2.595754022441062e-29,-1.5327339712742167e-18,True,1.5327339712742167e-18,0.0,INIT
2025-12-04T19:27:23.704535,3827.37201438,-1.5327339712742167e-18,0.0,2.595754022441062e-29,-1.5327339712742167e-18,True,1.5327339712742167e-18,0.0,INIT
2025-12-04T19:27:23.714443,3827.381915486,-6.467572454944228e-19,0.0,5.9872889641649154e-30,-6.467572454944228e-19,True,6.467572454944228e-19,0.0,INIT
2025-12-04T19:27:23.724583,3827.392056636,-6.467572454944228e-19,0.0,5.987288964164915e-30,-6.467572454944228e-19,True,6.467572454944228e-19,0.0,INIT
2025-12-04T19:27:23.734570,3827.402046438,2.7841688910321414e-19,0.0,-1.4287376339213499e-30,2.7841688910321414e-19,True,2.7841688910321414e-19,0.0,INIT
2025-12-04T19:27:23.744482,3827.411957245,2.7841688910321414e-19,0.0,-1.4287376339213504e-30,2.7841688910321414e-19,True,2.7841688910321414e-19,0.0,INIT
2025-12-04T19:27:23.754574,3827.422049906,-5.672095628935047e-19,0.0,4.789983633905163e-30,-5.672095628935047e-19,True,5.672095628935047e-19,0.0,INIT
2025-12-04T19:27:23.764525,3827.432033599,-5.672095628935047e-19,0.0,4.789983633905163e-30,-5.672095628935047e-19,True,5.672095628935047e-19,0.0,INIT
2025-12-04T19:27:23.774310,3827.44178031,2.219265058069099e-19,0.0,-9.716852323447318e-31,2.219265058069099e-19,True,2.219265058069099e-19,0.0,INIT
2025-12-04T19:27:23.784459,3827.451933687,2.219265058069099e-19,0.0,-9.716852323447314e-31,2.219265058069099e-19,True,2.219265058069099e-19,0.0,INIT
2025-12-04T19:27:23.794386,3827.461860003,4.634517160227414e-19,0.0,-3.3976422232371786e-30,4.634517160227414e-19,True,4.634517160227414e-19,0.0,INIT
2025-12-04T19:27:23.804831,3827.472304198,4.634517160227414e-19,0.0,-3.3976422232371786e-30,4.634517160227414e-19,True,4.634517160227414e-19,0.0,INIT
2025-12-04T19:27:23.919946,3827.587417585,-4.801682580185869e-19,0.0,3.608600995607348e-30,-4.801682580185869e-19,True,4.801682580185869e-19,0.0,INIT
2025-12-04T19:27:23.927588,3827.595058105,-4.801682580185869e-19,0.0,3.6086009956073486e-30,-4.801682580185869e-19,True,4.801682580185869e-19,0.0,INIT
2025-12-04T19:27:24.162358,3827.829841273,-8.473557494445648e-20,0.0,1.8909577754785885e-31,-8.473557494445648e-20,True,8.473557494445648e-20,0.0,INIT
2025-12-04T19:27:24.175819,3827.843289905,-8.473557494445648e-20,0.0,1.8909577754785885e-31,-8.473557494445648e-20,True,8.473557494445648e-20,0.0,INIT
2025-12-04T19:27:24.184844,3827.852313299,2.0290423388060336e-19,0.0,-8.34381930028117e-31,2.0290423388060336e-19,True,2.0290423388060336e-19,0.0,INIT
2025-12-04T19:27:24.194280,3827.86175247,-9.52842893763174e-19,0.0,1.1569276837402834e-29,-9.52842893763174e-19,True,9.52842893763174e-19,0.0,INIT
2025-12-04T19:27:24.204418,3827.871891432,-9.52842893763174e-19,0.0,1.1569276837402834e-29,-9.52842893763174e-19,True,9.52842893763174e-19,0.0,INIT
2025-12-04T19:27:24.214533,3827.882023088,-9.52842893763174e-19,0.0,1.1569276837402834e-29,-9.52842893763174e-19,True,9.52842893763174e-19,0.0,INIT
2025-12-04T19:27:24.326762,3827.994238902,-4.4385301161381905e-20,0.0,6.299072326833728e-32,-4.4385301161381905e-20,True,4.4385301161381905e-20,0.0,INIT
2025-12-04T19:27:24.339043,3828.006515739,5.00343394910124e-19,0.0,-3.870133043551633e-30,5.00343394910124e-19,True,5.00343394910124e-19,0.0,INIT
2025-12-04T19:27:24.344257,3828.011731074,5.00343394910124e-19,0.0,-3.870133043551633e-30,5.00343394910124e-19,True,5.00343394910124e-19,0.0,INIT
2025-12-04T19:27:24.360240,3828.027716571,5.274357215930456e-19,0.0,-4.233097017816564e-30,5.274357215930456e-19,True,5.274357215930456e-19,0.0,INIT
2025-12-04T19:27:24.364175,3828.03164271,5.274357215930456e-19,0.0,-4.233097017816564e-30,5.274357215930456e-19,True,5.274357215930456e-19,0.0,INIT
2025-12-04T19:27:25.419687,3829.087166874,-1.6099759239446733e-18,0.0,2.8220386204321045e-29,-1.6099759239446733e-18,True,1.6099759239446733e-18,0.0,INIT
2025-12-04T19:27:25.452068,3829.119535352,-1.6099759239446733e-18,0.0,2.8220386204321045e-29,-1.6099759239446733e-18,True,1.6099759239446733e-18,0.0,INIT
2025-12-04T19:27:25.573420,3829.240892911,-1.6099759239446733e-18,0.0,2.8220386204321045e-29,-1.6099759239446733e-18,True,1.6099759239446733e-18,0.0,INIT
2025-12-04T19:27:25.782828,3829.450303616,-1.9079915174568098e-19,0.0,7.515362815200023e-31,-1.9079915174568098e-19,True,1.9079915174568098e-19,0.0,INIT
2025-12-04T19:27:25.799466,3829.466936928,-9.28056297010714e-19,0.0,1.106232342107974e-29,-9.28056297010714e-19,True,9.28056297010714e-19,0.0,INIT
2025-12-04T19:27:25.950673,3829.61814247,-2.9628629606428974e-19,0.0,1.5881066507324928e-30,-2.9628629606428974e-19,True,2.9628629606428974e-19,0.0,INIT
2025-12-04T19:27:25.960180,3829.627658253,-2.9628629606428974e-19,0.0,1.5881066507324935e-30,-2.9628629606428974e-19,True,2.9628629606428974e-19,0.0,INIT
2025-12-04T19:27:26.120418,3829.787889377,-2.9628629606428974e-19,0.0,1.5881066507324935e-30,-2.9628629606428974e-19,True,2.9628629606428974e-19,0.0,INIT
2025-12-04T19:27:26.130486,3829.79795626,-3.089678106818276e-19,0.0,1.7053852589296557e-30,-3.089678106818276e-19,True,3.089678106818276e-19,0.0,INIT
2025-12-04T19:27:26.134855,3829.80232584,-2.0572875304541853e-18,0.0,4.281258920497675e-29,-2.0572875304541853e-18,True,2.0572875304541853e-18,0.0,INIT
2025-12-04T19:27:26.144636,3829.812107192,-2.0572875304541853e-18,0.0,4.281258920497675e-29,-2.0572875304541853e-18,True,2.0572875304541853e-18,0.0,INIT
2025-12-04T19:27:26.276976,3829.94444673,5.383879387627372e-19,0.0,-4.3836114416003205e-30,5.383879387627372e-19,True,5.383879387627372e-19,0.0,INIT
2025-12-04T19:27:26.284720,3829.952188511,5.383879387627372e-19,0.0,-4.38361144160032e-30,5.383879387627372e-19,True,5.383879387627372e-19,0.0,INIT
2025-12-04T19:27:26.294351,3829.961826635,4.686396083662798e-19,0.0,-3.462551883959307e-30,4.686396083662798e-19,True,4.686396083662798e-19,0.0,INIT
2025-12-04T19:27:26.304418,3829.971888403,4.686396083662798e-19,0.0,-3.462551883959307e-30,4.686396083662798e-19,True,4.686396083662798e-19,0.0,INIT
2025-12-04T19:27:26.314740,3829.982209032,2.9398056613382813e-20,0.0,-3.12688321764471e-32,2.9398056613382813e-20,True,2.9398056613382813e-20,0.0,INIT
2025-12-04T19:27:26.324341,3829.991810886,2.9398056613382813e-20,0.0,-3.1268832176446897e-32,2.9398056613382813e-20,True,2.9398056613382813e-20,0.0,INIT
2025-12-04T19:27:26.337789,3830.005263617,2.9398056613382813e-20,0.0,-3.1268832176446897e-32,2.9398056613382813e-20,True,2.9398056613382813e-20,0.0,INIT
2025-12-04T19:27:26.344379,3830.011851794,4.553816612661262e-20,0.0,-6.579735223177565e-32,4.553816612661262e-20,True,4.553816612661262e-20,0.0,INIT
2025-12-04T19:27:26.354500,3830.021973986,4.553816612661262e-20,0.0,-6.579735223177565e-32,4.553816612661262e-20,True,4.553816612661262e-20,0.0,INIT
2025-12-04T19:27:26.370104,3830.037576927,-2.0186665541189562e-18,0.0,4.1455275261142503e-29,-2.0186665541189562e-18,True,2.0186665541189562e-18,0.0,INIT
2025-12-04T19:27:26.374378,3830.041850795,-2.0186665541189562e-18,0.0,4.1455275261142503e-29,-2.0186665541189562e-18,True,2.0186665541189562e-18,0.0,INIT
2025-12-04T19:27:26.384394,3830.051870264,-7.724195267045693e-19,0.0,8.096932511861922e-30,-7.724195267045693e-19,True,7.724195267045693e-19,0.0,INIT
2025-12-04T19:27:26.394423,3830.061894896,-7.724195267045693e-19,0.0,8.096932511861925e-30,-7.724195267045693e-19,True,7.724195267045693e-19,0.0,INIT
2025-12-04T19:27:26.404477,3830.071949946,-1.6180459787012885e-18,0.0,2.846128234713574e-29,-1.6180459787012885e-18,True,1.6180459787012885e-18,0.0,INIT
2025-12-04T19:27:26.414451,3830.081924456,-1.6180459787012885e-18,0.0,2.846128234713574e-29,-1.6180459787012885e-18,True,1.6180459787012885e-18,0.0,INIT
2025-12-04T19:27:26.424329,3830.091799427,6.041012417808872e-19,0.0,-5.3315875201084194e-30,6.041012417808872e-19,True,6.041012417808872e-19,0.0,INIT
2025-12-04T19:27:26.434696,3830.102166179,6.041012417808872e-19,0.0,-5.33158752010842e-30,6.041012417808872e-19,True,6.041012417808872e-19,0.0,INIT
2025-12-04T19:27:26.444449,3830.111923573,1.585189327192214e-19,0.0,-5.484132533616171e-31,1.585189327192214e-19,True,1.585189327192214e-19,0.0,INIT
2025-12-04T19:27:26.454742,3830.122217261,1.585189327192214e-19,0.0,-5.484132533616172e-31,1.585189327192214e-19,True,1.585189327192214e-19,0.0,INIT
2025-12-04T19:27:26.464426,3830.13190275,-1.7396732325331274e-18,0.0,3.2193267813104976e-29,-1.7396732325331274e-18,True,1.7396732325331274e-18,0.0,INIT
2025-12-04T19:27:26.474533,3830.142021809,-1.7396732325331274e-18,0.0,3.2193267813104976e-29,-1.7396732325331274e-18,True,1.7396732325331274e-18,0.0,INIT
2025-12-04T19:27:26.484542,3830.152027204,2.553595897986002e-19,0.0,-1.2334702998933667e-30,2.553595897986002e-19,True,2.553595897986002e-19,0.0,INIT
2025-12-04T19:27:26.494408,3830.161879076,2.553595897986002e-19,0.0,-1.2334702998933644e-30,2.553595897986002e-19,True,2.553595897986002e-19,0.0,INIT
2025-12-04T19:27:26.504301,3830.171776829,-1.4843136427345268e-18,0.0,2.4578968837422284e-29,-1.4843136427345268e-18,True,1.4843136427345268e-18,0.0,INIT
2025-12-04T19:27:26.514469,3830.181943645,-1.4843136427345268e-18,0.0,2.457896883742228e-29,-1.4843136427345268e-18,True,1.4843136427345268e-18,0.0,INIT
2025-12-04T19:27:26.701058,3830.3685333,2.0175136891537268e-19,0.0,-8.263385953943404e-31,2.0175136891537268e-19,True,2.0175136891537268e-19,0.0,INIT
2025-12-04T19:27:26.725975,3830.393445513,2.0175136891537268e-19,0.0,-8.263385953943421e-31,2.0175136891537268e-19,True,2.0175136891537268e-19,0.0,INIT
2025-12-04T19:27:26.848329,3830.515805877,-5.049548547710468e-19,0.0,3.9309664996066256e-30,-5.049548547710468e-19,True,5.049548547710468e-19,0.0,INIT
2025-12-04T19:27:26.856002,3830.523467505,-1.4987244547999108e-18,0.0,2.4986018302589836e-29,-1.4987244547999108e-18,True,1.4987244547999108e-18,0.0,INIT
2025-12-04T19:27:26.864610,3830.53207813,-1.4987244547999108e-18,0.0,2.4986018302589836e-29,-1.4987244547999108e-18,True,1.4987244547999108e-18,0.0,INIT
2025-12-04T19:27:26.903359,3830.570834009,-8.352506673096427e-19,0.0,9.248229905567055e-30,-8.352506673096427e-19,True,8.352506673096427e-19,0.0,INIT
2025-12-04T19:27:26.905231,3830.572701199,-8.352506673096427e-19,0.0,9.248229905567056e-30,-8.352506673096427e-19,True,8.352506673096427e-19,0.0,INIT
2025-12-04T19:27:26.914291,3830.581761754,3.885154932827462e-19,0.0,-2.517469318526385e-30,3.885154932827462e-19,True,3.885154932827462e-19,0.0,INIT
2025-12-04T19:27:26.924577,3830.592051433,3.885154932827462e-19,0.0,-2.5174693185263845e-30,3.885154932827462e-19,True,3.885154932827462e-19,0.0,INIT
2025-12-04T19:27:26.934520,3830.602011976,-4.628752835401264e-19,0.0,3.390461281642214e-30,-4.628752835401264e-19,True,4.628752835401264e-19,0.0,INIT
2025-12-04T19:27:26.944563,3830.612041855,-4.628752835401264e-19,0.0,3.390461281642214e-30,-4.628752835401264e-19,True,4.628752835401264e-19,0.0,INIT
2025-12-04T19:27:26.954351,3830.621823672,-1.2595049745145405e-18,0.0,1.8591302289501642e-29,-1.2595049745145405e-18,True,1.2595049745145405e-18,0.0,INIT
2025-12-04T19:27:26.964324,3830.631795909,-1.2595049745145405e-18,0.0,1.859130228950164e-29,-1.2595049745145405e-18,True,1.2595049745145405e-18,0.0,INIT
2025-12-04T19:27:27.152642,3830.820120417,-1.2819858413365391e-18,0.0,1.915894069767675e-29,-1.2819858413365391e-18,True,1.2819858413365391e-18,0.0,INIT
2025-12-04T19:27:27.160804,3830.828272926,-1.2819858413365391e-18,0.0,1.915894069767675e-29,-1.2819858413365391e-18,True,1.2819858413365391e-18,0.0,INIT
2025-12-04T19:27:27.205462,3830.872928952,2.236558032547559e-19,0.0,-9.845919841327707e-31,2.236558032547559e-19,True,2.236558032547559e-19,0.0,INIT
2025-12-04T19:27:27.214664,3830.882134473,2.236558032547559e-19,0.0,-9.845919841327698e-31,2.236558032547559e-19,True,2.236558032547559e-19,0.0,INIT
2025-12-04T19:27:27.224195,3830.891662715,6.490629754248844e-19,0.0,-6.023620825221966e-30,6.490629754248844e-19,True,6.490629754248844e-19,0.0,INIT
2025-12-04T19:27:27.234321,3830.901791745,6.490629754248844e-19,0.0,-6.023620825221966e-30,6.490629754248844e-19,True,6.490629754248844e-19,0.0,INIT
2025-12-04T19:27:27.249271,3830.916742179,1.771953451559587e-18,0.0,-3.321535738061539e-29,1.771953451559587e-18,True,1.771953451559587e-18,0.0,INIT
2025-12-04T19:27:27.254357,3830.921824423,1.771953451559587e-18,0.0,-3.321535738061539e-29,1.771953451559587e-18,True,1.771953451559587e-18,0.0,INIT
2025-12-04T19:27:27.437265,3831.104738601,1.0375784687076315e-19,0.0,-2.6681216133089345e-31,1.0375784687076315e-19,True,1.0375784687076315e-19,0.0,INIT
2025-12-04T19:27:27.450202,3831.117674704,1.0375784687076315e-19,0.0,-2.6681216133089607e-31,1.0375784687076315e-19,True,1.0375784687076315e-19,0.0,INIT
2025-12-04T19:27:27.454275,3831.121746003,-2.6100862812823064e-18,0.0,6.416279486724886e-29,-2.6100862812823064e-18,True,2.6100862812823064e-18,0.0,INIT
2025-12-04T19:27:27.464318,3831.131787444,-2.6100862812823064e-18,0.0,6.416279486724886e-29,-2.6100862812823064e-18,True,2.6100862812823064e-18,0.0,INIT
2025-12-04T19:27:27.474250,3831.141719409,-1.4658678032908357e-18,0.0,2.4061969641310556e-29,-1.4658678032908357e-18,True,1.4658678032908357e-18,0.0,INIT
2025-12-04T19:27:27.484412,3831.151882342,-1.4658678032908357e-18,0.0,2.4061969641310556e-29,-1.4658678032908357e-18,True,1.4658678032908357e-18,0.0,INIT
2025-12-04T19:27:27.494333,3831.161812227,-7.574322821565706e-19,0.0,7.831671868429846e-30,-7.574322821565706e-19,True,7.574322821565706e-19,0.0,INIT
2025-12-04T19:27:27.504477,3831.171951818,-7.574322821565706e-19,0.0,7.831671868429848e-30,-7.574322821565706e-19,True,7.574322821565706e-19,0.0,INIT
2025-12-04T19:27:27.514793,3831.182263309,-1.4635620733603746e-18,0.0,2.3997663191937067e-29,-1.4635620733603746e-18,True,1.4635620733603746e-18,0.0,INIT
2025-12-04T19:27:27.524421,3831.191896553,-1.4635620733603746e-18,0.0,2.3997663191937067e-29,-1.4635620733603746e-18,True,1.4635620733603746e-18,0.0,INIT
2025-12-04T19:27:27.534467,3831.201938785,-1.4635620733603746e-18,0.0,2.3997663191937067e-29,-1.4635620733603746e-18,True,1.4635620733603746e-18,0.0,INIT
2025-12-04T19:27:27.544197,3831.211669572,-1.041613496085938e-18,0.0,1.3460810848053292e-29,-1.041613496085938e-18,True,1.041613496085938e-18,0.0,INIT
2025-12-04T19:27:27.554329,3831.221798044,-1.041613496085938e-18,0.0,1.3460810848053292e-29,-1.041613496085938e-18,True,1.041613496085938e-18,0.0,INIT
2025-12-04T19:27:27.564345,3831.231815268,-1.3361704947023823e-18,0.0,2.0555838455273482e-29,-1.3361704947023823e-18,True,1.3361704947023823e-18,0.0,INIT
2025-12-04T19:27:27.574517,3831.241992132,-1.3361704947023823e-18,0.0,2.0555838455273482e-29,-1.3361704947023823e-18,True,1.3361704947023823e-18,0.0,INIT
2025-12-04T19:27:27.594985,3831.262455191,2.3057299304614e-19,0.0,-1.036917842307866e-30,2.3057299304614e-19,True,2.3057299304614e-19,0.0,INIT
2025-12-04T19:27:27.604355,3831.271826646,-5.378115062801218e-19,0.0,4.3756356957823126e-30,-5.378115062801218e-19,True,5.378115062801218e-19,0.0,INIT
2025-12-04T19:27:27.614605,3831.282077236,-5.378115062801218e-19,0.0,4.3756356957823126e-30,-5.378115062801218e-19,True,5.378115062801218e-19,0.0,INIT
2025-12-04T19:27:27.626364,3831.293834394,-2.5651245476383093e-18,0.0,6.22951707962145e-29,-2.5651245476383093e-18,True,2.5651245476383093e-18,0.0,INIT
2025-12-04T19:27:27.634418,3831.301891052,-2.5651245476383093e-18,0.0,6.22951707962145e-29,-2.5651245476383093e-18,True,2.5651245476383093e-18,0.0,INIT
2025-12-04T19:27:27.644509,3831.311981183,-2.5651245476383093e-18,0.0,6.22951707962145e-29,-2.5651245476383093e-18,True,2.5651245476383093e-18,0.0,INIT
2025-12-04T19:27:28.164287,3831.831759351,1.0341198738119388e-18,0.0,-1.3296597057596206e-29,1.0341198738119388e-18,True,1.0341198738119388e-18,0.0,INIT
2025-12-04T19:27:28.221387,3831.888859346,5.118720445624311e-19,0.0,-4.0229478615575945e-30,5.118720445624311e-19,True,5.118720445624311e-19,0.0,INIT
2025-12-04T19:27:28.225097,3831.89256643,-5.5913950813689e-19,0.0,4.674706085032546e-30,-5.5913950813689e-19,True,5.5913950813689e-19,0.0,INIT
2025-12-04T19:27:28.256764,3831.924235884,-5.003433949101239e-19,0.0,3.8701330435516314e-30,-5.003433949101239e-19,True,5.003433949101239e-19,0.0,INIT
2025-12-04T19:27:28.264281,3831.931748052,-5.003433949101239e-19,0.0,3.8701330435516314e-30,-5.003433949101239e-19,True,5.003433949101239e-19,0.0,INIT
2025-12-04T19:27:28.280924,3831.948395864,-2.1483638627074106e-18,0.0,4.608433552250374e-29,-2.1483638627074106e-18,True,2.1483638627074106e-18,0.0,INIT
2025-12-04T19:27:28.284327,3831.951800981,-2.1483638627074106e-18,0.0,4.608433552250374e-29,-2.1483638627074106e-18,True,2.1483638627074106e-18,0.0,INIT
2025-12-04T19:27:28.326736,3831.994213199,-3.6430532901290135e-19,0.0,2.2566353928694543e-30,-3.6430532901290135e-19,True,3.6430532901290135e-19,0.0,INIT
2025-12-04T19:27:28.334340,3832.001814678,-3.6430532901290135e-19,0.0,2.256635392869453e-30,-3.6430532901290135e-19,True,3.6430532901290135e-19,0.0,INIT
2025-12-04T19:27:28.582749,3832.250219113,1.9039564900785023e-18,0.0,-3.753072357502845e-29,1.9039564900785023e-18,True,1.9039564900785023e-18,0.0,INIT
2025-12-04T19:27:28.594092,3832.261563861,1.9039564900785023e-18,0.0,-3.753072357502845e-29,1.9039564900785023e-18,True,1.9039564900785023e-18,0.0,INIT
2025-12-04T19:27:28.605319,3832.272791413,-1.4433869364688372e-18,0.0,2.3438008851232672e-29,-1.4433869364688372e-18,True,1.4433869364688372e-18,0.0,INIT
2025-12-04T19:27:28.614331,3832.281804542,-1.5044887796260643e-18,0.0,2.514960825909598e-29,-1.5044887796260643e-18,True,1.5044887796260643e-18,0.0,INIT
2025-12-04T19:27:28.624567,3832.292039481,-1.5044887796260643e-18,0.0,2.514960825909598e-29,-1.5044887796260643e-18,True,1.5044887796260643e-18,0.0,INIT
2025-12-04T19:27:28.634339,3832.301810244,-1.5044887796260643e-18,0.0,2.514960825909598e-29,-1.5044887796260643e-18,True,1.5044887796260643e-18,0.0,INIT
2025-12-04T19:27:28.852849,3832.5203189,-6.940247090688818e-19,0.0,6.750056219629801e-30,-6.940247090688818e-19,True,6.940247090688818e-19,0.0,INIT
2025-12-04T19:27:28.866415,3832.533886261,-6.940247090688818e-19,0.0,6.750056219629801e-30,-6.940247090688818e-19,True,6.940247090688818e-19,0.0,INIT
2025-12-04T19:27:28.956251,3832.623729291,5.239771266973533e-19,0.0,-4.1860167682487646e-30,5.239771266973533e-19,True,5.239771266973533e-19,0.0,INIT
2025-12-04T19:27:28.964679,3832.63214887,5.239771266973533e-19,0.0,-4.186016768248764e-30,5.239771266973533e-19,True,5.239771266973533e-19,0.0,INIT
2025-12-04T19:27:28.997521,3832.664992125,-5.545280482759671e-19,0.0,4.609353164789882e-30,-5.545280482759671e-19,True,5.545280482759671e-19,0.0,INIT
2025-12-04T19:27:29.004410,3832.671881551,-5.545280482759671e-19,0.0,4.609353164789882e-30,-5.545280482759671e-19,True,5.545280482759671e-19,0.0,INIT
2025-12-04T19:27:29.014459,3832.681928618,-5.545280482759671e-19,0.0,4.609353164789882e-30,-5.545280482759671e-19,True,5.545280482759671e-19,0.0,INIT
2025-12-04T19:27:29.024449,3832.691921299,6.507922728727304e-19,0.0,-6.0509290894794944e-30,6.507922728727304e-19,True,6.507922728727304e-19,0.0,INIT
2025-12-04T19:27:29.034554,3832.702024906,6.507922728727304e-19,0.0,-6.050929089479494e-30,6.507922728727304e-19,True,6.507922728727304e-19,0.0,INIT
2025-12-04T19:27:29.044408,3832.711881526,-2.5593602228121543e-19,0.0,1.2382074462336263e-30,-2.5593602228121543e-19,True,2.5593602228121543e-19,0.0,INIT
2025-12-04T19:27:29.054453,3832.721924255,-2.5593602228121543e-19,0.0,1.2382074462336265e-30,-2.5593602228121543e-19,True,2.5593602228121543e-19,0.0,INIT
2025-12-04T19:27:29.064125,3832.731595645,-8.32368504896566e-19,0.0,9.194044272825897e-30,-8.32368504896566e-19,True,8.32368504896566e-19,0.0,INIT
2025-12-04T19:27:29.074365,3832.741837558,-8.32368504896566e-19,0.0,9.194044272825897e-30,-8.32368504896566e-19,True,8.32368504896566e-19,0.0,INIT
2025-12-04T19:27:29.084211,3832.75168127,-8.32368504896566e-19,0.0,9.194044272825897e-30,-8.32368504896566e-19,True,8.32368504896566e-19,0.0,INIT
2025-12-04T19:27:29.103560,3832.771038712,-1.4670206682560664e-18,0.0,2.4094149434730454e-29,-1.4670206682560664e-18,True,1.4670206682560664e-18,0.0,INIT
2025-12-04T19:27:29.104810,3832.772277266,-1.4670206682560664e-18,0.0,2.409414943473045e-29,-1.4670206682560664e-18,True,1.4670206682560664e-18,0.0,INIT
2025-12-04T19:27:29.114374,3832.7818461,-2.1397173754681805e-18,0.0,4.5769472489221284e-29,-2.1397173754681805e-18,True,2.1397173754681805e-18,0.0,INIT
2025-12-04T19:27:29.124444,3832.791914117,-2.1397173754681805e-18,0.0,4.5769472489221284e-29,-2.1397173754681805e-18,True,2.1397173754681805e-18,0.0,INIT
2025-12-04T19:27:29.134411,3832.801880491,-1.8659119462258894e-18,0.0,3.6264771986927717e-29,-1.8659119462258894e-18,True,1.8659119462258894e-18,0.0,INIT
2025-12-04T19:27:29.144630,3832.812103802,-1.8659119462258894e-18,0.0,3.6264771986927717e-29,-1.8659119462258894e-18,True,1.8659119462258894e-18,0.0,INIT
2025-12-04T19:27:29.154733,3832.822213385,-2.2648032241957116e-18,0.0,5.0410593574274826e-29,-2.2648032241957116e-18,True,2.2648032241957116e-18,0.0,INIT
2025-12-04T19:27:29.164466,3832.831937749,-2.2648032241957116e-18,0.0,5.0410593574274826e-29,-2.2648032241957116e-18,True,2.2648032241957116e-18,0.0,INIT
2025-12-04T19:27:29.174658,3832.842129305,-1.1695815072265457e-18,0.0,1.639161866872036e-29,-1.1695815072265457e-18,True,1.1695815072265457e-18,0.0,INIT
2025-12-04T19:27:29.184503,3832.851975961,-1.1695815072265457e-18,0.0,1.639161866872036e-29,-1.1695815072265457e-18,True,1.1695815072265457e-18,0.0,INIT
2025-12-04T19:27:29.194365,3832.86184244,-9.176805123236379e-19,0.0,1.0852894217739498e-29,-9.176805123236379e-19,True,9.176805123236379e-19,0.0,INIT
2025-12-04T19:27:29.204558,3832.872036631,-9.176805123236379e-19,0.0,1.0852894217739498e-29,-9.176805123236379e-19,True,9.176805123236379e-19,0.0,INIT
2025-12-04T19:27:29.286465,3832.953935829,-9.176805123236379e-19,0.0,1.0852894217739498e-29,-9.176805123236379e-19,True,9.176805123236379e-19,0.0,INIT
2025-12-04T19:27:29.294631,3832.962099983,-6.087127016418098e-19,0.0,5.400960774562732e-30,-6.087127016418098e-19,True,6.087127016418098e-19,0.0,INIT
2025-12-04T19:27:29.304350,3832.971826854,-1.0035689522333248e-18,0.0,1.2635728131461674e-29,-1.0035689522333248e-18,True,1.0035689522333248e-18,0.0,INIT
2025-12-04T19:27:29.314395,3832.981869078,-1.0035689522333248e-18,0.0,1.2635728131461674e-29,-1.0035689522333248e-18,True,1.0035689522333248e-18,0.0,INIT
2025-12-04T19:27:29.431197,3833.098669534,-8.473557494445648e-19,0.0,9.477238963980944e-30,-8.473557494445648e-19,True,8.473557494445648e-19,0.0,INIT
2025-12-04T19:27:29.438979,3833.106450463,-8.473557494445648e-19,0.0,9.477238963980944e-30,-8.473557494445648e-19,True,8.473557494445648e-19,0.0,INIT
2025-12-04T19:27:29.444375,3833.111846855,-8.473557494445648e-19,0.0,9.477238963980944e-30,-8.473557494445648e-19,True,8.473557494445648e-19,0.0,INIT
2025-12-04T19:27:29.495638,3833.163109138,2.0002207146752664e-19,0.0,-8.143338154261895e-31,2.0002207146752664e-19,True,2.0002207146752664e-19,0.0,INIT
2025-12-04T19:27:29.504450,3833.171920882,2.0002207146752664e-19,0.0,-8.1433381542619e-31,2.0002207146752664e-19,True,2.0002207146752664e-19,0.0,INIT
2025-12-04T19:27:29.520611,3833.188079883,-2.8885031703855205e-18,0.0,7.622788092222253e-29,-2.8885031703855205e-18,True,2.8885031703855205e-18,0.0,INIT
2025-12-04T19:27:29.524502,3833.191972748,-2.8885031703855205e-18,0.0,7.622788092222253e-29,-2.8885031703855205e-18,True,2.8885031703855205e-18,0.0,INIT
2025-12-04T19:27:29.584927,3833.2524003,-8.588843990968722e-19,0.0,9.697482811895374e-30,-8.588843990968722e-19,True,8.588843990968722e-19,0.0,INIT
2025-12-04T19:27:30.233956,3833.901427647,-4.5077020140520385e-19,0.0,3.2411105344867484e-30,-4.5077020140520385e-19,True,4.5077020140520385e-19,0.0,INIT
2025-12-04T19:27:30.321600,3833.989077029,2.6982804511224553e-18,0.0,-6.789191395493749e-29,2.6982804511224553e-18,True,2.6982804511224553e-18,0.0,INIT
2025-12-04T19:27:30.324979,3833.992446263,3.9139765569582303e-19,0.0,-2.5493001908787955e-30,3.9139765569582303e-19,True,3.9139765569582303e-19,0.0,INIT
2025-12-04T19:27:30.334222,3834.001692879,3.9139765569582303e-19,0.0,-2.549300190878793e-30,3.9139765569582303e-19,True,3.9139765569582303e-19,0.0,INIT
2025-12-04T19:27:30.607143,3834.274614541,7.435979025738022e-20,0.0,-1.5144148854178906e-31,7.435979025738022e-20,True,7.435979025738022e-20,0.0,INIT
2025-12-04T19:27:30.622363,3834.289837327,7.435979025738022e-20,0.0,-1.5144148854178895e-31,7.435979025738022e-20,True,7.435979025738022e-20,0.0,INIT
2025-12-04T19:27:30.660533,3834.328018124,-1.5044887796260643e-18,0.0,2.514960825909598e-29,-1.5044887796260643e-18,True,1.5044887796260643e-18,0.0,INIT
2025-12-04T19:27:30.665117,3834.332590343,-4.64028148505357e-19,0.0,3.404829419619237e-30,-4.64028148505357e-19,True,4.64028148505357e-19,0.0,INIT
2025-12-04T19:27:30.674411,3834.34189101,-1.3776736334506877e-19,0.0,4.320348632573996e-31,-1.3776736334506877e-19,True,1.3776736334506877e-19,0.0,INIT
2025-12-04T19:27:30.684384,3834.351856465,-1.3776736334506877e-19,0.0,4.320348632573996e-31,-1.3776736334506877e-19,True,1.3776736334506877e-19,0.0,INIT
2025-12-04T19:27:30.694354,3834.36182497,-1.6284217633883644e-18,0.0,2.877224375133715e-29,-1.6284217633883644e-18,True,1.6284217633883644e-18,0.0,INIT
2025-12-04T19:27:30.704334,3834.371801751,-1.6284217633883644e-18,0.0,2.877224375133715e-29,-1.6284217633883644e-18,True,1.6284217633883644e-18,0.0,INIT
2025-12-04T19:27:30.723582,3834.391053796,1.4577977485342207e-18,0.0,-2.3837207232466652e-29,1.4577977485342207e-18,True,1.4577977485342207e-18,0.0,INIT
2025-12-04T19:27:30.725180,3834.392643625,1.4577977485342207e-18,0.0,-2.3837207232466652e-29,1.4577977485342207e-18,True,1.4577977485342207e-18,0.0,INIT
2025-12-04T19:27:30.735330,3834.402807131,8.917410506059471e-19,0.0,-1.0336556801268881e-29,8.917410506059471e-19,True,8.917410506059471e-19,0.0,INIT
2025-12-04T19:27:30.744388,3834.411861652,8.917410506059471e-19,0.0,-1.0336556801268881e-29,8.917410506059471e-19,True,8.917410506059471e-19,0.0,INIT
2025-12-04T19:27:30.754466,3834.421937386,8.917410506059471e-19,0.0,-1.0336556801268881e-29,8.917410506059471e-19,True,8.917410506059471e-19,0.0,INIT
2025-12-04T19:27:30.771400,3834.438871572,-2.053828935558493e-18,0.0,4.269030525452528e-29,-2.053828935558493e-18,True,2.053828935558493e-18,0.0,INIT
2025-12-04T19:27:30.774388,3834.441857937,-2.053828935558493e-18,0.0,4.269030525452528e-29,-2.053828935558493e-18,True,2.053828935558493e-18,0.0,INIT
2025-12-04T19:27:30.803003,3834.470477325,-1.2053203211486972e-18,0.0,1.7252189427136922e-29,-1.2053203211486972e-18,True,1.2053203211486972e-18,0.0,INIT
2025-12-04T19:27:30.805580,3834.473050135,-1.2053203211486972e-18,0.0,1.7252189427136925e-29,-1.2053203211486972e-18,True,1.2053203211486972e-18,0.0,INIT
2025-12-04T19:27:30.814344,3834.481821903,-1.2053203211486972e-18,0.0,1.7252189427136925e-29,-1.2053203211486972e-18,True,1.2053203211486972e-18,0.0,INIT
2025-12-04T19:27:30.824630,3834.492105247,1.018556196781324e-18,0.0,-1.2958194560940453e-29,1.018556196781324e-18,True,1.018556196781324e-18,0.0,INIT
2025-12-04T19:27:30.834652,3834.502125408,1.018556196781324e-18,0.0,-1.2958194560940456e-29,1.018556196781324e-18,True,1.018556196781324e-18,0.0,INIT
2025-12-04T19:27:30.872680,3834.540156105,-1.3776736334506874e-18,0.0,2.1653035794651286e-29,-1.3776736334506874e-18,True,1.3776736334506874e-18,0.0,INIT
2025-12-04T19:27:30.875697,3834.543169363,-1.3776736334506874e-18,0.0,2.1653035794651286e-29,-1.3776736334506874e-18,True,1.3776736334506874e-18,0.0,INIT
2025-12-04T19:27:30.932150,3834.599624358,-5.971840519895029e-19,0.0,5.22822111110966e-30,-5.971840519895029e-19,True,5.971840519895029e-19,0.0,INIT
2025-12-04T19:27:30.935722,3834.603190183,-5.971840519895029e-19,0.0,5.228221111109659e-30,-5.971840519895029e-19,True,5.971840519895029e-19,0.0,INIT
2025-12-04T19:27:30.963104,3834.630574681,-5.793146450284271e-19,0.0,4.9650618992799615e-30,-5.793146450284271e-19,True,5.793146450284271e-19,0.0,INIT
2025-12-04T19:27:31.009272,3834.676744197,-5.793146450284271e-19,0.0,4.9650618992799615e-30,-5.793146450284271e-19,True,5.793146450284271e-19,0.0,INIT
2025-12-04T19:27:31.014267,3834.681742791,-3.85056898387054e-19,0.0,2.479489927726484e-30,-3.85056898387054e-19,True,3.85056898387054e-19,0.0,INIT
2025-12-04T19:27:31.024310,3834.691779618,-3.85056898387054e-19,0.0,2.479489927726484e-30,-3.85056898387054e-19,True,3.85056898387054e-19,0.0,INIT
2025-12-04T19:27:31.038851,3834.706325278,-2.8573758163242912e-18,0.0,7.483668203736047e-29,-2.8573758163242912e-18,True,2.8573758163242912e-18,0.0,INIT
2025-12-04T19:27:31.044178,3834.711648214,-2.8573758163242912e-18,0.0,7.483668203736047e-29,-2.8573758163242912e-18,True,2.8573758163242912e-18,0.0,INIT
2025-12-04T19:27:31.272042,3834.939512002,-7.70113796774108e-19,0.0,8.055886542147945e-30,-7.70113796774108e-19,True,7.70113796774108e-19,0.0,INIT
2025-12-04T19:27:31.281957,3834.949425498,-7.70113796774108e-19,0.0,8.055886542147942e-30,-7.70113796774108e-19,True,7.70113796774108e-19,0.0,INIT
2025-12-04T19:27:31.284360,3834.951831476,-7.70113796774108e-19,0.0,8.055886542147942e-30,-7.70113796774108e-19,True,7.70113796774108e-19,0.0,INIT
2025-12-04T19:27:31.864185,3835.531656667,2.1673861346337174e-19,0.0,-9.333868941630016e-31,2.1673861346337174e-19,True,2.1673861346337174e-19,0.0,INIT
2025-12-04T19:27:31.893462,3835.560934418,-1.6036351666359045e-18,0.0,2.803170253089083e-29,-1.6036351666359045e-18,True,1.6036351666359045e-18,0.0,INIT
2025-12-04T19:27:32.420849,3836.088322206,-1.6036351666359045e-18,0.0,2.803170253089083e-29,-1.6036351666359045e-18,True,1.6036351666359045e-18,0.0,INIT
2025-12-04T19:27:32.446829,3836.114302327,-5.159070719407385e-19,0.0,4.077007611509392e-30,-5.159070719407385e-19,True,5.159070719407385e-19,0.0,INIT
2025-12-04T19:27:32.472082,3836.139552182,-5.159070719407385e-19,0.0,4.077007611509391e-30,-5.159070719407385e-19,True,5.159070719407385e-19,0.0,INIT
2025-12-04T19:27:32.474828,3836.142305064,4.767096631228948e-19,0.0,-3.564525520740867e-30,4.767096631228948e-19,True,4.767096631228948e-19,0.0,INIT
2025-12-04T19:27:32.484339,3836.151809814,1.9137558422829626e-19,0.0,-7.554002157186317e-31,1.9137558422829626e-19,True,1.9137558422829626e-19,0.0,INIT
2025-12-04T19:27:32.494585,3836.162061528,1.9137558422829626e-19,0.0,-7.554002157186317e-31,1.9137558422829626e-19,True,1.9137558422829626e-19,0.0,INIT
2025-12-04T19:27:32.504431,3836.171904948,1.9137558422829626e-19,0.0,-7.554002157186317e-31,1.9137558422829626e-19,True,1.9137558422829626e-19,0.0,INIT
2025-12-04T19:27:32.642266,3836.309744694,-5.245535591799688e-19,0.0,4.19384841646293e-30,-5.245535591799688e-19,True,5.245535591799688e-19,0.0,INIT
2025-12-04T19:27:32.681608,3836.349084241,-5.245535591799688e-19,0.0,4.1938484164629304e-30,-5.245535591799688e-19,True,5.245535591799688e-19,0.0,INIT
2025-12-04T19:27:32.684977,3836.352450534,-2.4740482153850836e-18,0.0,5.858195687903257e-29,-2.4740482153850836e-18,True,2.4740482153850836e-18,0.0,INIT
2025-12-04T19:27:32.694500,3836.361972437,-1.203014591218236e-18,0.0,1.7196122317373164e-29,-1.203014591218236e-18,True,1.203014591218236e-18,0.0,INIT
2025-12-04T19:27:32.704424,3836.371899823,-1.203014591218236e-18,0.0,1.7196122317373164e-29,-1.203014591218236e-18,True,1.203014591218236e-18,0.0,INIT
2025-12-04T19:27:32.714419,3836.381891152,-1.2848680037496158e-18,0.0,1.9232222671502024e-29,-1.2848680037496158e-18,True,1.2848680037496158e-18,0.0,INIT
2025-12-04T19:27:32.724510,3836.391984463,-1.2848680037496158e-18,0.0,1.9232222671502024e-29,-1.2848680037496158e-18,True,1.2848680037496158e-18,0.0,INIT
2025-12-04T19:27:32.734523,3836.4019978,-1.2848680037496158e-18,0.0,1.9232222671502024e-29,-1.2848680037496158e-18,True,1.2848680037496158e-18,0.0,INIT
2025-12-04T19:27:33.182252,3836.849729055,-2.446379456219547e-18,0.0,5.747255441061793e-29,-2.446379456219547e-18,True,2.446379456219547e-18,0.0,INIT
2025-12-04T19:27:33.202986,3836.87046103,-2.446379456219547e-18,0.0,5.747255441061793e-29,-2.446379456219547e-18,True,2.446379456219547e-18,0.0,INIT
2025-12-04T19:27:33.220734,3836.888213008,-2.446379456219547e-18,0.0,5.747255441061793e-29,-2.446379456219547e-18,True,2.446379456219547e-18,0.0,INIT
2025-12-04T19:27:33.225387,3836.892857952,-1.4007309327553013e-18,0.0,2.2272708201252766e-29,-1.4007309327553013e-18,True,1.4007309327553013e-18,0.0,INIT
2025-12-04T19:27:33.239380,3836.906855402,-6.928718441036512e-19,0.0,6.731005683255478e-30,-6.928718441036512e-19,True,6.928718441036512e-19,0.0,INIT
2025-12-04T19:27:33.244732,3836.91220543,-6.928718441036512e-19,0.0,6.731005683255478e-30,-6.928718441036512e-19,True,6.928718441036512e-19,0.0,INIT
2025-12-04T19:27:33.254503,3836.921976719,-1.1655464798482388e-18,0.0,1.629559863558886e-29,-1.1655464798482388e-18,True,1.1655464798482388e-18,0.0,INIT
2025-12-04T19:27:33.264454,3836.931926662,-1.1655464798482388e-18,0.0,1.629559863558886e-29,-1.1655464798482388e-18,True,1.1655464798482388e-18,0.0,INIT
2025-12-04T19:27:33.274228,3836.941699482,5.182128018711999e-19,0.0,-4.108032191409656e-30,5.182128018711999e-19,True,5.182128018711999e-19,0.0,INIT
2025-12-04T19:27:33.284381,3836.951854605,5.182128018711999e-19,0.0,-4.108032191409657e-30,5.182128018711999e-19,True,5.182128018711999e-19,0.0,INIT
2025-12-04T19:27:33.294178,3836.961646821,-5.078370171841237e-19,0.0,3.969185594769142e-30,-5.078370171841237e-19,True,5.078370171841237e-19,0.0,INIT
2025-12-04T19:27:33.304159,3836.971627684,-5.078370171841237e-19,0.0,3.969185594769143e-30,-5.078370171841237e-19,True,5.078370171841237e-19,0.0,INIT
2025-12-04T19:27:33.485502,3837.152974091,-4.922733401535091e-19,0.0,3.764616508708909e-30,-4.922733401535091e-19,True,4.922733401535091e-19,0.0,INIT
2025-12-04T19:27:33.495060,3837.162530368,-4.922733401535091e-19,0.0,3.764616508708909e-30,-4.922733401535091e-19,True,4.922733401535091e-19,0.0,INIT
2025-12-04T19:27:33.551185,3837.218653657,1.2162725383183894e-18,0.0,-1.751953343455871e-29,1.2162725383183894e-18,True,1.2162725383183894e-18,0.0,INIT
2025-12-04T19:27:33.554933,3837.222409639,1.2162725383183894e-18,0.0,-1.751953343455871e-29,1.2162725383183894e-18,True,1.2162725383183894e-18,0.0,INIT
2025-12-04T19:27:33.564370,3837.23184231,-1.6555140900712862e-18,0.0,2.959074522112314e-29,-1.6555140900712862e-18,True,1.6555140900712862e-18,0.0,INIT
2025-12-04T19:27:33.574421,3837.241898077,-1.6555140900712862e-18,0.0,2.959074522112314e-29,-1.6555140900712862e-18,True,1.6555140900712862e-18,0.0,INIT
2025-12-04T19:27:33.590314,3837.257783956,-7.747252566350306e-19,0.0,8.138064339027273e-30,-7.747252566350306e-19,True,7.747252566350306e-19,0.0,INIT
2025-12-04T19:27:33.594360,3837.261827851,-7.747252566350306e-19,0.0,8.138064339027273e-30,-7.747252566350306e-19,True,7.747252566350306e-19,0.0,INIT
2025-12-04T19:27:33.604297,3837.27177082,-2.396229830232011e-18,0.0,5.548408186866295e-29,-2.396229830232011e-18,True,2.396229830232011e-18,0.0,INIT
2025-12-04T19:27:33.614440,3837.281909497,-2.396229830232011e-18,0.0,5.548408186866295e-29,-2.396229830232011e-18,True,2.396229830232011e-18,0.0,INIT
2025-12-04T19:27:33.624581,3837.292056406,-2.778404566205988e-19,0.0,1.4237125954660574e-30,-2.778404566205988e-19,True,2.778404566205988e-19,0.0,INIT
2025-12-04T19:27:33.634446,3837.301919751,-2.778404566205988e-19,0.0,1.423712595466052e-30,-2.778404566205988e-19,True,2.778404566205988e-19,0.0,INIT
2025-12-04T19:27:33.644397,3837.311869038,8.911646181233316e-19,0.0,-1.0325200517683651e-29,8.911646181233316e-19,True,8.911646181233316e-19,0.0,INIT
2025-12-04T19:27:33.654654,3837.32212921,8.911646181233316e-19,0.0,-1.0325200517683651e-29,8.911646181233316e-19,True,8.911646181233316e-19,0.0,INIT
2025-12-04T19:27:33.664420,3837.33189229,-9.966517624419407e-19,0.0,1.2488027625426673e-29,-9.966517624419407e-19,True,9.966517624419407e-19,0.0,INIT
2025-12-04T19:27:33.674449,3837.341921015,-9.966517624419407e-19,0.0,1.2488027625426674e-29,-9.966517624419407e-19,True,9.966517624419407e-19,0.0,INIT
2025-12-04T19:27:33.772250,3837.439728506,-2.726525642770607e-18,0.0,6.910449561668206e-29,-2.726525642770607e-18,True,2.726525642770607e-18,0.0,INIT
2025-12-04T19:27:33.775809,3837.443277865,-2.726525642770607e-18,0.0,6.910449561668206e-29,-2.726525642770607e-18,True,2.726525642770607e-18,0.0,INIT
2025-12-04T19:27:33.825482,3837.492959238,-2.216959328138638e-18,0.0,4.861363971776272e-29,-2.216959328138638e-18,True,2.216959328138638e-18,0.0,INIT
2025-12-04T19:27:33.872709,3837.540182652,-9.42467109076098e-19,0.0,1.1355925876898483e-29,-9.42467109076098e-19,True,9.42467109076098e-19,0.0,INIT
2025-12-04T19:27:33.876718,3837.544184372,-9.42467109076098e-19,0.0,1.1355925876898482e-29,-9.42467109076098e-19,True,9.42467109076098e-19,0.0,INIT
2025-12-04T19:27:33.884554,3837.55202988,-9.42467109076098e-19,0.0,1.1355925876898482e-29,-9.42467109076098e-19,True,9.42467109076098e-19,0.0,INIT
2025-12-04T19:27:33.894533,3837.562014129,2.7149969931183006e-19,0.0,-1.3689194822077314e-30,2.7149969931183006e-19,True,2.7149969931183006e-19,0.0,INIT
2025-12-04T19:27:33.904446,3837.571915504,2.7149969931183006e-19,0.0,-1.3689194822077306e-30,2.7149969931183006e-19,True,2.7149969931183006e-19,0.0,INIT
2025-12-04T19:27:33.914333,3837.581803547,3.8390403342182343e-19,0.0,-2.4668829980918614e-30,3.8390403342182343e-19,True,3.8390403342182343e-19,0.0,INIT
2025-12-04T19:27:33.924471,3837.591945887,3.8390403342182343e-19,0.0,-2.4668829980918614e-30,3.8390403342182343e-19,True,3.8390403342182343e-19,0.0,INIT
2025-12-04T19:27:34.026378,3837.693855515,9.476550014196359e-19,0.0,-1.1462396960287781e-29,9.476550014196359e-19,True,9.476550014196359e-19,0.0,INIT
2025-12-04T19:27:34.039922,3837.707394927,-2.6031690914909225e-18,0.0,6.387399040875216e-29,-2.6031690914909225e-18,True,2.6031690914909225e-18,0.0,INIT
2025-12-04T19:27:34.044229,3837.71169641,-2.6031690914909225e-18,0.0,6.387399040875216e-29,-2.6031690914909225e-18,True,2.6031690914909225e-18,0.0,INIT
2025-12-04T19:27:34.054221,3837.721691479,-1.4428105039862216e-18,0.0,2.342209868929598e-29,-1.4428105039862216e-18,True,1.4428105039862216e-18,0.0,INIT
2025-12-04T19:27:34.064470,3837.73194553,-1.4428105039862216e-18,0.0,2.3422098689295984e-29,-1.4428105039862216e-18,True,1.4428105039862216e-18,0.0,INIT
2025-12-04T19:27:34.177406,3837.84487979,-1.1413363155783957e-19,0.0,3.1374237923800438e-31,-1.1413363155783957e-19,True,1.1413363155783957e-19,0.0,INIT
2025-12-04T19:27:34.184833,3837.852306701,-1.1413363155783957e-19,0.0,3.137423792380052e-31,-1.1413363155783957e-19,True,1.1413363155783957e-19,0.0,INIT
2025-12-04T19:27:34.194445,3837.861914203,-1.1413363155783957e-19,0.0,3.137423792380052e-31,-1.1413363155783957e-19,True,1.1413363155783957e-19,0.0,INIT
2025-12-04T19:27:34.204429,3837.871897986,5.66056697928274e-19,0.0,-4.773444653753317e-30,5.66056697928274e-19,True,5.66056697928274e-19,0.0,INIT
2025-12-04T19:27:34.214460,3837.881937449,5.66056697928274e-19,0.0,-4.773444653753317e-30,5.66056697928274e-19,True,5.66056697928274e-19,0.0,INIT
2025-12-04T19:27:34.254420,3837.921896963,-1.1522885327480855e-18,0.0,1.598174188327996e-29,-1.1522885327480855e-18,True,1.1522885327480855e-18,0.0,INIT
2025-12-04T19:27:34.264289,3837.931758481,9.741708956199421e-19,0.0,-1.2012952505818561e-29,9.741708956199421e-19,True,9.741708956199421e-19,0.0,INIT
2025-12-04T19:27:34.274513,3837.941987704,9.741708956199421e-19,0.0,-1.2012952505818558e-29,9.741708956199421e-19,True,9.741708956199421e-19,0.0,INIT
2025-12-04T19:27:34.404730,3838.072204081,-2.670611691956918e-18,0.0,6.671266232873066e-29,-2.670611691956918e-18,True,2.670611691956918e-18,0.0,INIT
2025-12-04T19:27:34.414688,3838.082166074,-2.670611691956918e-18,0.0,6.671266232873066e-29,-2.670611691956918e-18,True,2.670611691956918e-18,0.0,INIT
2025-12-04T19:27:35.010272,3838.677741968,-1.6411032780059026e-18,0.0,2.915419514084538e-29,-1.6411032780059026e-18,True,1.6411032780059026e-18,0.0,INIT
2025-12-04T19:27:35.033520,3838.70101958,-1.6411032780059026e-18,0.0,2.915419514084538e-29,-1.6411032780059026e-18,True,1.6411032780059026e-18,0.0,INIT
2025-12-04T19:27:35.049590,3838.717058897,-9.009639703277924e-19,0.0,1.051895566951689e-29,-9.009639703277924e-19,True,9.009639703277924e-19,0.0,INIT
2025-12-04T19:27:35.054245,3838.721716873,-9.009639703277924e-19,0.0,1.0518955669516891e-29,-9.009639703277924e-19,True,9.009639703277924e-19,0.0,INIT
2025-12-04T19:27:35.219673,3838.887145629,-3.101206756470586e-19,0.0,1.71621712362718e-30,-3.101206756470586e-19,True,3.101206756470586e-19,0.0,INIT
2025-12-04T19:27:35.232970,3838.900441612,-3.101206756470586e-19,0.0,1.7162171236271798e-30,-3.101206756470586e-19,True,3.101206756470586e-19,0.0,INIT
2025-12-04T19:27:35.278588,3838.946054768,-4.4385301161382e-20,0.0,6.299072326833728e-32,-4.4385301161382e-20,True,4.4385301161382e-20,0.0,INIT
2025-12-04T19:27:35.284479,3838.951944569,-4.4385301161382e-20,0.0,6.29907232683372e-32,-4.4385301161382e-20,True,4.4385301161382e-20,0.0,INIT
2025-12-04T19:27:35.487214,3839.154684662,-2.6458250952044573e-19,0.0,1.3101587679920786e-30,-2.6458250952044573e-19,True,2.6458250952044573e-19,0.0,INIT
2025-12-04T19:27:35.497467,3839.164940044,-1.1874509141876217e-19,0.0,3.3559589262957835e-31,-1.1874509141876217e-19,True,1.1874509141876217e-19,0.0,INIT
2025-12-04T19:27:35.504403,3839.171867557,-1.1874509141876217e-19,0.0,3.355958926295784e-31,-1.1874509141876217e-19,True,1.1874509141876217e-19,0.0,INIT
2025-12-04T19:27:36.292908,3839.96037874,1.2525877847231562e-18,0.0,-1.8418060574021967e-29,1.2525877847231562e-18,True,1.2525877847231562e-18,0.0,INIT
2025-12-04T19:27:36.313203,3839.980675554,1.2525877847231562e-18,0.0,-1.8418060574021967e-29,1.2525877847231562e-18,True,1.2525877847231562e-18,0.0,INIT
2025-12-04T19:27:36.328349,3839.995820173,1.2525877847231562e-18,0.0,-1.8418060574021967e-29,1.2525877847231562e-18,True,1.2525877847231562e-18,0.0,INIT
2025-12-04T19:27:36.782969,3840.450438782,-8.629194264751794e-19,0.0,9.775059797267758e-30,-8.629194264751794e-19,True,8.629194264751794e-19,0.0,INIT
2025-12-04T19:27:36.796617,3840.464084896,-8.629194264751794e-19,0.0,9.775059797267758e-30,-8.629194264751794e-19,True,8.629194264751794e-19,0.0,INIT
2025-12-04T19:27:36.804960,3840.472425331,-8.629194264751794e-19,0.0,9.775059797267758e-30,-8.629194264751794e-19,True,8.629194264751794e-19,0.0,INIT
2025-12-04T19:27:38.315140,3841.982609336,-1.4825843452866808e-18,0.0,2.45303080139646e-29,-1.4825843452866808e-18,True,1.4825843452866808e-18,0.0,INIT
2025-12-04T19:27:38.351405,3842.018879826,-1.4825843452866808e-18,0.0,2.45303080139646e-29,-1.4825843452866808e-18,True,1.4825843452866808e-18,0.0,INIT
2025-12-04T19:27:38.436191,3842.103666347,9.943460325114794e-19,0.0,-1.2438953124591912e-29,9.943460325114794e-19,True,9.943460325114794e-19,0.0,INIT
2025-12-04T19:27:38.529305,3842.196779036,6.796138970034981e-19,0.0,-6.513521197991912e-30,6.796138970034981e-19,True,6.796138970034981e-19,0.0,INIT
2025-12-04T19:27:38.577948,3842.245419528,-3.400951647430567e-20,0.0,4.005814018120168e-32,-3.400951647430567e-20,True,3.400951647430567e-20,0.0,INIT
2025-12-04T19:27:38.584612,3842.252080083,-3.400951647430567e-20,0.0,4.005814018120198e-32,-3.400951647430567e-20,True,3.400951647430567e-20,0.0,INIT
2025-12-04T19:27:38.594460,3842.261933569,-3.400951647430567e-20,0.0,4.005814018120198e-32,-3.400951647430567e-20,True,3.400951647430567e-20,0.0,INIT
2025-12-04T19:27:38.604397,3842.271872801,-1.0318141438814773e-18,0.0,1.3246236809644464e-29,-1.0318141438814773e-18,True,1.0318141438814773e-18,0.0,INIT
2025-12-04T19:27:38.614564,3842.282037429,-1.0318141438814773e-18,0.0,1.3246236809644464e-29,-1.0318141438814773e-18,True,1.0318141438814773e-18,0.0,INIT
2025-12-04T19:27:38.634342,3842.301818433,-1.1032917717257805e-18,0.0,1.4843750607018992e-29,-1.1032917717257805e-18,True,1.1032917717257805e-18,0.0,INIT
2025-12-04T19:27:38.675299,3842.342776523,-1.031237711398862e-18,0.0,1.3233659044699406e-29,-1.031237711398862e-18,True,1.031237711398862e-18,0.0,INIT
2025-12-04T19:27:38.715814,3842.383286195,-1.031237711398862e-18,0.0,1.3233659044699406e-29,-1.031237711398862e-18,True,1.031237711398862e-18,0.0,INIT
2025-12-04T19:27:38.724462,3842.391929898,-8.946232130190238e-19,0.0,1.0393415295574159e-29,-8.946232130190238e-19,True,8.946232130190238e-19,0.0,INIT
2025-12-04T19:27:38.739041,3842.40650847,-1.2623871369276175e-19,0.0,3.723894403656979e-31,-1.2623871369276175e-19,True,1.2623871369276175e-19,0.0,INIT
2025-12-04T19:27:38.744556,3842.412035843,-1.2623871369276175e-19,0.0,3.7238944036569735e-31,-1.2623871369276175e-19,True,1.2623871369276175e-19,0.0,INIT
2025-12-04T19:27:38.754719,3842.42218741,-5.90843294680734e-19,0.0,5.1342017852141894e-30,-5.90843294680734e-19,True,5.90843294680734e-19,0.0,INIT
2025-12-04T19:27:38.764774,3842.432245394,-5.90843294680734e-19,0.0,5.1342017852141894e-30,-5.90843294680734e-19,True,5.90843294680734e-19,0.0,INIT
2025-12-04T19:27:38.774499,3842.441976777,-5.90843294680734e-19,0.0,5.1342017852141894e-30,-5.90843294680734e-19,True,5.90843294680734e-19,0.0,INIT
2025-12-04T19:27:38.784497,3842.45196874,5.66056697928274e-19,0.0,-4.773444653753316e-30,5.66056697928274e-19,True,5.66056697928274e-19,0.0,INIT
2025-12-04T19:27:38.794323,3842.461794376,5.66056697928274e-19,0.0,-4.773444653753317e-30,5.66056697928274e-19,True,5.66056697928274e-19,0.0,INIT
2025-12-04T19:27:38.812774,3842.48024619,-1.4825843452866812e-18,0.0,2.453030801396461e-29,-1.4825843452866812e-18,True,1.4825843452866812e-18,0.0,INIT
2025-12-04T19:27:38.814998,3842.482465239,-1.4825843452866812e-18,0.0,2.4530308013964608e-29,-1.4825843452866812e-18,True,1.4825843452866812e-18,0.0,INIT
2025-12-04T19:27:38.824359,3842.4918301,1.3603806589722264e-19,0.0,-4.22856262879565e-31,1.3603806589722264e-19,True,1.3603806589722264e-19,0.0,INIT
2025-12-04T19:27:38.834447,3842.501918769,1.3603806589722264e-19,0.0,-4.228562628795641e-31,1.3603806589722264e-19,True,1.3603806589722264e-19,0.0,INIT
2025-12-04T19:27:38.844620,3842.512094921,-5.63174535515197e-19,0.0,4.732200319564353e-30,-5.63174535515197e-19,True,5.63174535515197e-19,0.0,INIT
2025-12-04T19:27:38.854462,3842.521935621,-5.63174535515197e-19,0.0,4.732200319564353e-30,-5.63174535515197e-19,True,5.63174535515197e-19,0.0,INIT
2025-12-04T19:27:38.902533,3842.570017061,7.170820083734958e-19,0.0,-7.135706994988599e-30,7.170820083734958e-19,True,7.170820083734958e-19,0.0,INIT
2025-12-04T19:27:38.904801,3842.572271616,7.170820083734958e-19,0.0,-7.135706994988599e-30,7.170820083734958e-19,True,7.170820083734958e-19,0.0,INIT
2025-12-04T19:27:38.914719,3842.582188914,7.170820083734958e-19,0.0,-7.135706994988599e-30,7.170820083734958e-19,True,7.170820083734958e-19,0.0,INIT
2025-12-04T19:27:38.943640,3842.611124314,-8.848238608145626e-19,0.0,1.020062090771692e-29,-8.848238608145626e-19,True,8.848238608145626e-19,0.0,INIT
2025-12-04T19:27:38.945887,3842.61336639,-8.848238608145626e-19,0.0,1.020062090771692e-29,-8.848238608145626e-19,True,8.848238608145626e-19,0.0,INIT
2025-12-04T19:27:38.954645,3842.622119053,-8.848238608145626e-19,0.0,1.020062090771692e-29,-8.848238608145626e-19,True,8.848238608145626e-19,0.0,INIT
2025-12-04T19:27:38.964506,3842.631977845,-2.530538598681388e-19,0.0,1.2145965595937104e-30,-2.530538598681388e-19,True,2.530538598681388e-19,0.0,INIT
2025-12-04T19:27:38.974371,3842.64184282,-2.530538598681388e-19,0.0,1.2145965595937105e-30,-2.530538598681388e-19,True,2.530538598681388e-19,0.0,INIT
2025-12-04T19:27:38.984809,3842.652283635,-1.660701982414825e-18,0.0,2.974855678393633e-29,-1.660701982414825e-18,True,1.660701982414825e-18,0.0,INIT
2025-12-04T19:27:38.994253,3842.661719537,-1.660701982414825e-18,0.0,2.974855678393633e-29,-1.660701982414825e-18,True,1.660701982414825e-18,0.0,INIT
2025-12-04T19:27:39.128406,3842.795881249,-3.222257577819808e-19,0.0,1.831649769405464e-30,-3.222257577819808e-19,True,3.222257577819808e-19,0.0,INIT
2025-12-04T19:27:39.139478,3842.806948159,-3.222257577819808e-19,0.0,1.8316497694054654e-30,-3.222257577819808e-19,True,3.222257577819808e-19,0.0,INIT
2025-12-04T19:27:39.144542,3842.812018917,-3.222257577819808e-19,0.0,1.8316497694054654e-30,-3.222257577819808e-19,True,3.222257577819808e-19,0.0,INIT
2025-12-04T19:27:39.154344,3842.821814409,-5.25129991662584e-19,0.0,4.2016860913403104e-30,-5.25129991662584e-19,True,5.25129991662584e-19,0.0,INIT
2025-12-04T19:27:39.164495,3842.831968069,-5.25129991662584e-19,0.0,4.2016860913403104e-30,-5.25129991662584e-19,True,5.25129991662584e-19,0.0,INIT
2025-12-04T19:27:39.174462,3842.841938569,-1.2854444362322314e-19,0.0,3.8402600059227565e-31,-1.2854444362322314e-19,True,1.2854444362322314e-19,0.0,INIT
2025-12-04T19:27:39.184423,3842.851896405,-1.2854444362322314e-19,0.0,3.8402600059227587e-31,-1.2854444362322314e-19,True,1.2854444362322314e-19,0.0,INIT
2025-12-04T19:27:39.209435,3842.876914144,-1.1528649652308103e-21,0.0,1.2705546642569308e-34,-1.1528649652308103e-21,True,1.1528649652308103e-21,0.0,INIT
2025-12-04T19:27:39.244198,3842.911673158,-2.0866855870675684e-18,0.0,4.3857809024515183e-29,-2.0866855870675684e-18,True,2.0866855870675684e-18,0.0,INIT
2025-12-04T19:27:39.254738,3842.922211972,-2.0866855870675684e-18,0.0,4.3857809024515183e-29,-2.0866855870675684e-18,True,2.0866855870675684e-18,0.0,INIT
2025-12-04T19:27:39.264994,3842.932467527,-2.0866855870675684e-18,0.0,4.3857809024515183e-29,-2.0866855870675684e-18,True,2.0866855870675684e-18,0.0,INIT
2025-12-04T19:27:39.274524,3842.941993979,8.237220176573358e-19,0.0,-9.03227498649968e-30,8.237220176573358e-19,True,8.237220176573358e-19,0.0,INIT
2025-12-04T19:27:39.284381,3842.951853482,8.237220176573358e-19,0.0,-9.032274986499686e-30,8.237220176573358e-19,True,8.237220176573358e-19,0.0,INIT
2025-12-04T19:27:39.294535,3842.9620195,-1.3471227118720737e-18,0.0,2.0843093334400547e-29,-1.3471227118720737e-18,True,1.3471227118720737e-18,0.0,INIT
2025-12-04T19:27:39.304537,3842.972022719,-1.3471227118720737e-18,0.0,2.084309333440055e-29,-1.3471227118720737e-18,True,1.3471227118720737e-18,0.0,INIT
2025-12-04T19:27:39.324053,3842.991525665,-7.424450376085714e-19,0.0,7.570060133191268e-30,-7.424450376085714e-19,True,7.424450376085714e-19,0.0,INIT
2025-12-04T19:27:39.345540,3843.013026264,8.260277475877972e-19,0.0,-9.075297817926356e-30,8.260277475877972e-19,True,8.260277475877972e-19,0.0,INIT
2025-12-04T19:27:39.354149,3843.021620534,-9.776294905156343e-19,0.0,1.2085546778248764e-29,-9.776294905156343e-19,True,9.776294905156343e-19,0.0,INIT
2025-12-04T19:27:39.364431,3843.03190967,-9.776294905156343e-19,0.0,1.2085546778248763e-29,-9.776294905156343e-19,True,9.776294905156343e-19,0.0,INIT
2025-12-04T19:27:39.374339,3843.041807327,-9.776294905156343e-19,0.0,1.2085546778248763e-29,-9.776294905156343e-19,True,9.776294905156343e-19,0.0,INIT
2025-12-04T19:27:39.422930,3843.090398727,2.0751569374152448e-20,0.0,-1.7296435573551035e-32,2.0751569374152448e-20,True,2.0751569374152448e-20,0.0,INIT
2025-12-04T19:27:39.426719,3843.094190156,2.0751569374152448e-20,0.0,-1.7296435573550556e-32,2.0751569374152448e-20,True,2.0751569374152448e-20,0.0,INIT
2025-12-04T19:27:39.434291,3843.101762346,2.0751569374152448e-20,0.0,-1.7296435573550556e-32,2.0751569374152448e-20,True,2.0751569374152448e-20,0.0,INIT
2025-12-04T19:27:39.470421,3843.137896649,-1.9656347657183436e-19,0.0,7.90541742206739e-31,-1.9656347657183436e-19,True,1.9656347657183436e-19,0.0,INIT
2025-12-04T19:27:39.474592,3843.142066436,-1.9656347657183436e-19,0.0,7.90541742206739e-31,-1.9656347657183436e-19,True,1.9656347657183436e-19,0.0,INIT
2025-12-04T19:27:39.484310,3843.151780835,-1.9656347657183436e-19,0.0,7.90541742206739e-31,-1.9656347657183436e-19,True,1.9656347657183436e-19,0.0,INIT
2025-12-04T19:27:39.682766,3843.350237002,-8.629194264751794e-19,0.0,9.775059797267758e-30,-8.629194264751794e-19,True,8.629194264751794e-19,0.0,INIT
2025-12-04T19:27:39.699131,3843.366602474,-8.629194264751794e-19,0.0,9.775059797267758e-30,-8.629194264751794e-19,True,8.629194264751794e-19,0.0,INIT
2025-12-04T19:27:39.704417,3843.37189125,6.536744352858073e-19,0.0,-6.0965558257707494e-30,6.536744352858073e-19,True,6.536744352858073e-19,0.0,INIT
2025-12-04T19:27:39.714491,3843.381963862,6.536744352858073e-19,0.0,-6.0965558257707494e-30,6.536744352858073e-19,True,6.536744352858073e-19,0.0,INIT
2025-12-04T19:27:39.808182,3843.47565252,-7.810660139437996e-19,0.0,8.251618940774429e-30,-7.810660139437996e-19,True,7.810660139437996e-19,0.0,INIT
2025-12-04T19:27:39.815285,3843.482768013,-7.810660139437996e-19,0.0,8.25161894077443e-30,-7.810660139437996e-19,True,7.810660139437996e-19,0.0,INIT
2025-12-04T19:27:39.824381,3843.491851761,-7.810660139437996e-19,0.0,8.25161894077443e-30,-7.810660139437996e-19,True,7.810660139437996e-19,0.0,INIT
2025-12-04T19:27:39.834370,3843.501838661,-1.2260718905228504e-18,0.0,1.7760169040187428e-29,-1.2260718905228504e-18,True,1.2260718905228504e-18,0.0,INIT
2025-12-04T19:27:39.844623,3843.512105233,-1.2260718905228504e-18,0.0,1.7760169040187428e-29,-1.2260718905228504e-18,True,1.2260718905228504e-18,0.0,INIT
2025-12-04T19:27:39.895791,3843.563261115,-1.8157623202383538e-18,0.0,3.4623447079089896e-29,-1.8157623202383538e-18,True,1.8157623202383538e-18,0.0,INIT
2025-12-04T19:27:39.904405,3843.571879696,-1.8157623202383538e-18,0.0,3.4623447079089896e-29,-1.8157623202383538e-18,True,1.8157623202383538e-18,0.0,INIT
2025-12-04T19:27:40.042815,3843.710285498,-2.465401728145853e-18,0.0,5.823433060056023e-29,-2.465401728145853e-18,True,2.465401728145853e-18,0.0,INIT
2025-12-04T19:27:40.051953,3843.71942121,-2.465401728145853e-18,0.0,5.823433060056023e-29,-2.465401728145853e-18,True,2.465401728145853e-18,0.0,INIT
2025-12-04T19:27:40.054557,3843.722030484,-2.465401728145853e-18,0.0,5.823433060056023e-29,-2.465401728145853e-18,True,2.465401728145853e-18,0.0,INIT
2025-12-04T19:27:40.064434,3843.731905963,-4.069613327264373e-19,0.0,2.724020389647085e-30,-4.069613327264373e-19,True,4.069613327264373e-19,0.0,INIT
2025-12-04T19:27:40.074235,3843.741705494,-4.069613327264373e-19,0.0,2.724020389647087e-30,-4.069613327264373e-19,True,4.069613327264373e-19,0.0,INIT
2025-12-04T19:27:40.087467,3843.754936452,-1.5903772195357512e-18,0.0,2.7638868081616995e-29,-1.5903772195357512e-18,True,1.5903772195357512e-18,0.0,INIT
2025-12-04T19:27:40.094656,3843.762139955,-1.5903772195357512e-18,0.0,2.7638868081616995e-29,-1.5903772195357512e-18,True,1.5903772195357512e-18,0.0,INIT
2025-12-04T19:27:40.127599,3843.795078324,2.6977040186398393e-19,0.0,-1.3541298524930168e-30,2.6977040186398393e-19,True,2.6977040186398393e-19,0.0,INIT
2025-12-04T19:27:40.134576,3843.802045315,2.6977040186398393e-19,0.0,-1.354129852493019e-30,2.6977040186398393e-19,True,2.6977040186398393e-19,0.0,INIT
2025-12-04T19:27:40.144530,3843.811999543,2.6977040186398393e-19,0.0,-1.354129852493019e-30,2.6977040186398393e-19,True,2.6977040186398393e-19,0.0,INIT
2025-12-04T19:27:40.154332,3843.821804605,-7.989354209048755e-19,0.0,8.575113038364165e-30,-7.989354209048755e-19,True,7.989354209048755e-19,0.0,INIT
2025-12-04T19:27:40.164364,3843.831832433,-7.989354209048755e-19,0.0,8.575113038364165e-30,-7.989354209048755e-19,True,7.989354209048755e-19,0.0,INIT
2025-12-04T19:27:40.174247,3843.841719497,-7.320692529214949e-19,0.0,7.391093356115679e-30,-7.320692529214949e-19,True,7.320692529214949e-19,0.0,INIT
2025-12-04T19:27:40.184441,3843.851910164,-7.320692529214949e-19,0.0,7.391093356115679e-30,-7.320692529214949e-19,True,7.320692529214949e-19,0.0,INIT
2025-12-04T19:27:40.194369,3843.861840688,-9.914638700984026e-19,0.0,1.2377721932126698e-29,-9.914638700984026e-19,True,9.914638700984026e-19,0.0,INIT
2025-12-04T19:27:40.204491,3843.871959916,-9.914638700984026e-19,0.0,1.2377721932126698e-29,-9.914638700984026e-19,True,9.914638700984026e-19,0.0,INIT
2025-12-04T19:27:40.215021,3843.882493294,8.58884399096872e-20,0.0,-1.9349022004633213e-31,8.58884399096872e-20,True,8.58884399096872e-20,0.0,INIT
2025-12-04T19:27:40.224446,3843.891918352,8.58884399096872e-20,0.0,-1.934902200463328e-31,8.58884399096872e-20,True,8.58884399096872e-20,0.0,INIT
2025-12-04T19:27:40.235090,3843.902565861,-6.490629754248846e-19,0.0,6.023620825221969e-30,-6.490629754248846e-19,True,6.490629754248846e-19,0.0,INIT
2025-12-04T19:27:40.244412,3843.911885326,-6.490629754248846e-19,0.0,6.023620825221969e-30,-6.490629754248846e-19,True,6.490629754248846e-19,0.0,INIT
2025-12-04T19:27:40.254478,3843.921949552,-6.490629754248846e-19,0.0,6.023620825221969e-30,-6.490629754248846e-19,True,6.490629754248846e-19,0.0,INIT
2025-12-04T19:27:40.301859,3843.969332085,-2.2746025764001723e-18,0.0,5.078195306787784e-29,-2.2746025764001723e-18,True,2.2746025764001723e-18,0.0,INIT
2025-12-04T19:27:40.305199,3843.972668369,-2.2746025764001723e-18,0.0,5.078195306787784e-29,-2.2746025764001723e-18,True,2.2746025764001723e-18,0.0,INIT
2025-12-04T19:27:40.314458,3843.981940666,-2.2746025764001723e-18,0.0,5.078195306787784e-29,-2.2746025764001723e-18,True,2.2746025764001723e-18,0.0,INIT
2025-12-04T19:27:40.324349,3843.991818693,-3.516238143953635e-20,0.0,4.239387175805195e-32,-3.516238143953635e-20,True,3.516238143953635e-20,0.0,INIT
2025-12-04T19:27:40.334521,3844.001995011,-3.516238143953635e-20,0.0,4.2393871758052125e-32,-3.516238143953635e-20,True,3.516238143953635e-20,0.0,INIT
2025-12-04T19:27:40.344373,3844.011845637,2.720761317944456e-19,0.0,-1.3738640513526757e-30,2.720761317944456e-19,True,2.720761317944456e-19,0.0,INIT
2025-12-04T19:27:40.354399,3844.021876914,2.720761317944456e-19,0.0,-1.3738640513526757e-30,2.720761317944456e-19,True,2.720761317944456e-19,0.0,INIT
2025-12-04T19:27:40.364506,3844.031981481,-1.3061960056063837e-18,0.0,1.9778083296381673e-29,-1.3061960056063837e-18,True,1.3061960056063837e-18,0.0,INIT
2025-12-04T19:27:40.374621,3844.042094502,-1.3061960056063837e-18,0.0,1.9778083296381673e-29,-1.3061960056063837e-18,True,1.3061960056063837e-18,0.0,INIT
2025-12-04T19:27:40.398967,3844.066438542,7.989354209048755e-19,0.0,-8.575113038364162e-30,7.989354209048755e-19,True,7.989354209048755e-19,0.0,INIT
2025-12-04T19:27:40.404532,3844.072015744,7.989354209048755e-19,0.0,-8.575113038364165e-30,7.989354209048755e-19,True,7.989354209048755e-19,0.0,INIT
2025-12-04T19:27:40.414636,3844.082109658,7.989354209048755e-19,0.0,-8.575113038364165e-30,7.989354209048755e-19,True,7.989354209048755e-19,0.0,INIT
2025-12-04T19:27:40.614947,3844.282416824,-9.8685241023748e-19,0.0,1.2280010970720732e-29,-9.8685241023748e-19,True,9.8685241023748e-19,0.0,INIT
2025-12-04T19:27:40.642257,3844.30972974,-9.8685241023748e-19,0.0,1.2280010970720734e-29,-9.8685241023748e-19,True,9.8685241023748e-19,0.0,INIT
2025-12-04T19:27:40.644812,3844.312284315,8.73871643644871e-19,0.0,-9.986906971426783e-30,8.73871643644871e-19,True,8.73871643644871e-19,0.0,INIT
2025-12-04T19:27:40.654433,3844.321914853,7.239991981648802e-19,0.0,-7.253118103544e-30,7.239991981648802e-19,True,7.239991981648802e-19,0.0,INIT
2025-12-04T19:27:40.665507,3844.332977591,7.239991981648802e-19,0.0,-7.253118103544e-30,7.239991981648802e-19,True,7.239991981648802e-19,0.0,INIT
2025-12-04T19:27:40.674629,3844.342111662,-1.3257947100153055e-19,0.0,4.047433141116878e-31,-1.3257947100153055e-19,True,1.3257947100153055e-19,0.0,INIT
2025-12-04T19:27:40.684584,3844.352059099,-1.3257947100153055e-19,0.0,4.047433141116879e-31,-1.3257947100153055e-19,True,1.3257947100153055e-19,0.0,INIT
2025-12-04T19:27:40.694366,3844.361839532,-2.0936027768589527e-18,0.0,4.410525018730027e-29,-2.0936027768589527e-18,True,2.0936027768589527e-18,0.0,INIT
2025-12-04T19:27:40.704280,3844.371750231,-2.0936027768589527e-18,0.0,4.410525018730027e-29,-2.0936027768589527e-18,True,2.0936027768589527e-18,0.0,INIT
2025-12-04T19:27:40.714309,3844.381783541,-2.2659560891609422e-18,0.0,5.045422466435406e-29,-2.2659560891609422e-18,True,2.2659560891609422e-18,0.0,INIT
2025-12-04T19:27:40.724314,3844.391785087,-2.2659560891609422e-18,0.0,5.045422466435406e-29,-2.2659560891609422e-18,True,2.2659560891609422e-18,0.0,INIT
2025-12-04T19:27:40.851693,3844.519162411,-1.9506475211703456e-18,0.0,3.910875265235137e-29,-1.9506475211703456e-18,True,1.9506475211703456e-18,0.0,INIT
2025-12-04T19:27:40.859714,3844.527180007,-1.9506475211703456e-18,0.0,3.910875265235137e-29,-1.9506475211703456e-18,True,1.9506475211703456e-18,0.0,INIT
2025-12-04T19:27:40.864490,3844.531961706,-1.9506475211703456e-18,0.0,3.910875265235137e-29,-1.9506475211703456e-18,True,1.9506475211703456e-18,0.0,INIT
2025-12-04T19:27:41.113494,3844.780968433,6.917189791384201e-20,0.0,-1.339215541074063e-31,6.917189791384201e-20,True,6.917189791384201e-20,0.0,INIT
2025-12-04T19:27:41.130344,3844.79781275,6.917189791384201e-20,0.0,-1.3392155410740754e-31,6.917189791384201e-20,True,6.917189791384201e-20,0.0,INIT
2025-12-04T19:27:41.151283,3844.818753945,-7.608908770522624e-19,0.0,7.89256278306353e-30,-7.608908770522624e-19,True,7.608908770522624e-19,0.0,INIT
2025-12-04T19:27:41.154413,3844.821881444,-7.608908770522624e-19,0.0,7.89256278306353e-30,-7.608908770522624e-19,True,7.608908770522624e-19,0.0,INIT
2025-12-04T19:27:41.232063,3844.899536051,-5.234006942147384e-19,0.0,4.178191148686058e-30,-5.234006942147384e-19,True,5.234006942147384e-19,0.0,INIT
2025-12-04T19:27:41.237711,3844.905178618,-5.234006942147384e-19,0.0,4.178191148686058e-30,-5.234006942147384e-19,True,5.234006942147384e-19,0.0,INIT
2025-12-04T19:27:41.265178,3844.932650637,-7.286106580258028e-19,0.0,7.331830022242033e-30,-7.286106580258028e-19,True,7.286106580258028e-19,0.0,INIT
2025-12-04T19:27:41.274614,3844.942089401,-7.286106580258028e-19,0.0,7.331830022242033e-30,-7.286106580258028e-19,True,7.286106580258028e-19,0.0,INIT
2025-12-04T19:27:41.284443,3844.951914302,-7.286106580258028e-19,0.0,7.331830022242033e-30,-7.286106580258028e-19,True,7.286106580258028e-19,0.0,INIT
2025-12-04T19:27:41.297661,3844.965132111,-3.251079201950575e-19,0.0,1.8595884452612344e-30,-3.251079201950575e-19,True,3.251079201950575e-19,0.0,INIT
2025-12-04T19:27:41.304462,3844.97193335,-3.251079201950575e-19,0.0,1.859588445261234e-30,-3.251079201950575e-19,True,3.251079201950575e-19,0.0,INIT
2025-12-04T19:27:41.314721,3844.982193104,7.435979025738022e-20,0.0,-1.5144148854178906e-31,7.435979025738022e-20,True,7.435979025738022e-20,0.0,INIT
2025-12-04T19:27:41.324535,3844.992027709,7.435979025738022e-20,0.0,-1.5144148854178895e-31,7.435979025738022e-20,True,7.435979025738022e-20,0.0,INIT
2025-12-04T19:27:41.334443,3845.001915106,1.204167456183467e-18,0.0,-1.7224146478530957e-29,1.204167456183467e-18,True,1.204167456183467e-18,0.0,INIT
2025-12-04T19:27:41.344371,3845.011840328,1.204167456183467e-18,0.0,-1.7224146478530957e-29,1.204167456183467e-18,True,1.204167456183467e-18,0.0,INIT
2025-12-04T19:27:41.361325,3845.0288003,8.992346728799464e-19,0.0,-1.0484655843566441e-29,8.992346728799464e-19,True,8.992346728799464e-19,0.0,INIT
2025-12-04T19:27:41.364428,3845.031908955,8.992346728799464e-19,0.0,-1.0484655843566441e-29,8.992346728799464e-19,True,8.992346728799464e-19,0.0,INIT
2025-12-04T19:27:41.379417,3845.046889047,-1.6255396009752885e-19,0.0,5.723554813760329e-31,-1.6255396009752885e-19,True,1.6255396009752885e-19,0.0,INIT
2025-12-04T19:27:41.384264,3845.051736159,-1.6255396009752885e-19,0.0,5.723554813760323e-31,-1.6255396009752885e-19,True,1.6255396009752885e-19,0.0,INIT
2025-12-04T19:27:41.394485,3845.061954777,-2.1552810524987946e-18,0.0,4.633686558331862e-29,-2.1552810524987946e-18,True,2.1552810524987946e-18,0.0,INIT
2025-12-04T19:27:41.404444,3845.071914194,-2.1552810524987946e-18,0.0,4.633686558331862e-29,-2.1552810524987946e-18,True,2.1552810524987946e-18,0.0,INIT
2025-12-04T19:27:41.414467,3845.081939151,1.6036351666359045e-18,0.0,-2.803170253089083e-29,1.6036351666359045e-18,True,1.6036351666359045e-18,0.0,INIT
2025-12-04T19:27:41.424496,3845.091968152,1.6036351666359045e-18,0.0,-2.803170253089083e-29,1.6036351666359045e-18,True,1.6036351666359045e-18,0.0,INIT
2025-12-04T19:27:41.434285,3845.101756032,-1.5604027304397534e-18,0.0,2.675915511426992e-29,-1.5604027304397534e-18,True,1.5604027304397534e-18,0.0,INIT
2025-12-04T19:27:41.444305,3845.11177357,-1.5604027304397534e-18,0.0,2.675915511426992e-29,-1.5604027304397534e-18,True,1.5604027304397534e-18,0.0,INIT
2025-12-04T19:27:41.454144,3845.12161118,-7.839481763568764e-20,0.0,1.6567558259153218e-31,-7.839481763568764e-20,True,7.839481763568764e-20,0.0,INIT
2025-12-04T19:27:41.464618,3845.132096212,-7.839481763568764e-20,0.0,1.6567558259153396e-31,-7.839481763568764e-20,True,7.839481763568764e-20,0.0,INIT
2025-12-04T19:27:41.594417,3845.261886456,-1.405342392616224e-18,0.0,2.2397505628209526e-29,-1.405342392616224e-18,True,1.405342392616224e-18,0.0,INIT
2025-12-04T19:27:41.605726,3845.273196042,-1.405342392616224e-18,0.0,2.2397505628209526e-29,-1.405342392616224e-18,True,1.405342392616224e-18,0.0,INIT
2025-12-04T19:27:41.615052,3845.282524608,1.4307054218512996e-18,0.0,-2.308901380421921e-29,1.4307054218512996e-18,True,1.4307054218512996e-18,0.0,INIT
2025-12-04T19:27:41.624489,3845.291961783,1.4307054218512996e-18,0.0,-2.308901380421921e-29,1.4307054218512996e-18,True,1.4307054218512996e-18,0.0,INIT
2025-12-04T19:27:41.634465,3845.301936803,-1.631880358284057e-18,0.0,2.887620658311416e-29,-1.631880358284057e-18,True,1.631880358284057e-18,0.0,INIT
2025-12-04T19:27:41.644399,3845.311870086,-1.631880358284057e-18,0.0,2.887620658311416e-29,-1.631880358284057e-18,True,1.631880358284057e-18,0.0,INIT
2025-12-04T19:27:41.867616,3845.535086975,-2.333398689626938e-18,0.0,5.303361343893976e-29,-2.333398689626938e-18,True,2.333398689626938e-18,0.0,INIT
2025-12-04T19:27:41.934508,3845.601979309,-2.333398689626938e-18,0.0,5.303361343893976e-29,-2.333398689626938e-18,True,2.333398689626938e-18,0.0,INIT
2025-12-04T19:27:41.962475,3845.629946774,3.095442431644431e-19,0.0,-1.710797661340306e-30,3.095442431644431e-19,True,3.095442431644431e-19,0.0,INIT
2025-12-04T19:27:41.965958,3845.633425204,3.095442431644431e-19,0.0,-1.7107976613403068e-30,3.095442431644431e-19,True,3.095442431644431e-19,0.0,INIT
2025-12-04T19:27:41.985760,3845.653229281,2.578382494738462e-18,0.0,-6.284351801711229e-29,2.578382494738462e-18,True,2.578382494738462e-18,0.0,INIT
2025-12-04T19:27:41.995779,3845.663249115,1.7120044733675915e-19,0.0,-6.2506952569003e-31,1.7120044733675915e-19,True,1.7120044733675915e-19,0.0,INIT
2025-12-04T19:27:42.004317,3845.671787217,1.7120044733675915e-19,0.0,-6.250695256900342e-31,1.7120044733675915e-19,True,1.7120044733675915e-19,0.0,INIT
2025-12-04T19:27:42.014439,3845.681911982,1.7120044733675915e-19,0.0,-6.250695256900342e-31,1.7120044733675915e-19,True,1.7120044733675915e-19,0.0,INIT
2025-12-04T19:27:42.036328,3845.703800635,-2.317258580113708e-19,0.0,1.0457470604208141e-30,-2.317258580113708e-19,True,2.317258580113708e-19,0.0,INIT
2025-12-04T19:27:42.044321,3845.71179007,-2.317258580113708e-19,0.0,1.0457470604208143e-30,-2.317258580113708e-19,True,2.317258580113708e-19,0.0,INIT
2025-12-04T19:27:42.054271,3845.721738972,-1.543109755961293e-18,0.0,2.6256969109614256e-29,-1.543109755961293e-18,True,1.543109755961293e-18,0.0,INIT
2025-12-04T19:27:42.064340,3845.731809767,-1.543109755961293e-18,0.0,2.6256969109614256e-29,-1.543109755961293e-18,True,1.543109755961293e-18,0.0,INIT
2025-12-04T19:27:42.076459,3845.743930503,4.17913549896129e-19,0.0,-2.849817003611244e-30,4.17913549896129e-19,True,4.17913549896129e-19,0.0,INIT
2025-12-04T19:27:42.084345,3845.751815975,4.17913549896129e-19,0.0,-2.8498170036112415e-30,4.17913549896129e-19,True,4.17913549896129e-19,0.0,INIT
2025-12-04T19:27:42.115509,3845.782982648,-1.4520334237080673e-18,0.0,2.3677194784506637e-29,-1.4520334237080673e-18,True,1.4520334237080673e-18,0.0,INIT
2025-12-04T19:27:42.124528,3845.791996128,-1.4520334237080673e-18,0.0,2.3677194784506637e-29,-1.4520334237080673e-18,True,1.4520334237080673e-18,0.0,INIT
2025-12-04T19:27:42.134364,3845.801831769,-1.1834158868093143e-18,0.0,1.6722591315612033e-29,-1.1834158868093143e-18,True,1.1834158868093143e-18,0.0,INIT
2025-12-04T19:27:42.144325,3845.811792998,-1.1834158868093143e-18,0.0,1.6722591315612033e-29,-1.1834158868093143e-18,True,1.1834158868093143e-18,0.0,INIT
2025-12-04T19:27:42.154493,3845.821965633,-1.1834158868093143e-18,0.0,1.6722591315612033e-29,-1.1834158868093143e-18,True,1.1834158868093143e-18,0.0,INIT
2025-12-04T19:27:42.164434,3845.831906772,-1.954106116066038e-18,0.0,3.9226706784523564e-29,-1.954106116066038e-18,True,1.954106116066038e-18,0.0,INIT
2025-12-04T19:27:42.174331,3845.841799443,-1.954106116066038e-18,0.0,3.9226706784523564e-29,-1.954106116066038e-18,True,1.954106116066038e-18,0.0,INIT
2025-12-04T19:27:42.196281,3845.863754033,1.0145211694030174e-19,0.0,-2.56811162937516e-31,1.0145211694030174e-19,True,1.0145211694030174e-19,0.0,INIT
2025-12-04T19:27:42.208073,3845.875540211,-6.692381123164218e-19,0.0,6.345372699919676e-30,-6.692381123164218e-19,True,6.692381123164218e-19,0.0,INIT
2025-12-04T19:27:42.214326,3845.881796972,-6.692381123164218e-19,0.0,6.345372699919676e-30,-6.692381123164218e-19,True,6.692381123164218e-19,0.0,INIT
2025-12-04T19:27:42.224414,3845.891883735,-4.184899823787443e-19,0.0,2.8565025586443763e-30,-4.184899823787443e-19,True,4.184899823787443e-19,0.0,INIT
2025-12-04T19:27:42.234431,3845.901899127,-4.184899823787443e-19,0.0,2.8565025586443763e-30,-4.184899823787443e-19,True,4.184899823787443e-19,0.0,INIT
2025-12-04T19:27:42.273757,3845.941226706,-5.0149625987535475e-19,0.0,3.885304773459401e-30,-5.0149625987535475e-19,True,5.0149625987535475e-19,0.0,INIT
2025-12-04T19:27:42.277520,3845.94500855,-5.0149625987535475e-19,0.0,3.885304773459401e-30,-5.0149625987535475e-19,True,5.0149625987535475e-19,0.0,INIT
2025-12-04T19:27:42.284507,3845.95197569,-5.0149625987535475e-19,0.0,3.885304773459401e-30,-5.0149625987535475e-19,True,5.0149625987535475e-19,0.0,INIT
2025-12-04T19:27:42.300162,3845.967635527,-1.5776957049182142e-18,0.0,2.726525211238727e-29,-1.5776957049182142e-18,True,1.5776957049182142e-18,0.0,INIT
2025-12-04T19:27:42.304428,3845.971900792,-1.5776957049182142e-18,0.0,2.726525211238727e-29,-1.5776957049182142e-18,True,1.5776957049182142e-18,0.0,INIT
2025-12-04T19:27:42.314257,3845.981728177,-1.383437958276834e-20,0.0,8.681634004141108e-33,-1.383437958276834e-20,True,1.383437958276834e-20,0.0,INIT
2025-12-04T19:27:42.324491,3845.991963166,-1.383437958276834e-20,0.0,8.681634004140602e-33,-1.383437958276834e-20,True,1.383437958276834e-20,0.0,INIT
2025-12-04T19:27:42.334156,3846.001624684,-1.3592277940069962e-18,0.0,2.1162492807144273e-29,-1.3592277940069962e-18,True,1.3592277940069962e-18,0.0,INIT
2025-12-04T19:27:42.344293,3846.011766956,-1.3592277940069962e-18,0.0,2.1162492807144273e-29,-1.3592277940069962e-18,True,1.3592277940069962e-18,0.0,INIT
2025-12-04T19:27:42.354500,3846.021967907,-1.1741929670874687e-18,0.0,1.65016401218776e-29,-1.1741929670874687e-18,True,1.1741929670874687e-18,0.0,INIT
2025-12-04T19:27:42.364540,3846.032031296,-1.1741929670874687e-18,0.0,1.65016401218776e-29,-1.1741929670874687e-18,True,1.1741929670874687e-18,0.0,INIT
2025-12-04T19:27:42.414218,3846.08168598,1.7437082599114345e-18,0.0,-3.23203091695698e-29,1.7437082599114345e-18,True,1.7437082599114345e-18,0.0,INIT
2025-12-04T19:27:42.424364,3846.091833232,5.2455355917996824e-20,0.0,-8.367827700060242e-32,5.2455355917996824e-20,True,5.2455355917996824e-20,0.0,INIT
2025-12-04T19:27:42.434506,3846.101977938,5.2455355917996824e-20,0.0,-8.367827700060382e-32,5.2455355917996824e-20,True,5.2455355917996824e-20,0.0,INIT
2025-12-04T19:27:42.444509,3846.111982121,1.0796580399385512e-18,0.0,-1.4307263764532887e-29,1.0796580399385512e-18,True,1.0796580399385512e-18,0.0,INIT
2025-12-04T19:27:42.454731,3846.122202478,1.0796580399385512e-18,0.0,-1.4307263764532887e-29,1.0796580399385512e-18,True,1.0796580399385512e-18,0.0,INIT
2025-12-04T19:27:42.466501,3846.133973539,1.9858099026098823e-18,0.0,-4.0314757039606946e-29,1.9858099026098823e-18,True,1.9858099026098823e-18,0.0,INIT
2025-12-04T19:27:42.474348,3846.141818519,1.9858099026098823e-18,0.0,-4.0314757039606946e-29,1.9858099026098823e-18,True,1.9858099026098823e-18,0.0,INIT
2025-12-04T19:27:42.484244,3846.151712979,1.3523106042156118e-18,0.0,-2.0979733899792285e-29,1.3523106042156118e-18,True,1.3523106042156118e-18,0.0,INIT
2025-12-04T19:27:42.494463,3846.161932842,1.3523106042156118e-18,0.0,-2.0979733899792285e-29,1.3523106042156118e-18,True,1.3523106042156118e-18,0.0,INIT
2025-12-04T19:27:42.519793,3846.187264653,-2.807226190336757e-19,0.0,1.4489106220737243e-30,-2.807226190336757e-19,True,2.807226190336757e-19,0.0,INIT
2025-12-04T19:27:42.524245,3846.191934647,6.110184315722713e-19,0.0,-5.43578577960633e-30,6.110184315722713e-19,True,6.110184315722713e-19,0.0,INIT
2025-12-04T19:27:42.534476,3846.201948592,6.110184315722713e-19,0.0,-5.43578577960633e-30,6.110184315722713e-19,True,6.110184315722713e-19,0.0,INIT
2025-12-04T19:27:42.544373,3846.211846406,3.839040334218233e-19,0.0,-2.4668829980918596e-30,3.839040334218233e-19,True,3.839040334218233e-19,0.0,INIT
2025-12-04T19:27:42.554400,3846.221868778,3.839040334218233e-19,0.0,-2.4668829980918596e-30,3.839040334218233e-19,True,3.839040334218233e-19,0.0,INIT
2025-12-04T19:27:42.574379,3846.241849987,-9.799352204460954e-19,0.0,1.2134042969750549e-29,-9.799352204460954e-19,True,9.799352204460954e-19,0.0,INIT
2025-12-04T19:27:42.584553,3846.252021486,-9.799352204460954e-19,0.0,1.213404296975055e-29,-9.799352204460954e-19,True,9.799352204460954e-19,0.0,INIT
2025-12-04T19:27:42.600068,3846.26754786,-2.3887362079580115e-18,0.0,5.518943292303236e-29,-2.3887362079580115e-18,True,2.3887362079580115e-18,0.0,INIT
2025-12-04T19:27:42.604720,3846.27218975,-2.3887362079580115e-18,0.0,5.518943292303236e-29,-2.3887362079580115e-18,True,2.3887362079580115e-18,0.0,INIT
2025-12-04T19:27:42.615698,3846.283166845,4.2771290210058976e-19,0.0,-2.9643467361285753e-30,4.2771290210058976e-19,True,4.2771290210058976e-19,0.0,INIT
2025-12-04T19:27:42.625283,3846.292754469,4.2771290210058976e-19,0.0,-2.964346736128579e-30,4.2771290210058976e-19,True,4.2771290210058976e-19,0.0,INIT
2025-12-04T19:27:42.634471,3846.3019415,4.2771290210058976e-19,0.0,-2.964346736128579e-30,4.2771290210058976e-19,True,4.2771290210058976e-19,0.0,INIT
2025-12-04T19:27:42.644310,3846.311781396,8.583079666142567e-19,0.0,-9.686421168918514e-30,8.583079666142567e-19,True,8.583079666142567e-19,0.0,INIT
2025-12-04T19:27:42.654668,3846.322139816,8.583079666142567e-19,0.0,-9.686421168918514e-30,8.583079666142567e-19,True,8.583079666142567e-19,0.0,INIT
2025-12-04T19:27:42.669096,3846.336567299,1.1119382589650108e-18,0.0,-1.5042054200070187e-29,1.1119382589650108e-18,True,1.1119382589650108e-18,0.0,INIT
2025-12-04T19:27:42.674446,3846.341916675,1.1119382589650108e-18,0.0,-1.5042054200070187e-29,1.1119382589650108e-18,True,1.1119382589650108e-18,0.0,INIT
2025-12-04T19:27:42.686852,3846.354320566,6.628973550076531e-20,0.0,-1.2457436750182777e-31,6.628973550076531e-20,True,6.628973550076531e-20,0.0,INIT
2025-12-04T19:27:42.694261,3846.361733382,6.628973550076531e-20,0.0,-1.2457436750182788e-31,6.628973550076531e-20,True,6.628973550076531e-20,0.0,INIT
2025-12-04T19:27:42.704262,3846.371730622,6.628973550076531e-20,0.0,-1.2457436750182788e-31,6.628973550076531e-20,True,6.628973550076531e-20,0.0,INIT
2025-12-04T19:27:42.714355,3846.381826414,6.628973550076531e-20,0.0,-1.2457436750182788e-31,6.628973550076531e-20,True,6.628973550076531e-20,0.0,INIT
2025-12-04T19:27:42.726877,3846.394348803,7.597380120870319e-19,0.0,-7.872244237021604e-30,7.597380120870319e-19,True,7.597380120870319e-19,0.0,INIT
2025-12-04T19:27:42.734517,3846.401987325,7.597380120870319e-19,0.0,-7.872244237021604e-30,7.597380120870319e-19,True,7.597380120870319e-19,0.0,INIT
2025-12-04T19:27:42.756102,3846.42357371,-1.2946673559540767e-18,0.0,1.9482242306259395e-29,-1.2946673559540767e-18,True,1.2946673559540767e-18,0.0,INIT
2025-12-04T19:27:42.781949,3846.44941894,-5.222478292495075e-19,0.0,4.162558003482152e-30,-5.222478292495075e-19,True,5.222478292495075e-19,0.0,INIT
2025-12-04T19:27:42.784433,3846.451904713,-5.222478292495075e-19,0.0,4.162558003482152e-30,-5.222478292495075e-19,True,5.222478292495075e-19,0.0,INIT
2025-12-04T19:27:42.794377,3846.461847298,-5.222478292495075e-19,0.0,4.162558003482152e-30,-5.222478292495075e-19,True,5.222478292495075e-19,0.0,INIT
2025-12-04T19:27:42.808407,3846.475879857,1.2370241076925422e-18,0.0,-1.803071223360844e-29,1.2370241076925422e-18,True,1.2370241076925422e-18,0.0,INIT
2025-12-04T19:27:42.814768,3846.482240941,1.2370241076925422e-18,0.0,-1.803071223360844e-29,1.2370241076925422e-18,True,1.2370241076925422e-18,0.0,INIT
2025-12-04T19:27:42.824394,3846.49186543,1.2370241076925422e-18,0.0,-1.803071223360844e-29,1.2370241076925422e-18,True,1.2370241076925422e-18,0.0,INIT
2025-12-04T19:27:42.834834,3846.50230516,1.2370241076925422e-18,0.0,-1.803071223360844e-29,1.2370241076925422e-18,True,1.2370241076925422e-18,0.0,INIT
2025-12-04T19:27:42.854526,3846.521997069,-4.496173364399731e-19,0.0,3.227031366912737e-30,-4.496173364399731e-19,True,4.496173364399731e-19,0.0,INIT
2025-12-04T19:27:42.884278,3846.551750834,-1.2664221643059247e-18,0.0,1.8765211298350026e-29,-1.2664221643059247e-18,True,1.2664221643059247e-18,0.0,INIT
2025-12-04T19:27:42.894623,3846.562093169,-1.2664221643059247e-18,0.0,1.8765211298350026e-29,-1.2664221643059247e-18,True,1.2664221643059247e-18,0.0,INIT
2025-12-04T19:27:42.904765,3846.572244252,-1.2664221643059247e-18,0.0,1.8765211298350026e-29,-1.2664221643059247e-18,True,1.2664221643059247e-18,0.0,INIT
2025-12-04T19:27:42.926470,3846.593943049,-1.1067503666214726e-18,0.0,1.4922941998809094e-29,-1.1067503666214726e-18,True,1.1067503666214726e-18,0.0,INIT
2025-12-04T19:27:42.934471,3846.601939664,1.8059629680338926e-18,0.0,-3.430639103361159e-29,1.8059629680338926e-18,True,1.8059629680338926e-18,0.0,INIT
2025-12-04T19:27:42.944640,3846.61211471,1.8059629680338926e-18,0.0,-3.430639103361159e-29,1.8059629680338926e-18,True,1.8059629680338926e-18,0.0,INIT
2025-12-04T19:27:42.954380,3846.621849944,1.8059629680338926e-18,0.0,-3.430639103361159e-29,1.8059629680338926e-18,True,1.8059629680338926e-18,0.0,INIT
2025-12-04T19:27:42.964486,3846.631957508,-2.5801117921863078e-18,0.0,6.29151874050041e-29,-2.5801117921863078e-18,True,2.5801117921863078e-18,0.0,INIT
2025-12-04T19:27:42.974300,3846.641769727,-2.5801117921863078e-18,0.0,6.291518740500409e-29,-2.5801117921863078e-18,True,2.5801117921863078e-18,0.0,INIT
2025-12-04T19:27:42.985438,3846.65291045,-1.5217817541045246e-19,0.0,5.116453575673471e-31,-1.5217817541045246e-19,True,1.5217817541045246e-19,0.0,INIT
2025-12-04T19:27:42.994436,3846.661909147,-1.5217817541045246e-19,0.0,5.116453575673477e-31,-1.5217817541045246e-19,True,1.5217817541045246e-19,0.0,INIT
2025-12-04T19:27:43.004357,3846.671829031,-1.671654199584516e-18,0.0,3.0082848644161106e-29,-1.671654199584516e-18,True,1.671654199584516e-18,0.0,INIT
2025-12-04T19:27:43.014476,3846.6819465,-1.671654199584516e-18,0.0,3.0082848644161106e-29,-1.671654199584516e-18,True,1.671654199584516e-18,0.0,INIT
2025-12-04T19:27:43.024335,3846.691804337,-1.671654199584516e-18,0.0,3.0082848644161106e-29,-1.671654199584516e-18,True,1.671654199584516e-18,0.0,INIT
2025-12-04T19:27:43.074561,3846.742031135,-6.473336779770385e-19,0.0,5.9963634436958094e-30,-6.473336779770385e-19,True,6.473336779770385e-19,0.0,INIT
2025-12-04T19:27:43.084133,3846.751604556,-2.3489623666575525e-18,0.0,5.363636091447584e-29,-2.3489623666575525e-18,True,2.3489623666575525e-18,0.0,INIT
2025-12-04T19:27:43.094271,3846.761736781,-2.3489623666575525e-18,0.0,5.363636091447584e-29,-2.3489623666575525e-18,True,2.3489623666575525e-18,0.0,INIT
2025-12-04T19:27:43.104218,3846.771686585,-9.41314244110867e-19,0.0,1.1332321219026913e-29,-9.41314244110867e-19,True,9.41314244110867e-19,0.0,INIT
2025-12-04T19:27:43.114246,3846.781718097,-9.41314244110867e-19,0.0,1.1332321219026914e-29,-9.41314244110867e-19,True,9.41314244110867e-19,0.0,INIT
2025-12-04T19:27:43.334090,3847.001562731,6.634737874902683e-19,0.0,-6.252740605609097e-30,6.634737874902683e-19,True,6.634737874902683e-19,0.0,INIT
2025-12-04T19:27:43.346150,3847.013620518,-4.571109587139728e-19,0.0,3.318996394732566e-30,-4.571109587139728e-19,True,4.571109587139728e-19,0.0,INIT
2025-12-04T19:27:43.354665,3847.022135962,-4.571109587139728e-19,0.0,3.318996394732566e-30,-4.571109587139728e-19,True,4.571109587139728e-19,0.0,INIT
2025-12-04T19:27:43.364695,3847.032170519,-1.6030587341532892e-18,0.0,2.801457532067906e-29,-1.6030587341532892e-18,True,1.6030587341532892e-18,0.0,INIT
2025-12-04T19:27:43.374238,3847.041708545,-1.6030587341532892e-18,0.0,2.801457532067906e-29,-1.6030587341532892e-18,True,1.6030587341532892e-18,0.0,INIT
2025-12-04T19:27:43.385184,3847.052654322,-1.6030587341532892e-18,0.0,2.801457532067906e-29,-1.6030587341532892e-18,True,1.6030587341532892e-18,0.0,INIT
2025-12-04T19:27:43.394400,3847.061872183,-1.3949666079291476e-19,0.0,4.4129446916875575e-31,-1.3949666079291476e-19,True,1.3949666079291476e-19,0.0,INIT
2025-12-04T19:27:43.404310,3847.071779782,-1.3949666079291476e-19,0.0,4.412944691687584e-31,-1.3949666079291476e-19,True,1.3949666079291476e-19,0.0,INIT
2025-12-04T19:27:43.414423,3847.081894568,-1.567896352713753e-18,0.0,2.6977984391949544e-29,-1.567896352713753e-18,True,1.567896352713753e-18,0.0,INIT
2025-12-04T19:27:43.424509,3847.091982118,-1.567896352713753e-18,0.0,2.6977984391949544e-29,-1.567896352713753e-18,True,1.567896352713753e-18,0.0,INIT
2025-12-04T19:27:43.434509,3847.101979081,-8.410149921357961e-19,0.0,9.356994160315485e-30,-8.410149921357961e-19,True,8.410149921357961e-19,0.0,INIT
2025-12-04T19:27:43.444489,3847.111961172,-8.410149921357961e-19,0.0,9.356994160315485e-30,-8.410149921357961e-19,True,8.410149921357961e-19,0.0,INIT
2025-12-04T19:27:43.465174,3847.132647352,5.164835044233539e-19,0.0,-4.08475467636941e-30,5.164835044233539e-19,True,5.164835044233539e-19,0.0,INIT
2025-12-04T19:27:43.474260,3847.141731837,-1.4843136427345268e-18,0.0,2.457896883742228e-29,-1.4843136427345268e-18,True,1.4843136427345268e-18,0.0,INIT
2025-12-04T19:27:43.484489,3847.151960357,-1.4843136427345268e-18,0.0,2.457896883742228e-29,-1.4843136427345268e-18,True,1.4843136427345268e-18,0.0,INIT
2025-12-04T19:27:43.568347,3847.235816254,1.2272247554880806e-18,0.0,-1.7788567933254748e-29,1.2272247554880806e-18,True,1.2272247554880806e-18,0.0,INIT
2025-12-04T19:27:43.574661,3847.24213545,1.2272247554880806e-18,0.0,-1.7788567933254748e-29,1.2272247554880806e-18,True,1.2272247554880806e-18,0.0,INIT
2025-12-04T19:27:43.587136,3847.254604751,-1.2416355675534646e-18,0.0,1.8145128596967173e-29,-1.2416355675534646e-18,True,1.2416355675534646e-18,0.0,INIT
2025-12-04T19:27:43.594300,3847.261772609,-1.2416355675534646e-18,0.0,1.8145128596967173e-29,-1.2416355675534646e-18,True,1.2416355675534646e-18,0.0,INIT
2025-12-04T19:27:43.610027,3847.277497507,-3.8966835824797695e-19,0.0,2.53018190402751e-30,-3.8966835824797695e-19,True,3.8966835824797695e-19,0.0,INIT
2025-12-04T19:27:43.614711,3847.282182148,-3.8966835824797695e-19,0.0,2.530181904027511e-30,-3.8966835824797695e-19,True,3.8966835824797695e-19,0.0,INIT
2025-12-04T19:27:43.624437,3847.291906852,-3.8966835824797695e-19,0.0,2.530181904027511e-30,-3.8966835824797695e-19,True,3.8966835824797695e-19,0.0,INIT
2025-12-04T19:27:43.634308,3847.301777731,1.077928742490705e-18,0.0,-1.4268328295517194e-29,1.077928742490705e-18,True,1.077928742490705e-18,0.0,INIT
2025-12-04T19:27:43.644487,3847.31195636,1.077928742490705e-18,0.0,-1.4268328295517194e-29,1.077928742490705e-18,True,1.077928742490705e-18,0.0,INIT
2025-12-04T19:27:43.654319,3847.321788133,6.484865429422692e-19,0.0,-6.014529375734117e-30,6.484865429422692e-19,True,6.484865429422692e-19,0.0,INIT
2025-12-04T19:27:43.664855,3847.332325685,6.484865429422692e-19,0.0,-6.014529375734118e-30,6.484865429422692e-19,True,6.484865429422692e-19,0.0,INIT
2025-12-04T19:27:43.674592,3847.342060587,-7.608908770522624e-20,0.0,1.5747733089572537e-31,-7.608908770522624e-20,True,7.608908770522624e-20,0.0,INIT
2025-12-04T19:27:43.684500,3847.351971767,-7.608908770522624e-20,0.0,1.5747733089572563e-31,-7.608908770522624e-20,True,7.608908770522624e-20,0.0,INIT
2025-12-04T19:27:43.697308,3847.364778647,-2.1725740269772556e-18,0.0,4.6970674410534743e-29,-2.1725740269772556e-18,True,2.1725740269772556e-18,0.0,INIT
2025-12-04T19:27:43.704487,3847.371960236,-2.1725740269772556e-18,0.0,4.6970674410534743e-29,-2.1725740269772556e-18,True,2.1725740269772556e-18,0.0,INIT
2025-12-04T19:27:43.714894,3847.382370835,-2.2094657058646377e-18,0.0,4.833462516049642e-29,-2.2094657058646377e-18,True,2.2094657058646377e-18,0.0,INIT
2025-12-04T19:27:43.724250,3847.391722891,-2.2094657058646377e-18,0.0,4.833462516049642e-29,-2.2094657058646377e-18,True,2.2094657058646377e-18,0.0,INIT
2025-12-04T19:27:43.734240,3847.401708238,-2.2094657058646377e-18,0.0,4.833462516049642e-29,-2.2094657058646377e-18,True,2.2094657058646377e-18,0.0,INIT
2025-12-04T19:27:43.754374,3847.42184781,-1.6751127944802083e-18,0.0,3.0188733888427807e-29,-1.6751127944802083e-18,True,1.6751127944802083e-18,0.0,INIT
2025-12-04T19:27:43.764137,3847.43160592,-1.9322016817266547e-18,0.0,3.848213680111432e-29,-1.9322016817266547e-18,True,1.9322016817266547e-18,0.0,INIT
2025-12-04T19:27:43.774263,3847.441732416,-1.9322016817266547e-18,0.0,3.848213680111432e-29,-1.9322016817266547e-18,True,1.9322016817266547e-18,0.0,INIT
2025-12-04T19:27:44.155998,3847.823469649,-2.0013735796404964e-18,0.0,4.085336933367966e-29,-2.0013735796404964e-18,True,2.0013735796404964e-18,0.0,INIT
2025-12-04T19:27:44.176943,3847.844420103,-2.0013735796404964e-18,0.0,4.085336933367966e-29,-2.0013735796404964e-18,True,2.0013735796404964e-18,0.0,INIT
2025-12-04T19:27:44.184714,3847.852182239,-1.7431318274288194e-18,0.0,3.230214779166559e-29,-1.7431318274288194e-18,True,1.7431318274288194e-18,0.0,INIT
2025-12-04T19:27:44.541974,3848.209446756,-1.9737048204749595e-18,0.0,3.9897873352995095e-29,-1.9737048204749595e-18,True,1.9737048204749595e-18,0.0,INIT
2025-12-04T19:27:44.551423,3848.21889675,-1.9737048204749595e-18,0.0,3.9897873352995095e-29,-1.9737048204749595e-18,True,1.9737048204749595e-18,0.0,INIT
2025-12-04T19:27:44.554273,3848.221745472,-1.9737048204749595e-18,0.0,3.9897873352995095e-29,-1.9737048204749595e-18,True,1.9737048204749595e-18,0.0,INIT
2025-12-04T19:27:44.834022,3848.501491705,-4.726746357445872e-19,0.0,3.513386362936024e-30,-4.726746357445872e-19,True,4.726746357445872e-19,0.0,INIT
2025-12-04T19:27:44.850641,3848.518116549,-4.726746357445872e-19,0.0,3.513386362936024e-30,-4.726746357445872e-19,True,4.726746357445872e-19,0.0,INIT
2025-12-04T19:27:44.867886,3848.535354483,-4.726746357445872e-19,0.0,3.513386362936024e-30,-4.726746357445872e-19,True,4.726746357445872e-19,0.0,INIT
2025-12-04T19:27:44.875781,3848.54325815,2.611239146247537e-19,0.0,-1.2811775078028048e-30,2.611239146247537e-19,True,2.611239146247537e-19,0.0,INIT
2025-12-04T19:27:44.885030,3848.552507925,2.611239146247537e-19,0.0,-1.2811775078028046e-30,2.611239146247537e-19,True,2.611239146247537e-19,0.0,INIT
2025-12-04T19:27:44.894266,3848.561741945,5.695152928239661e-19,0.0,-4.823132223351526e-30,5.695152928239661e-19,True,5.695152928239661e-19,0.0,INIT
2025-12-04T19:27:44.904472,3848.571948712,5.695152928239661e-19,0.0,-4.823132223351526e-30,5.695152928239661e-19,True,5.695152928239661e-19,0.0,INIT
2025-12-04T19:27:44.914520,3848.581992592,-5.879611322676575e-19,0.0,5.0916982044992295e-30,-5.879611322676575e-19,True,5.879611322676575e-19,0.0,INIT
2025-12-04T19:27:44.924352,3848.591826495,-5.879611322676575e-19,0.0,5.091698204499229e-30,-5.879611322676575e-19,True,5.879611322676575e-19,0.0,INIT
2025-12-04T19:27:44.945361,3848.612834036,-6.917189791384205e-19,0.0,6.711977322615669e-30,-6.917189791384205e-19,True,6.917189791384205e-19,0.0,INIT
2025-12-04T19:27:44.954762,3848.622236851,-1.0306612789162464e-18,0.0,1.322108620022024e-29,-1.0306612789162464e-18,True,1.0306612789162464e-18,0.0,INIT
2025-12-04T19:27:44.964375,3848.631846376,-1.0306612789162464e-18,0.0,1.322108620022024e-29,-1.0306612789162464e-18,True,1.0306612789162464e-18,0.0,INIT
2025-12-04T19:27:45.282520,3848.949992806,-2.5564780603990784e-18,0.0,6.193861975842285e-29,-2.5564780603990784e-18,True,2.5564780603990784e-18,0.0,INIT
2025-12-04T19:27:45.293050,3848.960526117,-2.5564780603990784e-18,0.0,6.193861975842285e-29,-2.5564780603990784e-18,True,2.5564780603990784e-18,0.0,INIT
2025-12-04T19:27:45.297652,3848.965125759,-6.807667619687287e-19,0.0,6.532316039745824e-30,-6.807667619687287e-19,True,6.807667619687287e-19,0.0,INIT
2025-12-04T19:27:45.304478,3848.971955606,-6.807667619687287e-19,0.0,6.532316039745826e-30,-6.807667619687287e-19,True,6.807667619687287e-19,0.0,INIT
2025-12-04T19:27:45.428851,3849.096324702,-2.0140550942580344e-18,0.0,4.1294412649865914e-29,-2.0140550942580344e-18,True,2.0140550942580344e-18,0.0,INIT
2025-12-04T19:27:45.441848,3849.109317865,-2.0140550942580344e-18,0.0,4.129441264986592e-29,-2.0140550942580344e-18,True,2.0140550942580344e-18,0.0,INIT
2025-12-04T19:27:45.444356,3849.111820189,-1.268727894236386e-18,0.0,1.882332906580641e-29,-1.268727894236386e-18,True,1.268727894236386e-18,0.0,INIT
2025-12-04T19:27:45.454422,3849.121891043,-1.268727894236386e-18,0.0,1.882332906580641e-29,-1.268727894236386e-18,True,1.268727894236386e-18,0.0,INIT
2025-12-04T19:27:45.468675,3849.136144252,9.62642245967635e-19,0.0,-1.1772274038092199e-29,9.62642245967635e-19,True,9.62642245967635e-19,0.0,INIT
2025-12-04T19:27:45.474176,3849.141643955,9.62642245967635e-19,0.0,-1.1772274038092199e-29,9.62642245967635e-19,True,9.62642245967635e-19,0.0,INIT
2025-12-04T19:27:45.568414,3849.235906979,-1.689523606545592e-18,0.0,3.06315697686299e-29,-1.689523606545592e-18,True,1.689523606545592e-18,0.0,INIT
2025-12-04T19:27:45.574518,3849.241988239,-1.689523606545592e-18,0.0,3.06315697686299e-29,-1.689523606545592e-18,True,1.689523606545592e-18,0.0,INIT
2025-12-04T19:27:45.645536,3849.31301564,-3.7986900604351584e-19,0.0,2.422967378223963e-30,-3.7986900604351584e-19,True,3.7986900604351584e-19,0.0,INIT
2025-12-04T19:27:45.752996,3849.42047062,1.746590422324511e-19,0.0,-6.466880423704312e-31,1.746590422324511e-19,True,1.746590422324511e-19,0.0,INIT
2025-12-04T19:27:45.761127,3849.428595852,1.746590422324511e-19,0.0,-6.466880423704314e-31,1.746590422324511e-19,True,1.746590422324511e-19,0.0,INIT
2025-12-04T19:27:45.767301,3849.434777307,-1.0883045271777815e-18,0.0,1.4502595872690805e-29,-1.0883045271777815e-18,True,1.0883045271777815e-18,0.0,INIT
2025-12-04T19:27:45.774338,3849.44180427,-1.0883045271777815e-18,0.0,1.4502595872690805e-29,-1.0883045271777815e-18,True,1.0883045271777815e-18,0.0,INIT
2025-12-04T19:27:45.799150,3849.466625318,-4.1848998237874427e-19,0.0,2.8565025586443756e-30,-4.1848998237874427e-19,True,4.1848998237874427e-19,0.0,INIT
2025-12-04T19:27:45.851186,3849.518664736,-1.6975936613022069e-18,0.0,3.088071666814427e-29,-1.6975936613022069e-18,True,1.6975936613022069e-18,0.0,INIT
2025-12-04T19:27:45.855749,3849.523214349,-1.352887036698227e-18,0.0,2.0994938873513453e-29,-1.352887036698227e-18,True,1.352887036698227e-18,0.0,INIT
2025-12-04T19:27:45.864471,3849.531947539,-1.352887036698227e-18,0.0,2.0994938873513453e-29,-1.352887036698227e-18,True,1.352887036698227e-18,0.0,INIT
2025-12-04T19:27:45.874406,3849.541881309,1.0375784687076299e-19,0.0,-2.6681216133089625e-31,1.0375784687076299e-19,True,1.0375784687076299e-19,0.0,INIT
2025-12-04T19:27:45.884653,3849.552125577,1.0375784687076299e-19,0.0,-2.668121613308954e-31,1.0375784687076299e-19,True,1.0375784687076299e-19,0.0,INIT
2025-12-04T19:27:45.894477,3849.56195403,-2.789933215858299e-19,0.0,1.4337699603243112e-30,-2.789933215858299e-19,True,2.789933215858299e-19,0.0,INIT
2025-12-04T19:27:45.904560,3849.572032168,-2.789933215858299e-19,0.0,1.433769960324311e-30,-2.789933215858299e-19,True,2.789933215858299e-19,0.0,INIT
2025-12-04T19:27:45.927356,3849.594829381,-1.5333104037568307e-19,0.0,5.1825218821264715e-31,-1.5333104037568307e-19,True,1.5333104037568307e-19,0.0,INIT
2025-12-04T19:27:45.959405,3849.626878482,5.406936686931984e-19,0.0,-4.415574203501735e-30,5.406936686931984e-19,True,5.406936686931984e-19,0.0,INIT
2025-12-04T19:27:45.964700,3849.632172745,5.406936686931984e-19,0.0,-4.415574203501736e-30,5.406936686931984e-19,True,5.406936686931984e-19,0.0,INIT
2025-12-04T19:27:45.974490,3849.641963225,5.406936686931984e-19,0.0,-4.415574203501736e-30,5.406936686931984e-19,True,5.406936686931984e-19,0.0,INIT
2025-12-04T19:27:45.984638,3849.652118127,1.1050210691736268e-18,0.0,-1.4883324615127109e-29,1.1050210691736268e-18,True,1.1050210691736268e-18,0.0,INIT
2025-12-04T19:27:45.994422,3849.661894781,1.1050210691736268e-18,0.0,-1.4883324615127109e-29,1.1050210691736268e-18,True,1.1050210691736268e-18,0.0,INIT
2025-12-04T19:27:46.004574,3849.672046137,4.940026376013553e-19,0.0,-3.787126042559405e-30,4.940026376013553e-19,True,4.940026376013553e-19,0.0,INIT
2025-12-04T19:27:46.014377,3849.681852532,4.940026376013553e-19,0.0,-3.787126042559406e-30,4.940026376013553e-19,True,4.940026376013553e-19,0.0,INIT
2025-12-04T19:27:46.334094,3850.001566569,-1.1528649652307006e-18,0.0,1.5995335539063009e-29,-1.1528649652307006e-18,True,1.1528649652307006e-18,0.0,INIT
2025-12-04T19:27:46.354885,3850.022356365,-1.1528649652307006e-18,0.0,1.5995335539063009e-29,-1.1528649652307006e-18,True,1.1528649652307006e-18,0.0,INIT
2025-12-04T19:27:46.365015,3850.03249139,-1.7316031777765122e-18,0.0,3.1939803532006796e-29,-1.7316031777765122e-18,True,1.7316031777765122e-18,0.0,INIT
2025-12-04T19:27:46.374352,3850.041826446,-1.7316031777765122e-18,0.0,3.1939803532006796e-29,-1.7316031777765122e-18,True,1.7316031777765122e-18,0.0,INIT
2025-12-04T19:27:46.392612,3850.060086433,-1.7316031777765122e-18,0.0,3.1939803532006796e-29,-1.7316031777765122e-18,True,1.7316031777765122e-18,0.0,INIT
2025-12-04T19:27:46.394491,3850.061960878,-1.567896352713753e-18,0.0,2.6977984391949544e-29,-1.567896352713753e-18,True,1.567896352713753e-18,0.0,INIT
2025-12-04T19:27:46.404435,3850.071912259,-1.567896352713753e-18,0.0,2.6977984391949544e-29,-1.567896352713753e-18,True,1.567896352713753e-18,0.0,INIT
2025-12-04T19:27:46.414443,3850.081912317,3.8851549328274596e-19,0.0,-2.517469318526382e-30,3.8851549328274596e-19,True,3.8851549328274596e-19,0.0,INIT
2025-12-04T19:27:46.424490,3850.091961418,3.8851549328274596e-19,0.0,-2.517469318526382e-30,3.8851549328274596e-19,True,3.8851549328274596e-19,0.0,INIT
2025-12-04T19:27:46.434450,3850.10192433,3.0896781068182793e-19,0.0,-1.7053852589296588e-30,3.0896781068182793e-19,True,3.0896781068182793e-19,0.0,INIT
2025-12-04T19:27:46.444518,3850.111996072,3.0896781068182793e-19,0.0,-1.7053852589296588e-30,3.0896781068182793e-19,True,3.0896781068182793e-19,0.0,INIT
2025-12-04T19:27:46.480097,3850.147572985,6.917189791384205e-19,0.0,-6.711977322615669e-30,6.917189791384205e-19,True,6.917189791384205e-19,0.0,INIT
2025-12-04T19:27:46.484601,3850.152075714,6.917189791384205e-19,0.0,-6.711977322615669e-30,6.917189791384205e-19,True,6.917189791384205e-19,0.0,INIT
2025-12-04T19:27:46.494210,3850.161676793,6.917189791384205e-19,0.0,-6.711977322615669e-30,6.917189791384205e-19,True,6.917189791384205e-19,0.0,INIT
2025-12-04T19:27:46.520648,3850.188123119,5.718210227544276e-19,0.0,-4.85637488958006e-30,5.718210227544276e-19,True,5.718210227544276e-19,0.0,INIT
2025-12-04T19:27:46.524256,3850.191722557,5.718210227544276e-19,0.0,-4.85637488958006e-30,5.718210227544276e-19,True,5.718210227544276e-19,0.0,INIT
2025-12-04T19:27:46.534430,3850.2018971,5.718210227544276e-19,0.0,-4.85637488958006e-30,5.718210227544276e-19,True,5.718210227544276e-19,0.0,INIT
2025-12-04T19:27:46.545175,3850.212643436,-8.277570450356431e-19,0.0,9.107620166424636e-30,-8.277570450356431e-19,True,8.277570450356431e-19,0.0,INIT
2025-12-04T19:27:46.554645,3850.222114381,-8.277570450356431e-19,0.0,9.107620166424636e-30,-8.277570450356431e-19,True,8.277570450356431e-19,0.0,INIT
2025-12-04T19:27:46.591901,3850.259369841,-6.432986505987311e-19,0.0,5.932960993207535e-30,-6.432986505987311e-19,True,6.432986505987311e-19,0.0,INIT
2025-12-04T19:27:46.594876,3850.262347994,-6.432986505987311e-19,0.0,5.932960993207535e-30,-6.432986505987311e-19,True,6.432986505987311e-19,0.0,INIT
2025-12-04T19:27:46.604586,3850.272057294,-6.432986505987311e-19,0.0,5.932960993207535e-30,-6.432986505987311e-19,True,6.432986505987311e-19,0.0,INIT
2025-12-04T19:27:47.286096,3850.953576451,-5.0149625987535397e-20,0.0,7.752202196652252e-32,-5.0149625987535397e-20,True,5.0149625987535397e-20,0.0,INIT
