timestamp_wall,timestamp_mono,state_x,desired_x,output_cmd,error,converged_flag,distance_to_converge,estimated_time_to_converge,fsm_mode
2025-12-04T20:51:05.323632,1398.539573037,-8.02970448283183e-19,0.0,1.7297735650666007e-29,-8.02970448283183e-19,False,8.02970448283183e-19,0.0,INIT
2025-12-04T20:51:05.458013,1398.673946254,-8.02970448283183e-19,0.7854017641930113,0.2,-0.7854017641930113,False,0.7854017641930113,0.0,INIT
2025-12-04T20:51:05.465460,1398.681393949,5.885759601339916e-11,0.7854387658270463,0.2,-0.7854387657681887,False,0.7854387657681887,0.0,INIT
2025-12-04T20:51:05.466267,1398.68219224,5.885759601339916e-11,0.7854387658270463,0.2,-0.7854387657681887,False,0.7854387657681887,0.0,INIT
2025-12-04T20:51:05.467080,1398.683010814,5.885759601339916e-11,0.7855157780081412,0.2,-0.7855157779492836,False,0.7855157779492836,0.0,INIT
2025-12-04T20:51:05.467840,1398.683766422,5.885759601339916e-11,0.7855157780081412,0.2,-0.7855157779492836,False,0.7855157779492836,0.0,INIT
2025-12-04T20:51:05.468696,1398.684623322,5.885759601339916e-11,0.7856328192217847,0.2,-0.7856328191629272,False,0.7856328191629272,0.0,INIT
2025-12-04T20:51:05.469712,1398.685639069,5.885759601339916e-11,0.7856328192217847,0.2,-0.7856328191629272,False,0.7856328191629272,0.0,INIT
2025-12-04T20:51:05.470271,1398.686192194,5.885759601339916e-11,0.7857899175653964,0.2,-0.7857899175065388,False,0.7857899175065388,0.0,INIT
2025-12-04T20:51:05.471049,1398.686971303,5.885759601339916e-11,0.7857899175653964,0.2,-0.7857899175065388,False,0.7857899175065388,0.0,INIT
2025-12-04T20:51:05.471772,1398.687709583,5.885759601339916e-11,0.785987110759558,0.2,-0.7859871107007004,False,0.7859871107007004,0.0,INIT
2025-12-04T20:51:05.472434,1398.688363357,5.885759601339916e-11,0.785987110759558,0.2,-0.7859871107007004,False,0.7859871107007004,0.0,INIT
2025-12-04T20:51:05.474458,1398.690385814,5.885759601339916e-11,0.7862244461630854,0.2,-0.7862244461042278,False,0.7862244461042278,0.0,INIT
2025-12-04T20:51:05.506938,1398.72287069,0.20000000006813293,0.7862244461630854,0.2,-0.5862244460949525,False,0.5862244460949525,0.0,INIT
2025-12-04T20:51:05.508764,1398.724697695,0.20000000006813293,0.7847568998907111,0.2,-0.5847568998225782,False,0.5847568998225782,0.0,INIT
2025-12-04T20:51:05.509552,1398.725476079,0.20000000006813293,0.7847568998907111,0.2,-0.5847568998225782,False,0.5847568998225782,0.0,INIT
2025-12-04T20:51:05.517887,1398.733817691,0.20000000006813293,0.7810734974000373,0.2,-0.5810734973319044,False,0.5810734973319044,0.0,INIT
2025-12-04T20:51:05.602213,1398.818142422,0.2000000000693097,0.7810734974000373,0.2,-0.5810734973307276,False,0.5810734973307276,0.0,INIT
2025-12-04T20:51:05.758537,1398.974467716,0.20000000001161658,0.7593934947230081,0.2,-0.5593934947113915,False,0.5593934947113915,0.0,INIT
2025-12-04T20:51:05.800423,1399.016353442,0.20000000001161658,0.7521727397332705,0.2,-0.5521727397216539,False,0.5521727397216539,0.0,INIT
2025-12-04T20:51:05.803764,1399.01969458,0.20000000001164073,0.748560358807687,0.2,-0.5485603587960463,False,0.5485603587960463,0.0,INIT
2025-12-04T20:51:05.805055,1399.020985824,0.20000000001164073,0.7449466340125444,0.2,-0.5449466340009036,False,0.5449466340009036,0.0,INIT
2025-12-04T20:51:05.805904,1399.021829649,0.20000000001164073,0.7449466340125444,0.2,-0.5449466340009036,False,0.5449466340009036,0.0,INIT
2025-12-04T20:51:05.806644,1399.022572762,0.20000000001164073,0.7449466340125444,0.2,-0.5449466340009036,False,0.5449466340009036,0.0,INIT
2025-12-04T20:51:05.808034,1399.023960998,0.20000000001164073,0.7413315591562193,0.2,-0.5413315591445785,False,0.5413315591445785,0.0,INIT
2025-12-04T20:51:05.809138,1399.025071424,0.20000000001164073,0.7413315591562193,0.2,-0.5413315591445785,False,0.5413315591445785,0.0,INIT
2025-12-04T20:51:05.810349,1399.026274852,0.20000000001164073,0.7377151280432788,0.2,-0.537715128031638,False,0.537715128031638,0.0,INIT
2025-12-04T20:51:05.811472,1399.027398313,0.20000000001164073,0.7340973344745101,0.2,-0.5340973344628693,False,0.5340973344628693,0.0,INIT
2025-12-04T20:51:05.812291,1399.028218336,0.20000000001164073,0.7340973344745101,0.2,-0.5340973344628693,False,0.5340973344628693,0.0,INIT
2025-12-04T20:51:05.813255,1399.029179815,0.20000000001164073,0.7304781722469573,0.2,-0.5304781722353166,False,0.5304781722353166,0.0,INIT
2025-12-04T20:51:05.819401,1399.035329591,0.20000000001164558,0.7304781722469573,0.2,-0.5304781722353118,False,0.5304781722353118,0.0,INIT
2025-12-04T20:51:05.830677,1399.046613468,0.20000000001164558,0.7268576351539524,0.2,-0.5268576351423069,False,0.5268576351423069,0.0,INIT
2025-12-04T20:51:05.897252,1399.113194176,0.20000000001164558,0.7268576351539524,0.2,-0.5268576351423069,False,0.5268576351423069,0.0,INIT
2025-12-04T20:51:05.904406,1399.120336647,0.2000000000116698,0.7268576351539524,0.2,-0.5268576351422827,False,0.5268576351422827,0.0,INIT
2025-12-04T20:51:05.930462,1399.146399666,0.20000000001167462,0.7232357169851498,0.2,-0.5232357169734752,False,0.5232357169734752,0.0,INIT
2025-12-04T20:51:05.934237,1399.150169249,0.20000000001167462,0.7232357169851498,0.2,-0.5232357169734752,False,0.5232357169734752,0.0,INIT
2025-12-04T20:51:05.935490,1399.151422725,0.20000000001167462,0.7196124115265645,0.2,-0.5196124115148899,False,0.5196124115148899,0.0,INIT
2025-12-04T20:51:05.939701,1399.155633592,0.20000000001167462,0.7196124115265645,0.2,-0.5196124115148899,False,0.5196124115148899,0.0,INIT
2025-12-04T20:51:05.940627,1399.156555218,0.20000000001167462,0.715987712560604,0.2,-0.5159877125489294,False,0.5159877125489294,0.0,INIT
2025-12-04T20:51:05.941894,1399.157822891,0.20000000001167462,0.715987712560604,0.2,-0.5159877125489294,False,0.5159877125489294,0.0,INIT
2025-12-04T20:51:05.942746,1399.158673925,0.20000000001167462,0.7123616138661113,0.2,-0.5123616138544367,False,0.5123616138544367,0.0,INIT
2025-12-04T20:51:05.944001,1399.159927232,0.20000000001167462,0.7087341092183976,0.2,-0.508734109206723,False,0.508734109206723,0.0,INIT
2025-12-04T20:51:05.955621,1399.171551377,0.20000000001167462,0.7087341092183976,0.2,-0.508734109206723,False,0.508734109206723,0.0,INIT
2025-12-04T20:51:05.972142,1399.188077138,0.2000000000117133,0.7087341092183976,0.2,-0.5087341092066844,False,0.5087341092066844,0.0,INIT
2025-12-04T20:51:05.973942,1399.189872016,0.20000000001172297,0.7051051923892846,0.2,-0.5051051923775616,False,0.5051051923775616,0.0,INIT
2025-12-04T20:51:05.979501,1399.19543125,0.20000000001172297,0.7051051923892846,0.2,-0.5051051923775616,False,0.5051051923775616,0.0,INIT
2025-12-04T20:51:05.989875,1399.205807582,0.20000000001172297,0.7014748571471419,0.2,-0.5014748571354188,False,0.5014748571354188,0.0,INIT
2025-12-04T20:51:06.000855,1399.216785246,0.20000000001171814,0.7014748571471419,0.2,-0.5014748571354237,False,0.5014748571354237,0.0,INIT
2025-12-04T20:51:06.011475,1399.227407634,0.20000000001171814,0.6978430972569285,0.2,-0.49784309724521036,False,0.49784309724521036,0.0,INIT
2025-12-04T20:51:06.025886,1399.24182095,0.20000000001168425,0.6978430972569285,0.2,-0.4978430972452442,False,0.4978430972452442,0.0,INIT
2025-12-04T20:51:06.037474,1399.253406821,0.20000000001168425,0.6942099064802365,0.2,-0.49420990646855223,False,0.49420990646855223,0.0,INIT
2025-12-04T20:51:06.059935,1399.275874829,0.20000000001170845,0.6942099064802365,0.2,-0.494209906468528,False,0.494209906468528,0.0,INIT
2025-12-04T20:51:06.061877,1399.277820195,0.20000000001170845,0.6905752785753276,0.2,-0.49057527856361915,False,0.49057527856361915,0.0,INIT
2025-12-04T20:51:06.072379,1399.28831059,0.20000000001168425,0.6905752785753276,0.2,-0.49057527856364336,False,0.49057527856364336,0.0,INIT
2025-12-04T20:51:06.189840,1399.405774014,0.20000000001168425,0.6869392072971814,0.2,-0.4869392072854971,False,0.4869392072854971,0.0,INIT
2025-12-04T20:51:06.223350,1399.439284079,0.20000000001164558,0.679662709624945,0.2,-0.47966270961329943,False,0.47966270961329943,0.0,INIT
2025-12-04T20:51:06.227163,1399.44309783,0.20000000001164558,0.679662709624945,0.2,-0.47966270961329943,False,0.47966270961329943,0.0,INIT
2025-12-04T20:51:06.229759,1399.445692044,0.20000000001164558,0.6760222707247943,0.2,-0.4760222707131487,False,0.4760222707131487,0.0,INIT
2025-12-04T20:51:06.231721,1399.447655998,0.20000000001164078,0.6760222707247943,0.2,-0.4760222707131535,False,0.4760222707131535,0.0,INIT
2025-12-04T20:51:06.232796,1399.448731398,0.20000000001164078,0.672380363439383,0.2,-0.47238036342774226,False,0.47238036342774226,0.0,INIT
2025-12-04T20:51:06.233376,1399.449302349,0.20000000001164078,0.672380363439383,0.2,-0.47238036342774226,False,0.47238036342774226,0.0,INIT
2025-12-04T20:51:06.234397,1399.450325935,0.20000000001164078,0.6687369815079496,0.2,-0.4687369814963088,False,0.4687369814963088,0.0,INIT
2025-12-04T20:51:06.235121,1399.45104518,0.20000000001164078,0.6687369815079496,0.2,-0.4687369814963088,False,0.4687369814963088,0.0,INIT
2025-12-04T20:51:06.236124,1399.452051594,0.20000000001164078,0.6650921186667293,0.2,-0.4650921186550886,False,0.4650921186550886,0.0,INIT
2025-12-04T20:51:06.236929,1399.452856025,0.20000000001164078,0.6650921186667293,0.2,-0.4650921186550886,False,0.4650921186550886,0.0,INIT
2025-12-04T20:51:06.237613,1399.453542728,0.20000000001164078,0.6614457686490001,0.2,-0.4614457686373593,False,0.4614457686373593,0.0,INIT
2025-12-04T20:51:06.408107,1399.624039064,0.20000000001164078,0.6468453713779336,0.2,-0.4468453713662929,False,0.4468453713662929,0.0,INIT
2025-12-04T20:51:06.522076,1399.738034534,0.20000000001159238,0.6285606601406704,0.2,-0.428560660129078,False,0.428560660129078,0.0,INIT
2025-12-04T20:51:06.685476,1399.901408402,0.2000000000116117,0.6028967880769169,0.2,-0.40289678806530527,False,0.40289678806530527,0.0,INIT
2025-12-04T20:51:06.695620,1399.911554631,0.2000000000116117,0.5992241946451955,0.2,-0.39922419463358383,False,0.39922419463358383,0.0,INIT
2025-12-04T20:51:06.822800,1400.038738298,0.2000000000116117,0.58083709490649,0.2,-0.3808370948948784,False,0.3808370948948784,0.0,INIT
2025-12-04T20:51:06.832675,1400.048608272,0.2000000000116117,0.58083709490649,0.2,-0.3808370948948784,False,0.3808370948948784,0.0,INIT
2025-12-04T20:51:06.840562,1400.056492873,0.2000000000116117,0.577154804233845,0.2,-0.37715480422223335,False,0.37715480422223335,0.0,INIT
2025-12-04T20:51:06.997113,1400.213045581,0.2000000000116117,0.551332542504972,0.2,-0.3513325424933603,False,0.3513325424933603,0.0,INIT
2025-12-04T20:51:07.031679,1400.247611595,0.2000000000116117,0.547636968209801,0.2,-0.34763696819818934,False,0.34763696819818934,0.0,INIT
2025-12-04T20:51:07.068454,1400.284394293,0.20000000001162138,0.54024074651785,0.2,-0.34024074650622865,False,0.34024074650622865,0.0,INIT
2025-12-04T20:51:07.072395,1400.288326022,0.2000000000116117,0.54024074651785,0.2,-0.34024074650623837,False,0.34024074650623837,0.0,INIT
2025-12-04T20:51:07.076724,1400.29265539,0.2000000000116117,0.5365400864606706,0.2,-0.336540086449059,False,0.336540086449059,0.0,INIT
2025-12-04T20:51:07.077820,1400.293747072,0.2000000000116117,0.5365400864606706,0.2,-0.336540086449059,False,0.336540086449059,0.0,INIT
2025-12-04T20:51:07.078654,1400.294579431,0.2000000000116117,0.5328377184880821,0.2,-0.3328377184764705,False,0.3328377184764705,0.0,INIT
2025-12-04T20:51:07.087889,1400.303839004,0.2000000000116117,0.5291336362685097,0.2,-0.32913363625689807,False,0.32913363625689807,0.0,INIT
2025-12-04T20:51:07.091108,1400.30703549,0.2000000000116117,0.5291336362685097,0.2,-0.32913363625689807,False,0.32913363625689807,0.0,INIT
2025-12-04T20:51:07.093057,1400.308988692,0.2000000000116117,0.5254278334699869,0.2,-0.3254278334583752,False,0.3254278334583752,0.0,INIT
2025-12-04T20:51:07.094585,1400.310512869,0.2000000000116117,0.5254278334699869,0.2,-0.3254278334583752,False,0.3254278334583752,0.0,INIT
2025-12-04T20:51:07.095453,1400.311383314,0.2000000000116117,0.5254278334699869,0.2,-0.3254278334583752,False,0.3254278334583752,0.0,INIT
2025-12-04T20:51:07.096860,1400.312788428,0.2000000000116117,0.5217203037602518,0.2,-0.32172030374864014,False,0.32172030374864014,0.0,INIT
2025-12-04T20:51:07.097832,1400.313758519,0.2000000000116117,0.5217203037602518,0.2,-0.32172030374864014,False,0.32172030374864014,0.0,INIT
2025-12-04T20:51:07.102607,1400.318540381,0.2000000000116117,0.5180110408068348,0.2,-0.31801104079522313,False,0.31801104079522313,0.0,INIT
2025-12-04T20:51:07.112596,1400.328526615,0.20000000001170842,0.5180110408068348,0.2,-0.3180110407951264,False,0.3180110407951264,0.0,INIT
2025-12-04T20:51:07.123215,1400.339143368,0.20000000001170842,0.5143000382771543,0.2,-0.3143000382654459,False,0.3143000382654459,0.0,INIT
2025-12-04T20:51:07.134228,1400.350157068,0.20000000001180512,0.5143000382771543,0.2,-0.3143000382653492,False,0.3143000382653492,0.0,INIT
2025-12-04T20:51:07.145116,1400.361047695,0.20000000001180512,0.5105872898386132,0.2,-0.3105872898268081,False,0.3105872898268081,0.0,INIT
2025-12-04T20:51:07.155781,1400.371714499,0.20000000001182444,0.5105872898386132,0.2,-0.3105872898267888,False,0.3105872898267888,0.0,INIT
2025-12-04T20:51:07.166225,1400.38215925,0.20000000001182444,0.5068727891586957,0.2,-0.30687278914687127,False,0.30687278914687127,0.0,INIT
2025-12-04T20:51:07.207593,1400.423526458,0.20000000001182444,0.5068727891586957,0.2,-0.30687278914687127,False,0.30687278914687127,0.0,INIT
2025-12-04T20:51:07.214499,1400.430427502,0.2000000000118245,0.5031565299050631,0.2,-0.3031565298932386,False,0.3031565298932386,0.0,INIT
2025-12-04T20:51:07.215930,1400.431858702,0.20000000001182444,0.5031565299050631,0.2,-0.30315652989323866,False,0.30315652989323866,0.0,INIT
2025-12-04T20:51:07.217164,1400.433090105,0.20000000001182444,0.49943850574565296,0.2,-0.2994385057338285,False,0.2994385057338285,0.0,INIT
2025-12-04T20:51:07.219740,1400.435668102,0.20000000001182444,0.49943850574565296,0.2,-0.2994385057338285,False,0.2994385057338285,0.0,INIT
2025-12-04T20:51:07.230593,1400.44652419,0.20000000001182444,0.49571871034878034,0.2,-0.2957187103369559,False,0.2957187103369559,0.0,INIT
2025-12-04T20:51:07.354253,1400.570191376,0.2000000000118245,0.49199713738323947,0.2,-0.29199713737141497,False,0.29199713737141497,0.0,INIT
2025-12-04T20:51:07.546376,1400.762306182,0.2000000000117858,0.46589582302929644,0.2,-0.26589582301751064,False,0.26589582301751064,0.0,INIT
2025-12-04T20:51:07.678712,1400.894648474,0.2000000000117858,0.43595593214187733,0.2,-0.23595593213009153,False,0.23595593213009153,0.0,INIT
2025-12-04T20:51:07.723180,1400.939114022,0.20000000001184381,0.4284522985178856,0.2,-0.22845229850604176,False,0.22845229850604176,0.0,INIT
2025-12-04T20:51:07.728306,1400.944237088,0.20000000001184381,0.42469764787138375,0.2,-0.22469764785953994,False,0.22469764785953994,0.0,INIT
2025-12-04T20:51:07.730961,1400.946891531,0.20000000001184381,0.42469764787138375,0.2,-0.22469764785953994,False,0.22469764785953994,0.0,INIT
2025-12-04T20:51:07.731715,1400.947642786,0.20000000001184381,0.420941099599756,0.2,-0.2209410995879122,False,0.2209410995879122,0.0,INIT
2025-12-04T20:51:07.732668,1400.948592169,0.20000000001184381,0.420941099599756,0.2,-0.2209410995879122,False,0.2209410995879122,0.0,INIT
2025-12-04T20:51:07.733605,1400.94953311,0.20000000001184381,0.4171826474048892,0.2,-0.21718264739304538,False,0.21718264739304538,0.0,INIT
2025-12-04T20:51:07.734865,1400.950793309,0.20000000001184381,0.4171826474048892,0.2,-0.21718264739304538,False,0.21718264739304538,0.0,INIT
2025-12-04T20:51:07.735808,1400.951732797,0.20000000001184381,0.4134222849916114,0.2,-0.21342228497976756,False,0.21342228497976756,0.0,INIT
2025-12-04T20:51:07.736513,1400.952441037,0.20000000001184381,0.4134222849916114,0.2,-0.21342228497976756,False,0.21342228497976756,0.0,INIT
2025-12-04T20:51:07.737556,1400.953480531,0.20000000001184381,0.4096600060678286,0.2,-0.20966000605598478,False,0.20966000605598478,0.0,INIT
2025-12-04T20:51:07.738581,1400.954509407,0.20000000001184381,0.4096600060678286,0.2,-0.20966000605598478,False,0.20966000605598478,0.0,INIT
2025-12-04T20:51:07.742230,1400.958164646,0.20000000001184381,0.40589580434465455,0.2,-0.20589580433281074,False,0.20589580433281074,0.0,INIT
2025-12-04T20:51:07.822709,1401.038644029,0.2000000000118245,0.40589580434465455,0.2,-0.20589580433283006,False,0.20589580433283006,0.0,INIT
2025-12-04T20:51:07.878841,1401.094771733,0.20000000001176646,0.3983616073614651,0.2,-0.19836160734969863,False,0.19836160734969863,0.0,INIT
2025-12-04T20:51:07.983423,1401.199355236,0.20000000001174714,0.37949202637119406,0.2,-0.17949202635944692,False,0.17949202635944692,0.0,INIT
2025-12-04T20:51:07.992967,1401.208903621,0.20000000001174714,0.37949202637119406,0.2,-0.17949202635944692,False,0.17949202635944692,0.0,INIT
2025-12-04T20:51:07.994932,1401.210857262,0.20000000001170842,0.3757122162841178,0.2,-0.17571221627240935,False,0.17571221627240935,0.0,INIT
2025-12-04T20:51:07.995830,1401.211758489,0.20000000001170842,0.3757122162841178,0.2,-0.17571221627240935,False,0.17571221627240935,0.0,INIT
2025-12-04T20:51:07.996889,1401.212815687,0.20000000001170842,0.37193042696523415,0.2,-0.17193042695352573,False,0.17193042695352573,0.0,INIT
2025-12-04T20:51:08.010712,1401.226646076,0.20000000001170842,0.37193042696523415,0.2,-0.17193042695352573,False,0.17193042695352573,0.0,INIT
2025-12-04T20:51:08.123287,1401.339219551,0.20000000001172777,0.35678335246463133,0.2,-0.15678335245290356,False,0.15678335245290356,0.0,INIT
2025-12-04T20:51:08.222077,1401.438016951,0.20000000001172777,0.33780422823629586,0.2,-0.1378042282245681,False,0.1378042282245681,0.0,INIT
2025-12-04T20:51:08.713209,1401.929143073,0.20000000001170842,0.2459804351459427,0.09513448265260928,-0.045980435134234277,False,0.045980435134234277,0.0,INIT
2025-12-04T20:51:08.730325,1401.946256281,0.20000000001174714,0.2421276738800966,0.08804331170190331,-0.04212767386834945,False,0.04212767386834945,0.0,INIT
2025-12-04T20:51:08.779944,1401.995879373,0.20000000001163104,0.23441556341199377,0.0732737007788524,-0.034415563400362725,False,0.034415563400362725,0.0,INIT
2025-12-04T20:51:08.787928,1402.003866084,0.20000000001163104,0.2305562022661447,0.06555588111636453,-0.030556202254513665,False,0.030556202254513665,0.0,INIT
2025-12-04T20:51:08.789614,1402.005544283,0.20000000001163104,0.2305562022661447,0.06555588111636453,-0.030556202254513665,False,0.030556202254513665,0.0,INIT
2025-12-04T20:51:08.791542,1402.007473193,0.20000000001163104,0.22669462923570993,0.05758615932255568,-0.026694629224078892,False,0.026694629224078892,0.0,INIT
2025-12-04T20:51:08.793353,1402.009280585,0.20000000001163104,0.22669462923570993,0.05758615932255568,-0.026694629224078892,False,0.026694629224078892,0.0,INIT
2025-12-04T20:51:08.796699,1402.012630445,0.20000000001163104,0.2228308383777371,0.049340686531748286,-0.022830838366106054,False,0.022830838366106054,0.0,INIT
2025-12-04T20:51:08.798427,1402.014353466,0.20000000001163104,0.2228308383777371,0.049340686531748286,-0.022830838366106054,False,0.022830838366106054,0.0,INIT
2025-12-04T20:51:08.800651,1402.016575912,0.20000000001163104,0.2189648237612114,0.040798302000024156,-0.018964823749580362,False,0.018964823749580362,0.0,INIT
2025-12-04T20:51:08.802170,1402.018103727,0.20000000001163104,0.2189648237612114,0.040798302000024156,-0.018964823749580362,False,0.018964823749580362,0.0,INIT
2025-12-04T20:51:08.804073,1402.020029515,0.20000000001163104,0.21509657946727723,0.031950599680348454,-0.015096579455646186,False,0.015096579455646186,0.0,INIT
2025-12-04T20:51:08.805762,1402.021695188,0.20000000001163104,0.21509657946727723,0.031950599680348454,-0.015096579455646186,False,0.015096579455646186,0.0,INIT
2025-12-04T20:51:08.807747,1402.023683414,0.20000000001163104,0.21122609958946592,0.022830683632077256,-0.01122609957783488,False,0.01122609957783488,0.0,INIT
2025-12-04T20:51:08.809414,1402.025340693,0.20000000001163104,0.21122609958946592,0.022830683632077256,-0.01122609957783488,False,0.01122609957783488,0.0,INIT
2025-12-04T20:51:08.816029,1402.031957329,0.20000000001170842,0.2073533782339294,0.013603282127548319,-0.007353378222220985,False,0.007353378222220985,0.0,INIT
2025-12-04T20:51:08.826223,1402.042150939,0.20000000001170842,0.2073533782339294,0.013603282127548319,-0.007353378222220985,False,0.007353378222220985,0.0,INIT
2025-12-04T20:51:08.836790,1402.052719975,0.20000000001170842,0.20347840951966356,0.004905785542265269,-0.003478409507955138,False,0.003478409507955138,0.0,INIT
2025-12-04T20:51:08.847214,1402.063149318,0.01360328598120257,0.20347840951966356,0.2,-0.18987512353846098,False,0.18987512353846098,0.0,INIT
2025-12-04T20:51:08.857546,1402.073476985,0.01360328598120257,0.20259212832102236,0.2,-0.18898884233981977,False,0.18898884233981977,0.0,INIT
2025-12-04T20:51:08.894411,1402.110343325,0.13658894985290113,0.20259212832102236,0.12954733705363716,-0.06600317846812123,False,0.06600317846812123,0.0,INIT
2025-12-04T20:51:08.896250,1402.112176418,0.20000000001197926,0.2012832275251153,0.0010756794728646955,-0.0012832275131360316,False,0.0012832275131360316,0.0,INIT
2025-12-04T20:51:08.897138,1402.113067144,0.20000000001197926,0.0,-0.2,0.20000000001197926,False,0.20000000001197926,0.0,INIT
2025-12-04T20:51:08.902711,1402.118640546,0.19425479918443483,0.0,-0.2,0.19425479918443483,False,0.19425479918443483,0.0,INIT
2025-12-04T20:51:08.914269,1402.130197698,0.19425479918443483,0.0,-0.2,0.19425479918443483,False,0.19425479918443483,0.0,INIT
2025-12-04T20:51:08.934563,1402.150491259,-0.19999999999402998,0.0,0.2,-0.19999999999402998,False,0.19999999999402998,0.0,INIT
2025-12-04T20:51:08.936000,1402.15192535,-0.19999999999402998,0.0,0.2,-0.19999999999402998,False,0.19999999999402998,0.0,INIT
2025-12-04T20:51:08.956385,1402.172314898,-0.19999999999402998,0.0,0.2,-0.19999999999402998,False,0.19999999999402998,0.0,INIT
2025-12-04T20:51:08.959047,1402.174977692,-0.041554131436424814,0.0,0.08697224509870748,-0.041554131436424814,False,0.041554131436424814,0.0,INIT
2025-12-04T20:51:09.105787,1402.321718767,0.08697224510362123,0.0,-0.16229296975398272,0.08697224510362123,False,0.08697224510362123,0.0,INIT
2025-12-04T20:51:09.297260,1402.513191984,0.08697224510362123,0.0,-0.16229296975398272,0.08697224510362123,False,0.08697224510362123,0.0,INIT
2025-12-04T20:51:09.391208,1402.607140383,0.08697224510362121,0.0,-0.1622929697539827,0.08697224510362121,False,0.08697224510362121,0.0,INIT
2025-12-04T20:51:09.406351,1402.622280437,0.0869722451036599,0.0,-0.16229296975404064,0.0869722451036599,False,0.0869722451036599,0.0,INIT
2025-12-04T20:51:09.407747,1402.6236754,0.0869722451036599,0.0,-0.16229296975404064,0.0869722451036599,False,0.0869722451036599,0.0,INIT
2025-12-04T20:51:09.452949,1402.668885344,-0.16229296976342095,0.0,0.2,-0.16229296976342095,False,0.16229296976342095,0.0,INIT
2025-12-04T20:51:09.515620,1402.731548367,-0.16229296976342095,0.0,0.2,-0.16229296976342095,False,0.16229296976342095,0.0,INIT
2025-12-04T20:51:09.538860,1402.754791887,-0.16229296976342095,0.0,0.2,-0.16229296976342095,False,0.16229296976342095,0.0,INIT
2025-12-04T20:51:09.540662,1402.756592808,-0.16229296976342095,0.0,0.2,-0.16229296976342095,False,0.16229296976342095,0.0,INIT
2025-12-04T20:51:09.541534,1402.757461739,-0.16229296976342095,0.0,0.2,-0.16229296976342095,False,0.16229296976342095,0.0,INIT
2025-12-04T20:51:09.542929,1402.758856794,-0.16229296976342095,0.0,0.2,-0.16229296976342095,False,0.16229296976342095,0.0,INIT
2025-12-04T20:51:09.544333,1402.760265079,-0.16229296976342095,0.0,0.2,-0.16229296976342095,False,0.16229296976342095,0.0,INIT
2025-12-04T20:51:09.545435,1402.761365058,-0.16229296976342095,0.0,0.2,-0.16229296976342095,False,0.16229296976342095,0.0,INIT
2025-12-04T20:51:09.546679,1402.762607022,-0.16229296976342095,0.0,0.2,-0.16229296976342095,False,0.16229296976342095,0.0,INIT
2025-12-04T20:51:09.547676,1402.763602732,-0.16229296976342095,0.0,0.2,-0.16229296976342095,False,0.16229296976342095,0.0,INIT
2025-12-04T20:51:09.548938,1402.764867781,-0.16229296976342095,0.0,0.2,-0.16229296976342095,False,0.16229296976342095,0.0,INIT
2025-12-04T20:51:09.550050,1402.765975705,-0.16229296976342095,0.0,0.2,-0.16229296976342095,False,0.16229296976342095,0.0,INIT
2025-12-04T20:51:09.550723,1402.766648596,-0.16229296976342095,0.0,0.2,-0.16229296976342095,False,0.16229296976342095,0.0,INIT
2025-12-04T20:51:09.559355,1402.775283631,-0.16229296976342095,0.0,0.2,-0.16229296976342095,False,0.16229296976342095,0.0,INIT
2025-12-04T20:51:09.682658,1402.898591243,0.10159402870556025,0.0,-0.1836686161764948,0.10159402870556025,False,0.10159402870556025,0.0,INIT
2025-12-04T20:51:09.690826,1402.906755493,0.20000000001201795,0.0,-0.2,0.20000000001201795,False,0.20000000001201795,0.0,INIT
2025-12-04T20:51:09.789658,1403.005593788,0.2000000000120566,0.0,-0.2,0.2000000000120566,False,0.2000000000120566,0.0,INIT
2025-12-04T20:51:09.827770,1403.043713177,0.2000000000120566,0.0,-0.2,0.2000000000120566,False,0.2000000000120566,0.0,INIT
2025-12-04T20:51:09.831489,1403.047425075,0.2000000000120179,0.0,-0.2,0.2000000000120179,False,0.2000000000120179,0.0,INIT
2025-12-04T20:51:09.832371,1403.048298787,0.2000000000120179,0.0,-0.2,0.2000000000120179,False,0.2000000000120179,0.0,INIT
2025-12-04T20:51:09.832946,1403.048873333,0.2000000000120179,0.0,-0.2,0.2000000000120179,False,0.2000000000120179,0.0,INIT
2025-12-04T20:51:09.858833,1403.074766792,-0.20000000001197926,0.0,0.2,-0.20000000001197926,False,0.20000000001197926,0.0,INIT
2025-12-04T20:51:09.967188,1403.183120317,-0.20000000001197926,0.0,0.2,-0.20000000001197926,False,0.20000000001197926,0.0,INIT
2025-12-04T20:51:10.026366,1403.242304256,-0.2000000000116311,0.0,0.2,-0.2000000000116311,False,0.2000000000116311,0.0,INIT
2025-12-04T20:51:10.034371,1403.250300401,-0.2000000000116311,0.0,0.2,-0.2000000000116311,False,0.2000000000116311,0.0,INIT
2025-12-04T20:51:10.040040,1403.255973045,-0.2000000000116311,0.0,0.2,-0.2000000000116311,False,0.2000000000116311,0.0,INIT
2025-12-04T20:51:10.042873,1403.258804405,-0.2000000000115924,0.0,0.2,-0.2000000000115924,False,0.2000000000115924,0.0,INIT
2025-12-04T20:51:10.043857,1403.259785022,-0.2000000000115924,0.0,0.2,-0.2000000000115924,False,0.2000000000115924,0.0,INIT
2025-12-04T20:51:10.044494,1403.26041936,-0.2000000000115924,0.0,0.2,-0.2000000000115924,False,0.2000000000115924,0.0,INIT
2025-12-04T20:51:10.045092,1403.261016557,-0.2000000000115924,0.0,0.2,-0.2000000000115924,False,0.2000000000115924,0.0,INIT
2025-12-04T20:51:10.045734,1403.261654843,-0.2000000000115924,0.0,0.2,-0.2000000000115924,False,0.2000000000115924,0.0,INIT
2025-12-04T20:51:10.105859,1403.321790632,-0.2000000000115924,0.0,0.2,-0.2000000000115924,False,0.2000000000115924,0.0,INIT
2025-12-04T20:51:10.327810,1403.543743271,-0.2000000000120566,0.0,0.2,-0.2000000000120566,False,0.2000000000120566,0.0,INIT
2025-12-04T20:51:10.340322,1403.556258265,-0.2000000000120566,0.0,0.2,-0.2000000000120566,False,0.2000000000120566,0.0,INIT
2025-12-04T20:51:10.354896,1403.57082822,-0.20000000001194057,0.0,0.2,-0.20000000001194057,False,0.20000000001194057,0.0,INIT
2025-12-04T20:51:10.356434,1403.572365218,-0.20000000001194057,0.2054174036715315,0.2,-0.40541740368347207,False,0.40541740368347207,0.0,INIT
2025-12-04T20:51:10.357667,1403.573600621,-0.20000000001194057,0.20954899759310663,0.2,-0.4095489976050472,False,0.4095489976050472,0.0,INIT
2025-12-04T20:51:10.359797,1403.575722068,-0.20000000001194057,0.20954899759310663,0.2,-0.4095489976050472,False,0.4095489976050472,0.0,INIT
2025-12-04T20:51:10.360620,1403.576545509,-0.20000000001194057,0.21368325781450626,0.2,-0.4136832578264468,False,0.4136832578264468,0.0,INIT
2025-12-04T20:51:10.361534,1403.577461217,-0.20000000001194057,0.21368325781450626,0.2,-0.4136832578264468,False,0.4136832578264468,0.0,INIT
2025-12-04T20:51:10.362779,1403.578705772,-0.20000000001194057,0.21782018696778982,0.2,-0.4178201869797304,False,0.4178201869797304,0.0,INIT
2025-12-04T20:51:10.503771,1403.719702655,0.2000000000120953,0.22266065104790211,0.048970914414087637,-0.022660651035806806,False,0.022660651035806806,0.0,INIT
2025-12-04T20:51:10.511316,1403.727246241,0.2000000000120953,0.22266065104790211,0.048970914414087637,-0.022660651035806806,False,0.022660651035806806,0.0,INIT
2025-12-04T20:51:10.513613,1403.729543085,0.2000000000120953,0.21880103999705947,0.04042974611158001,-0.018801039984964157,False,0.018801039984964157,0.0,INIT
2025-12-04T20:51:10.514715,1403.730643115,0.2000000000120953,0.21880103999705947,0.04042974611158001,-0.018801039984964157,False,0.018801039984964157,0.0,INIT
2025-12-04T20:51:10.681100,1403.897030729,0.20000000001163104,0.0,-0.2,0.20000000001163104,False,0.20000000001163104,0.0,INIT
2025-12-04T20:51:10.747136,1403.963074815,0.20000000001159238,0.0,-0.2,0.20000000001159238,False,0.20000000001159238,0.0,INIT
2025-12-04T20:51:10.759952,1403.975881383,0.20000000001159238,0.0,-0.2,0.20000000001159238,False,0.20000000001159238,0.0,INIT
2025-12-04T20:51:10.771054,1403.986992865,0.2000000000116311,0.0,-0.2,0.2000000000116311,False,0.2000000000116311,0.0,INIT
2025-12-04T20:51:10.773277,1403.989209232,0.2000000000116311,0.0,-0.2,0.2000000000116311,False,0.2000000000116311,0.0,INIT
2025-12-04T20:51:11.206700,1404.422631492,0.20000000001151502,0.0,-0.2,0.20000000001151502,False,0.20000000001151502,0.0,INIT
2025-12-04T20:51:11.217574,1404.433505651,0.20000000001151502,0.0,-0.2,0.20000000001151502,False,0.20000000001151502,0.0,INIT
2025-12-04T20:51:11.239246,1404.455175422,0.20000000001155366,0.0,-0.2,0.20000000001155366,False,0.20000000001155366,0.0,INIT
2025-12-04T20:51:11.242231,1404.458164666,0.20000000001155366,0.0,-0.2,0.20000000001155366,False,0.20000000001155366,0.0,INIT
2025-12-04T20:51:11.243702,1404.459628837,0.20000000001155366,0.0,-0.2,0.20000000001155366,False,0.20000000001155366,0.0,INIT
2025-12-04T20:51:11.260174,1404.476101664,0.20000000001155366,0.0,-0.2,0.20000000001155366,False,0.20000000001155366,0.0,INIT
2025-12-04T20:51:11.288182,1404.504111912,0.20000000001147633,0.0,-0.2,0.20000000001147633,False,0.20000000001147633,0.0,INIT
2025-12-04T20:51:11.292727,1404.508656673,0.20000000001147633,0.0,-0.2,0.20000000001147633,False,0.20000000001147633,0.0,INIT
2025-12-04T20:51:11.294433,1404.510361187,0.20000000001147633,0.0,-0.2,0.20000000001147633,False,0.20000000001147633,0.0,INIT
2025-12-04T20:51:11.299604,1404.515531502,0.20000000001147633,0.0,-0.2,0.20000000001147633,False,0.20000000001147633,0.0,INIT
2025-12-04T20:51:11.301105,1404.517030252,0.20000000001147633,0.0,-0.2,0.20000000001147633,False,0.20000000001147633,0.0,INIT
2025-12-04T20:51:11.302638,1404.518563703,0.20000000001147633,0.0,-0.2,0.20000000001147633,False,0.20000000001147633,0.0,INIT
2025-12-04T20:51:11.304892,1404.52083154,0.20000000001147633,0.0,-0.2,0.20000000001147633,False,0.20000000001147633,0.0,INIT
2025-12-04T20:51:11.306676,1404.522605014,0.20000000001147633,0.0,-0.2,0.20000000001147633,False,0.20000000001147633,0.0,INIT
2025-12-04T20:51:11.315240,1404.531168624,0.18287718592887198,0.0,-0.2,0.18287718592887198,False,0.18287718592887198,0.0,INIT
2025-12-04T20:51:11.317369,1404.533301058,0.18287718592887198,0.0,-0.2,0.18287718592887198,False,0.18287718592887198,0.0,INIT
2025-12-04T20:51:11.320423,1404.53635172,0.18287718592887198,0.0,-0.2,0.18287718592887198,False,0.18287718592887198,0.0,INIT
2025-12-04T20:51:11.322060,1404.537990412,0.18287718592887198,0.0,-0.2,0.18287718592887198,False,0.18287718592887198,0.0,INIT
2025-12-04T20:51:11.323255,1404.539181735,0.18287718592887198,0.0,-0.2,0.18287718592887198,False,0.18287718592887198,0.0,INIT
2025-12-04T20:51:11.438948,1404.654883116,-0.2000000000120179,0.0,0.2,-0.2000000000120179,False,0.2000000000120179,0.0,INIT
2025-12-04T20:51:12.098203,1405.314133636,-0.2000000000120179,0.0,0.2,-0.2000000000120179,False,0.2000000000120179,0.0,INIT
2025-12-04T20:51:12.167461,1405.383392887,-0.20000000001155369,0.0,0.2,-0.20000000001155369,False,0.20000000001155369,0.0,INIT
2025-12-04T20:51:12.174134,1405.390067393,-0.20000000001155369,0.0,0.2,-0.20000000001155369,False,0.20000000001155369,0.0,INIT
2025-12-04T20:51:12.263252,1405.479187004,-0.20000000001163104,0.21493416191083003,0.2,-0.4149341619224611,False,0.4149341619224611,0.0,INIT
2025-12-04T20:51:12.270444,1405.486375602,-0.20000000001163104,0.2190798955164519,0.2,-0.41907989552808295,False,0.41907989552808295,0.0,INIT
2025-12-04T20:51:12.366398,1405.582326143,-0.20000000001163104,0.2398511940332786,0.2,-0.43985119404490963,False,0.43985119404490963,0.0,INIT
2025-12-04T20:51:12.435286,1405.651214044,-0.20000000001163104,0.2523481801248666,0.2,-0.45234818013649764,False,0.45234818013649764,0.0,INIT
2025-12-04T20:51:12.506074,1405.722026218,-0.20000000001163104,0.2648709101943125,0.2,-0.46487091020594357,False,0.46487091020594357,0.0,INIT
2025-12-04T20:51:12.515777,1405.7317064,-0.20000000001163104,0.269050886216994,0.2,-0.46905088622862506,False,0.46905088622862506,0.0,INIT
2025-12-04T20:51:12.529042,1405.74496961,-0.20000000001163104,0.269050886216994,0.2,-0.46905088622862506,False,0.46905088622862506,0.0,INIT
2025-12-04T20:51:12.545073,1405.761011322,-0.20000000001163104,0.2732337325938352,0.2,-0.47323373260546625,False,0.47323373260546625,0.0,INIT
2025-12-04T20:51:12.547122,1405.763045493,-0.20000000001163104,0.2774194516520536,0.2,-0.47741945166368466,False,0.47741945166368466,0.0,INIT
2025-12-04T20:51:12.548281,1405.764208384,-0.20000000001163104,0.2774194516520536,0.2,-0.47741945166368466,False,0.47741945166368466,0.0,INIT
2025-12-04T20:51:12.549284,1405.76520707,-0.20000000001163104,0.28160804566122666,0.2,-0.4816080456728577,False,0.4816080456728577,0.0,INIT
2025-12-04T20:51:12.550377,1405.766301737,-0.20000000001163104,0.28160804566122666,0.2,-0.4816080456728577,False,0.4816080456728577,0.0,INIT
2025-12-04T20:51:12.551693,1405.767621729,-0.20000000001163104,0.28579951683279914,0.2,-0.4857995168444302,False,0.4857995168444302,0.0,INIT
2025-12-04T20:51:12.553059,1405.768987694,-0.20000000001163104,0.28579951683279914,0.2,-0.4857995168444302,False,0.4857995168444302,0.0,INIT
2025-12-04T20:51:12.554501,1405.77042839,-0.20000000001163104,0.28999386731958765,0.2,-0.4899938673312187,False,0.4899938673312187,0.0,INIT
2025-12-04T20:51:12.641527,1405.857456884,-0.20000000001163104,0.28999386731958765,0.2,-0.4899938673312187,False,0.4899938673312187,0.0,INIT
2025-12-04T20:51:12.647540,1405.863466212,-0.20000000001163104,0.29419109921528275,0.2,-0.4941910992269138,False,0.4941910992269138,0.0,INIT
2025-12-04T20:51:12.652546,1405.868473817,-0.20000000001163104,0.29839121455395423,0.2,-0.49839121456558527,False,0.49839121456558527,0.0,INIT
2025-12-04T20:51:12.654281,1405.870210672,-0.20000000001163104,0.29839121455395423,0.2,-0.49839121456558527,False,0.49839121456558527,0.0,INIT
2025-12-04T20:51:12.655295,1405.871220315,-0.20000000001163104,0.302594215309552,0.2,-0.5025942153211831,False,0.5025942153211831,0.0,INIT
2025-12-04T20:51:12.657068,1405.873011076,-0.20000000001163104,0.302594215309552,0.2,-0.5025942153211831,False,0.5025942153211831,0.0,INIT
2025-12-04T20:51:12.658009,1405.873935377,-0.20000000001163104,0.3068001033954033,0.2,-0.5068001034070344,False,0.5068001034070344,0.0,INIT
2025-12-04T20:51:12.659111,1405.875037274,-0.20000000001163104,0.3068001033954033,0.2,-0.5068001034070344,False,0.5068001034070344,0.0,INIT
2025-12-04T20:51:12.660171,1405.876095865,-0.20000000001163104,0.31100888066371546,0.2,-0.5110088806753466,False,0.5110088806753466,0.0,INIT
2025-12-04T20:51:12.660974,1405.876898785,-0.20000000001163104,0.31100888066371546,0.2,-0.5110088806753466,False,0.5110088806753466,0.0,INIT
2025-12-04T20:51:12.661714,1405.877637042,-0.20000000001163104,0.31522054890507745,0.2,-0.5152205489167085,False,0.5152205489167085,0.0,INIT
2025-12-04T20:51:12.662658,1405.878583359,-0.20000000001163104,0.31522054890507745,0.2,-0.5152205489167085,False,0.5152205489167085,0.0,INIT
2025-12-04T20:51:12.772157,1405.988089086,-0.20000000001163104,0.31943510984795287,0.2,-0.519435109859584,False,0.519435109859584,0.0,INIT
2025-12-04T20:51:13.463855,1406.679786735,0.20000000001163104,0.0,-0.2,0.20000000001163104,False,0.20000000001163104,0.0,INIT
2025-12-04T20:51:13.510982,1406.72691314,0.20000000001163104,0.0,-0.2,0.20000000001163104,False,0.20000000001163104,0.0,INIT
2025-12-04T20:51:13.542743,1406.758671449,0.20000000001163104,0.0,-0.2,0.20000000001163104,False,0.20000000001163104,0.0,INIT
2025-12-04T20:51:13.559681,1406.775611862,0.20000000001163104,0.0,-0.2,0.20000000001163104,False,0.20000000001163104,0.0,INIT
2025-12-04T20:51:13.716658,1406.932594881,0.200000000011631,0.0,-0.2,0.200000000011631,False,0.200000000011631,0.0,INIT
2025-12-04T20:51:13.859143,1407.075071978,0.200000000011631,0.0,-0.2,0.200000000011631,False,0.200000000011631,0.0,INIT
2025-12-04T20:51:14.075881,1407.291813133,0.20000000001155369,0.0,-0.2,0.20000000001155369,False,0.20000000001155369,0.0,INIT
2025-12-04T20:51:14.273972,1407.489902531,0.20000000001155369,0.0,-0.2,0.20000000001155369,False,0.20000000001155369,0.0,INIT
2025-12-04T20:51:14.411378,1407.627309864,0.20000000001155369,0.0,-0.2,0.20000000001155369,False,0.20000000001155369,0.0,INIT
2025-12-04T20:51:14.624128,1407.840058732,0.20000000001155369,0.0,-0.2,0.20000000001155369,False,0.20000000001155369,0.0,INIT
2025-12-04T20:51:14.925745,1408.141674559,0.20000000001163104,0.0,-0.2,0.20000000001163104,False,0.20000000001163104,0.0,INIT
2025-12-04T20:51:14.960212,1408.176143843,0.20000000001163104,0.0,-0.2,0.20000000001163104,False,0.20000000001163104,0.0,INIT
2025-12-04T20:51:15.206896,1408.42283958,0.200000000011631,0.0,-0.2,0.200000000011631,False,0.200000000011631,0.0,INIT
2025-12-04T20:51:15.232867,1408.448801122,0.200000000011631,0.0,-0.2,0.200000000011631,False,0.200000000011631,0.0,INIT
2025-12-04T20:51:15.274818,1408.490748714,0.20000000001155369,0.0,-0.2,0.20000000001155369,False,0.20000000001155369,0.0,INIT
2025-12-04T20:51:15.304206,1408.520145855,0.20000000001155369,0.0,-0.2,0.20000000001155369,False,0.20000000001155369,0.0,INIT
2025-12-04T20:51:15.314393,1408.530319486,0.20000000001163104,0.0,-0.2,0.20000000001163104,False,0.20000000001163104,0.0,INIT
2025-12-04T20:51:15.318585,1408.534513048,0.20000000001163104,0.0,-0.2,0.20000000001163104,False,0.20000000001163104,0.0,INIT
2025-12-04T20:51:15.320524,1408.536448088,0.20000000001163104,0.0,-0.2,0.20000000001163104,False,0.20000000001163104,0.0,INIT
2025-12-04T20:51:15.329793,1408.545718909,0.20000000001163104,0.0,-0.2,0.20000000001163104,False,0.20000000001163104,0.0,INIT
2025-12-04T20:51:15.333809,1408.549740263,0.20000000001163104,0.0,-0.2,0.20000000001163104,False,0.20000000001163104,0.0,INIT
2025-12-04T20:51:15.342621,1408.558554642,0.20000000001163104,0.0,-0.2,0.20000000001163104,False,0.20000000001163104,0.0,INIT
2025-12-04T20:51:15.353490,1408.569416788,0.0810455447796535,0.0,-0.1533136591509117,0.0810455447796535,False,0.0810455447796535,0.0,INIT
2025-12-04T20:51:15.355991,1408.571917023,0.0810455447796535,0.0,-0.1533136591509117,0.0810455447796535,False,0.0810455447796535,0.0,INIT
2025-12-04T20:51:15.358072,1408.574009782,0.0810455447796535,0.0,-0.1533136591509117,0.0810455447796535,False,0.0810455447796535,0.0,INIT
2025-12-04T20:51:15.360133,1408.576060861,0.0810455447796535,0.0,-0.1533136591509117,0.0810455447796535,False,0.0810455447796535,0.0,INIT
2025-12-04T20:51:15.361919,1408.577845936,0.0810455447796535,0.0,-0.1533136591509117,0.0810455447796535,False,0.0810455447796535,0.0,INIT
2025-12-04T20:51:15.406843,1408.622775028,-0.20000000001170842,0.0,0.2,-0.20000000001170842,False,0.20000000001170842,0.0,INIT
2025-12-04T20:51:15.412098,1408.628040507,-0.20000000001170842,0.0,0.2,-0.20000000001170842,False,0.20000000001170842,0.0,INIT
2025-12-04T20:51:15.413377,1408.629303706,-0.20000000001170842,0.0,0.2,-0.20000000001170842,False,0.20000000001170842,0.0,INIT
2025-12-04T20:51:15.414414,1408.63034021,-0.20000000001170842,0.0,0.2,-0.20000000001170842,False,0.20000000001170842,0.0,INIT
2025-12-04T20:51:15.415335,1408.631258943,-0.20000000001170842,0.0,0.2,-0.20000000001170842,False,0.20000000001170842,0.0,INIT
2025-12-04T20:51:15.416186,1408.632109712,-0.20000000001170842,0.0,0.2,-0.20000000001170842,False,0.20000000001170842,0.0,INIT
2025-12-04T20:51:15.417241,1408.633167093,-0.20000000001170842,0.0,0.2,-0.20000000001170842,False,0.20000000001170842,0.0,INIT
2025-12-04T20:51:15.417927,1408.633849976,-0.20000000001170842,0.0,0.2,-0.20000000001170842,False,0.20000000001170842,0.0,INIT
2025-12-04T20:51:15.427773,1408.643704492,-0.20000000001170842,0.0,0.2,-0.20000000001170842,False,0.20000000001170842,0.0,INIT
2025-12-04T20:51:15.433672,1408.649604616,-0.19533138399280567,0.0,0.2,-0.19533138399280567,False,0.19533138399280567,0.0,INIT
2025-12-04T20:51:15.505978,1408.721912858,0.13651847655706106,0.0,-0.2,0.13651847655706106,False,0.13651847655706106,0.0,INIT
2025-12-04T20:51:15.512634,1408.728563577,0.20000000001155366,0.0,-0.2,0.20000000001155366,False,0.20000000001155366,0.0,INIT
2025-12-04T20:51:15.514185,1408.730113826,0.20000000001155366,0.0,-0.2,0.20000000001155366,False,0.20000000001155366,0.0,INIT
2025-12-04T20:51:15.514953,1408.730879292,0.20000000001155366,0.0,-0.2,0.20000000001155366,False,0.20000000001155366,0.0,INIT
2025-12-04T20:51:15.515546,1408.731470784,0.20000000001155366,0.0,-0.2,0.20000000001155366,False,0.20000000001155366,0.0,INIT
2025-12-04T20:51:15.516189,1408.732113241,0.20000000001155366,0.0,-0.2,0.20000000001155366,False,0.20000000001155366,0.0,INIT
2025-12-04T20:51:15.516694,1408.73262175,0.20000000001155366,0.0,-0.2,0.20000000001155366,False,0.20000000001155366,0.0,INIT
2025-12-04T20:51:15.532491,1408.748420254,0.20000000001155366,0.0,-0.2,0.20000000001155366,False,0.20000000001155366,0.0,INIT
2025-12-04T20:51:15.553772,1408.769701107,-0.20000000001155366,0.0,0.2,-0.20000000001155366,False,0.20000000001155366,0.0,INIT
2025-12-04T20:51:15.572928,1408.788871628,-0.20000000001155366,0.0,0.2,-0.20000000001155366,False,0.20000000001155366,0.0,INIT
2025-12-04T20:51:15.575058,1408.790988235,-0.20000000001155369,0.0,0.2,-0.20000000001155369,False,0.20000000001155369,0.0,INIT
2025-12-04T20:51:15.576245,1408.792171112,-0.20000000001155369,0.0,0.2,-0.20000000001155369,False,0.20000000001155369,0.0,INIT
2025-12-04T20:51:15.605540,1408.821476637,-0.20000000001155369,0.0,0.2,-0.20000000001155369,False,0.20000000001155369,0.0,INIT
2025-12-04T20:51:15.609595,1408.825525875,-0.20000000001155369,0.0,0.2,-0.20000000001155369,False,0.20000000001155369,0.0,INIT
2025-12-04T20:51:15.610897,1408.826824416,-0.20000000001155369,0.0,0.2,-0.20000000001155369,False,0.20000000001155369,0.0,INIT
2025-12-04T20:51:15.611460,1408.827387821,-0.20000000001155369,0.0,0.2,-0.20000000001155369,False,0.20000000001155369,0.0,INIT
2025-12-04T20:51:15.636022,1408.851953618,-0.20000000001155369,0.0,0.2,-0.20000000001155369,False,0.20000000001155369,0.0,INIT
2025-12-04T20:51:15.638913,1408.854847164,0.19999999964769455,0.0,-0.2,0.19999999964769455,False,0.19999999964769455,0.0,INIT
2025-12-04T20:51:15.644648,1408.86057716,0.19999999964769455,0.0,-0.2,0.19999999964769455,False,0.19999999964769455,0.0,INIT
2025-12-04T20:51:15.654714,1408.870653776,0.04159365053796617,0.0,-0.0870461781968657,0.04159365053796617,False,0.04159365053796617,0.0,INIT
2025-12-04T20:51:15.672188,1408.88812673,0.04159365053796617,0.0,-0.0870461781968657,0.04159365053796617,False,0.04159365053796617,0.0,INIT
2025-12-04T20:51:15.692359,1408.908288755,-0.0870461782020954,0.0,0.162403755026543,-0.0870461782020954,False,0.0870461782020954,0.0,INIT
2025-12-04T20:51:15.694337,1408.910265762,-0.0870461782020954,0.0,0.162403755026543,-0.0870461782020954,False,0.0870461782020954,0.0,INIT
2025-12-04T20:51:15.743295,1408.959246591,-0.0870461782020954,0.0,0.162403755026543,-0.0870461782020954,False,0.0870461782020954,0.0,INIT
2025-12-04T20:51:15.747324,1408.963263363,0.1624037550364011,0.0,-0.2,0.1624037550364011,False,0.1624037550364011,0.0,INIT
2025-12-04T20:51:15.748110,1408.964036413,0.1624037550364011,0.0,-0.2,0.1624037550364011,False,0.1624037550364011,0.0,INIT
2025-12-04T20:51:15.749062,1408.964987641,0.1624037550364011,0.0,-0.2,0.1624037550364011,False,0.1624037550364011,0.0,INIT
2025-12-04T20:51:15.749607,1408.965528842,0.1624037550364011,0.0,-0.2,0.1624037550364011,False,0.1624037550364011,0.0,INIT
2025-12-04T20:51:15.846771,1409.062703362,-0.20000000001155366,0.0,0.2,-0.20000000001155366,False,0.20000000001155366,0.0,INIT
2025-12-04T20:51:15.850847,1409.066775901,-0.20000000001155366,0.0,0.2,-0.20000000001155366,False,0.20000000001155366,0.0,INIT
2025-12-04T20:51:15.851608,1409.067537829,-0.20000000001155366,0.0,0.2,-0.20000000001155366,False,0.20000000001155366,0.0,INIT
2025-12-04T20:51:15.852121,1409.068045734,-0.20000000001155366,0.0,0.2,-0.20000000001155366,False,0.20000000001155366,0.0,INIT
2025-12-04T20:51:15.852761,1409.068686002,-0.20000000001155366,0.0,0.2,-0.20000000001155366,False,0.20000000001155366,0.0,INIT
2025-12-04T20:51:15.853380,1409.069306908,-0.20000000001155366,0.0,0.2,-0.20000000001155366,False,0.20000000001155366,0.0,INIT
2025-12-04T20:51:15.854294,1409.070222711,-0.20000000001155366,0.0,0.2,-0.20000000001155366,False,0.20000000001155366,0.0,INIT
2025-12-04T20:51:15.855171,1409.071096276,-0.20000000001155366,0.0,0.2,-0.20000000001155366,False,0.20000000001155366,0.0,INIT
2025-12-04T20:51:15.857815,1409.073743789,-0.20000000001155366,0.0,0.2,-0.20000000001155366,False,0.20000000001155366,0.0,INIT
2025-12-04T20:51:15.859682,1409.075606688,-0.11495072974440239,0.0,0.2,-0.11495072974440239,False,0.11495072974440239,0.0,INIT
2025-12-04T20:51:15.866625,1409.082551543,-0.11495072974440239,0.0,0.2,-0.11495072974440239,False,0.11495072974440239,0.0,INIT
2025-12-04T20:51:15.878173,1409.094107029,-0.11495072974440239,0.0,0.2,-0.11495072974440239,False,0.11495072974440239,0.0,INIT
2025-12-04T20:51:15.948849,1409.164781577,0.20000000001163104,0.0,-0.2,0.20000000001163104,False,0.20000000001163104,0.0,INIT
2025-12-04T20:51:15.982696,1409.198629424,0.20000000001163104,0.0,-0.2,0.20000000001163104,False,0.20000000001163104,0.0,INIT
2025-12-04T20:51:15.986293,1409.202222661,0.20000000001163104,0.0,-0.2,0.20000000001163104,False,0.20000000001163104,0.0,INIT
2025-12-04T20:51:15.987154,1409.203078261,0.20000000001163104,0.0,-0.2,0.20000000001163104,False,0.20000000001163104,0.0,INIT
2025-12-04T20:51:15.988096,1409.204027117,0.20000000001163104,0.0,-0.2,0.20000000001163104,False,0.20000000001163104,0.0,INIT
2025-12-04T20:51:16.009092,1409.225026533,0.20000000001163104,0.0,-0.2,0.20000000001163104,False,0.20000000001163104,0.0,INIT
2025-12-04T20:51:16.017312,1409.233244564,-0.11266121320382023,0.0,0.19920914174180068,-0.11266121320382023,False,0.11266121320382023,0.0,INIT
2025-12-04T20:51:16.018421,1409.234350845,-0.11266121320382023,0.0,0.19920914174180068,-0.11266121320382023,False,0.11266121320382023,0.0,INIT
2025-12-04T20:51:16.019228,1409.235158271,-0.11266121320382023,0.0,0.19920914174180068,-0.11266121320382023,False,0.11266121320382023,0.0,INIT
2025-12-04T20:51:16.020567,1409.236498232,-0.11266121320382023,0.0,0.19920914174180068,-0.11266121320382023,False,0.11266121320382023,0.0,INIT
2025-12-04T20:51:16.021969,1409.237899202,-0.11266121320382023,0.0,0.19920914174180068,-0.11266121320382023,False,0.11266121320382023,0.0,INIT
2025-12-04T20:51:16.047874,1409.263808644,-0.11266121320382023,0.0,0.19920914174180068,-0.11266121320382023,False,0.11266121320382023,0.0,INIT
2025-12-04T20:51:16.050313,1409.266245077,-0.20000000001078,0.0,0.2,-0.20000000001078,False,0.20000000001078,0.0,INIT
2025-12-04T20:51:16.051311,1409.267240184,-0.20000000001078,0.0,0.2,-0.20000000001078,False,0.20000000001078,0.0,INIT
2025-12-04T20:51:16.051796,1409.267721299,-0.20000000001078,0.0,0.2,-0.20000000001078,False,0.20000000001078,0.0,INIT
2025-12-04T20:51:16.081727,1409.297660317,-0.20000000001078,0.0,0.2,-0.20000000001078,False,0.20000000001078,0.0,INIT
2025-12-04T20:51:16.083591,1409.299518606,0.1994534354417986,0.0,-0.2,0.1994534354417986,False,0.1994534354417986,0.0,INIT
2025-12-04T20:51:16.084499,1409.300428107,0.1994534354417986,0.0,-0.2,0.1994534354417986,False,0.1994534354417986,0.0,INIT
2025-12-04T20:51:16.124972,1409.340904365,-0.19999999997488152,0.0,0.2,-0.19999999997488152,False,0.19999999997488152,0.0,INIT
2025-12-04T20:51:16.129820,1409.345746801,-0.19999999997488152,0.0,0.2,-0.19999999997488152,False,0.19999999997488152,0.0,INIT
2025-12-04T20:51:16.130528,1409.346460298,-0.19999999997488152,0.0,0.2,-0.19999999997488152,False,0.19999999997488152,0.0,INIT
2025-12-04T20:51:16.131050,1409.346974172,-0.19999999997488152,0.0,0.2,-0.19999999997488152,False,0.19999999997488152,0.0,INIT
2025-12-04T20:51:16.155192,1409.371124981,0.19999999987879113,0.0,-0.2,0.19999999987879113,False,0.19999999987879113,0.0,INIT
2025-12-04T20:51:16.157309,1409.373236868,0.19999999987879113,0.0,-0.2,0.19999999987879113,False,0.19999999987879113,0.0,INIT
2025-12-04T20:51:16.159545,1409.375474874,0.19999999987879113,0.0,-0.2,0.19999999987879113,False,0.19999999987879113,0.0,INIT
2025-12-04T20:51:16.185601,1409.401530408,0.19999999987879113,0.0,-0.2,0.19999999987879113,False,0.19999999987879113,0.0,INIT
2025-12-04T20:51:16.189912,1409.405839254,-0.03840527602853024,0.0,0.08101618961602133,-0.03840527602853024,False,0.03840527602853024,0.0,INIT
2025-12-04T20:51:16.190905,1409.406831242,-0.03840527602853024,0.0,0.08101618961602133,-0.03840527602853024,False,0.03840527602853024,0.0,INIT
2025-12-04T20:51:16.282147,1409.498080188,-0.08702486832713124,0.0,0.1623718261935948,-0.08702486832713124,False,0.08702486832713124,0.0,INIT
2025-12-04T20:51:16.342457,1409.558406794,0.08101618962054472,0.0,-0.15326868559636306,0.08101618962054472,False,0.08101618962054472,0.0,INIT
2025-12-04T20:51:16.350454,1409.566386291,0.08101618962054472,0.0,-0.15326868559636306,0.08101618962054472,False,0.08101618962054472,0.0,INIT
2025-12-04T20:51:16.352314,1409.568243501,0.08101618962046737,0.0,-0.15326868559624457,0.08101618962046737,False,0.08101618962046737,0.0,INIT
2025-12-04T20:51:16.353620,1409.569546459,0.08101618962046737,0.0,-0.15326868559624457,0.08101618962046737,False,0.08101618962046737,0.0,INIT
2025-12-04T20:51:16.354585,1409.570510594,0.08101618962046737,0.0,-0.15326868559624457,0.08101618962046737,False,0.08101618962046737,0.0,INIT
2025-12-04T20:51:16.356200,1409.572128405,0.08101618962046737,0.0,-0.15326868559624457,0.08101618962046737,False,0.08101618962046737,0.0,INIT
2025-12-04T20:51:16.387414,1409.603344223,0.08101618962046737,0.0,-0.15326868559624457,0.08101618962046737,False,0.08101618962046737,0.0,INIT
2025-12-04T20:51:16.393759,1409.609688645,-0.15326868560449253,0.0,0.2,-0.15326868560449253,False,0.15326868560449253,0.0,INIT
2025-12-04T20:51:16.394759,1409.61069061,-0.15326868560449253,0.0,0.2,-0.15326868560449253,False,0.15326868560449253,0.0,INIT
2025-12-04T20:51:16.395226,1409.611150455,-0.15326868560449253,0.0,0.2,-0.15326868560449253,False,0.15326868560449253,0.0,INIT
2025-12-04T20:51:16.395727,1409.611646772,-0.15326868560449253,0.0,0.2,-0.15326868560449253,False,0.15326868560449253,0.0,INIT
2025-12-04T20:51:16.396562,1409.612489115,-0.15326868560449253,0.0,0.2,-0.15326868560449253,False,0.15326868560449253,0.0,INIT
2025-12-04T20:51:16.397068,1409.612992934,-0.15326868560449253,0.0,0.2,-0.15326868560449253,False,0.15326868560449253,0.0,INIT
2025-12-04T20:51:16.397798,1409.613722259,-0.15326868560449253,0.0,0.2,-0.15326868560449253,False,0.15326868560449253,0.0,INIT
2025-12-04T20:51:16.398334,1409.614258707,-0.15326868560449253,0.0,0.2,-0.15326868560449253,False,0.15326868560449253,0.0,INIT
2025-12-04T20:51:16.403306,1409.619231723,-0.15326868560449253,0.0,0.2,-0.15326868560449253,False,0.15326868560449253,0.0,INIT
2025-12-04T20:51:16.442454,1409.658384449,-0.15326868560449253,0.0,0.2,-0.15326868560449253,False,0.15326868560449253,0.0,INIT
2025-12-04T20:51:16.449617,1409.665551773,0.20000000001163104,0.0,-0.2,0.20000000001163104,False,0.20000000001163104,0.0,INIT
2025-12-04T20:51:16.450999,1409.666930042,0.20000000001163104,0.0,-0.2,0.20000000001163104,False,0.20000000001163104,0.0,INIT
2025-12-04T20:51:16.451834,1409.667761578,0.20000000001163104,0.0,-0.2,0.20000000001163104,False,0.20000000001163104,0.0,INIT
2025-12-04T20:51:16.523100,1409.739032854,-0.2000000000109347,0.0,0.2,-0.2000000000109347,False,0.2000000000109347,0.0,INIT
2025-12-04T20:51:16.533744,1409.749673411,-0.2000000000109347,0.0,0.2,-0.2000000000109347,False,0.2000000000109347,0.0,INIT
2025-12-04T20:51:16.547449,1409.763382658,-0.20000000001078,0.0,0.2,-0.20000000001078,False,0.20000000001078,0.0,INIT
2025-12-04T20:51:16.588732,1409.804665297,-0.20000000001078,0.0,0.2,-0.20000000001078,False,0.20000000001078,0.0,INIT
2025-12-04T20:51:16.614364,1409.830296073,-0.20000000001078,0.0,0.2,-0.20000000001078,False,0.20000000001078,0.0,INIT
2025-12-04T20:51:16.651957,1409.867901011,0.20000000001163104,0.0,-0.2,0.20000000001163104,False,0.20000000001163104,0.0,INIT
2025-12-04T20:51:16.659948,1409.875877606,0.20000000001163104,0.0,-0.2,0.20000000001163104,False,0.20000000001163104,0.0,INIT
2025-12-04T20:51:16.661148,1409.877078481,0.20000000001163104,0.0,-0.2,0.20000000001163104,False,0.20000000001163104,0.0,INIT
2025-12-04T20:51:16.662428,1409.878355664,0.20000000001163104,0.0,-0.2,0.20000000001163104,False,0.20000000001163104,0.0,INIT
2025-12-04T20:51:16.663467,1409.879394733,0.20000000001163104,0.0,-0.2,0.20000000001163104,False,0.20000000001163104,0.0,INIT
2025-12-04T20:51:16.665174,1409.881111836,0.20000000001163104,0.0,-0.2,0.20000000001163104,False,0.20000000001163104,0.0,INIT
2025-12-04T20:51:16.666019,1409.881944249,0.20000000001163104,0.0,-0.2,0.20000000001163104,False,0.20000000001163104,0.0,INIT
2025-12-04T20:51:16.667209,1409.883132247,0.20000000001163104,0.0,-0.2,0.20000000001163104,False,0.20000000001163104,0.0,INIT
2025-12-04T20:51:16.668241,1409.88416806,0.20000000001163104,0.0,-0.2,0.20000000001163104,False,0.20000000001163104,0.0,INIT
2025-12-04T20:51:16.669236,1409.885162228,0.20000000001163104,0.0,-0.2,0.20000000001163104,False,0.20000000001163104,0.0,INIT
2025-12-04T20:51:16.671373,1409.887302951,0.20000000001163104,0.0,-0.2,0.20000000001163104,False,0.20000000001163104,0.0,INIT
2025-12-04T20:51:16.672623,1409.888553736,0.20000000001163104,0.0,-0.2,0.20000000001163104,False,0.20000000001163104,0.0,INIT
2025-12-04T20:51:16.681743,1409.897676063,0.14322793185479765,0.0,-0.2,0.14322793185479765,False,0.14322793185479765,0.0,INIT
2025-12-04T20:51:16.692778,1409.908709257,0.14322793185479765,0.0,-0.2,0.14322793185479765,False,0.14322793185479765,0.0,INIT
2025-12-04T20:51:16.714296,1409.930228229,-0.20000000001039314,0.0,0.2,-0.20000000001039314,False,0.20000000001039314,0.0,INIT
2025-12-04T20:51:16.752242,1409.968177184,-0.20000000001039314,0.0,0.2,-0.20000000001039314,False,0.20000000001039314,0.0,INIT
2025-12-04T20:51:16.756032,1409.971963085,-0.20000000001093476,0.0,0.2,-0.20000000001093476,False,0.20000000001093476,0.0,INIT
2025-12-04T20:51:16.809524,1410.025454693,0.20000000001155369,0.0,-0.2,0.20000000001155369,False,0.20000000001155369,0.0,INIT
2025-12-04T20:51:16.812810,1410.028739243,0.20000000001155369,0.0,-0.2,0.20000000001155369,False,0.20000000001155369,0.0,INIT
2025-12-04T20:51:16.813886,1410.029816392,0.20000000001155369,0.0,-0.2,0.20000000001155369,False,0.20000000001155369,0.0,INIT
2025-12-04T20:51:16.834014,1410.049944652,0.20000000001155369,0.0,-0.2,0.20000000001155369,False,0.20000000001155369,0.0,INIT
2025-12-04T20:51:17.195846,1410.411778956,0.20000000001155366,-0.21211244632597115,-0.2,0.4121124463375248,False,0.4121124463375248,0.0,INIT
2025-12-04T20:51:17.209762,1410.425692696,0.20000000001155366,-0.21628248787864734,-0.2,0.416282487890201,False,0.416282487890201,0.0,INIT
2025-12-04T20:51:17.361176,1410.577107464,0.20000000001155366,-0.24556810356212555,-0.2,0.4455681035736792,False,0.4455681035736792,0.0,INIT
2025-12-04T20:51:17.373453,1410.589387456,0.20000000001155366,-0.24556810356212555,-0.2,0.4455681035736792,False,0.4455681035736792,0.0,INIT
2025-12-04T20:51:17.374612,1410.590540391,0.20000000001155366,-0.24976543643651006,-0.2,0.4497654364480637,False,0.4497654364480637,0.0,INIT
2025-12-04T20:51:17.375663,1410.591590125,0.20000000001155366,-0.24976543643651006,-0.2,0.4497654364480637,False,0.4497654364480637,0.0,INIT
2025-12-04T20:51:17.376800,1410.592729931,0.20000000001155366,-0.24976543643651006,-0.2,0.4497654364480637,False,0.4497654364480637,0.0,INIT
2025-12-04T20:51:17.377987,1410.593915387,0.20000000001155366,-0.2539662011349506,-0.2,0.45396620114650427,False,0.45396620114650427,0.0,INIT
2025-12-04T20:51:17.379253,1410.595182223,0.20000000001155366,-0.2539662011349506,-0.2,0.45396620114650427,False,0.45396620114650427,0.0,INIT
2025-12-04T20:51:17.380185,1410.59611124,0.20000000001155366,-0.2581704019827149,-0.2,0.45817040199426856,False,0.45817040199426856,0.0,INIT
2025-12-04T20:51:17.381118,1410.597043766,0.20000000001155366,-0.2581704019827149,-0.2,0.45817040199426856,False,0.45817040199426856,0.0,INIT
2025-12-04T20:51:17.391221,1410.607157821,-0.19999999976722724,-0.26237804324009684,-0.12357969919073072,0.0623780434728696,False,0.0623780434728696,0.0,INIT
2025-12-04T20:51:17.411633,1410.627561225,-0.19999999976722724,-0.26237804324009684,-0.12357969919073072,0.0623780434728696,False,0.0623780434728696,0.0,INIT
2025-12-04T20:51:17.413587,1410.629518439,-0.20000000001078,-0.26658912910168997,-0.1305024118765919,0.06658912909090997,False,0.06658912909090997,0.0,INIT
2025-12-04T20:51:17.414066,1410.629993752,-0.20000000001078,-0.26441698049670626,-0.1269487923624486,0.06441698048592626,False,0.06441698048592626,0.0,INIT
2025-12-04T20:51:17.414756,1410.630678907,-0.20000000001078,-0.26441698049670626,-0.1269487923624486,0.06441698048592626,False,0.06441698048592626,0.0,INIT
2025-12-04T20:51:17.415480,1410.631409808,-0.20000000001078,-0.26441698049670626,-0.1269487923624486,0.06441698048592626,False,0.06441698048592626,0.0,INIT
2025-12-04T20:51:17.506372,1410.722304054,-0.20000000001078,-0.2606268635895992,-0.12065928624961007,0.06062686357881919,False,0.06062686357881919,0.0,INIT
2025-12-04T20:51:17.512579,1410.728512651,-0.12694879236950854,-0.2606268635895992,-0.2,0.13367807122009065,False,0.13367807122009065,0.0,INIT
2025-12-04T20:51:17.514388,1410.730318656,-0.12694879236950854,-0.25754546347831386,-0.2,0.13059667110880532,False,0.13059667110880532,0.0,INIT
2025-12-04T20:51:17.515195,1410.731122482,-0.12694879236950854,-0.25754546347831386,-0.2,0.13059667110880532,False,0.13059667110880532,0.0,INIT
2025-12-04T20:51:17.516417,1410.732341765,-0.12694879236950854,-0.25521188993982813,-0.2,0.1282630975703196,False,0.1282630975703196,0.0,INIT
2025-12-04T20:51:17.517592,1410.733517025,-0.12694879236950854,-0.25521188993982813,-0.2,0.1282630975703196,False,0.1282630975703196,0.0,INIT
2025-12-04T20:51:17.518574,1410.734497589,-0.12694879236950854,-0.2528766464290082,-0.2,0.12592785405949966,False,0.12592785405949966,0.0,INIT
2025-12-04T20:51:17.519405,1410.735332549,-0.12694879236950854,-0.2528766464290082,-0.2,0.12592785405949966,False,0.12592785405949966,0.0,INIT
2025-12-04T20:51:17.520585,1410.736514596,-0.12694879236950854,-0.2505397279950099,-0.2,0.12359093562550136,False,0.12359093562550136,0.0,INIT
2025-12-04T20:51:17.540715,1410.756646979,-0.12694879236950854,-0.2505397279950099,-0.2,0.12359093562550136,False,0.12359093562550136,0.0,INIT
2025-12-04T20:51:17.549926,1410.765858043,-0.20000000001078,-0.2505397279950099,-0.10330835944979216,0.0505397279842299,False,0.0505397279842299,0.0,INIT
2025-12-04T20:51:17.551555,1410.76748646,-0.20000000001078,-0.2478765823259934,-0.09856130870116772,0.04787658231521341,False,0.04787658231521341,0.0,INIT
2025-12-04T20:51:17.655199,1410.871136761,-0.20000000001078,-0.2478765823259934,-0.09856130870116772,0.04787658231521341,False,0.04787658231521341,0.0,INIT
2025-12-04T20:51:17.665720,1410.881650772,-0.09856130870681419,-0.2440744432011357,-0.2,0.14551313449432152,False,0.14551313449432152,0.0,INIT
2025-12-04T20:51:17.667585,1410.883514016,-0.09856130870681419,-0.24103711668132055,-0.2,0.14247580797450637,False,0.14247580797450637,0.0,INIT
2025-12-04T20:51:17.668468,1410.884396101,-0.09856130870681419,-0.24103711668132055,-0.2,0.14247580797450637,False,0.14247580797450637,0.0,INIT
2025-12-04T20:51:17.669371,1410.885297039,-0.09856130870681419,-0.23925946106965812,-0.2,0.14069815236284394,False,0.14069815236284394,0.0,INIT
2025-12-04T20:51:17.670391,1410.886314286,-0.09856130870681419,-0.23925946106965812,-0.2,0.14069815236284394,False,0.14069815236284394,0.0,INIT
2025-12-04T20:51:17.671376,1410.88730864,-0.09856130870681419,-0.23748055149402658,-0.2,0.1389192427872124,False,0.1389192427872124,0.0,INIT
2025-12-04T20:51:17.672999,1410.888927806,-0.11444967418073468,-0.23748055149402658,-0.2,0.1230308773132919,False,0.1230308773132919,0.0,INIT
2025-12-04T20:51:17.673834,1410.889761823,-0.11444967418073468,-0.23748055149402658,-0.2,0.1230308773132919,False,0.1230308773132919,0.0,INIT
2025-12-04T20:51:17.829768,1411.04569657,-0.11444967418073468,-0.224347118728077,-0.19537499628556787,0.10989744454734232,False,0.10989744454734232,0.0,INIT
2025-12-04T20:51:17.897968,1411.113901426,-0.20000000001078,-0.21288000489210734,-0.02675476459714335,0.012880004881327345,False,0.012880004881327345,0.0,INIT
2025-12-04T20:51:17.903707,1411.119633626,-0.20000000001078,-0.21288000489210734,-0.02675476459714335,0.012880004881327345,False,0.012880004881327345,0.0,INIT
2025-12-04T20:51:17.904475,1411.120401474,-0.20000000001078,-0.20905178960235915,-0.01764057710894178,0.009051789591579151,False,0.009051789591579151,0.0,INIT
2025-12-04T20:51:17.905999,1411.121925617,-0.20000000001078,-0.20905178960235915,-0.01764057710894178,0.009051789591579151,False,0.009051789591579151,0.0,INIT
2025-12-04T20:51:17.909345,1411.125273013,-0.20000000001078,-0.2052206365348499,-0.008663573469437736,0.005220636524069899,False,0.005220636524069899,0.0,INIT
2025-12-04T20:51:17.910828,1411.126752665,-0.20000000001078,-0.2052206365348499,-0.008663573469437736,0.005220636524069899,False,0.005220636524069899,0.0,INIT
2025-12-04T20:51:17.912290,1411.128215352,-0.20000000001078,-0.2052206365348499,-0.008663573469437736,0.005220636524069899,False,0.005220636524069899,0.0,INIT
2025-12-04T20:51:17.913293,1411.129216367,-0.20000000001078,-0.20138653622799652,-0.0012158820273292345,0.0013865362172165163,False,0.0013865362172165163,0.0,INIT
2025-12-04T20:51:17.920260,1411.136187476,-0.20000000001078,0.0,0.2,-0.20000000001078,False,0.20000000001078,0.0,INIT
2025-12-04T20:51:17.921883,1411.137823006,-0.20000000001078,0.0,0.2,-0.20000000001078,False,0.20000000001078,0.0,INIT
2025-12-04T20:51:17.922743,1411.13867727,-0.20000000001078,0.0,0.2,-0.20000000001078,False,0.20000000001078,0.0,INIT
2025-12-04T20:51:17.923872,1411.139798694,-0.20000000001078,0.0,0.2,-0.20000000001078,False,0.20000000001078,0.0,INIT
2025-12-04T20:51:17.959630,1411.175562064,-0.20000000001078,0.0,0.2,-0.20000000001078,False,0.20000000001078,0.0,INIT
2025-12-04T20:51:17.963142,1411.179068712,-0.026754764597984343,0.0,0.05771228671121477,-0.026754764597984343,False,0.026754764597984343,0.0,INIT
2025-12-04T20:51:17.964199,1411.180124144,-0.026754764597984343,0.0,0.05771228671121477,-0.026754764597984343,False,0.026754764597984343,0.0,INIT
2025-12-04T20:51:17.965218,1411.181140231,-0.026754764597984343,0.0,0.05771228671121477,-0.026754764597984343,False,0.026754764597984343,0.0,INIT
2025-12-04T20:51:17.969523,1411.185447524,-0.026754764597984343,0.0,0.05771228671121477,-0.026754764597984343,False,0.026754764597984343,0.0,INIT
2025-12-04T20:51:18.056626,1411.272554704,0.05771228671404442,0.0,-0.1157413649441029,0.05771228671404442,False,0.05771228671404442,0.0,INIT
2025-12-04T20:51:18.109315,1411.325246429,0.05771228671404442,0.0,-0.1157413649441029,0.05771228671404442,False,0.05771228671404442,0.0,INIT
2025-12-04T20:51:18.118979,1411.334909744,0.057712286713889685,0.0,-0.11574136494383985,0.057712286713889685,False,0.057712286713889685,0.0,INIT
2025-12-04T20:51:18.236813,1411.452751112,0.05771228671404442,0.0,-0.1157413649441029,0.05771228671404442,False,0.05771228671404442,0.0,INIT
2025-12-04T20:51:18.486737,1411.702670978,0.05771228671404442,-0.2115352205913532,-0.2,0.26924750730539765,False,0.26924750730539765,0.0,INIT
2025-12-04T20:51:18.513762,1411.729698394,0.05771228671404442,-0.21286622208099404,-0.2,0.2705785087950385,False,0.2705785087950385,0.0,INIT
2025-12-04T20:51:18.557068,1411.77300918,0.057712286713889685,-0.21553194279638088,-0.2,0.27324422951027055,False,0.27324422951027055,0.0,INIT
2025-12-04T20:51:18.583399,1411.799337455,0.05771228671404442,-0.2182026384822957,-0.2,0.27591492519634014,False,0.27591492519634014,0.0,INIT
2025-12-04T20:51:18.586381,1411.80231867,0.05771228671404442,-0.2182026384822957,-0.2,0.27591492519634014,False,0.27591492519634014,0.0,INIT
2025-12-04T20:51:18.587664,1411.803603268,0.05771228671404442,-0.219539858703226,-0.2,0.27725214541727045,False,0.27725214541727045,0.0,INIT
2025-12-04T20:51:18.590026,1411.805959256,0.05771228671404442,-0.219539858703226,-0.2,0.27725214541727045,False,0.27725214541727045,0.0,INIT
2025-12-04T20:51:18.592605,1411.808533795,0.05771228671404442,-0.22087833079326646,-0.2,0.2785906175073109,False,0.2785906175073109,0.0,INIT
2025-12-04T20:51:18.593567,1411.809490867,0.05771228671404442,-0.22087833079326646,-0.2,0.2785906175073109,False,0.2785906175073109,0.0,INIT
2025-12-04T20:51:19.138635,1412.354568678,-0.11574136495102935,0.0,0.2,-0.11574136495102935,False,0.11574136495102935,0.0,INIT
2025-12-04T20:51:19.183718,1412.399649877,-0.11574136495102938,0.0,0.2,-0.11574136495102938,False,0.11574136495102938,0.0,INIT
2025-12-04T20:51:19.202624,1412.418554268,-0.11574136495087464,0.0,0.2,-0.11574136495087464,False,0.11574136495087464,0.0,INIT
2025-12-04T20:51:19.205607,1412.421547946,-0.11574136495087464,0.0,0.2,-0.11574136495087464,False,0.11574136495087464,0.0,INIT
2025-12-04T20:51:19.207192,1412.423121984,-0.11574136495087464,0.0,0.2,-0.11574136495087464,False,0.11574136495087464,0.0,INIT
2025-12-04T20:51:19.207970,1412.423896989,-0.11574136495087464,0.0,0.2,-0.11574136495087464,False,0.11574136495087464,0.0,INIT
2025-12-04T20:51:19.208978,1412.424902289,-0.11574136495087464,0.0,0.2,-0.11574136495087464,False,0.11574136495087464,0.0,INIT
2025-12-04T20:51:19.209951,1412.425887491,-0.11574136495087464,0.0,0.2,-0.11574136495087464,False,0.11574136495087464,0.0,INIT
2025-12-04T20:51:19.222112,1412.438057785,-0.13833807570073986,0.0,0.2,-0.13833807570073986,False,0.13833807570073986,0.0,INIT
2025-12-04T20:51:19.225016,1412.440951838,-0.13833807570073986,0.0,0.2,-0.13833807570073986,False,0.13833807570073986,0.0,INIT
2025-12-04T20:51:19.226790,1412.442720778,-0.13833807570073986,0.0,0.2,-0.13833807570073986,False,0.13833807570073986,0.0,INIT
2025-12-04T20:51:19.264542,1412.480473958,-0.13833807570073986,0.0,0.2,-0.13833807570073986,False,0.13833807570073986,0.0,INIT
2025-12-04T20:51:19.269879,1412.485810565,-0.20000000001078,0.0,0.2,-0.20000000001078,False,0.20000000001078,0.0,INIT
2025-12-04T20:51:19.270593,1412.48652089,-0.20000000001078,0.0,0.2,-0.20000000001078,False,0.20000000001078,0.0,INIT
2025-12-04T20:51:19.272028,1412.487967307,-0.20000000001078,0.0,0.2,-0.20000000001078,False,0.20000000001078,0.0,INIT
2025-12-04T20:51:19.293937,1412.509876709,-0.20000000001078,0.0,0.2,-0.20000000001078,False,0.20000000001078,0.0,INIT
2025-12-04T20:51:19.526221,1412.742154042,-0.20000000001078,0.0,0.2,-0.20000000001078,False,0.20000000001078,0.0,INIT
2025-12-04T20:51:19.786868,1413.002804115,-0.20000000001078,0.0,0.2,-0.20000000001078,False,0.20000000001078,0.0,INIT
2025-12-04T20:51:19.843109,1413.059039725,-0.20000000001078,0.0,0.2,-0.20000000001078,False,0.20000000001078,0.0,INIT
2025-12-04T20:51:19.846866,1413.06279368,-0.20000000001078,0.0,0.2,-0.20000000001078,False,0.20000000001078,0.0,INIT
2025-12-04T20:51:19.848353,1413.064281067,-0.20000000001078,0.0,0.2,-0.20000000001078,False,0.20000000001078,0.0,INIT
2025-12-04T20:51:19.849869,1413.0657969,-0.20000000001078,0.0,0.2,-0.20000000001078,False,0.20000000001078,0.0,INIT
2025-12-04T20:51:19.850787,1413.0667125,-0.20000000001078,0.0,0.2,-0.20000000001078,False,0.20000000001078,0.0,INIT
2025-12-04T20:51:19.851658,1413.067582452,-0.20000000001078,0.0,0.2,-0.20000000001078,False,0.20000000001078,0.0,INIT
2025-12-04T20:51:19.852649,1413.068574346,-0.20000000001078,0.0,0.2,-0.20000000001078,False,0.20000000001078,0.0,INIT
2025-12-04T20:51:19.853647,1413.069574167,-0.20000000001078,0.0,0.2,-0.20000000001078,False,0.20000000001078,0.0,INIT
2025-12-04T20:51:19.854772,1413.070700137,-0.20000000001078,0.0,0.2,-0.20000000001078,False,0.20000000001078,0.0,INIT
2025-12-04T20:51:19.855792,1413.071719983,-0.20000000001078,0.0,0.2,-0.20000000001078,False,0.20000000001078,0.0,INIT
2025-12-04T20:51:19.856935,1413.072864898,-0.20000000001078,0.0,0.2,-0.20000000001078,False,0.20000000001078,0.0,INIT
2025-12-04T20:51:19.977527,1413.193455121,0.20000000001078,0.0,-0.2,0.20000000001078,False,0.20000000001078,0.0,INIT
2025-12-04T20:51:19.984600,1413.200527776,0.20000000001078,0.0,-0.2,0.20000000001078,False,0.20000000001078,0.0,INIT
2025-12-04T20:51:19.985832,1413.201759931,0.20000000001078,0.0,-0.2,0.20000000001078,False,0.20000000001078,0.0,INIT
2025-12-04T20:51:19.987042,1413.202969208,0.20000000001078,0.0,-0.2,0.20000000001078,False,0.20000000001078,0.0,INIT
2025-12-04T20:51:19.987899,1413.203822803,0.20000000001078,0.0,-0.2,0.20000000001078,False,0.20000000001078,0.0,INIT
2025-12-04T20:51:19.988984,1413.20491195,0.20000000001078,0.0,-0.2,0.20000000001078,False,0.20000000001078,0.0,INIT
2025-12-04T20:51:19.991101,1413.207035936,0.20000000001078,0.0,-0.2,0.20000000001078,False,0.20000000001078,0.0,INIT
2025-12-04T20:51:20.012201,1413.228127251,0.20000000001078005,0.0,-0.2,0.20000000001078005,False,0.20000000001078005,0.0,INIT
2025-12-04T20:51:20.014803,1413.230731677,0.20000000001078005,0.0,-0.2,0.20000000001078005,False,0.20000000001078005,0.0,INIT
2025-12-04T20:51:20.036881,1413.252810031,0.20000000001078005,0.0,-0.2,0.20000000001078005,False,0.20000000001078005,0.0,INIT
2025-12-04T20:51:20.230467,1413.446398033,0.20000000001078,0.0,-0.2,0.20000000001078,False,0.20000000001078,0.0,INIT
2025-12-04T20:51:20.246701,1413.462632867,0.20000000001078,0.0,-0.2,0.20000000001078,False,0.20000000001078,0.0,INIT
2025-12-04T20:51:20.413629,1413.62955874,0.20000000001078,0.0,-0.2,0.20000000001078,False,0.20000000001078,0.0,INIT
2025-12-04T20:51:20.475541,1413.691471192,0.20000000001078,0.0,-0.2,0.20000000001078,False,0.20000000001078,0.0,INIT
2025-12-04T20:51:20.479270,1413.695195975,0.20000000001078,0.0,-0.2,0.20000000001078,False,0.20000000001078,0.0,INIT
2025-12-04T20:51:20.485729,1413.701657317,0.20000000001078,0.0,-0.2,0.20000000001078,False,0.20000000001078,0.0,INIT
2025-12-04T20:51:20.511971,1413.727897741,0.20000000001078,0.0,-0.2,0.20000000001078,False,0.20000000001078,0.0,INIT
2025-12-04T20:51:20.515390,1413.731318179,0.20000000001078,0.0,-0.2,0.20000000001078,False,0.20000000001078,0.0,INIT
2025-12-04T20:51:20.516601,1413.732524596,0.20000000001078,0.0,-0.2,0.20000000001078,False,0.20000000001078,0.0,INIT
2025-12-04T20:51:20.517900,1413.733825229,0.20000000001078,0.0,-0.2,0.20000000001078,False,0.20000000001078,0.0,INIT
2025-12-04T20:51:20.519581,1413.735508946,0.20000000001078,0.0,-0.2,0.20000000001078,False,0.20000000001078,0.0,INIT
2025-12-04T20:51:20.528975,1413.744902418,0.20000000001078,0.0,-0.2,0.20000000001078,False,0.20000000001078,0.0,INIT
2025-12-04T20:51:20.598195,1413.814125764,-0.20000000001078,0.0,0.2,-0.20000000001078,False,0.20000000001078,0.0,INIT
2025-12-04T20:51:20.604806,1413.820740359,-0.20000000001078,0.0,0.2,-0.20000000001078,False,0.20000000001078,0.0,INIT
2025-12-04T20:51:20.606741,1413.822673663,-0.20000000001078,0.0,0.2,-0.20000000001078,False,0.20000000001078,0.0,INIT
2025-12-04T20:51:20.608254,1413.824182246,-0.20000000001078,0.0,0.2,-0.20000000001078,False,0.20000000001078,0.0,INIT
2025-12-04T20:51:20.609445,1413.825373789,-0.20000000001078,0.0,0.2,-0.20000000001078,False,0.20000000001078,0.0,INIT
2025-12-04T20:51:20.610469,1413.826393551,-0.20000000001078,0.0,0.2,-0.20000000001078,False,0.20000000001078,0.0,INIT
2025-12-04T20:51:20.611511,1413.827438503,-0.20000000001078,0.0,0.2,-0.20000000001078,False,0.20000000001078,0.0,INIT
2025-12-04T20:51:20.612539,1413.828466131,-0.20000000001078,0.0,0.2,-0.20000000001078,False,0.20000000001078,0.0,INIT
2025-12-04T20:51:20.613548,1413.829475887,-0.20000000001078,0.0,0.2,-0.20000000001078,False,0.20000000001078,0.0,INIT
2025-12-04T20:51:20.807348,1414.023280427,-0.20000000001078,0.0,0.2,-0.20000000001078,False,0.20000000001078,0.0,INIT
2025-12-04T20:51:20.827920,1414.043848875,-0.20000000001078,0.0,0.2,-0.20000000001078,False,0.20000000001078,0.0,INIT
2025-12-04T20:51:20.845190,1414.06111703,-0.20000000001078,0.0,0.2,-0.20000000001078,False,0.20000000001078,0.0,INIT
2025-12-04T20:51:20.848374,1414.064299371,-0.20000000001078,0.0,0.2,-0.20000000001078,False,0.20000000001078,0.0,INIT
2025-12-04T20:51:20.849735,1414.065659599,-0.20000000001078,0.0,0.2,-0.20000000001078,False,0.20000000001078,0.0,INIT
2025-12-04T20:51:20.850924,1414.066847438,-0.20000000001078,0.0,0.2,-0.20000000001078,False,0.20000000001078,0.0,INIT
2025-12-04T20:51:20.852015,1414.067939632,-0.20000000001078,0.0,0.2,-0.20000000001078,False,0.20000000001078,0.0,INIT
2025-12-04T20:51:20.853387,1414.069316096,-0.20000000001078,0.0,0.2,-0.20000000001078,False,0.20000000001078,0.0,INIT
2025-12-04T20:51:20.855265,1414.071195231,-0.20000000001078,0.0,0.2,-0.20000000001078,False,0.20000000001078,0.0,INIT
2025-12-04T20:51:20.856791,1414.072720552,-0.20000000001078,0.0,0.2,-0.20000000001078,False,0.20000000001078,0.0,INIT
2025-12-04T20:51:20.858807,1414.074748573,-0.20000000001078,0.0,0.2,-0.20000000001078,False,0.20000000001078,0.0,INIT
2025-12-04T20:51:20.860467,1414.076398985,-0.20000000001078,0.0,0.2,-0.20000000001078,False,0.20000000001078,0.0,INIT
2025-12-04T20:51:20.891829,1414.107759473,0.19999999984954622,0.0,-0.2,0.19999999984954622,False,0.19999999984954622,0.0,INIT
2025-12-04T20:51:20.895984,1414.111920245,0.19999999984954622,0.0,-0.2,0.19999999984954622,False,0.19999999984954622,0.0,INIT
2025-12-04T20:51:20.897523,1414.11345629,0.19999999984954622,0.0,-0.2,0.19999999984954622,False,0.19999999984954622,0.0,INIT
2025-12-04T20:51:20.899290,1414.115218206,0.19999999984954622,0.0,-0.2,0.19999999984954622,False,0.19999999984954622,0.0,INIT
2025-12-04T20:51:20.900849,1414.116777149,0.19999999984954622,0.0,-0.2,0.19999999984954622,False,0.19999999984954622,0.0,INIT
2025-12-04T20:51:20.910820,1414.126745341,0.20000000001078,0.0,-0.2,0.20000000001078,False,0.20000000001078,0.0,INIT
2025-12-04T20:51:20.952869,1414.168800687,0.20000000001078,0.0,-0.2,0.20000000001078,False,0.20000000001078,0.0,INIT
2025-12-04T20:51:20.955684,1414.171612858,-0.2000000000109347,0.0,0.2,-0.2000000000109347,False,0.2000000000109347,0.0,INIT
2025-12-04T20:51:20.956724,1414.17265427,-0.2000000000109347,0.0,0.2,-0.2000000000109347,False,0.2000000000109347,0.0,INIT
2025-12-04T20:51:20.958082,1414.174025423,-0.2000000000109347,0.0,0.2,-0.2000000000109347,False,0.2000000000109347,0.0,INIT
2025-12-04T20:51:20.969222,1414.185153379,-0.2000000000109347,0.0,0.2,-0.2000000000109347,False,0.2000000000109347,0.0,INIT
2025-12-04T20:51:20.990670,1414.206601518,0.03842155103867352,0.0,-0.08104731304434398,0.03842155103867352,False,0.03842155103867352,0.0,INIT
2025-12-04T20:51:20.992161,1414.208088669,0.20000000001078,0.0,-0.2,0.20000000001078,False,0.20000000001078,0.0,INIT
2025-12-04T20:51:21.101621,1414.317555219,0.20000000001078,0.0,-0.2,0.20000000001078,False,0.20000000001078,0.0,INIT
2025-12-04T20:51:21.109267,1414.325210689,-0.20000000001078,0.0,0.2,-0.20000000001078,False,0.20000000001078,0.0,INIT
2025-12-04T20:51:21.110959,1414.32688834,-0.20000000001078,0.0,0.2,-0.20000000001078,False,0.20000000001078,0.0,INIT
2025-12-04T20:51:21.111880,1414.327803861,-0.20000000001078,0.0,0.2,-0.20000000001078,False,0.20000000001078,0.0,INIT
2025-12-04T20:51:21.112484,1414.328408974,-0.20000000001078,0.0,0.2,-0.20000000001078,False,0.20000000001078,0.0,INIT
2025-12-04T20:51:21.113190,1414.329114652,-0.20000000001078,0.0,0.2,-0.20000000001078,False,0.20000000001078,0.0,INIT
2025-12-04T20:51:21.113774,1414.329703259,-0.20000000001078,0.0,0.2,-0.20000000001078,False,0.20000000001078,0.0,INIT
2025-12-04T20:51:21.114343,1414.330269307,-0.20000000001078,0.0,0.2,-0.20000000001078,False,0.20000000001078,0.0,INIT
2025-12-04T20:51:21.115092,1414.331018973,-0.20000000001078,0.0,0.2,-0.20000000001078,False,0.20000000001078,0.0,INIT
2025-12-04T20:51:21.115607,1414.331531018,-0.20000000001078,0.0,0.2,-0.20000000001078,False,0.20000000001078,0.0,INIT
2025-12-04T20:51:21.116271,1414.332195526,-0.20000000001078,0.0,0.2,-0.20000000001078,False,0.20000000001078,0.0,INIT
2025-12-04T20:51:21.122351,1414.338284826,-0.20000000001078,0.0,0.2,-0.20000000001078,False,0.20000000001078,0.0,INIT
2025-12-04T20:51:21.188923,1414.404856878,0.20000000001078,0.0,-0.2,0.20000000001078,False,0.20000000001078,0.0,INIT
2025-12-04T20:51:21.223055,1414.438990109,0.20000000001078,0.0,-0.2,0.20000000001078,False,0.20000000001078,0.0,INIT
2025-12-04T20:51:21.226491,1414.442418517,0.20000000001078,0.0,-0.2,0.20000000001078,False,0.20000000001078,0.0,INIT
2025-12-04T20:51:21.227211,1414.443137194,0.20000000001078,0.0,-0.2,0.20000000001078,False,0.20000000001078,0.0,INIT
2025-12-04T20:51:21.227912,1414.443839134,0.20000000001078,0.0,-0.2,0.20000000001078,False,0.20000000001078,0.0,INIT
2025-12-04T20:51:21.228828,1414.444753879,0.20000000001078,0.0,-0.2,0.20000000001078,False,0.20000000001078,0.0,INIT
2025-12-04T20:51:21.229367,1414.44529228,0.20000000001078,0.0,-0.2,0.20000000001078,False,0.20000000001078,0.0,INIT
2025-12-04T20:51:21.229837,1414.445761829,0.20000000001078,0.0,-0.2,0.20000000001078,False,0.20000000001078,0.0,INIT
2025-12-04T20:51:21.230391,1414.44631557,0.20000000001078,0.0,-0.2,0.20000000001078,False,0.20000000001078,0.0,INIT
2025-12-04T20:51:21.238691,1414.454626435,0.20000000001078,0.0,-0.2,0.20000000001078,False,0.20000000001078,0.0,INIT
2025-12-04T20:51:21.255048,1414.470981327,-0.11267383643210557,0.0,0.19922658552609876,-0.11267383643210557,False,0.11267383643210557,0.0,INIT
2025-12-04T20:51:21.256134,1414.472067658,-0.11267383643210557,0.0,0.19922658552609876,-0.11267383643210557,False,0.11267383643210557,0.0,INIT
2025-12-04T20:51:21.313493,1414.529424096,0.19922658553669723,0.0,-0.2,0.19922658553669723,False,0.19922658553669723,0.0,INIT
2025-12-04T20:51:21.316134,1414.532065359,0.19922658553669723,0.0,-0.2,0.19922658553669723,False,0.19922658553669723,0.0,INIT
2025-12-04T20:51:21.316913,1414.532841847,0.19922658553669723,0.0,-0.2,0.19922658553669723,False,0.19922658553669723,0.0,INIT
2025-12-04T20:51:21.317410,1414.533335048,0.19922658553669723,0.0,-0.2,0.19922658553669723,False,0.19922658553669723,0.0,INIT
2025-12-04T20:51:21.318125,1414.534052953,0.19922658553669723,0.0,-0.2,0.19922658553669723,False,0.19922658553669723,0.0,INIT
2025-12-04T20:51:21.322919,1414.538848215,0.16509453045552697,0.0,-0.2,0.16509453045552697,False,0.16509453045552697,0.0,INIT
2025-12-04T20:51:21.333902,1414.549830024,0.16509453045552697,0.0,-0.2,0.16509453045552697,False,0.16509453045552697,0.0,INIT
2025-12-04T20:51:21.345975,1414.561906328,0.16509453045552697,0.0,-0.2,0.16509453045552697,False,0.16509453045552697,0.0,INIT
2025-12-04T20:51:21.687369,1414.903317226,-0.19999999999112866,0.0,0.2,-0.19999999999112866,False,0.19999999999112866,0.0,INIT
2025-12-04T20:51:21.703069,1414.919020933,-0.20000000001078,0.0,0.2,-0.20000000001078,False,0.20000000001078,0.0,INIT
2025-12-04T20:51:21.715122,1414.931055787,-0.20000000001093476,0.0,0.2,-0.20000000001093476,False,0.20000000001093476,0.0,INIT
2025-12-04T20:51:21.716383,1414.932309752,-0.20000000001093476,0.0,0.2,-0.20000000001093476,False,0.20000000001093476,0.0,INIT
2025-12-04T20:51:21.717263,1414.933193468,-0.20000000001093476,0.0,0.2,-0.20000000001093476,False,0.20000000001093476,0.0,INIT
2025-12-04T20:51:21.718135,1414.934063007,-0.20000000001093476,0.0,0.2,-0.20000000001093476,False,0.20000000001093476,0.0,INIT
2025-12-04T20:51:21.719059,1414.934985905,-0.20000000001093476,0.0,0.2,-0.20000000001093476,False,0.20000000001093476,0.0,INIT
2025-12-04T20:51:21.720532,1414.936466737,-0.20000000001093476,0.0,0.2,-0.20000000001093476,False,0.20000000001093476,0.0,INIT
2025-12-04T20:51:21.721626,1414.937561653,-0.20000000001093476,0.0,0.2,-0.20000000001093476,False,0.20000000001093476,0.0,INIT
2025-12-04T20:51:21.722837,1414.938764581,-0.20000000001093476,0.0,0.2,-0.20000000001093476,False,0.20000000001093476,0.0,INIT
2025-12-04T20:51:21.723778,1414.939702342,-0.20000000001093476,0.0,0.2,-0.20000000001093476,False,0.20000000001093476,0.0,INIT
2025-12-04T20:51:21.725006,1414.940932354,-0.20000000001093476,0.0,0.2,-0.20000000001093476,False,0.20000000001093476,0.0,INIT
2025-12-04T20:51:21.729880,1414.945808489,-0.20000000001093476,0.0,0.2,-0.20000000001093476,False,0.20000000001093476,0.0,INIT
2025-12-04T20:51:21.736843,1414.952773819,0.19337178376112982,0.0,-0.2,0.19337178376112982,False,0.19337178376112982,0.0,INIT
2025-12-04T20:51:21.747561,1414.963491919,0.19337178376112982,0.0,-0.2,0.19337178376112982,False,0.19337178376112982,0.0,INIT
2025-12-04T20:51:21.758414,1414.974345315,0.041576243421180624,0.0,-0.08701361505984327,0.041576243421180624,False,0.041576243421180624,0.0,INIT
2025-12-04T20:51:21.768735,1414.984664823,0.041576243421180624,0.0,-0.08701361505984327,0.041576243421180624,False,0.041576243421180624,0.0,INIT
2025-12-04T20:51:21.976538,1415.19246767,-0.08701361506539415,0.0,0.1623549643165977,-0.08701361506539415,False,0.08701361506539415,0.0,INIT
2025-12-04T20:51:21.989184,1415.205119038,-0.0870136150655489,0.0,0.16235496431682958,-0.0870136150655489,False,0.0870136150655489,0.0,INIT
2025-12-04T20:51:22.279582,1415.495513385,-0.0870136150655489,0.0,0.16235496431682958,-0.0870136150655489,False,0.0870136150655489,0.0,INIT
2025-12-04T20:51:22.293010,1415.508943605,-0.0870136150655489,0.0,0.16235496431682958,-0.0870136150655489,False,0.0870136150655489,0.0,INIT
2025-12-04T20:51:22.388139,1415.604069515,0.1623549643257115,0.0,-0.2,0.1623549643257115,False,0.1623549643257115,0.0,INIT
2025-12-04T20:51:22.395305,1415.611232776,0.1623549643257115,0.0,-0.2,0.1623549643257115,False,0.1623549643257115,0.0,INIT
2025-12-04T20:51:22.396743,1415.612671881,0.16235496432571148,0.0,-0.2,0.16235496432571148,False,0.16235496432571148,0.0,INIT
2025-12-04T20:51:22.397670,1415.613596773,0.16235496432571148,0.0,-0.2,0.16235496432571148,False,0.16235496432571148,0.0,INIT
2025-12-04T20:51:22.398327,1415.614250689,0.16235496432571148,0.0,-0.2,0.16235496432571148,False,0.16235496432571148,0.0,INIT
2025-12-04T20:51:22.398832,1415.614756945,0.16235496432571148,0.0,-0.2,0.16235496432571148,False,0.16235496432571148,0.0,INIT
2025-12-04T20:51:22.399277,1415.615198257,0.16235496432571148,0.0,-0.2,0.16235496432571148,False,0.16235496432571148,0.0,INIT
2025-12-04T20:51:22.400127,1415.6160581,0.16235496432571148,0.0,-0.2,0.16235496432571148,False,0.16235496432571148,0.0,INIT
2025-12-04T20:51:22.400688,1415.616609843,0.16235496432571148,0.0,-0.2,0.16235496432571148,False,0.16235496432571148,0.0,INIT
2025-12-04T20:51:22.401143,1415.617067628,0.16235496432571148,0.0,-0.2,0.16235496432571148,False,0.16235496432571148,0.0,INIT
2025-12-04T20:51:22.402798,1415.618721519,0.16235496432571148,0.0,-0.2,0.16235496432571148,False,0.16235496432571148,0.0,INIT
2025-12-04T20:51:22.403487,1415.619414811,0.16235496432571148,0.0,-0.2,0.16235496432571148,False,0.16235496432571148,0.0,INIT
2025-12-04T20:51:22.468605,1415.68453563,0.16235496432571148,0.0,-0.2,0.16235496432571148,False,0.16235496432571148,0.0,INIT
2025-12-04T20:51:22.473345,1415.689280449,-0.20000000001078,0.0,0.2,-0.20000000001078,False,0.20000000001078,0.0,INIT
2025-12-04T20:51:22.474225,1415.690156493,-0.20000000001078,0.0,0.2,-0.20000000001078,False,0.20000000001078,0.0,INIT
2025-12-04T20:51:22.475624,1415.691563545,-0.20000000001078,0.0,0.2,-0.20000000001078,False,0.20000000001078,0.0,INIT
2025-12-04T20:51:22.476804,1415.692732872,-0.20000000001078,0.0,0.2,-0.20000000001078,False,0.20000000001078,0.0,INIT
2025-12-04T20:51:22.501237,1415.717168259,0.19999999979554373,0.0,-0.2,0.19999999979554373,False,0.19999999979554373,0.0,INIT
2025-12-04T20:51:22.502716,1415.718643619,0.19999999979554373,0.0,-0.2,0.19999999979554373,False,0.19999999979554373,0.0,INIT
2025-12-04T20:51:22.504209,1415.720156693,0.19999999979554373,0.0,-0.2,0.19999999979554373,False,0.19999999979554373,0.0,INIT
2025-12-04T20:51:22.505768,1415.721698991,0.19999999979554373,0.0,-0.2,0.19999999979554373,False,0.19999999979554373,0.0,INIT
2025-12-04T20:51:22.513571,1415.729506259,0.19999999979554373,0.0,-0.2,0.19999999979554373,False,0.19999999979554373,0.0,INIT
2025-12-04T20:51:22.523935,1415.739866443,-0.03842535478267545,0.0,0.08105458659249598,-0.03842535478267545,False,0.03842535478267545,0.0,INIT
2025-12-04T20:51:22.543363,1415.759298144,-0.03842535478267545,0.0,0.08105458659249598,-0.03842535478267545,False,0.03842535478267545,0.0,INIT
2025-12-04T20:51:22.572712,1415.788643897,0.08105458659642618,0.0,-0.15332751064083655,0.08105458659642618,False,0.08105458659642618,0.0,INIT
2025-12-04T20:51:22.576240,1415.792174759,0.08105458659642618,0.0,-0.15332751064083655,0.08105458659642618,False,0.08105458659642618,0.0,INIT
2025-12-04T20:51:22.577212,1415.793140999,0.08105458659642618,0.0,-0.15332751064083655,0.08105458659642618,False,0.08105458659642618,0.0,INIT
2025-12-04T20:51:22.758459,1415.974389241,0.08105458659642618,0.0,-0.15332751064083655,0.08105458659642618,False,0.08105458659642618,0.0,INIT
2025-12-04T20:51:22.922623,1416.138564599,0.08105458659642617,0.0,-0.15332751064083652,0.08105458659642617,False,0.08105458659642617,0.0,INIT
2025-12-04T20:51:22.957577,1416.173514937,0.0810545865964262,0.0,-0.15332751064083658,0.0810545865964262,False,0.0810545865964262,0.0,INIT
2025-12-04T20:51:23.248059,1416.463994181,0.0810545865964262,0.0,-0.15332751064083658,0.0810545865964262,False,0.0810545865964262,0.0,INIT
2025-12-04T20:51:23.271203,1416.487145181,0.0810545865964262,0.0,-0.15332751064083658,0.0810545865964262,False,0.0810545865964262,0.0,INIT
2025-12-04T20:51:23.296071,1416.512092464,0.0810545865964262,0.0,-0.15332751064083658,0.0810545865964262,False,0.0810545865964262,0.0,INIT
2025-12-04T20:51:23.298729,1416.514658614,-0.13401692739466636,0.0,0.2,-0.13401692739466636,False,0.13401692739466636,0.0,INIT
2025-12-04T20:51:23.299439,1416.515363805,-0.13401692739466636,0.0,0.2,-0.13401692739466636,False,0.13401692739466636,0.0,INIT
2025-12-04T20:51:23.300290,1416.516220417,-0.13401692739466636,0.0,0.2,-0.13401692739466636,False,0.13401692739466636,0.0,INIT
2025-12-04T20:51:23.301031,1416.516954244,-0.13401692739466636,0.0,0.2,-0.13401692739466636,False,0.13401692739466636,0.0,INIT
2025-12-04T20:51:23.339389,1416.555323473,-0.13401692739466636,0.0,0.2,-0.13401692739466636,False,0.13401692739466636,0.0,INIT
2025-12-04T20:51:23.424190,1416.640123367,-0.15332751064882486,0.0,0.2,-0.15332751064882486,False,0.15332751064882486,0.0,INIT
2025-12-04T20:51:23.431130,1416.647062019,-0.15332751064882486,0.0,0.2,-0.15332751064882486,False,0.15332751064882486,0.0,INIT
2025-12-04T20:51:23.587164,1416.803096507,-0.15332751064882486,0.0,0.2,-0.15332751064882486,False,0.15332751064882486,0.0,INIT
2025-12-04T20:51:23.598122,1416.814053326,-0.15332751064882486,0.0,0.2,-0.15332751064882486,False,0.15332751064882486,0.0,INIT
2025-12-04T20:51:23.605889,1416.821825371,-0.15332751064882486,0.0,0.2,-0.15332751064882486,False,0.15332751064882486,0.0,INIT
2025-12-04T20:51:23.607340,1416.823268483,-0.15332751064882486,0.0,0.2,-0.15332751064882486,False,0.15332751064882486,0.0,INIT
2025-12-04T20:51:23.608558,1416.824482998,-0.15332751064882486,0.0,0.2,-0.15332751064882486,False,0.15332751064882486,0.0,INIT
2025-12-04T20:51:23.609564,1416.825490222,-0.15332751064882486,0.0,0.2,-0.15332751064882486,False,0.15332751064882486,0.0,INIT
2025-12-04T20:51:23.610503,1416.826430663,-0.15332751064882486,0.0,0.2,-0.15332751064882486,False,0.15332751064882486,0.0,INIT
2025-12-04T20:51:23.790715,1417.006646756,-0.15332751064882486,0.0,0.2,-0.15332751064882486,False,0.15332751064882486,0.0,INIT
2025-12-04T20:51:23.799788,1417.015719584,-0.15332751064882486,0.0,0.2,-0.15332751064882486,False,0.15332751064882486,0.0,INIT
2025-12-04T20:51:23.807365,1417.023295725,-0.1533275106489796,0.0,0.2,-0.1533275106489796,False,0.1533275106489796,0.0,INIT
2025-12-04T20:51:23.809614,1417.025540651,-0.1533275106489796,0.0,0.2,-0.1533275106489796,False,0.1533275106489796,0.0,INIT
2025-12-04T20:51:23.810530,1417.026461109,-0.1533275106489796,0.0,0.2,-0.1533275106489796,False,0.1533275106489796,0.0,INIT
2025-12-04T20:51:23.811564,1417.027492054,-0.1533275106489796,0.0,0.2,-0.1533275106489796,False,0.1533275106489796,0.0,INIT
2025-12-04T20:51:23.812463,1417.028386544,-0.1533275106489796,0.0,0.2,-0.1533275106489796,False,0.1533275106489796,0.0,INIT
2025-12-04T20:51:23.813169,1417.029093994,-0.1533275106489796,0.0,0.2,-0.1533275106489796,False,0.1533275106489796,0.0,INIT
2025-12-04T20:51:23.813849,1417.029773252,-0.1533275106489796,0.0,0.2,-0.1533275106489796,False,0.1533275106489796,0.0,INIT
2025-12-04T20:51:23.814753,1417.03067754,-0.1533275106489796,0.0,0.2,-0.1533275106489796,False,0.1533275106489796,0.0,INIT
2025-12-04T20:51:23.815704,1417.031629768,-0.1533275106489796,0.0,0.2,-0.1533275106489796,False,0.1533275106489796,0.0,INIT
2025-12-04T20:51:23.817036,1417.032963379,-0.1533275106489796,0.0,0.2,-0.1533275106489796,False,0.1533275106489796,0.0,INIT
2025-12-04T20:51:23.826903,1417.042834709,0.03626958833261619,0.0,-0.07690008664552817,0.03626958833261619,False,0.03626958833261619,0.0,INIT
2025-12-04T20:51:23.835885,1417.051812048,0.03626958833261619,0.0,-0.07690008664552817,0.03626958833261619,False,0.03626958833261619,0.0,INIT
2025-12-04T20:51:23.852391,1417.068329489,0.004773151326142401,0.0,-0.007664709496593848,0.004773151326142401,False,0.004773151326142401,0.0,INIT
2025-12-04T20:51:23.858987,1417.074918288,0.004773151326142401,0.0,-0.007664709496593848,0.004773151326142401,False,0.004773151326142401,0.0,INIT
2025-12-04T20:51:23.871151,1417.087092565,-0.036537587035520715,0.0,0.07742013164601315,-0.036537587035520715,False,0.036537587035520715,0.0,INIT
2025-12-04T20:51:23.881570,1417.097501606,-0.036537587035520715,0.0,0.07742013164601315,-0.036537587035520715,False,0.036537587035520715,0.0,INIT
2025-12-04T20:51:23.894781,1417.110713059,0.05763955261314975,0.0,-0.11561769203696183,0.05763955261314975,False,0.05763955261314975,0.0,INIT
2025-12-04T20:51:23.902755,1417.118685079,0.004678640676739032,0.0,-0.007456201525372047,0.004678640676739032,False,0.004678640676739032,0.0,INIT
2025-12-04T20:51:23.913414,1417.129346701,0.004678640676739032,0.0,-0.007456201525372047,0.004678640676739032,False,0.004678640676739032,0.0,INIT
2025-12-04T20:51:23.926043,1417.141974113,-0.007456201525965442,0.0,0.013846188408428961,-0.007456201525965442,False,0.007456201525965442,0.0,INIT
2025-12-04T20:51:23.937182,1417.153113105,-0.007456201525965442,0.0,0.013846188408428961,-0.007456201525965442,False,0.007456201525965442,0.0,INIT
2025-12-04T20:51:23.951763,1417.167696548,0.013846188409377815,0.0,-0.029029692244012837,0.013846188409377815,False,0.013846188409377815,0.0,INIT
2025-12-04T20:51:23.959679,1417.175613362,0.013846188409377815,0.0,-0.029029692244012837,0.013846188409377815,False,0.013846188409377815,0.0,INIT
2025-12-04T20:51:23.970941,1417.186878086,0.013846188409377815,0.0,-0.029029692244012837,0.013846188409377815,False,0.013846188409377815,0.0,INIT
2025-12-04T20:51:23.987859,1417.203809287,-0.0290296922455615,0.0,0.062436278211926266,-0.0290296922455615,False,0.0290296922455615,0.0,INIT
2025-12-04T20:51:24.009028,1417.224959472,-0.0290296922455615,0.0,0.062436278211926266,-0.0290296922455615,False,0.0290296922455615,0.0,INIT
2025-12-04T20:51:24.082851,1417.298782942,0.06243627821569847,0.0,-0.1236763854313522,0.06243627821569847,False,0.06243627821569847,0.0,INIT
2025-12-04T20:51:24.121918,1417.337865296,0.06243627821569847,0.0,-0.1236763854313522,0.06243627821569847,False,0.06243627821569847,0.0,INIT
2025-12-04T20:51:24.126764,1417.34269832,0.06243627821569847,0.0,-0.1236763854313522,0.06243627821569847,False,0.06243627821569847,0.0,INIT
2025-12-04T20:51:24.128210,1417.344140308,0.06243627821569847,0.0,-0.1236763854313522,0.06243627821569847,False,0.06243627821569847,0.0,INIT
2025-12-04T20:51:24.129139,1417.345069072,0.06243627821569847,0.0,-0.1236763854313522,0.06243627821569847,False,0.06243627821569847,0.0,INIT
2025-12-04T20:51:24.130131,1417.346059946,0.06243627821569847,0.0,-0.1236763854313522,0.06243627821569847,False,0.06243627821569847,0.0,INIT
2025-12-04T20:51:24.130802,1417.346726558,0.06243627821569847,0.0,-0.1236763854313522,0.06243627821569847,False,0.06243627821569847,0.0,INIT
2025-12-04T20:51:24.131487,1417.347411005,0.06243627821569847,0.0,-0.1236763854313522,0.06243627821569847,False,0.06243627821569847,0.0,INIT
2025-12-04T20:51:24.132142,1417.348065318,0.06243627821569847,0.0,-0.1236763854313522,0.06243627821569847,False,0.06243627821569847,0.0,INIT
2025-12-04T20:51:24.132706,1417.348631753,0.06243627821569847,0.0,-0.1236763854313522,0.06243627821569847,False,0.06243627821569847,0.0,INIT
2025-12-04T20:51:24.133340,1417.34926574,0.06243627821569847,0.0,-0.1236763854313522,0.06243627821569847,False,0.06243627821569847,0.0,INIT
2025-12-04T20:51:24.133846,1417.349771548,0.06243627821569847,0.0,-0.1236763854313522,0.06243627821569847,False,0.06243627821569847,0.0,INIT
2025-12-04T20:51:24.188973,1417.404930091,-0.12367638543902001,0.0,0.2,-0.12367638543902001,False,0.12367638543902001,0.0,INIT
2025-12-04T20:51:24.193725,1417.409663004,-0.12367638543902001,0.0,0.2,-0.12367638543902001,False,0.12367638543902001,0.0,INIT
2025-12-04T20:51:24.194704,1417.410632864,-0.12367638543902001,0.0,0.2,-0.12367638543902001,False,0.12367638543902001,0.0,INIT
2025-12-04T20:51:24.195689,1417.411616091,-0.12367638543902001,0.0,0.2,-0.12367638543902001,False,0.12367638543902001,0.0,INIT
2025-12-04T20:51:24.294000,1417.509944194,-0.12367638543902001,0.0,0.2,-0.12367638543902001,False,0.12367638543902001,0.0,INIT
2025-12-04T20:51:24.317433,1417.533364914,-0.12367638543902001,0.0,0.2,-0.12367638543902001,False,0.12367638543902001,0.0,INIT
2025-12-04T20:51:24.476848,1417.69277632,-0.12367638543902001,0.0,0.2,-0.12367638543902001,False,0.12367638543902001,0.0,INIT
2025-12-04T20:51:24.488280,1417.704223947,-0.1236763854388653,0.0,0.2,-0.1236763854388653,False,0.1236763854388653,0.0,INIT
2025-12-04T20:51:24.495402,1417.711341114,-0.1236763854388653,0.0,0.2,-0.1236763854388653,False,0.1236763854388653,0.0,INIT
2025-12-04T20:51:24.557984,1417.773922174,-0.12367638543902004,0.0,0.2,-0.12367638543902004,False,0.12367638543902004,0.0,INIT
2025-12-04T20:51:24.565930,1417.781862332,-0.12367638543902004,0.0,0.2,-0.12367638543902004,False,0.12367638543902004,0.0,INIT
2025-12-04T20:51:24.592200,1417.808134958,-0.1236763854388653,0.0,0.2,-0.1236763854388653,False,0.1236763854388653,0.0,INIT
2025-12-04T20:51:24.595237,1417.81116798,-0.1236763854388653,0.0,0.2,-0.1236763854388653,False,0.1236763854388653,0.0,INIT
2025-12-04T20:51:24.619069,1417.834999294,-0.1236763854388653,0.0,0.2,-0.1236763854388653,False,0.1236763854388653,0.0,INIT
2025-12-04T20:51:24.622177,1417.838107,0.058482016062674266,0.0,-0.11704730904014006,0.058482016062674266,False,0.058482016062674266,0.0,INIT
2025-12-04T20:51:24.623288,1417.839223004,0.058482016062674266,0.0,-0.11704730904014006,0.058482016062674266,False,0.058482016062674266,0.0,INIT
2025-12-04T20:51:24.624555,1417.840483715,0.058482016062674266,0.0,-0.11704730904014006,0.058482016062674266,False,0.058482016062674266,0.0,INIT
2025-12-04T20:51:24.629389,1417.845320244,0.058482016062674266,0.0,-0.11704730904014006,0.058482016062674266,False,0.058482016062674266,0.0,INIT
2025-12-04T20:51:24.632160,1417.848090698,0.20000000001078,0.0,-0.2,0.20000000001078,False,0.20000000001078,0.0,INIT
2025-12-04T20:51:24.633771,1417.849702483,0.20000000001078,0.0,-0.2,0.20000000001078,False,0.20000000001078,0.0,INIT
2025-12-04T20:51:24.635338,1417.851269328,0.20000000001078,0.0,-0.2,0.20000000001078,False,0.20000000001078,0.0,INIT
2025-12-04T20:51:24.637104,1417.853037174,0.20000000001078,0.0,-0.2,0.20000000001078,False,0.20000000001078,0.0,INIT
2025-12-04T20:51:24.638771,1417.854702701,0.20000000001078,0.0,-0.2,0.20000000001078,False,0.20000000001078,0.0,INIT
2025-12-04T20:51:24.731552,1417.947481507,0.20000000001078,0.0,-0.2,0.20000000001078,False,0.20000000001078,0.0,INIT
2025-12-04T20:51:24.962372,1418.178308771,0.20000000001078,0.0,-0.2,0.20000000001078,False,0.20000000001078,0.0,INIT
2025-12-04T20:51:25.035142,1418.25107121,0.20000000001078,0.0,-0.2,0.20000000001078,False,0.20000000001078,0.0,INIT
2025-12-04T20:51:25.041693,1418.257621217,0.20000000001078,0.0,-0.2,0.20000000001078,False,0.20000000001078,0.0,INIT
2025-12-04T20:51:25.060537,1418.276475789,0.20000000001078,0.0,-0.2,0.20000000001078,False,0.20000000001078,0.0,INIT
2025-12-04T20:51:25.067916,1418.283843647,0.20000000001078,0.0,-0.2,0.20000000001078,False,0.20000000001078,0.0,INIT
2025-12-04T20:51:25.069467,1418.285397589,0.20000000001078,0.0,-0.2,0.20000000001078,False,0.20000000001078,0.0,INIT
2025-12-04T20:51:25.071173,1418.287101992,0.20000000001078,0.0,-0.2,0.20000000001078,False,0.20000000001078,0.0,INIT
2025-12-04T20:51:25.072643,1418.28857006,0.20000000001078,0.0,-0.2,0.20000000001078,False,0.20000000001078,0.0,INIT
2025-12-04T20:51:25.074145,1418.290073114,0.20000000001078,0.0,-0.2,0.20000000001078,False,0.20000000001078,0.0,INIT
2025-12-04T20:51:25.075478,1418.291400888,0.20000000001078,0.0,-0.2,0.20000000001078,False,0.20000000001078,0.0,INIT
2025-12-04T20:51:25.076527,1418.292451869,0.20000000001078,0.0,-0.2,0.20000000001078,False,0.20000000001078,0.0,INIT
2025-12-04T20:51:25.077703,1418.293629049,0.20000000001078,0.0,-0.2,0.20000000001078,False,0.20000000001078,0.0,INIT
2025-12-04T20:51:25.078815,1418.294741774,0.20000000001078,0.0,-0.2,0.20000000001078,False,0.20000000001078,0.0,INIT
2025-12-04T20:51:25.079856,1418.295781583,0.20000000001078,0.0,-0.2,0.20000000001078,False,0.20000000001078,0.0,INIT
2025-12-04T20:51:25.346285,1418.562211489,0.20000000001078,0.0,-0.2,0.20000000001078,False,0.20000000001078,0.0,INIT
2025-12-04T20:51:25.664212,1418.88014252,-0.20000000001078,0.0,0.2,-0.20000000001078,False,0.20000000001078,0.0,INIT
2025-12-04T20:51:25.747691,1418.963625986,-0.20000000001078005,0.0,0.2,-0.20000000001078005,False,0.20000000001078005,0.0,INIT
2025-12-04T20:51:25.752973,1418.968902429,-0.20000000001078005,0.0,0.2,-0.20000000001078005,False,0.20000000001078005,0.0,INIT
2025-12-04T20:51:25.888617,1419.104544156,-0.20000000001078005,0.0,0.2,-0.20000000001078005,False,0.20000000001078005,0.0,INIT
2025-12-04T20:51:25.993604,1419.209536896,-0.20000000001078,0.0,0.2,-0.20000000001078,False,0.20000000001078,0.0,INIT
2025-12-04T20:51:26.019380,1419.235312871,-0.2000000000109347,0.0,0.2,-0.2000000000109347,False,0.2000000000109347,0.0,INIT
2025-12-04T20:51:26.022229,1419.238160319,-0.20000000001078,0.0,0.2,-0.20000000001078,False,0.20000000001078,0.0,INIT
2025-12-04T20:51:26.023351,1419.239278415,-0.20000000001078,0.0,0.2,-0.20000000001078,False,0.20000000001078,0.0,INIT
2025-12-04T20:51:26.025366,1419.241294918,-0.20000000001078,0.0,0.2,-0.20000000001078,False,0.20000000001078,0.0,INIT
2025-12-04T20:51:26.027321,1419.243251688,-0.20000000001078,0.0,0.2,-0.20000000001078,False,0.20000000001078,0.0,INIT
2025-12-04T20:51:26.028935,1419.244862688,-0.20000000001078,0.0,0.2,-0.20000000001078,False,0.20000000001078,0.0,INIT
2025-12-04T20:51:26.030495,1419.246429049,-0.20000000001078,0.0,0.2,-0.20000000001078,False,0.20000000001078,0.0,INIT
2025-12-04T20:51:26.032006,1419.247938555,-0.20000000001078,0.0,0.2,-0.20000000001078,False,0.20000000001078,0.0,INIT
2025-12-04T20:51:26.261349,1419.477277976,-0.20000000001078,0.0,0.2,-0.20000000001078,False,0.20000000001078,0.0,INIT
2025-12-04T20:51:26.370503,1419.586439058,-0.20000000001078,0.0,0.2,-0.20000000001078,False,0.20000000001078,0.0,INIT
2025-12-04T20:51:26.394493,1419.61042473,-0.20000000001078,0.0,0.2,-0.20000000001078,False,0.20000000001078,0.0,INIT
2025-12-04T20:51:26.404894,1419.620820752,-0.20000000001078,0.0,0.2,-0.20000000001078,False,0.20000000001078,0.0,INIT
2025-12-04T20:51:26.421185,1419.637117871,-0.20000000001078,0.0,0.2,-0.20000000001078,False,0.20000000001078,0.0,INIT
2025-12-04T20:51:26.445560,1419.661489184,-0.20000000001078,0.0,0.2,-0.20000000001078,False,0.20000000001078,0.0,INIT
2025-12-04T20:51:26.473286,1419.689220021,-0.20000000001078,0.0,0.2,-0.20000000001078,False,0.20000000001078,0.0,INIT
2025-12-04T20:51:26.499655,1419.715588971,-0.20000000001078,0.0,0.2,-0.20000000001078,False,0.20000000001078,0.0,INIT
2025-12-04T20:51:26.503885,1419.719815603,-0.20000000001078,0.0,0.2,-0.20000000001078,False,0.20000000001078,0.0,INIT
2025-12-04T20:51:26.506135,1419.722065409,-0.20000000001078,0.0,0.2,-0.20000000001078,False,0.20000000001078,0.0,INIT
2025-12-04T20:51:26.507587,1419.723513012,-0.20000000001078,0.0,0.2,-0.20000000001078,False,0.20000000001078,0.0,INIT
2025-12-04T20:51:26.509524,1419.725455147,-0.20000000001078,0.0,0.2,-0.20000000001078,False,0.20000000001078,0.0,INIT
2025-12-04T20:51:26.510957,1419.726886464,-0.20000000001078,0.0,0.2,-0.20000000001078,False,0.20000000001078,0.0,INIT
2025-12-04T20:51:26.513373,1419.729301459,0.11270543648723721,0.0,-0.1992702503112277,0.11270543648723721,False,0.11270543648723721,0.0,INIT
2025-12-04T20:51:26.514492,1419.730417872,0.11270543648723721,0.0,-0.1992702503112277,0.11270543648723721,False,0.11270543648723721,0.0,INIT
2025-12-04T20:51:26.515925,1419.731851024,0.11270543648723721,0.0,-0.1992702503112277,0.11270543648723721,False,0.11270543648723721,0.0,INIT
2025-12-04T20:51:26.517221,1419.733146295,0.11270543648723721,0.20204062904114384,0.16581936371892414,-0.08933519255390662,False,0.08933519255390662,0.0,INIT
2025-12-04T20:51:26.519367,1419.735291411,0.11270543648723721,0.20629045707342986,0.1720892816341083,-0.09358502058619264,False,0.09358502058619264,0.0,INIT
2025-12-04T20:51:26.520910,1419.736837867,0.11270543648723721,0.20629045707342986,0.1720892816341083,-0.09358502058619264,False,0.09358502058619264,0.0,INIT
2025-12-04T20:51:26.625590,1419.841519562,0.11270543648723721,0.20736112955555797,0.17365472294066134,-0.09465569306832075,False,0.09465569306832075,0.0,INIT
2025-12-04T20:51:26.959647,1420.175582515,0.2000000000106253,0.0,-0.2,0.2000000000106253,False,0.2000000000106253,0.0,INIT
2025-12-04T20:51:27.165314,1420.381247516,0.2000000000106253,0.0,-0.2,0.2000000000106253,False,0.2000000000106253,0.0,INIT
2025-12-04T20:51:27.171927,1420.387859092,0.2000000000106253,0.0,-0.2,0.2000000000106253,False,0.2000000000106253,0.0,INIT
2025-12-04T20:51:27.212015,1420.427944112,-0.19927025032323403,0.0,0.2,-0.19927025032323403,False,0.19927025032323403,0.0,INIT
2025-12-04T20:51:27.215038,1420.430969176,-0.19927025032323403,0.0,0.2,-0.19927025032323403,False,0.19927025032323403,0.0,INIT
2025-12-04T20:51:27.216588,1420.432514067,-0.19927025032323403,0.0,0.2,-0.19927025032323403,False,0.19927025032323403,0.0,INIT
2025-12-04T20:51:27.217901,1420.433839835,-0.19927025032323403,0.0,0.2,-0.19927025032323403,False,0.19927025032323403,0.0,INIT
2025-12-04T20:51:27.219159,1420.435089356,-0.19927025032323403,0.0,0.2,-0.19927025032323403,False,0.19927025032323403,0.0,INIT
2025-12-04T20:51:27.220542,1420.436466603,-0.19927025032323403,0.0,0.2,-0.19927025032323403,False,0.19927025032323403,0.0,INIT
2025-12-04T20:51:27.231660,1420.447595954,-0.1651378173253956,0.0,0.2,-0.1651378173253956,False,0.1651378173253956,0.0,INIT
2025-12-04T20:51:27.235269,1420.451194972,-0.1651378173253956,0.0,0.2,-0.1651378173253956,False,0.1651378173253956,0.0,INIT
2025-12-04T20:51:27.236372,1420.452299949,-0.1651378173253956,0.0,0.2,-0.1651378173253956,False,0.1651378173253956,0.0,INIT
2025-12-04T20:51:27.238466,1420.454396236,-0.1651378173253956,0.0,0.2,-0.1651378173253956,False,0.1651378173253956,0.0,INIT
2025-12-04T20:51:27.239528,1420.4554525,-0.1651378173253956,0.0,0.2,-0.1651378173253956,False,0.1651378173253956,0.0,INIT
2025-12-04T20:51:27.240948,1420.456873468,-0.1651378173253956,0.0,0.2,-0.1651378173253956,False,0.1651378173253956,0.0,INIT
2025-12-04T20:51:27.251871,1420.467802897,0.1390532038158855,0.0,-0.2,0.1390532038158855,False,0.1390532038158855,0.0,INIT
2025-12-04T20:51:27.260202,1420.476134568,0.1390532038158855,0.0,-0.2,0.1390532038158855,False,0.1390532038158855,0.0,INIT
2025-12-04T20:51:27.268336,1420.484263376,-0.001575722691622261,0.0,0.0014865089468506965,-0.001575722691622261,False,0.001575722691622261,0.0,INIT
2025-12-04T20:51:27.281315,1420.497244851,-0.001575722691622261,0.0,0.0014865089468506965,-0.001575722691622261,False,0.001575722691622261,0.0,INIT
2025-12-04T20:51:27.291738,1420.50767145,0.0043279687440548375,0.0,-0.006691113106421596,0.0043279687440548375,False,0.0043279687440548375,0.0,INIT
2025-12-04T20:51:27.406169,1420.622103047,0.0043279687440548375,0.0,-0.006691113106421596,0.0043279687440548375,False,0.0043279687440548375,0.0,INIT
2025-12-04T20:51:27.423321,1420.639249899,-0.006691113106246609,0.0,0.012046529014585096,-0.006691113106246609,False,0.006691113106246609,0.0,INIT
2025-12-04T20:51:27.427297,1420.643229082,-0.006691113106246609,0.0,0.012046529014585096,-0.006691113106246609,False,0.006691113106246609,0.0,INIT
2025-12-04T20:51:27.438623,1420.654560844,-0.006691113105627669,0.0,0.012046529013137451,-0.006691113105627669,False,0.006691113105627669,0.0,INIT
2025-12-04T20:51:27.440728,1420.656659102,-0.006691113105627669,0.0,0.012046529013137451,-0.006691113105627669,False,0.006691113105627669,0.0,INIT
2025-12-04T20:51:27.442078,1420.658019291,-0.006691113105627669,0.0,0.012046529013137451,-0.006691113105627669,False,0.006691113105627669,0.0,INIT
2025-12-04T20:51:27.442833,1420.658760889,-0.006691113105627669,0.0,0.012046529013137451,-0.006691113105627669,False,0.006691113105627669,0.0,INIT
2025-12-04T20:51:27.443433,1420.659360263,-0.006691113105627669,0.0,0.012046529013137451,-0.006691113105627669,False,0.006691113105627669,0.0,INIT
2025-12-04T20:51:27.447351,1420.663281844,-0.006691113105627669,0.0,0.012046529013137451,-0.006691113105627669,False,0.006691113105627669,0.0,INIT
2025-12-04T20:51:27.705631,1420.921566627,0.012046529017213672,0.0,-0.024781355535558745,0.012046529017213672,False,0.012046529017213672,0.0,INIT
2025-12-04T20:51:27.722715,1420.938645725,0.012046529017213672,0.0,-0.024781355535558745,0.012046529017213672,False,0.012046529017213672,0.0,INIT
2025-12-04T20:51:28.207743,1421.423674523,0.012046529017213672,0.0,-0.024781355535558745,0.012046529017213672,False,0.012046529017213672,0.0,INIT
2025-12-04T20:51:28.226786,1421.442719378,0.012046529017213672,0.0,-0.024781355535558745,0.012046529017213672,False,0.012046529017213672,0.0,INIT
2025-12-04T20:51:28.441534,1421.657471257,0.012046529012262153,0.0,-0.024781355523808373,0.012046529012262153,False,0.012046529012262153,0.0,INIT
2025-12-04T20:51:28.449789,1421.665725223,0.012046529012262153,0.0,-0.024781355523808373,0.012046529012262153,False,0.012046529012262153,0.0,INIT
2025-12-04T20:51:28.577468,1421.793404726,0.012046529012262155,0.0,-0.024781355523808377,0.012046529012262155,False,0.012046529012262155,0.0,INIT
2025-12-04T20:51:28.585487,1421.801419241,0.012046529012262155,0.0,-0.024781355523808377,0.012046529012262155,False,0.012046529012262155,0.0,INIT
2025-12-04T20:51:28.644117,1421.860048135,0.012046529012262155,0.0,-0.024781355523808377,0.012046529012262155,False,0.012046529012262155,0.0,INIT
2025-12-04T20:51:28.649939,1421.865870905,0.012046529012262155,0.0,-0.024781355523808377,0.012046529012262155,False,0.012046529012262155,0.0,INIT
2025-12-04T20:51:28.652291,1421.868219015,0.012046529012262155,0.0,-0.024781355523808377,0.012046529012262155,False,0.012046529012262155,0.0,INIT
2025-12-04T20:51:28.653780,1421.869709108,0.012046529012262155,0.0,-0.024781355523808377,0.012046529012262155,False,0.012046529012262155,0.0,INIT
2025-12-04T20:51:28.698264,1421.914194934,0.012046529012262155,0.0,-0.024781355523808377,0.012046529012262155,False,0.012046529012262155,0.0,INIT
2025-12-04T20:51:28.700634,1421.916560604,0.012046529012262155,0.0,-0.024781355523808377,0.012046529012262155,False,0.012046529012262155,0.0,INIT
2025-12-04T20:51:28.709393,1421.925348667,0.012046529012262155,0.0,-0.024781355523808377,0.012046529012262155,False,0.012046529012262155,0.0,INIT
2025-12-04T20:51:28.710729,1421.926663271,0.012046529012262155,0.0,-0.024781355523808377,0.012046529012262155,False,0.012046529012262155,0.0,INIT
2025-12-04T20:51:28.711770,1421.927699734,0.012046529012262155,0.0,-0.024781355523808377,0.012046529012262155,False,0.012046529012262155,0.0,INIT
2025-12-04T20:51:28.715705,1421.931642761,0.012046529012262155,0.0,-0.024781355523808377,0.012046529012262155,False,0.012046529012262155,0.0,INIT
2025-12-04T20:51:28.718449,1421.93437825,0.012046529012262155,0.0,-0.024781355523808377,0.012046529012262155,False,0.012046529012262155,0.0,INIT
2025-12-04T20:51:28.843603,1422.05953146,0.012046529012571625,0.0,-0.02478135552454277,0.012046529012571625,False,0.012046529012571625,0.0,INIT
2025-12-04T20:51:29.030867,1422.246799671,0.012046529012571625,0.0,-0.02478135552454277,0.012046529012571625,False,0.012046529012571625,0.0,INIT
2025-12-04T20:51:29.041789,1422.257722025,-0.024781355538591836,0.0,0.05353848723563393,-0.024781355538591836,False,0.024781355538591836,0.0,INIT
2025-12-04T20:51:29.076773,1422.292702644,-0.024781355538591836,0.0,0.05353848723563393,-0.024781355538591836,False,0.024781355538591836,0.0,INIT
2025-12-04T20:51:29.115079,1422.331023165,-0.024781355538591836,0.0,0.05353848723563393,-0.024781355538591836,False,0.024781355538591836,0.0,INIT
2025-12-04T20:51:29.168453,1422.384382721,-0.024781355538591836,0.0,0.05353848723563393,-0.024781355538591836,False,0.024781355538591836,0.0,INIT
2025-12-04T20:51:29.172961,1422.388892852,-0.024781355538591836,0.0,0.05353848723563393,-0.024781355538591836,False,0.024781355538591836,0.0,INIT
2025-12-04T20:51:29.174826,1422.390758151,-0.024781355538591836,0.0,0.05353848723563393,-0.024781355538591836,False,0.024781355538591836,0.0,INIT
2025-12-04T20:51:29.176394,1422.392327342,-0.024781355538591836,0.0,0.05353848723563393,-0.024781355538591836,False,0.024781355538591836,0.0,INIT
2025-12-04T20:51:29.251565,1422.467491115,-0.024781355525284637,0.0,0.05353848720724368,-0.024781355525284637,False,0.024781355525284637,0.0,INIT
2025-12-04T20:51:29.258490,1422.474422668,-0.024781355525284637,0.0,0.05353848720724368,-0.024781355525284637,False,0.024781355525284637,0.0,INIT
2025-12-04T20:51:29.326877,1422.542807103,-0.024781355525284637,0.0,0.05353848720724368,-0.024781355525284637,False,0.024781355525284637,0.0,INIT
2025-12-04T20:51:29.332565,1422.54849459,-0.024781355525284637,0.0,0.05353848720724368,-0.024781355525284637,False,0.024781355525284637,0.0,INIT
2025-12-04T20:51:29.333570,1422.549502349,-0.024781355525284637,0.0,0.05353848720724368,-0.024781355525284637,False,0.024781355525284637,0.0,INIT
2025-12-04T20:51:29.334958,1422.550891905,-0.024781355525284637,0.0,0.05353848720724368,-0.024781355525284637,False,0.024781355525284637,0.0,INIT
2025-12-04T20:51:29.336275,1422.552208575,-0.024781355525284637,0.0,0.05353848720724368,-0.024781355525284637,False,0.024781355525284637,0.0,INIT
2025-12-04T20:51:29.572749,1422.788675362,-0.024781355525284637,0.0,0.05353848720724368,-0.024781355525284637,False,0.024781355525284637,0.0,INIT
2025-12-04T20:51:29.891873,1423.107805824,-0.024781355525594108,0.0,0.053538487207903926,-0.024781355525594108,False,0.024781355525594108,0.0,INIT
2025-12-04T20:51:30.084923,1423.300856406,-0.024781355525594108,0.0,0.053538487207903926,-0.024781355525594108,False,0.024781355525594108,0.0,INIT
2025-12-04T20:51:30.094306,1423.310236218,-0.024781355525594108,0.0,0.053538487207903926,-0.024781355525594108,False,0.024781355525594108,0.0,INIT
2025-12-04T20:51:30.110272,1423.326200279,-0.024781355525903576,0.0,0.05353848720856416,-0.024781355525903576,False,0.024781355525903576,0.0,INIT
2025-12-04T20:51:30.112554,1423.32848143,-0.024781355525903576,0.0,0.05353848720856416,-0.024781355525903576,False,0.024781355525903576,0.0,INIT
2025-12-04T20:51:30.117844,1423.333778176,-0.024781355525903576,0.0,0.05353848720856416,-0.024781355525903576,False,0.024781355525903576,0.0,INIT
2025-12-04T20:51:30.119572,1423.33549697,-0.024781355525903576,0.0,0.05353848720856416,-0.024781355525903576,False,0.024781355525903576,0.0,INIT
2025-12-04T20:51:30.121732,1423.337670509,-0.024781355525903576,0.0,0.05353848720856416,-0.024781355525903576,False,0.024781355525903576,0.0,INIT
2025-12-04T20:51:30.123665,1423.339593239,-0.024781355525903576,0.0,0.05353848720856416,-0.024781355525903576,False,0.024781355525903576,0.0,INIT
2025-12-04T20:51:30.126312,1423.342237282,-0.024781355525903576,0.0,0.05353848720856416,-0.024781355525903576,False,0.024781355525903576,0.0,INIT
2025-12-04T20:51:30.127977,1423.343904897,-0.024781355525903576,0.0,0.05353848720856416,-0.024781355525903576,False,0.024781355525903576,0.0,INIT
2025-12-04T20:51:30.197819,1423.413746309,0.053538487240757715,0.0,-0.10856641376211763,0.053538487240757715,False,0.053538487240757715,0.0,INIT
2025-12-04T20:51:30.204752,1423.420692871,0.053538487240757715,0.0,-0.10856641376211763,0.053538487240757715,False,0.053538487240757715,0.0,INIT
2025-12-04T20:51:30.206427,1423.422355923,0.053538487240757715,0.0,-0.10856641376211763,0.053538487240757715,False,0.053538487240757715,0.0,INIT
2025-12-04T20:51:30.208224,1423.424152948,0.053538487240757715,0.0,-0.10856641376211763,0.053538487240757715,False,0.053538487240757715,0.0,INIT
2025-12-04T20:51:30.210164,1423.426094611,0.053538487240757715,0.0,-0.10856641376211763,0.053538487240757715,False,0.053538487240757715,0.0,INIT
2025-12-04T20:51:30.211406,1423.427332989,0.053538487240757715,0.0,-0.10856641376211763,0.053538487240757715,False,0.053538487240757715,0.0,INIT
2025-12-04T20:51:30.257177,1423.473108497,0.053538487211358066,0.0,-0.10856641371100277,0.053538487211358066,False,0.053538487211358066,0.0,INIT
2025-12-04T20:51:30.541787,1423.75771887,0.053538487211358066,0.0,-0.10856641371100277,0.053538487211358066,False,0.053538487211358066,0.0,INIT
2025-12-04T20:51:30.619116,1423.835050773,0.05353848721166754,0.0,-0.10856641371154083,0.05353848721166754,False,0.05353848721166754,0.0,INIT
2025-12-04T20:51:30.673218,1423.889148232,0.05353848721166754,0.0,-0.10856641371154083,0.05353848721166754,False,0.05353848721166754,0.0,INIT
2025-12-04T20:51:30.693206,1423.909134712,0.05353848721166754,0.0,-0.10856641371154083,0.05353848721166754,False,0.05353848721166754,0.0,INIT
2025-12-04T20:51:30.699874,1423.915799736,0.05353848721166754,0.0,-0.10856641371154083,0.05353848721166754,False,0.05353848721166754,0.0,INIT
2025-12-04T20:51:30.715326,1423.931256359,0.053538487211358066,0.0,-0.10856641371100277,0.053538487211358066,False,0.053538487211358066,0.0,INIT
2025-12-04T20:51:30.791677,1424.007609644,0.053538487211358066,0.0,-0.10856641371100277,0.053538487211358066,False,0.053538487211358066,0.0,INIT
2025-12-04T20:51:31.040508,1424.25644053,0.05353848721166754,0.0,-0.10856641371154083,0.05353848721166754,False,0.05353848721166754,0.0,INIT
2025-12-04T20:51:31.149801,1424.365737887,0.053538487211667526,0.0,-0.10856641371154081,0.053538487211667526,False,0.053538487211667526,0.0,INIT
2025-12-04T20:51:31.354154,1424.570095422,0.053538487211667526,0.0,-0.10856641371154081,0.053538487211667526,False,0.053538487211667526,0.0,INIT
2025-12-04T20:51:31.408917,1424.624848068,0.05353848721135808,0.0,-0.10856641371100281,0.05353848721135808,False,0.05353848721135808,0.0,INIT
2025-12-04T20:51:31.507190,1424.723119143,0.05353848721135808,0.0,-0.10856641371100281,0.05353848721135808,False,0.05353848721135808,0.0,INIT
2025-12-04T20:51:31.752746,1424.968678935,0.05353848721166754,0.0,-0.10856641371154083,0.05353848721166754,False,0.05353848721166754,0.0,INIT
2025-12-04T20:51:31.771933,1424.987866087,0.05353848721166754,0.0,-0.10856641371154083,0.05353848721166754,False,0.05353848721166754,0.0,INIT
2025-12-04T20:51:31.938728,1425.154655924,-0.10856641376871327,0.0,0.1935176816800709,-0.10856641376871327,False,0.10856641376871327,0.0,INIT
2025-12-04T20:51:32.030856,1425.246785432,-0.10856641376871327,0.0,0.1935176816800709,-0.10856641376871327,False,0.10856641376871327,0.0,INIT
2025-12-04T20:51:32.261934,1425.477867918,-0.10856641376871327,0.0,0.1935176816800709,-0.10856641376871327,False,0.10856641376871327,0.0,INIT
2025-12-04T20:51:32.523921,1425.739852316,-0.10856641376871327,0.0,0.1935176816800709,-0.10856641376871327,False,0.10856641376871327,0.0,INIT
2025-12-04T20:51:32.695266,1425.911195155,-0.1085664137687133,0.0,0.19351768168007097,-0.1085664137687133,False,0.1085664137687133,0.0,INIT
2025-12-04T20:51:32.726949,1425.942883063,-0.1085664137687133,0.0,0.19351768168007097,-0.1085664137687133,False,0.1085664137687133,0.0,INIT
2025-12-04T20:51:32.861366,1426.07729419,-0.10856641371641289,0.0,0.19351768160695113,-0.10856641371641289,False,0.10856641371641289,0.0,INIT
2025-12-04T20:51:33.028358,1426.24429132,-0.10856641371641289,0.0,0.19351768160695113,-0.10856641371641289,False,0.10856641371641289,0.0,INIT
2025-12-04T20:51:33.161327,1426.377257675,-0.10856641371672238,0.21553343035056072,0.2,-0.3240998440672831,False,0.3240998440672831,0.0,INIT
2025-12-04T20:51:33.178504,1426.394431961,-0.10856641371672238,0.21812923992882283,0.2,-0.3266956536455452,False,0.3266956536455452,0.0,INIT
2025-12-04T20:51:33.395178,1426.611107689,-0.10856641371672238,0.24441333529810372,0.2,-0.3529797490148261,False,0.3529797490148261,0.0,INIT
2025-12-04T20:51:33.708564,1426.924496378,-0.10856641371672238,0.28776021062712553,0.2,-0.3963266243438479,False,0.3963266243438479,0.0,INIT
2025-12-04T20:51:33.749895,1426.965824892,-0.10856641371641289,0.29329593233196327,0.2,-0.4018623460483762,False,0.4018623460483762,0.0,INIT
2025-12-04T20:51:33.766657,1426.982583446,-0.10856641371641289,0.2960738967140002,0.2,-0.4046403104304131,False,0.4046403104304131,0.0,INIT
2025-12-04T20:51:34.372654,1427.588580433,-0.10856641371672235,0.3767419953715354,0.2,-0.4853084090882578,False,0.4853084090882578,0.0,INIT
2025-12-04T20:51:34.416650,1427.632585181,-0.10856641371672235,0.38272868286213946,0.2,-0.49129509657886183,False,0.49129509657886183,0.0,INIT
2025-12-04T20:51:34.428464,1427.64439576,-0.10856641371641289,0.38272868286213946,0.2,-0.49129509657855236,False,0.49129509657855236,0.0,INIT
2025-12-04T20:51:34.430229,1427.646157862,-0.10856641371641289,0.38573385327233645,0.2,-0.49430026698874935,False,0.49430026698874935,0.0,INIT
2025-12-04T20:51:34.433047,1427.648978615,-0.10856641371641289,0.38573385327233645,0.2,-0.49430026698874935,False,0.49430026698874935,0.0,INIT
2025-12-04T20:51:34.468975,1427.684902175,-0.10856641371641289,0.388746960566106,0.2,-0.4973133742825189,False,0.4973133742825189,0.0,INIT
2025-12-04T20:51:34.622963,1427.838892655,-0.10856641371641289,0.41314231165897297,0.2,-0.5217087253753858,False,0.5217087253753858,0.0,INIT
2025-12-04T20:51:34.630559,1427.846488444,-0.10856641371641289,0.41314231165897297,0.2,-0.5217087253753858,False,0.5217087253753858,0.0,INIT
2025-12-04T20:51:34.637883,1427.853817135,-0.10856641371641289,0.41314231165897297,0.2,-0.5217087253753858,False,0.5217087253753858,0.0,INIT
2025-12-04T20:51:35.024035,1428.239969503,-0.10856641371641289,0.3972961816859897,0.2,-0.5058625954024025,False,0.5058625954024025,0.0,INIT
2025-12-04T20:51:35.293047,1428.508977906,0.1935176816896341,0.3583964537479267,0.2,-0.16487877205829263,False,0.16487877205829263,0.0,INIT
2025-12-04T20:51:35.311877,1428.527807825,0.1935176816896341,0.3553707741638341,0.2,-0.16185309247420002,False,0.16185309247420002,0.0,INIT
2025-12-04T20:51:35.355700,1428.571633058,0.19351768161783706,0.3493044935755427,0.2,-0.15578681195770566,False,0.15578681195770566,0.0,INIT
2025-12-04T20:51:35.358307,1428.574239869,0.19351768161783706,0.3493044935755427,0.2,-0.15578681195770566,False,0.15578681195770566,0.0,INIT
2025-12-04T20:51:35.360438,1428.576369286,0.19351768161783706,0.3462638131041125,0.2,-0.15274613148627542,False,0.15274613148627542,0.0,INIT
2025-12-04T20:51:35.362588,1428.57851498,0.19351768161783706,0.3462638131041125,0.2,-0.15274613148627542,False,0.15274613148627542,0.0,INIT
2025-12-04T20:51:35.364217,1428.580142529,0.19351768161783706,0.3432180522174848,0.2,-0.14970037059964775,False,0.14970037059964775,0.0,INIT
2025-12-04T20:51:35.365974,1428.581897994,0.19351768161783706,0.3432180522174848,0.2,-0.14970037059964775,False,0.14970037059964775,0.0,INIT
2025-12-04T20:51:35.367632,1428.583556482,0.19351768161783706,0.3401671701968345,0.2,-0.14664948857899746,False,0.14664948857899746,0.0,INIT
2025-12-04T20:51:35.369031,1428.584954028,0.19351768161783706,0.3401671701968345,0.2,-0.14664948857899746,False,0.14664948857899746,0.0,INIT
2025-12-04T20:51:35.372753,1428.588681785,0.19351768161783706,0.3401671701968345,0.2,-0.14664948857899746,False,0.14664948857899746,0.0,INIT
2025-12-04T20:51:35.420202,1428.63613831,0.20000000001093476,0.337111125920885,0.2,-0.13711112590995023,False,0.13711112590995023,0.0,INIT
2025-12-04T20:51:35.424647,1428.640575813,0.20000000001093476,0.337111125920885,0.2,-0.13711112590995023,False,0.13711112590995023,0.0,INIT
2025-12-04T20:51:35.426539,1428.642473864,0.20000000001093476,0.33404987786214946,0.2,-0.1340498778512147,False,0.1340498778512147,0.0,INIT
2025-12-04T20:51:35.457651,1428.673580404,0.20000000001093476,0.33093150137863026,0.2,-0.1309315013676955,False,0.1309315013676955,0.0,INIT
2025-12-04T20:51:35.531688,1428.747618196,0.2000000000106253,0.32452246259899376,0.2,-0.12452246258836847,False,0.12452246258836847,0.0,INIT
2025-12-04T20:51:35.582021,1428.797956058,0.2000000000106253,0.3180906935450478,0.2,-0.11809069353442253,False,0.11809069353442253,0.0,INIT
2025-12-04T20:51:35.587137,1428.803074279,0.2000000000106253,0.31486616889844843,0.2,-0.11486616888782314,False,0.11486616888782314,0.0,INIT
2025-12-04T20:51:35.737699,1428.953631536,0.2000000000106253,0.29539504782588777,0.17473250610367294,-0.09539504781526248,False,0.09539504781526248,0.0,INIT
2025-12-04T20:51:35.894567,1429.110499132,0.2000000000109347,0.2690889871257376,0.13454854017376242,-0.06908898711480288,False,0.06908898711480288,0.0,INIT
2025-12-04T20:51:35.911039,1429.126966462,0.2000000000109347,0.26577187229076493,0.129169604424016,-0.06577187227983022,False,0.06577187227983022,0.0,INIT
2025-12-04T20:51:35.980167,1429.196093975,0.2000000000109347,0.25578074654834504,0.11244096132897095,-0.05578074653741033,False,0.05578074653741033,0.0,INIT
2025-12-04T20:51:36.121888,1429.337815756,0.2000000000106253,0.2322287372096783,0.06892955852382127,-0.032228737199053004,False,0.032228737199053004,0.0,INIT
2025-12-04T20:51:36.379314,1429.595246774,0.2000000000106253,0.0,-0.2,0.2000000000106253,False,0.2000000000106253,0.0,INIT
2025-12-04T20:51:36.530039,1429.745968567,0.2000000000106253,0.0,-0.2,0.2000000000106253,False,0.2000000000106253,0.0,INIT
2025-12-04T20:51:36.621918,1429.837849098,0.2000000000106253,0.0,-0.2,0.2000000000106253,False,0.2000000000106253,0.0,INIT
2025-12-04T20:51:36.762375,1429.978302483,0.2000000000109347,0.0,-0.2,0.2000000000109347,False,0.2000000000109347,0.0,INIT
2025-12-04T20:51:36.844159,1430.060091065,0.2000000000109347,0.0,-0.2,0.2000000000109347,False,0.2000000000109347,0.0,INIT
2025-12-04T20:51:36.894768,1430.110699724,0.20000000001093476,0.0,-0.2,0.20000000001093476,False,0.20000000001093476,0.0,INIT
2025-12-04T20:51:36.909741,1430.125670153,0.20000000001093476,0.0,-0.2,0.20000000001093476,False,0.20000000001093476,0.0,INIT
2025-12-04T20:51:36.982271,1430.198199314,0.20000000001093476,0.0,-0.2,0.20000000001093476,False,0.20000000001093476,0.0,INIT
2025-12-04T20:51:37.062025,1430.277956502,0.20000000001093476,0.0,-0.2,0.20000000001093476,False,0.20000000001093476,0.0,INIT
2025-12-04T20:51:37.208652,1430.42458769,0.2000000000106253,0.0,-0.2,0.2000000000106253,False,0.2000000000106253,0.0,INIT
2025-12-04T20:51:37.244724,1430.460662072,0.2000000000106253,0.0,-0.2,0.2000000000106253,False,0.2000000000106253,0.0,INIT
2025-12-04T20:51:37.254537,1430.470467928,0.2000000000106253,0.0,-0.2,0.2000000000106253,False,0.2000000000106253,0.0,INIT
2025-12-04T20:51:37.256593,1430.472519977,0.2000000000106253,0.0,-0.2,0.2000000000106253,False,0.2000000000106253,0.0,INIT
2025-12-04T20:51:37.275241,1430.491171814,0.2000000000106253,0.0,-0.2,0.2000000000106253,False,0.2000000000106253,0.0,INIT
2025-12-04T20:51:37.343311,1430.559241174,0.20000000001093476,0.0,-0.2,0.20000000001093476,False,0.20000000001093476,0.0,INIT
2025-12-04T20:51:37.351246,1430.567179007,0.20000000001093476,0.0,-0.2,0.20000000001093476,False,0.20000000001093476,0.0,INIT
2025-12-04T20:51:37.517959,1430.73389341,0.17473250611520835,0.0,-0.2,0.17473250611520835,False,0.17473250611520835,0.0,INIT
2025-12-04T20:51:37.636262,1430.852203756,0.17473250611520835,0.0,-0.2,0.17473250611520835,False,0.17473250611520835,0.0,INIT
2025-12-04T20:51:37.708645,1430.924591108,0.1291696044301225,0.0,-0.2,0.1291696044301225,False,0.1291696044301225,0.0,INIT
2025-12-04T20:51:37.742642,1430.958574114,0.1291696044301225,0.0,-0.2,0.1291696044301225,False,0.1291696044301225,0.0,INIT
2025-12-04T20:51:37.978893,1431.194831334,0.06892955852774128,0.0,-0.13429185447738304,0.06892955852774128,False,0.06892955852774128,0.0,INIT
2025-12-04T20:51:38.019151,1431.23508178,0.06892955852774128,0.0,-0.13429185447738304,0.06892955852774128,False,0.06892955852774128,0.0,INIT
2025-12-04T20:51:38.050073,1431.26601511,-0.20000000001093476,0.0,0.2,-0.20000000001093476,False,0.20000000001093476,0.0,INIT
2025-12-04T20:51:38.055445,1431.271385429,-0.20000000001093476,0.0,0.2,-0.20000000001093476,False,0.20000000001093476,0.0,INIT
2025-12-04T20:51:38.114177,1431.330107718,-0.20000000001093476,0.0,0.2,-0.20000000001093476,False,0.20000000001093476,0.0,INIT
2025-12-04T20:51:38.318243,1431.534170778,-0.2000000000106253,0.0,0.2,-0.2000000000106253,False,0.2000000000106253,0.0,INIT
2025-12-04T20:51:38.332365,1431.548299561,-0.2000000000106253,0.0,0.2,-0.2000000000106253,False,0.2000000000106253,0.0,INIT
2025-12-04T20:51:38.413259,1431.629186479,-0.2000000000106253,0.0,0.2,-0.2000000000106253,False,0.2000000000106253,0.0,INIT
2025-12-04T20:51:38.679725,1431.895661335,-0.2000000000106253,0.0,0.2,-0.2000000000106253,False,0.2000000000106253,0.0,INIT
2025-12-04T20:51:39.253251,1432.469181288,-0.20000000001093476,0.0,0.2,-0.20000000001093476,False,0.20000000001093476,0.0,INIT
2025-12-04T20:51:39.288842,1432.504774648,-0.20000000001093476,0.0,0.2,-0.20000000001093476,False,0.20000000001093476,0.0,INIT
2025-12-04T20:51:39.316644,1432.532578449,-0.2000000000106253,0.0,0.2,-0.2000000000106253,False,0.2000000000106253,0.0,INIT
2025-12-04T20:51:39.327260,1432.543190458,-0.2000000000106253,0.0,0.2,-0.2000000000106253,False,0.2000000000106253,0.0,INIT
2025-12-04T20:51:39.328795,1432.54472334,-0.2000000000106253,0.0,0.2,-0.2000000000106253,False,0.2000000000106253,0.0,INIT
2025-12-04T20:51:39.358044,1432.57399197,-0.2000000000106253,0.0,0.2,-0.2000000000106253,False,0.2000000000106253,0.0,INIT
2025-12-04T20:51:39.362593,1432.578522534,-0.2000000000106253,0.0,0.2,-0.2000000000106253,False,0.2000000000106253,0.0,INIT
2025-12-04T20:51:39.365561,1432.581485134,-0.2000000000106253,0.0,0.2,-0.2000000000106253,False,0.2000000000106253,0.0,INIT
2025-12-04T20:51:39.367482,1432.583405593,-0.2000000000106253,0.0,0.2,-0.2000000000106253,False,0.2000000000106253,0.0,INIT
2025-12-04T20:51:39.369241,1432.585167031,-0.2000000000106253,0.0,0.2,-0.2000000000106253,False,0.2000000000106253,0.0,INIT
2025-12-04T20:51:39.371103,1432.587031526,-0.2000000000106253,0.0,0.2,-0.2000000000106253,False,0.2000000000106253,0.0,INIT
2025-12-04T20:51:39.372794,1432.588718088,-0.2000000000106253,0.0,0.2,-0.2000000000106253,False,0.2000000000106253,0.0,INIT
2025-12-04T20:51:39.387014,1432.60294475,-0.20000000001093476,0.0,0.2,-0.20000000001093476,False,0.20000000001093476,0.0,INIT
2025-12-04T20:51:39.389965,1432.605897865,-0.20000000001093476,0.0,0.2,-0.20000000001093476,False,0.20000000001093476,0.0,INIT
2025-12-04T20:51:39.391639,1432.607571236,-0.20000000001093476,0.0,0.2,-0.20000000001093476,False,0.20000000001093476,0.0,INIT
2025-12-04T20:51:39.394083,1432.610016568,-0.20000000001093476,0.0,0.2,-0.20000000001093476,False,0.20000000001093476,0.0,INIT
2025-12-04T20:51:39.522573,1432.738504239,0.20000000001093476,0.0,-0.2,0.20000000001093476,False,0.20000000001093476,0.0,INIT
2025-12-04T20:51:39.690137,1432.906069576,0.20000000001093476,0.0,-0.2,0.20000000001093476,False,0.20000000001093476,0.0,INIT
2025-12-04T20:51:39.731905,1432.947844601,0.2000000000106253,0.0,-0.2,0.2000000000106253,False,0.2000000000106253,0.0,INIT
2025-12-04T20:51:39.840925,1433.056852721,0.2000000000106253,0.0,-0.2,0.2000000000106253,False,0.2000000000106253,0.0,INIT
2025-12-04T20:51:40.045345,1433.261278405,0.20000000001093476,0.0,-0.2,0.20000000001093476,False,0.20000000001093476,0.0,INIT
2025-12-04T20:51:40.058964,1433.274894232,0.20000000001093476,0.0,-0.2,0.20000000001093476,False,0.20000000001093476,0.0,INIT
2025-12-04T20:51:40.089319,1433.305250016,0.20000000001093476,0.0,-0.2,0.20000000001093476,False,0.20000000001093476,0.0,INIT
2025-12-04T20:51:40.092384,1433.308310088,0.20000000001093476,0.0,-0.2,0.20000000001093476,False,0.20000000001093476,0.0,INIT
2025-12-04T20:51:40.121711,1433.3376403,0.20000000001093476,0.0,-0.2,0.20000000001093476,False,0.20000000001093476,0.0,INIT
2025-12-04T20:51:40.126597,1433.342528235,0.2000000000106253,0.0,-0.2,0.2000000000106253,False,0.2000000000106253,0.0,INIT
2025-12-04T20:51:40.129745,1433.345674262,0.2000000000106253,0.0,-0.2,0.2000000000106253,False,0.2000000000106253,0.0,INIT
2025-12-04T20:51:40.131142,1433.347066949,0.2000000000106253,0.0,-0.2,0.2000000000106253,False,0.2000000000106253,0.0,INIT
2025-12-04T20:51:40.132582,1433.34850804,0.2000000000106253,0.0,-0.2,0.2000000000106253,False,0.2000000000106253,0.0,INIT
2025-12-04T20:51:40.133974,1433.349900297,0.2000000000106253,0.0,-0.2,0.2000000000106253,False,0.2000000000106253,0.0,INIT
2025-12-04T20:51:40.135413,1433.351340918,0.2000000000106253,0.0,-0.2,0.2000000000106253,False,0.2000000000106253,0.0,INIT
2025-12-04T20:51:40.138770,1433.354697764,0.2000000000106253,0.0,-0.2,0.2000000000106253,False,0.2000000000106253,0.0,INIT
2025-12-04T20:51:40.140344,1433.356274532,0.2000000000106253,0.0,-0.2,0.2000000000106253,False,0.2000000000106253,0.0,INIT
2025-12-04T20:51:40.141679,1433.35761005,0.2000000000106253,0.0,-0.2,0.2000000000106253,False,0.2000000000106253,0.0,INIT
2025-12-04T20:51:40.143239,1433.359168946,0.2000000000106253,0.0,-0.2,0.2000000000106253,False,0.2000000000106253,0.0,INIT
2025-12-04T20:51:40.144651,1433.360581806,0.2000000000106253,0.0,-0.2,0.2000000000106253,False,0.2000000000106253,0.0,INIT
2025-12-04T20:51:40.235818,1433.451756819,0.2000000000106253,0.0,-0.2,0.2000000000106253,False,0.2000000000106253,0.0,INIT
2025-12-04T20:51:40.460762,1433.676694862,-0.2000000000106253,0.0,0.2,-0.2000000000106253,False,0.2000000000106253,0.0,INIT
2025-12-04T20:51:40.469970,1433.685900722,-0.2000000000106253,0.0,0.2,-0.2000000000106253,False,0.2000000000106253,0.0,INIT
2025-12-04T20:51:40.542545,1433.758476457,-0.2000000000106253,0.0,0.2,-0.2000000000106253,False,0.2000000000106253,0.0,INIT
2025-12-04T20:51:40.588286,1433.804218822,-0.2000000000106253,0.0,0.2,-0.2000000000106253,False,0.2000000000106253,0.0,INIT
2025-12-04T20:51:40.689855,1433.905784705,-0.2000000000106253,0.0,0.2,-0.2000000000106253,False,0.2000000000106253,0.0,INIT
2025-12-04T20:51:41.008330,1434.224270521,-0.2000000000106253,0.23836989145403154,0.2,-0.4383698914646568,False,0.4383698914646568,0.0,INIT
2025-12-04T20:51:41.492933,1434.708864933,-0.20000000001093476,0.37483734597610496,0.2,-0.5748373459870397,False,0.5748373459870397,0.0,INIT
2025-12-04T20:51:41.557202,1434.773133518,-0.2000000000106253,0.3958516572767925,0.2,-0.5958516572874177,False,0.5958516572874177,0.0,INIT
2025-12-04T20:51:41.624548,1434.84047839,-0.2000000000106253,0.42494676907024465,0.2,-0.6249467690808699,False,0.6249467690808699,0.0,INIT
2025-12-04T20:51:41.775306,1434.991232775,-0.2000000000106253,0.47109847226170753,0.2,-0.6710984722723328,False,0.6710984722723328,0.0,INIT
2025-12-04T20:51:41.796810,1435.012741865,-0.2000000000109347,0.47910457407854423,0.2,-0.679104574089479,False,0.679104574089479,0.0,INIT
2025-12-04T20:51:41.814830,1435.030756148,-0.2000000000109347,0.47910457407854423,0.2,-0.679104574089479,False,0.679104574089479,0.0,INIT
2025-12-04T20:51:41.838813,1435.054743801,-0.20000000001093476,0.4954019773209719,0.2,-0.6954019773319067,False,0.6954019773319067,0.0,INIT
2025-12-04T20:51:41.847967,1435.06389434,-0.20000000001093476,0.4954019773209719,0.2,-0.6954019773319067,False,0.6954019773319067,0.0,INIT
2025-12-04T20:51:41.850056,1435.065989665,-0.20000000001093476,0.5036969707573151,0.2,-0.7036969707682499,False,0.7036969707682499,0.0,INIT
2025-12-04T20:51:41.861225,1435.077158236,-0.20000000001093476,0.5036969707573151,0.2,-0.7036969707682499,False,0.7036969707682499,0.0,INIT
2025-12-04T20:51:41.864404,1435.080335636,-0.20000000001124424,0.512092003455817,0.2,-0.7120920034670613,False,0.7120920034670613,0.0,INIT
2025-12-04T20:51:41.866414,1435.082344288,-0.20000000001124424,0.512092003455817,0.2,-0.7120920034670613,False,0.7120920034670613,0.0,INIT
2025-12-04T20:51:41.868542,1435.084470242,-0.20000000001124424,0.5205889958965351,0.2,-0.7205889959077794,False,0.7205889959077794,0.0,INIT
2025-12-04T20:51:41.870583,1435.086511614,-0.20000000001124424,0.5205889958965351,0.2,-0.7205889959077794,False,0.7205889959077794,0.0,INIT
2025-12-04T20:51:41.907392,1435.123323954,-0.20000000001124424,0.5205889958965351,0.2,-0.7205889959077794,False,0.7205889959077794,0.0,INIT
2025-12-04T20:51:41.922347,1435.138274835,-0.20000000001093476,0.529189897503282,0.2,-0.7291898975142168,False,0.7291898975142168,0.0,INIT
2025-12-04T20:51:41.934844,1435.150773041,-0.20000000001093476,0.529189897503282,0.2,-0.7291898975142168,False,0.7291898975142168,0.0,INIT
2025-12-04T20:51:41.957239,1435.173168721,0.2000000000106253,0.5378966860128971,0.2,-0.3378966860022718,False,0.3378966860022718,0.0,INIT
2025-12-04T20:51:41.967620,1435.183546478,0.2000000000106253,0.5378966860128971,0.2,-0.3378966860022718,False,0.3378966860022718,0.0,INIT
2025-12-04T20:51:41.973678,1435.189604379,0.2000000000106253,0.5467113667290597,0.2,-0.34671136671843444,False,0.34671136671843444,0.0,INIT
2025-12-04T20:51:41.976065,1435.19199714,0.2000000000106253,0.5467113667290597,0.2,-0.34671136671843444,False,0.34671136671843444,0.0,INIT
2025-12-04T20:51:41.977638,1435.193563948,0.2000000000106253,0.5556359716514114,0.2,-0.35563597164078614,False,0.35563597164078614,0.0,INIT
2025-12-04T20:51:41.978942,1435.194867708,0.2000000000106253,0.5556359716514114,0.2,-0.35563597164078614,False,0.35563597164078614,0.0,INIT
2025-12-04T20:51:41.980028,1435.195950761,0.2000000000106253,0.5646725584704013,0.2,-0.36467255845977603,False,0.36467255845977603,0.0,INIT
2025-12-04T20:51:41.981435,1435.197363693,0.2000000000106253,0.5646725584704013,0.2,-0.36467255845977603,False,0.36467255845977603,0.0,INIT
2025-12-04T20:51:41.982564,1435.198487183,0.2000000000106253,0.5694439203925699,0.2,-0.36944392038194457,False,0.36944392038194457,0.0,INIT
2025-12-04T20:51:41.983889,1435.199816688,0.2000000000106253,0.5694439203925699,0.2,-0.36944392038194457,False,0.36944392038194457,0.0,INIT
2025-12-04T20:51:41.985468,1435.201402919,0.2000000000106253,0.5706429658860945,0.2,-0.37064296587546924,False,0.37064296587546924,0.0,INIT
2025-12-04T20:51:41.987194,1435.203133853,0.2000000000106253,0.5706429658860945,0.2,-0.37064296587546924,False,0.37064296587546924,0.0,INIT
2025-12-04T20:51:41.992309,1435.208239006,0.2000000000106253,0.5718945212125823,0.2,-0.37189452120195704,False,0.37189452120195704,0.0,INIT
2025-12-04T20:51:41.993831,1435.209762453,0.2000000000106253,0.5718945212125823,0.2,-0.37189452120195704,False,0.37189452120195704,0.0,INIT
2025-12-04T20:51:42.003528,1435.219455553,0.2000000000106253,0.5731998461141874,0.2,-0.3731998461035621,False,0.3731998461035621,0.0,INIT
2025-12-04T20:51:42.017042,1435.232973096,0.2000000000106253,0.5731998461141874,0.2,-0.3731998461035621,False,0.3731998461035621,0.0,INIT
2025-12-04T20:51:42.084330,1435.300260181,0.2000000000106253,0.5745602385166539,0.2,-0.37456023850602865,False,0.37456023850602865,0.0,INIT
2025-12-04T20:51:42.132714,1435.348645505,0.20000000001093476,0.5745602385166539,0.2,-0.3745602385057192,False,0.3745602385057192,0.0,INIT
2025-12-04T20:51:42.136441,1435.352366762,0.20000000001093476,0.5745602385166539,0.2,-0.3745602385057192,False,0.3745602385057192,0.0,INIT
2025-12-04T20:51:42.137216,1435.353142946,0.20000000001093476,0.575977035874931,0.2,-0.3759770358639962,False,0.3759770358639962,0.0,INIT
2025-12-04T20:51:42.138303,1435.354232948,0.20000000001093476,0.575977035874931,0.2,-0.3759770358639962,False,0.3759770358639962,0.0,INIT
2025-12-04T20:51:42.139244,1435.355173756,0.20000000001093476,0.5774516165697574,0.2,-0.37745161655882264,False,0.37745161655882264,0.0,INIT
2025-12-04T20:51:42.140272,1435.35619972,0.20000000001093476,0.5789854013568707,0.2,-0.37898540134593595,False,0.37898540134593595,0.0,INIT
2025-12-04T20:51:42.141737,1435.357661912,0.20000000001093476,0.5789854013568707,0.2,-0.37898540134593595,False,0.37898540134593595,0.0,INIT
2025-12-04T20:51:42.157760,1435.373695269,0.20000000001093476,0.5805798548707166,0.2,-0.38057985485978185,False,0.38057985485978185,0.0,INIT
2025-12-04T20:51:42.161432,1435.377361253,0.2000000000106253,0.5805798548707166,0.2,-0.3805798548600913,False,0.3805798548600913,0.0,INIT
2025-12-04T20:51:42.162820,1435.378763045,0.2000000000106253,0.5822364871844976,0.2,-0.3822364871738723,False,0.3822364871738723,0.0,INIT
2025-12-04T20:51:42.265715,1435.481642103,0.2000000000106253,0.5839568554285042,0.2,-0.3839568554178789,False,0.3839568554178789,0.0,INIT
2025-12-04T20:51:42.271796,1435.487726652,0.20000000001124424,0.5839568554285042,0.2,-0.38395685541725993,False,0.38395685541725993,0.0,INIT
2025-12-04T20:51:42.272732,1435.488661986,0.20000000001124424,0.5857425654685477,0.2,-0.3857425654573035,False,0.3857425654573035,0.0,INIT
2025-12-04T20:51:42.274384,1435.490316077,0.20000000001124424,0.5857425654685477,0.2,-0.3857425654573035,False,0.3857425654573035,0.0,INIT
2025-12-04T20:51:42.275731,1435.491664661,0.20000000001124424,0.5875952736464201,0.2,-0.3875952736351758,False,0.3875952736351758,0.0,INIT
2025-12-04T20:51:42.277263,1435.493192303,0.20000000001124424,0.5875952736464201,0.2,-0.3875952736351758,False,0.3875952736351758,0.0,INIT
2025-12-04T20:51:42.278533,1435.494463568,0.20000000001124424,0.5895166885843452,0.2,-0.389516688573101,False,0.389516688573101,0.0,INIT
2025-12-04T20:51:42.281558,1435.497490155,0.20000000001124424,0.5895166885843452,0.2,-0.389516688573101,False,0.389516688573101,0.0,INIT
2025-12-04T20:51:42.290033,1435.505964287,0.20000000001093476,0.5915085730552483,0.2,-0.3915085730443135,False,0.3915085730443135,0.0,INIT
2025-12-04T20:51:42.291732,1435.50766687,0.20000000001093476,0.5915085730552483,0.2,-0.3915085730443135,False,0.3915085730443135,0.0,INIT
2025-12-04T20:51:42.341205,1435.557143366,0.20000000001093476,0.5935727459207256,0.2,-0.39357274590979086,False,0.39357274590979086,0.0,INIT
2025-12-04T20:51:42.345982,1435.561913804,0.2000000000109347,0.5935727459207256,0.2,-0.3935727459097909,False,0.3935727459097909,0.0,INIT
2025-12-04T20:51:42.348319,1435.564250573,0.2000000000109347,0.5957110841385762,0.2,-0.3957110841276415,False,0.3957110841276415,0.0,INIT
2025-12-04T20:51:42.349158,1435.565084703,0.2000000000109347,0.5957110841385762,0.2,-0.3957110841276415,False,0.3957110841276415,0.0,INIT
2025-12-04T20:51:42.350106,1435.566035361,0.2000000000109347,0.5979255248416275,0.2,-0.3979255248306928,False,0.3979255248306928,0.0,INIT
2025-12-04T20:51:42.351013,1435.566940378,0.2000000000109347,0.5979255248416275,0.2,-0.3979255248306928,False,0.3979255248306928,0.0,INIT
2025-12-04T20:51:42.351601,1435.567526768,0.2000000000109347,0.6002180674896098,0.2,-0.4002180674786751,False,0.4002180674786751,0.0,INIT
2025-12-04T20:51:42.352220,1435.56814493,0.2000000000109347,0.6002180674896098,0.2,-0.4002180674786751,False,0.4002180674786751,0.0,INIT
2025-12-04T20:51:42.373418,1435.589349807,0.2000000000109347,0.6025907760956457,0.2,-0.402590776084711,False,0.402590776084711,0.0,INIT
2025-12-04T20:51:42.375792,1435.591720284,0.20000000001093476,0.6025907760956457,0.2,-0.40259077608471094,False,0.40259077608471094,0.0,INIT
2025-12-04T20:51:42.377986,1435.593912232,0.20000000001093476,0.6050457815288639,0.2,-0.40504578151792914,False,0.40504578151792914,0.0,INIT
2025-12-04T20:51:42.409568,1435.625498751,0.20000000001093476,0.6050457815288639,0.2,-0.40504578151792914,False,0.40504578151792914,0.0,INIT
2025-12-04T20:51:42.586884,1435.802817421,0.20000000001093476,0.6186348279672429,0.2,-0.41863482795630813,False,0.41863482795630813,0.0,INIT
2025-12-04T20:51:42.604722,1435.820651409,0.2000000000106253,0.6216324164159519,0.2,-0.4216324164053266,False,0.4216324164053266,0.0,INIT
2025-12-04T20:51:42.642567,1435.858498475,0.2000000000106253,0.6247292996708982,0.2,-0.4247292996602729,False,0.4247292996602729,0.0,INIT
2025-12-04T20:51:42.645614,1435.861543706,0.2000000000106253,0.627928235817401,0.2,-0.4279282358067757,False,0.4279282358067757,0.0,INIT
2025-12-04T20:51:42.647044,1435.862969322,0.2000000000106253,0.627928235817401,0.2,-0.4279282358067757,False,0.4279282358067757,0.0,INIT
2025-12-04T20:51:42.648324,1435.864253163,0.2000000000106253,0.6312320740874791,0.2,-0.43123207407685377,False,0.43123207407685377,0.0,INIT
2025-12-04T20:51:42.649150,1435.865071758,0.2000000000106253,0.6312320740874791,0.2,-0.43123207407685377,False,0.43123207407685377,0.0,INIT
2025-12-04T20:51:42.650222,1435.866148304,0.2000000000106253,0.6346437579526634,0.2,-0.4346437579420381,False,0.4346437579420381,0.0,INIT
2025-12-04T20:51:42.651483,1435.867410451,0.2000000000106253,0.6346437579526634,0.2,-0.4346437579420381,False,0.4346437579420381,0.0,INIT
2025-12-04T20:51:42.652379,1435.868306768,0.2000000000106253,0.6381663282897296,0.2,-0.43816632827910434,False,0.43816632827910434,0.0,INIT
2025-12-04T20:51:42.653428,1435.869356558,0.2000000000106253,0.6381663282897296,0.2,-0.43816632827910434,False,0.43816632827910434,0.0,INIT
2025-12-04T20:51:42.654586,1435.870513385,0.2000000000106253,0.6418029266155463,0.2,-0.441802926604921,False,0.441802926604921,0.0,INIT
2025-12-04T20:51:42.655522,1435.871450307,0.2000000000106253,0.6418029266155463,0.2,-0.441802926604921,False,0.441802926604921,0.0,INIT
2025-12-04T20:51:42.658181,1435.874118221,0.20000000001093476,0.6455567983863446,0.2,-0.44555679837540985,False,0.44555679837540985,0.0,INIT
2025-12-04T20:51:42.727257,1435.943197278,0.20000000001093476,0.6455567983863446,0.2,-0.44555679837540985,False,0.44555679837540985,0.0,INIT
2025-12-04T20:51:42.731674,1435.947607318,0.2000000000109347,0.6494312963555746,0.2,-0.4494312963446399,False,0.4494312963446399,0.0,INIT
2025-12-04T20:51:42.732470,1435.948395995,0.2000000000109347,0.6534298839833061,0.2,-0.45342988397237144,False,0.45342988397237144,0.0,INIT
2025-12-04T20:51:42.733115,1435.949037884,0.2000000000109347,0.6534298839833061,0.2,-0.45342988397237144,False,0.45342988397237144,0.0,INIT
2025-12-04T20:51:42.733766,1435.94968887,0.2000000000109347,0.6575561388885163,0.2,-0.45755613887758156,False,0.45755613887758156,0.0,INIT
2025-12-04T20:51:42.734655,1435.950585229,0.2000000000109347,0.6575561388885163,0.2,-0.45755613887758156,False,0.45755613887758156,0.0,INIT
2025-12-04T20:51:42.735296,1435.9512242,0.2000000000109347,0.6618137563342552,0.2,-0.4618137563233205,False,0.4618137563233205,0.0,INIT
2025-12-04T20:51:42.793780,1436.009732878,0.20000000001093482,0.6618137563342552,0.2,-0.4618137563233204,False,0.4618137563233204,0.0,INIT
2025-12-04T20:51:42.799409,1436.015345296,0.20000000001124424,0.6662065527335996,0.2,-0.4662065527223554,False,0.4662065527223554,0.0,INIT
2025-12-04T20:51:42.800689,1436.016618424,0.20000000001124424,0.6662065527335996,0.2,-0.4662065527223554,False,0.4662065527223554,0.0,INIT
2025-12-04T20:51:42.801983,1436.01790908,0.20000000001124424,0.6707384691623925,0.2,-0.4707384691511483,False,0.4707384691511483,0.0,INIT
2025-12-04T20:51:42.805912,1436.021842928,0.20000000001093476,0.6707384691623925,0.2,-0.4707384691514578,False,0.4707384691514578,0.0,INIT
2025-12-04T20:51:42.807489,1436.023417214,0.20000000001093476,0.6754135748623158,0.2,-0.475413574851381,False,0.475413574851381,0.0,INIT
2025-12-04T20:51:42.808519,1436.024443799,0.20000000001093476,0.6754135748623158,0.2,-0.475413574851381,False,0.475413574851381,0.0,INIT
2025-12-04T20:51:42.822770,1436.038707426,0.20000000001093476,0.6802360707154622,0.2,-0.48023607070452745,False,0.48023607070452745,0.0,INIT
2025-12-04T20:51:42.829731,1436.045665374,0.20000000001093476,0.6802360707154622,0.2,-0.48023607070452745,False,0.48023607070452745,0.0,INIT
2025-12-04T20:51:42.840917,1436.056845883,0.20000000001093476,0.6852102926683519,0.2,-0.4852102926574171,False,0.4852102926574171,0.0,INIT
2025-12-04T20:51:42.853746,1436.069676967,0.20000000001093476,0.6852102926683519,0.2,-0.4852102926574171,False,0.4852102926574171,0.0,INIT
2025-12-04T20:51:42.970436,1436.186383521,0.20000000001093476,0.6903407150804073,0.2,-0.4903407150694725,False,0.4903407150694725,0.0,INIT
2025-12-04T20:51:43.010486,1436.226413856,0.2000000000106253,0.7010887701119897,0.2,-0.5010887701013644,False,0.5010887701013644,0.0,INIT
2025-12-04T20:51:43.033570,1436.249512951,0.2000000000106253,0.7067160719893915,0.2,-0.5067160719787662,False,0.5067160719787662,0.0,INIT
2025-12-04T20:51:43.036932,1436.252872445,0.2000000000106253,0.7125189184906233,0.2,-0.5125189184799981,False,0.5125189184799981,0.0,INIT
2025-12-04T20:51:43.038761,1436.254696314,0.2000000000106253,0.7185025213711844,0.2,-0.5185025213605592,False,0.5185025213605592,0.0,INIT
2025-12-04T20:51:43.039964,1436.25589312,0.2000000000106253,0.7185025213711844,0.2,-0.5185025213605592,False,0.5185025213605592,0.0,INIT
2025-12-04T20:51:43.041501,1436.25742595,0.2000000000106253,0.7246722473861507,0.2,-0.5246722473755254,False,0.5246722473755254,0.0,INIT
2025-12-04T20:51:43.042583,1436.258508137,0.2000000000106253,0.7246722473861507,0.2,-0.5246722473755254,False,0.5246722473755254,0.0,INIT
2025-12-04T20:51:43.043533,1436.259455882,0.2000000000106253,0.7310336200468708,0.2,-0.5310336200362455,False,0.5310336200362455,0.0,INIT
2025-12-04T20:51:43.044588,1436.260512583,0.2000000000106253,0.7310336200468708,0.2,-0.5310336200362455,False,0.5310336200362455,0.0,INIT
2025-12-04T20:51:43.045465,1436.261393606,0.2000000000106253,0.7375923209323854,0.2,-0.5375923209217601,False,0.5375923209217601,0.0,INIT
2025-12-04T20:51:43.046430,1436.262353237,0.2000000000106253,0.7375923209323854,0.2,-0.5375923209217601,False,0.5375923209217601,0.0,INIT
2025-12-04T20:51:43.047248,1436.26317813,0.2000000000106253,0.744354190480482,0.2,-0.5443541904698568,False,0.5443541904698568,0.0,INIT
2025-12-04T20:51:43.053401,1436.269329233,0.2000000000106253,0.744354190480482,0.2,-0.5443541904698568,False,0.5443541904698568,0.0,INIT
2025-12-04T20:51:43.067099,1436.283028386,0.2000000000106253,0.751325228174688,0.2,-0.5513252281640628,False,0.5513252281640628,0.0,INIT
2025-12-04T20:51:43.077011,1436.292938749,0.2000000000106253,0.751325228174688,0.2,-0.5513252281640628,False,0.5513252281640628,0.0,INIT
2025-12-04T20:51:43.132695,1436.348633813,0.2000000000106253,0.758511592034294,0.2,-0.5585115920236687,False,0.5585115920236687,0.0,INIT
2025-12-04T20:51:43.171831,1436.387763944,0.2000000000106253,0.758511592034294,0.2,-0.5585115920236687,False,0.5585115920236687,0.0,INIT
2025-12-04T20:51:43.175287,1436.391218795,0.2000000000106253,0.7659195973045878,0.2,-0.5659195972939626,False,0.5659195972939626,0.0,INIT
2025-12-04T20:51:43.205529,1436.42146581,0.2000000000106253,0.7659195973045878,0.2,-0.5659195972939626,False,0.5659195972939626,0.0,INIT
2025-12-04T20:51:43.209954,1436.425885302,0.2000000000106253,0.7735557142339351,0.2,-0.5735557142233099,False,0.5735557142233099,0.0,INIT
2025-12-04T20:51:43.211339,1436.427266981,0.2000000000106253,0.7735557142339351,0.2,-0.5735557142233099,False,0.5735557142233099,0.0,INIT
2025-12-04T20:51:43.212334,1436.428259473,0.2000000000106253,0.781426564813104,0.2,-0.5814265648024788,False,0.5814265648024788,0.0,INIT
2025-12-04T20:51:43.215502,1436.431427854,0.2000000000106253,0.7895389183402743,0.2,-0.5895389183296491,False,0.5895389183296491,0.0,INIT
2025-12-04T20:51:43.216844,1436.432768387,0.2000000000106253,0.7895389183402743,0.2,-0.5895389183296491,False,0.5895389183296491,0.0,INIT
2025-12-04T20:51:43.217867,1436.433789292,0.2000000000106253,0.7895389183402743,0.2,-0.5895389183296491,False,0.5895389183296491,0.0,INIT
2025-12-04T20:51:43.218930,1436.434854992,0.2000000000106253,0.7978996856626615,0.2,-0.5978996856520362,False,0.5978996856520362,0.0,INIT
2025-12-04T20:51:43.219814,1436.435737349,0.2000000000106253,0.806515911932935,0.2,-0.6065159119223098,False,0.6065159119223098,0.0,INIT
2025-12-04T20:51:43.220728,1436.436655532,0.2000000000106253,0.806515911932935,0.2,-0.6065159119223098,False,0.6065159119223098,0.0,INIT
2025-12-04T20:51:43.232219,1436.448151154,0.2000000000106253,0.8153947677051088,0.2,-0.6153947676944835,False,0.6153947676944835,0.0,INIT
2025-12-04T20:51:43.240200,1436.456129797,0.2000000000106253,0.8153947677051088,0.2,-0.6153947676944835,False,0.6153947676944835,0.0,INIT
2025-12-04T20:51:43.273971,1436.489901653,0.2000000000106253,0.8245435381814072,0.2,-0.624543538170782,False,0.624543538170782,0.0,INIT
2025-12-04T20:51:43.338355,1436.554286235,0.20000000001093476,0.8245435381814072,0.2,-0.6245435381704725,False,0.6245435381704725,0.0,INIT
2025-12-04T20:51:43.343195,1436.559126499,0.20000000001093476,0.833969610408158,0.2,-0.6339696103972232,False,0.6339696103972232,0.0,INIT
2025-12-04T20:51:43.344243,1436.560178355,0.20000000001093476,0.833969610408158,0.2,-0.6339696103972232,False,0.6339696103972232,0.0,INIT
2025-12-04T20:51:43.345589,1436.561518746,0.20000000001093476,0.8436804582056876,0.2,-0.6436804581947528,False,0.6436804581947528,0.0,INIT
2025-12-04T20:51:43.347164,1436.56309241,0.20000000001093476,0.8436804582056876,0.2,-0.6436804581947528,False,0.6436804581947528,0.0,INIT
2025-12-04T20:51:43.348362,1436.564288502,0.20000000001093476,0.8536836246053845,0.2,-0.6536836245944497,False,0.6536836245944497,0.0,INIT
2025-12-04T20:51:43.349201,1436.565127679,0.20000000001093476,0.8536836246053845,0.2,-0.6536836245944497,False,0.6536836245944497,0.0,INIT
2025-12-04T20:51:43.350225,1436.56615212,0.20000000001093476,0.8639867015556417,0.2,-0.663986701544707,False,0.663986701544707,0.0,INIT
2025-12-04T20:51:43.351659,1436.567586313,0.20000000001093476,0.8639867015556417,0.2,-0.663986701544707,False,0.663986701544707,0.0,INIT
2025-12-04T20:51:43.358391,1436.574322701,0.20000000001093476,0.8745973066495916,0.2,-0.6745973066386568,False,0.6745973066386568,0.0,INIT
2025-12-04T20:51:43.506259,1436.72219002,0.20000000001093476,0.8967715373461962,0.2,-0.6967715373352614,False,0.6967715373352614,0.0,INIT
2025-12-04T20:51:43.514395,1436.730321858,0.2000000000106253,0.9083502701082073,0.2,-0.7083502700975821,False,0.7083502700975821,0.0,INIT
2025-12-04T20:51:43.515012,1436.730936215,0.2000000000106253,0.9083502701082073,0.2,-0.7083502700975821,False,0.7083502700975821,0.0,INIT
2025-12-04T20:51:43.515912,1436.731838087,0.2000000000106253,0.920266673848225,0.2,-0.7202666738375998,False,0.7202666738375998,0.0,INIT
2025-12-04T20:51:43.516530,1436.732452461,0.2000000000106253,0.920266673848225,0.2,-0.7202666738375998,False,0.7202666738375998,0.0,INIT
2025-12-04T20:51:43.517123,1436.733049679,0.2000000000106253,0.9325280231870163,0.2,-0.7325280231763911,False,0.7325280231763911,0.0,INIT
2025-12-04T20:51:43.517581,1436.73350543,0.2000000000106253,0.9325280231870163,0.2,-0.7325280231763911,False,0.7325280231763911,0.0,INIT
2025-12-04T20:51:43.518290,1436.734217149,0.2000000000106253,0.9451414019810809,0.2,-0.7451414019704556,False,0.7451414019704556,0.0,INIT
2025-12-04T20:51:43.518855,1436.734781659,0.2000000000106253,0.9451414019810809,0.2,-0.7451414019704556,False,0.7451414019704556,0.0,INIT
2025-12-04T20:51:43.525122,1436.741052496,0.2000000000106253,0.9581136522241565,0.2,-0.7581136522135312,False,0.7581136522135312,0.0,INIT
2025-12-04T20:51:43.526666,1436.742591154,0.2000000000106253,0.9581136522241565,0.2,-0.7581136522135312,False,0.7581136522135312,0.0,INIT
2025-12-04T20:51:43.527425,1436.743352537,0.2000000000106253,0.9714513181376843,0.2,-0.771451318127059,False,0.771451318127059,0.0,INIT
2025-12-04T20:51:43.549655,1436.765586759,0.2000000000106253,0.9714513181376843,0.2,-0.771451318127059,False,0.771451318127059,0.0,INIT
2025-12-04T20:51:43.560849,1436.776781459,0.2000000000106253,0.9851605853435874,0.2,-0.7851605853329622,False,0.7851605853329622,0.0,INIT
2025-12-04T20:51:43.562331,1436.778262652,0.2000000000106253,0.9851605853435874,0.2,-0.7851605853329622,False,0.7851605853329622,0.0,INIT
2025-12-04T20:51:43.588777,1436.804711897,0.2000000000106253,0.9992472150747833,0.2,-0.7992472150641581,False,0.7992472150641581,0.0,INIT
2025-12-04T20:51:43.591726,1436.807662007,0.2000000000106253,1.0137164734562782,0.2,-0.813716473445653,False,0.813716473445653,0.0,INIT
2025-12-04T20:51:43.593094,1436.809024961,0.2000000000106253,1.0137164734562782,0.2,-0.813716473445653,False,0.813716473445653,0.0,INIT
2025-12-04T20:51:43.603423,1436.819352749,0.2000000000106253,1.0285730559810426,0.2,-0.8285730559704174,False,0.8285730559704174,0.0,INIT
2025-12-04T20:51:43.633850,1436.849783469,0.2000000000106253,1.0285730559810426,0.2,-0.8285730559704174,False,0.8285730559704174,0.0,INIT
2025-12-04T20:51:43.639577,1436.85550935,0.2000000000106253,1.0438210074139045,0.2,-0.8438210074032793,False,0.8438210074032793,0.0,INIT
2025-12-04T20:51:43.641458,1436.857388004,0.2000000000106253,1.0438210074139045,0.2,-0.8438210074032793,False,0.8438210074032793,0.0,INIT
2025-12-04T20:51:43.642864,1436.858794717,0.2000000000106253,1.0594636374821684,0.2,-0.8594636374715432,False,0.8594636374715432,0.0,INIT
2025-12-04T20:51:43.651590,1436.867525832,0.2000000000106253,1.0594636374821684,0.2,-0.8594636374715432,False,0.8594636374715432,0.0,INIT
2025-12-04T20:51:43.663359,1436.879298934,0.2000000000106253,1.075503432853571,0.2,-0.8755034328429459,False,0.8755034328429459,0.0,INIT
2025-12-04T20:51:43.673529,1436.889468249,0.2000000000106253,1.075503432853571,0.2,-0.8755034328429459,False,0.8755034328429459,0.0,INIT
2025-12-04T20:51:43.766518,1436.982449201,0.2000000000106253,1.0919419660610776,0.2,-0.8919419660504524,False,0.8919419660504524,0.0,INIT
2025-12-04T20:51:43.804658,1437.020590811,0.20000000001093476,1.1087798022062767,0.2,-0.9087798021953419,False,0.9087798021953419,0.0,INIT
2025-12-04T20:51:43.814375,1437.030306924,0.20000000001093476,1.1087798022062767,0.2,-0.9087798021953419,False,0.9087798021953419,0.0,INIT
2025-12-04T20:51:43.816687,1437.032621733,0.20000000001124424,1.1260164044581158,0.2,-0.9260164044468715,False,0.9260164044468715,0.0,INIT
2025-12-04T20:51:43.817871,1437.033798917,0.20000000001124424,1.1260164044581158,0.2,-0.9260164044468715,False,0.9260164044468715,0.0,INIT
2025-12-04T20:51:43.819004,1437.034931644,0.20000000001124424,1.1436500395559666,0.2,-0.9436500395447223,False,0.9436500395447223,0.0,INIT
2025-12-04T20:51:43.819645,1437.035573816,0.20000000001124424,1.161677684721428,0.2,-0.9616776847101838,False,0.9616776847101838,0.0,INIT
2025-12-04T20:51:43.820569,1437.036497984,0.20000000001124424,1.161677684721428,0.2,-0.9616776847101838,False,0.9616776847101838,0.0,INIT
2025-12-04T20:51:43.822109,1437.038035685,0.20000000001124424,1.1800949375746876,0.2,-0.9800949375634433,False,0.9800949375634433,0.0,INIT
2025-12-04T20:51:43.823140,1437.039067518,0.20000000001124424,1.1800949375746876,0.2,-0.9800949375634433,False,0.9800949375634433,0.0,INIT
2025-12-04T20:51:43.824058,1437.039982272,0.20000000001124424,1.1988959308314175,0.2,-0.9988959308201733,False,0.9988959308201733,0.0,INIT
2025-12-04T20:51:43.891550,1437.107479081,0.20000000001124424,1.1988959308314175,0.2,-0.9988959308201733,False,0.9988959308201733,0.0,INIT
2025-12-04T20:51:43.898945,1437.114875804,0.2000000000109347,1.2180732537152394,0.2,-1.0180732537043047,False,1.0180732537043047,0.0,INIT
2025-12-04T20:51:43.900075,1437.116014975,0.2000000000109347,1.2180732537152394,0.2,-1.0180732537043047,False,1.0180732537043047,0.0,INIT
2025-12-04T20:51:43.901237,1437.117167742,0.2000000000109347,1.2376178821494381,0.2,-1.0376178821385034,False,1.0376178821385034,0.0,INIT
2025-12-04T20:51:43.902378,1437.11830376,0.2000000000109347,1.2376178821494381,0.2,-1.0376178821385034,False,1.0376178821385034,0.0,INIT
2025-12-04T20:51:43.903376,1437.119300726,0.2000000000109347,1.2575191198782099,0.2,-1.057519119867275,False,1.057519119867275,0.0,INIT
2025-12-04T20:51:43.904529,1437.120471218,0.2000000000109347,1.2575191198782099,0.2,-1.057519119867275,False,1.057519119867275,0.0,INIT
2025-12-04T20:51:43.906291,1437.122220274,0.2000000000109347,1.2777645527019645,0.2,-1.0777645526910298,False,1.0777645526910298,0.0,INIT
2025-12-04T20:51:43.907370,1437.123295796,0.2000000000109347,1.2777645527019645,0.2,-1.0777645526910298,False,1.0777645526910298,0.0,INIT
2025-12-04T20:51:44.016414,1437.232348718,0.2000000000109347,1.2983400179823912,0.2,-1.0983400179714564,False,1.0983400179714564,0.0,INIT
2025-12-04T20:51:44.050489,1437.266419817,0.2000000000106253,1.3404155933348765,0.2,-1.1404155933242512,False,1.1404155933242512,0.0,INIT
2025-12-04T20:51:44.056859,1437.27279291,0.2000000000106253,1.3404155933348765,0.2,-1.1404155933242512,False,1.1404155933242512,0.0,INIT
2025-12-04T20:51:44.057789,1437.273717746,0.2000000000106253,1.3618786149853364,0.2,-1.1618786149747111,False,1.1618786149747111,0.0,INIT
2025-12-04T20:51:44.087862,1437.303805875,0.2000000000106253,1.3618786149853364,0.2,-1.1618786149747111,False,1.1618786149747111,0.0,INIT
2025-12-04T20:51:44.090896,1437.306826132,0.2000000000106253,1.3835975679701837,0.2,-1.1835975679595585,False,1.1835975679595585,0.0,INIT
2025-12-04T20:51:44.091931,1437.307861678,0.2000000000106253,1.3835975679701837,0.2,-1.1835975679595585,False,1.1835975679595585,0.0,INIT
2025-12-04T20:51:44.093344,1437.30927232,0.2000000000106253,1.4055497557535093,0.2,-1.205549755742884,False,1.205549755742884,0.0,INIT
2025-12-04T20:51:44.094247,1437.310172488,0.2000000000106253,1.4055497557535093,0.2,-1.205549755742884,False,1.205549755742884,0.0,INIT
2025-12-04T20:51:44.094763,1437.310688005,0.2000000000106253,1.4277109687085785,0.2,-1.2277109686979533,False,1.2277109686979533,0.0,INIT
2025-12-04T20:51:44.095483,1437.311406691,0.2000000000106253,1.4500556020858042,0.2,-1.250055602075179,False,1.250055602075179,0.0,INIT
2025-12-04T20:51:44.096275,1437.312198783,0.2000000000106253,1.4500556020858042,0.2,-1.250055602075179,False,1.250055602075179,0.0,INIT
2025-12-04T20:51:44.096845,1437.312768788,0.2000000000106253,1.4500556020858042,0.2,-1.250055602075179,False,1.250055602075179,0.0,INIT
2025-12-04T20:51:44.099630,1437.315562485,0.2000000000106253,1.4725567961166117,0.2,-1.2725567961059865,False,1.2725567961059865,0.0,INIT
2025-12-04T20:51:44.101486,1437.317416327,0.2000000000106253,1.495186596796044,0.2,-1.2951865967854188,False,1.2951865967854188,0.0,INIT
2025-12-04T20:51:44.505965,1437.721909857,0.2000000000106253,1.8089697180625208,0.2,-1.6089697180518956,False,1.6089697180518956,0.0,INIT
2025-12-04T20:51:44.710877,1437.926806766,0.2000000000106253,2.00444690879032,0.2,-1.8044469087796948,False,1.8044469087796948,0.0,INIT
2025-12-04T20:51:44.774004,1437.9899364,0.2000000000106253,2.055717690723583,0.2,-1.8557176907129576,False,1.8557176907129576,0.0,INIT
2025-12-04T20:51:44.777156,1437.993083436,0.2000000000106253,2.055717690723583,0.2,-1.8557176907129576,False,1.8557176907129576,0.0,INIT
2025-12-04T20:51:44.778596,1437.994527291,0.2000000000106253,2.0720100639778156,0.2,-1.8720100639671904,False,1.8720100639671904,0.0,INIT
2025-12-04T20:51:44.780631,1437.996558597,0.2000000000106253,2.0720100639778156,0.2,-1.8720100639671904,False,1.8720100639671904,0.0,INIT
2025-12-04T20:51:44.781959,1437.997887667,0.2000000000106253,2.087904163391447,0.2,-1.8879041633808218,False,1.8879041633808218,0.0,INIT
2025-12-04T20:51:44.783417,1437.999343897,0.2000000000106253,2.087904163391447,0.2,-1.8879041633808218,False,1.8879041633808218,0.0,INIT
2025-12-04T20:51:44.784868,1438.000794146,0.2000000000106253,2.103401907032649,0.2,-1.9034019070220236,False,1.9034019070220236,0.0,INIT
2025-12-04T20:51:44.786370,1438.002297593,0.2000000000106253,2.103401907032649,0.2,-1.9034019070220236,False,1.9034019070220236,0.0,INIT
2025-12-04T20:51:44.788097,1438.004024499,0.2000000000106253,2.1185060934421145,0.2,-1.9185060934314893,False,1.9185060934314893,0.0,INIT
2025-12-04T20:51:44.846898,1438.062828521,0.2000000000106253,2.1185060934421145,0.2,-1.9185060934314893,False,1.9185060934314893,0.0,INIT
2025-12-04T20:51:44.858359,1438.074289255,0.20000000001093476,2.1185060934421145,0.2,-1.9185060934311797,False,1.9185060934311797,0.0,INIT
2025-12-04T20:51:44.862366,1438.078296861,0.20000000001093476,2.1332203115889357,0.2,-1.933220311578001,False,1.933220311578001,0.0,INIT
2025-12-04T20:51:44.864160,1438.080094402,0.20000000001093476,2.1332203115889357,0.2,-1.933220311578001,False,1.933220311578001,0.0,INIT
2025-12-04T20:51:44.868184,1438.084110296,0.20000000001093476,2.1475488541405543,0.2,-1.9475488541296195,False,1.9475488541296195,0.0,INIT
2025-12-04T20:51:44.869378,1438.08530441,0.20000000001093476,2.1475488541405543,0.2,-1.9475488541296195,False,1.9475488541296195,0.0,INIT
2025-12-04T20:51:44.871074,1438.087014665,0.20000000001093476,2.161496634646201,0.2,-1.9614966346352662,False,1.9614966346352662,0.0,INIT
2025-12-04T20:51:44.872449,1438.088375053,0.20000000001093476,2.175069109080747,0.2,-1.975069109069812,False,1.975069109069812,0.0,INIT
2025-12-04T20:51:44.876447,1438.092377315,0.20000000001093476,2.175069109080747,0.2,-1.975069109069812,False,1.975069109069812,0.0,INIT
2025-12-04T20:51:44.894163,1438.110090788,0.20000000001093476,2.1882722020595233,0.2,-1.9882722020485886,False,1.9882722020485886,0.0,INIT
2025-12-04T20:51:44.896764,1438.112696094,0.20000000001093476,2.1882722020595233,0.2,-1.9882722020485886,False,1.9882722020485886,0.0,INIT
2025-12-04T20:51:44.898968,1438.114904707,0.20000000001093476,2.2011122379155665,0.2,-2.001112237904632,False,2.001112237904632,0.0,INIT
2025-12-04T20:51:44.900281,1438.116207986,0.20000000001093476,2.2011122379155665,0.2,-2.001112237904632,False,2.001112237904632,0.0,INIT
2025-12-04T20:51:44.924481,1438.140409516,0.20000000001093476,2.2135958767282506,0.2,-2.013595876717316,False,2.013595876717316,0.0,INIT
2025-12-04T20:51:44.927237,1438.143166694,0.20000000001093476,2.2135958767282506,0.2,-2.013595876717316,False,2.013595876717316,0.0,INIT
2025-12-04T20:51:44.931146,1438.147085358,0.20000000001093476,2.2257300553058306,0.2,-2.025730055294896,False,2.025730055294896,0.0,INIT
2025-12-04T20:51:44.940949,1438.156880367,0.20000000001093476,2.2257300553058306,0.2,-2.025730055294896,False,2.025730055294896,0.0,INIT
2025-12-04T20:51:44.951623,1438.167550198,0.20000000001093476,2.237521933053303,0.2,-2.0375219330423686,False,2.0375219330423686,0.0,INIT
2025-12-04T20:51:44.962838,1438.178769621,0.2000000000109347,2.237521933053303,0.2,-2.0375219330423686,False,2.0375219330423686,0.0,INIT
2025-12-04T20:51:45.037050,1438.252983961,0.2000000000109347,2.248978842599244,0.2,-2.0489788425883093,False,2.0489788425883093,0.0,INIT
2025-12-04T20:51:45.057646,1438.273578338,0.20000000001093476,2.248978842599244,0.2,-2.0489788425883093,False,2.0489788425883093,0.0,INIT
2025-12-04T20:51:45.059724,1438.27564965,0.20000000001093476,2.2601082450107155,0.2,-2.060108244999781,False,2.060108244999781,0.0,INIT
2025-12-04T20:51:45.106021,1438.321959689,0.20000000001093476,2.2601082450107155,0.2,-2.060108244999781,False,2.060108244999781,0.0,INIT
2025-12-04T20:51:45.110370,1438.326297007,0.2000000000106253,2.270917689391152,0.2,-2.0709176893805266,False,2.0709176893805266,0.0,INIT
2025-12-04T20:51:45.111896,1438.327822144,0.2000000000106253,2.270917689391152,0.2,-2.0709176893805266,False,2.0709176893805266,0.0,INIT
2025-12-04T20:51:45.112942,1438.328866113,0.2000000000106253,2.281414776631985,0.2,-2.0814147766213598,False,2.0814147766213598,0.0,INIT
2025-12-04T20:51:45.117073,1438.333016354,0.2000000000106253,2.291607127072327,0.2,-2.0916071270617014,False,2.0916071270617014,0.0,INIT
2025-12-04T20:51:45.118549,1438.334482452,0.2000000000106253,2.291607127072327,0.2,-2.0916071270617014,False,2.0916071270617014,0.0,INIT
2025-12-04T20:51:45.119322,1438.3352477,0.2000000000106253,2.3015023518124798,0.2,-2.1015023518018543,False,2.1015023518018543,0.0,INIT
2025-12-04T20:51:45.120400,1438.336328673,0.2000000000106253,2.3015023518124798,0.2,-2.1015023518018543,False,2.1015023518018543,0.0,INIT
2025-12-04T20:51:45.121818,1438.337743676,0.2000000000106253,2.3015023518124798,0.2,-2.1015023518018543,False,2.1015023518018543,0.0,INIT
2025-12-04T20:51:45.122721,1438.338645521,0.2000000000106253,2.3015023518124798,0.2,-2.1015023518018543,False,2.1015023518018543,0.0,INIT
2025-12-04T20:51:45.123282,1438.339206949,0.2000000000106253,2.3111080274228586,0.2,-2.111108027412233,False,2.111108027412233,0.0,INIT
2025-12-04T20:51:45.132545,1438.348476457,0.2000000000106253,2.3111080274228586,0.2,-2.111108027412233,False,2.111108027412233,0.0,INIT
2025-12-04T20:51:45.166561,1438.38249772,0.2000000000106253,2.320431673791701,0.2,-2.1204316737810753,False,2.1204316737810753,0.0,INIT
2025-12-04T20:51:45.168792,1438.384720934,0.2000000000106253,2.3294807348595636,0.2,-2.129480734848938,False,2.129480734848938,0.0,INIT
2025-12-04T20:51:45.173358,1438.389290593,0.2000000000106253,2.3294807348595636,0.2,-2.129480734848938,False,2.129480734848938,0.0,INIT
2025-12-04T20:51:45.174701,1438.390628192,0.2000000000106253,2.338262561996425,0.2,-2.1382625619857993,False,2.1382625619857993,0.0,INIT
2025-12-04T20:51:45.338591,1438.554521529,0.2000000000106253,2.3550533740036403,0.2,-2.155053373993015,False,2.155053373993015,0.0,INIT
2025-12-04T20:51:45.348526,1438.564465212,0.2000000000106253,2.3630764815498475,0.2,-2.163076481539222,False,2.163076481539222,0.0,INIT
2025-12-04T20:51:45.449152,1438.665083409,0.20000000001124424,2.3928452527019495,0.2,-2.1928452526907054,False,2.1928452526907054,0.0,INIT
2025-12-04T20:51:45.456056,1438.671996571,0.20000000001124424,2.399738975535291,0.2,-2.199738975524047,False,2.199738975524047,0.0,INIT
2025-12-04T20:51:45.457116,1438.673045584,0.20000000001124424,2.399738975535291,0.2,-2.199738975524047,False,2.199738975524047,0.0,INIT
2025-12-04T20:51:45.457949,1438.673874307,0.20000000001124424,2.406425745995924,0.2,-2.20642574598468,False,2.20642574598468,0.0,INIT
2025-12-04T20:51:45.464688,1438.680626041,0.20000000001124424,2.406425745995924,0.2,-2.20642574598468,False,2.20642574598468,0.0,INIT
2025-12-04T20:51:45.467250,1438.683178617,0.20000000001093476,2.412911505336572,0.2,-2.2129115053256374,False,2.2129115053256374,0.0,INIT
2025-12-04T20:51:45.468016,1438.683942237,0.20000000001093476,2.412911505336572,0.2,-2.2129115053256374,False,2.2129115053256374,0.0,INIT
2025-12-04T20:51:45.471335,1438.687271881,0.20000000001093476,2.419202035756931,0.2,-2.2192020357459965,False,2.2192020357459965,0.0,INIT
2025-12-04T20:51:45.473074,1438.689035777,0.20000000001093476,2.419202035756931,0.2,-2.2192020357459965,False,2.2192020357459965,0.0,INIT
2025-12-04T20:51:45.474846,1438.690777797,0.20000000001093476,2.419202035756931,0.2,-2.2192020357459965,False,2.2192020357459965,0.0,INIT
2025-12-04T20:51:45.475956,1438.691883111,0.20000000001093476,2.4253029608221945,0.2,-2.22530296081126,False,2.22530296081126,0.0,INIT
2025-12-04T20:51:45.477925,1438.693851717,0.20000000001093476,2.4253029608221945,0.2,-2.22530296081126,False,2.22530296081126,0.0,INIT
2025-12-04T20:51:45.536032,1438.751966759,0.20000000001093476,2.4312197464539063,0.2,-2.2312197464429717,False,2.2312197464429717,0.0,INIT
2025-12-04T20:51:45.552170,1438.768099506,0.2000000000109347,2.4312197464539063,0.2,-2.2312197464429717,False,2.2312197464429717,0.0,INIT
2025-12-04T20:51:45.553905,1438.769838026,0.2000000000109347,2.436957702412827,0.2,-2.2369577024018925,False,2.2369577024018925,0.0,INIT
2025-12-04T20:51:45.555335,1438.771265254,0.2000000000109347,2.436957702412827,0.2,-2.2369577024018925,False,2.2369577024018925,0.0,INIT
2025-12-04T20:51:45.556699,1438.772624201,0.2000000000109347,2.4425219842012975,0.2,-2.242521984190363,False,2.242521984190363,0.0,INIT
2025-12-04T20:51:45.557661,1438.77358966,0.2000000000109347,2.4425219842012975,0.2,-2.242521984190363,False,2.242521984190363,0.0,INIT
2025-12-04T20:51:45.558506,1438.774429936,0.2000000000109347,2.447917595320736,0.2,-2.2479175953098016,False,2.2479175953098016,0.0,INIT
2025-12-04T20:51:45.689687,1438.905621591,0.2000000000106253,2.4531493898263648,0.2,-2.2531493898157393,False,2.2531493898157393,0.0,INIT
2025-12-04T20:51:45.709420,1438.925348219,0.2000000000106253,2.458222075127983,0.2,-2.2582220751173576,False,2.2582220751173576,0.0,INIT
2025-12-04T20:51:45.731153,1438.947082518,0.2000000000106253,2.4631402149910935,0.2,-2.263140214980468,False,2.263140214980468,0.0,INIT
2025-12-04T20:51:45.755802,1438.971734595,0.2000000000106253,2.4679082326982558,0.2,-2.2679082326876303,False,2.2679082326876303,0.0,INIT
2025-12-04T20:51:45.765988,1438.981919016,0.2000000000106253,2.4725304143349787,0.2,-2.272530414324353,False,2.272530414324353,0.0,INIT
2025-12-04T20:51:45.769189,1438.985118131,0.2000000000106253,2.4725304143349787,0.2,-2.272530414324353,False,2.272530414324353,0.0,INIT
2025-12-04T20:51:45.771128,1438.987066134,0.2000000000106253,2.4770109121690496,0.2,-2.277010912158424,False,2.277010912158424,0.0,INIT
2025-12-04T20:51:45.776280,1438.992206058,0.2000000000106253,2.4770109121690496,0.2,-2.277010912158424,False,2.277010912158424,0.0,INIT
2025-12-04T20:51:45.777801,1438.993728066,0.2000000000106253,2.481353748095785,0.2,-2.2813537480851593,False,2.2813537480851593,0.0,INIT
2025-12-04T20:51:45.779127,1438.995054346,0.2000000000106253,2.481353748095785,0.2,-2.2813537480851593,False,2.2813537480851593,0.0,INIT
2025-12-04T20:51:45.911180,1439.127108305,0.2000000000106253,2.4974245433478863,0.2,-2.297424543337261,False,2.297424543337261,0.0,INIT
2025-12-04T20:51:46.275561,1439.491494269,0.2000000000106253,2.5466734715420163,0.2,-2.346673471531391,False,2.346673471531391,0.0,INIT
2025-12-04T20:51:46.340609,1439.556544075,0.2000000000106253,2.5527877738168065,0.2,-2.352787773806181,False,2.352787773806181,0.0,INIT
2025-12-04T20:51:46.344331,1439.560259355,0.2000000000106253,2.554683822992841,0.2,-2.3546838229822153,False,2.3546838229822153,0.0,INIT
2025-12-04T20:51:46.346262,1439.562189898,0.2000000000106253,2.554683822992841,0.2,-2.3546838229822153,False,2.3546838229822153,0.0,INIT
2025-12-04T20:51:46.347874,1439.563801119,0.2000000000106253,2.556511797381746,0.2,-2.3565117973711205,False,2.3565117973711205,0.0,INIT
2025-12-04T20:51:46.355603,1439.571538816,0.2000000000106253,2.556511797381746,0.2,-2.3565117973711205,False,2.3565117973711205,0.0,INIT
2025-12-04T20:51:46.526858,1439.742785509,0.20000000001093476,2.5675371379941616,0.2,-2.367537137983227,False,2.367537137983227,0.0,INIT
2025-12-04T20:51:46.625147,1439.841077442,0.20000000001093476,2.573704265684011,0.2,-2.3737042656730765,False,2.3737042656730765,0.0,INIT
2025-12-04T20:51:46.676365,1439.892293474,0.20000000001093476,2.57581493204105,0.2,-2.3758149320301154,False,2.3758149320301154,0.0,INIT
2025-12-04T20:51:46.707953,1439.923899186,0.20000000001093476,2.577735864444886,0.2,-2.3777358644339515,False,2.3777358644339515,0.0,INIT
2025-12-04T20:51:46.839332,1440.055268598,0.2000000000106253,2.5824427738949858,0.2,-2.3824427738843603,False,2.3824427738843603,0.0,INIT
2025-12-04T20:51:46.947864,1440.163797734,0.2000000000106253,2.585720681338973,0.2,-2.3857206813283476,False,2.3857206813283476,0.0,INIT
2025-12-04T20:51:47.009374,1440.225308742,0.2000000000106253,2.58652652825989,0.2,-2.3865265282492647,False,2.3865265282492647,0.0,INIT
2025-12-04T20:51:47.226791,1440.442718659,0.2000000000106253,2.5887107352930823,0.2,-2.388710735282457,False,2.388710735282457,0.0,INIT
2025-12-04T20:51:47.392747,1440.608678659,0.2000000000112442,2.5882204667636053,0.2,-2.388220466752361,False,2.388220466752361,0.0,INIT
2025-12-04T20:51:47.511194,1440.727124513,0.2000000000112442,2.586876304111989,0.2,-2.386876304100745,False,2.386876304100745,0.0,INIT
2025-12-04T20:51:47.754645,1440.970587987,0.2000000000106253,2.582044763505052,0.2,-2.3820447634944264,False,2.3820447634944264,0.0,INIT
2025-12-04T20:51:47.875338,1441.091275194,0.2000000000106253,2.5792949679179715,0.2,-2.379294967907346,False,2.379294967907346,0.0,INIT
2025-12-04T20:51:47.985286,1441.201218887,0.2000000000106253,2.575493566551243,0.2,-2.3754935665406176,False,2.3754935665406176,0.0,INIT
2025-12-04T20:51:48.139346,1441.355290744,0.2000000000106253,2.5704313283579525,0.2,-2.370431328347327,False,2.370431328347327,0.0,INIT
2025-12-04T20:51:48.366758,1441.582694369,0.20000000001155369,2.5621606574887084,0.2,-2.3621606574771548,False,2.3621606574771548,0.0,INIT
2025-12-04T20:51:48.391673,1441.607607152,0.20000000001155369,2.5603734971886265,0.2,-2.360373497177073,False,2.360373497177073,0.0,INIT
2025-12-04T20:51:48.402961,1441.618888842,0.2000000000106253,2.5603734971886265,0.2,-2.360373497178001,False,2.360373497178001,0.0,INIT
2025-12-04T20:51:48.407661,1441.623591263,0.2000000000106253,2.5603734971886265,0.2,-2.360373497178001,False,2.360373497178001,0.0,INIT
2025-12-04T20:51:48.459074,1441.675023114,0.20000000001124424,2.5585450104367213,0.2,-2.3585450104254773,False,2.3585450104254773,0.0,INIT
2025-12-04T20:51:48.470529,1441.686461254,0.20000000001124424,2.5576156447440273,0.2,-2.357615644732783,False,2.357615644732783,0.0,INIT
2025-12-04T20:51:48.474301,1441.690230924,0.2000000000106253,2.5576156447440273,0.2,-2.357615644733402,False,2.357615644733402,0.0,INIT
2025-12-04T20:51:48.476682,1441.692610378,0.2000000000106253,2.556676391881017,0.2,-2.3566763918703915,False,2.3566763918703915,0.0,INIT
2025-12-04T20:51:48.478880,1441.694808416,0.2000000000106253,2.556676391881017,0.2,-2.3566763918703915,False,2.3566763918703915,0.0,INIT
2025-12-04T20:51:48.481189,1441.697116439,0.2000000000106253,2.5557273941933234,0.2,-2.355727394182698,False,2.355727394182698,0.0,INIT
2025-12-04T20:51:48.499271,1441.715204458,0.2000000000106253,2.5547687913547463,0.2,-2.354768791344121,False,2.354768791344121,0.0,INIT
2025-12-04T20:51:48.606655,1441.82258342,0.2000000000106253,2.55084103185286,0.2,-2.3508410318422346,False,2.3508410318422346,0.0,INIT
2025-12-04T20:51:48.672773,1441.88872282,0.2000000000106253,2.547800826444333,0.2,-2.3478008264337076,False,2.3478008264337076,0.0,INIT
2025-12-04T20:51:48.688504,1441.904430638,0.2000000000106253,2.5467701095901596,0.2,-2.346770109579534,False,2.346770109579534,0.0,INIT
2025-12-04T20:51:48.694233,1441.910167831,0.2000000000106253,2.5467701095901596,0.2,-2.346770109579534,False,2.346770109579534,0.0,INIT
2025-12-04T20:51:48.695527,1441.911451049,0.2000000000106253,2.5457309340401837,0.2,-2.3457309340295582,False,2.3457309340295582,0.0,INIT
2025-12-04T20:51:48.696470,1441.912393075,0.2000000000106253,2.5457309340401837,0.2,-2.3457309340295582,False,2.3457309340295582,0.0,INIT
2025-12-04T20:51:48.697397,1441.913319816,0.2000000000106253,2.5457309340401837,0.2,-2.3457309340295582,False,2.3457309340295582,0.0,INIT
2025-12-04T20:51:48.698951,1441.914877556,0.2000000000106253,2.5446834158744815,0.2,-2.344683415863856,False,2.344683415863856,0.0,INIT
2025-12-04T20:51:48.700195,1441.916118584,0.2000000000106253,2.5446834158744815,0.2,-2.344683415863856,False,2.344683415863856,0.0,INIT
2025-12-04T20:51:48.701586,1441.917512147,0.2000000000106253,2.5436276690942776,0.2,-2.343627669083652,False,2.343627669083652,0.0,INIT
2025-12-04T20:51:48.703039,1441.918971227,0.2000000000106253,2.5436276690942776,0.2,-2.343627669083652,False,2.343627669083652,0.0,INIT
2025-12-04T20:51:48.704520,1441.92045354,0.2000000000106253,2.542563805667716,0.2,-2.3425638056570905,False,2.3425638056570905,0.0,INIT
2025-12-04T20:51:48.706653,1441.92258081,0.2000000000106253,2.542563805667716,0.2,-2.3425638056570905,False,2.3425638056570905,0.0,INIT
2025-12-04T20:51:48.708196,1441.924124994,0.2000000000106253,2.5414919355743866,0.2,-2.341491935563761,False,2.341491935563761,0.0,INIT
2025-12-04T20:51:48.736988,1441.952928861,0.2000000000106253,2.540412166848787,0.2,-2.3404121668381617,False,2.3404121668381617,0.0,INIT
2025-12-04T20:51:48.739555,1441.955488098,0.2000000000106253,2.540412166848787,0.2,-2.3404121668381617,False,2.3404121668381617,0.0,INIT
2025-12-04T20:51:48.741446,1441.957374561,0.2000000000106253,2.540412166848787,0.2,-2.3404121668381617,False,2.3404121668381617,0.0,INIT
2025-12-04T20:51:48.755062,1441.970989769,0.2000000000106253,2.540412166848787,0.2,-2.3404121668381617,False,2.3404121668381617,0.0,INIT
2025-12-04T20:51:48.758770,1441.974703034,0.2000000000106253,2.539324605622588,0.2,-2.3393246056119628,False,2.3393246056119628,0.0,INIT
2025-12-04T20:51:49.138944,1442.354878582,0.2000000000112442,2.5257022624155274,0.2,-2.3257022624042833,False,2.3257022624042833,0.0,INIT
2025-12-04T20:51:49.173331,1442.389266589,0.2000000000112442,2.5233357755138304,0.2,-2.3233357755025863,False,2.3233357755025863,0.0,INIT
2025-12-04T20:51:49.177853,1442.393782986,0.20000000001124424,2.5233357755138304,0.2,-2.3233357755025863,False,2.3233357755025863,0.0,INIT
2025-12-04T20:51:49.179352,1442.395282079,0.20000000001124424,2.5233357755138304,0.2,-2.3233357755025863,False,2.3233357755025863,0.0,INIT
2025-12-04T20:51:49.181174,1442.397098521,0.20000000001124424,2.522142886324576,0.2,-2.322142886313332,False,2.322142886313332,0.0,INIT
2025-12-04T20:51:49.181746,1442.397666418,0.20000000001124424,2.522142886324576,0.2,-2.322142886313332,False,2.322142886313332,0.0,INIT
2025-12-04T20:51:49.182416,1442.398343816,0.20000000001124424,2.5209436746202423,0.2,-2.320943674608998,False,2.320943674608998,0.0,INIT
2025-12-04T20:51:49.182905,1442.398830089,0.20000000001124424,2.5209436746202423,0.2,-2.320943674608998,False,2.320943674608998,0.0,INIT
2025-12-04T20:51:49.183356,1442.399278367,0.20000000001124424,2.5197382197187252,0.2,-2.319738219707481,False,2.319738219707481,0.0,INIT
2025-12-04T20:51:49.184007,1442.399931317,0.20000000001124424,2.518526599638389,0.2,-2.318526599627145,False,2.318526599627145,0.0,INIT
2025-12-04T20:51:49.184564,1442.400485809,0.20000000001124424,2.518526599638389,0.2,-2.318526599627145,False,2.318526599627145,0.0,INIT
2025-12-04T20:51:49.185246,1442.401172342,0.20000000001124424,2.51730889112428,0.2,-2.317308891113036,False,2.317308891113036,0.0,INIT
2025-12-04T20:51:49.189113,1442.40504283,0.20000000001124424,2.51730889112428,0.2,-2.317308891113036,False,2.317308891113036,0.0,INIT
2025-12-04T20:51:49.201956,1442.417885083,0.2000000000106253,2.51730889112428,0.2,-2.3173088911136546,False,2.3173088911136546,0.0,INIT
2025-12-04T20:51:49.210958,1442.426890185,0.2000000000106253,2.5160851696738114,0.2,-2.316085169663186,False,2.316085169663186,0.0,INIT
2025-12-04T20:51:49.221490,1442.437419524,0.20000000001062532,2.5160851696738114,0.2,-2.316085169663186,False,2.316085169663186,0.0,INIT
2025-12-04T20:51:49.248759,1442.464690669,0.2000000000106253,2.5148555095617375,0.2,-2.314855509551112,False,2.314855509551112,0.0,INIT
2025-12-04T20:51:49.250744,1442.466672896,0.2000000000106253,2.5148555095617375,0.2,-2.314855509551112,False,2.314855509551112,0.0,INIT
2025-12-04T20:51:49.266593,1442.482527206,0.2000000000106253,2.513619983864621,0.2,-2.3136199838539957,False,2.3136199838539957,0.0,INIT
2025-12-04T20:51:49.268359,1442.484289502,0.2000000000106253,2.512378664484694,0.2,-2.3123786644740685,False,2.3123786644740685,0.0,INIT
2025-12-04T20:51:49.286426,1442.502361857,0.2000000000106253,2.512378664484694,0.2,-2.3123786644740685,False,2.3123786644740685,0.0,INIT
2025-12-04T20:51:49.316552,1442.532484259,0.2000000000106253,2.51113162217311,0.2,-2.3111316221624847,False,2.3111316221624847,0.0,INIT
2025-12-04T20:51:49.438238,1442.654170915,0.2000000000106253,2.5086206461403755,0.2,-2.30862064612975,False,2.30862064612975,0.0,INIT
2025-12-04T20:51:49.447181,1442.663111538,0.2000000000106253,2.5086206461403755,0.2,-2.30862064612975,False,2.30862064612975,0.0,INIT
2025-12-04T20:51:49.449833,1442.6657582,0.2000000000106253,2.507356848368394,0.2,-2.3073568483577684,False,2.3073568483577684,0.0,INIT
2025-12-04T20:51:49.450998,1442.666924272,0.2000000000106253,2.507356848368394,0.2,-2.3073568483577684,False,2.3073568483577684,0.0,INIT
2025-12-04T20:51:49.452074,1442.667996169,0.2000000000106253,2.5060875996060066,0.2,-2.306087599595381,False,2.306087599595381,0.0,INIT
2025-12-04T20:51:49.453436,1442.669373914,0.2000000000106253,2.5060875996060066,0.2,-2.306087599595381,False,2.306087599595381,0.0,INIT
2025-12-04T20:51:49.454592,1442.670522428,0.2000000000106253,2.504812965179937,0.2,-2.3048129651693117,False,2.3048129651693117,0.0,INIT
2025-12-04T20:51:49.455410,1442.67133712,0.2000000000106253,2.504812965179937,0.2,-2.3048129651693117,False,2.3048129651693117,0.0,INIT
2025-12-04T20:51:49.456125,1442.672052578,0.2000000000106253,2.5035330093946415,0.2,-2.303533009384016,False,2.303533009384016,0.0,INIT
2025-12-04T20:51:49.456883,1442.672812003,0.2000000000106253,2.5035330093946415,0.2,-2.303533009384016,False,2.303533009384016,0.0,INIT
2025-12-04T20:51:49.458033,1442.673960651,0.2000000000106253,2.502247795552103,0.2,-2.3022477955414775,False,2.3022477955414775,0.0,INIT
2025-12-04T20:51:49.459244,1442.675168036,0.2000000000106253,2.5009573859711063,0.2,-2.300957385960481,False,2.300957385960481,0.0,INIT
2025-12-04T20:51:49.470650,1442.686587579,0.20000000001093476,2.5009573859711063,0.2,-2.3009573859601717,False,2.3009573859601717,0.0,INIT
2025-12-04T20:51:49.481506,1442.697432805,0.20000000001093476,2.499661842006157,0.2,-2.2996618419952224,False,2.2996618419952224,0.0,INIT
2025-12-04T20:51:49.497751,1442.713686616,0.2000000000112442,2.499661842006157,0.2,-2.299661841994913,False,2.299661841994913,0.0,INIT
2025-12-04T20:51:49.517560,1442.733489867,0.2000000000112442,2.498361224065878,0.2,-2.298361224054634,False,2.298361224054634,0.0,INIT
2025-12-04T20:51:49.519182,1442.735109693,0.2000000000106253,2.498361224065878,0.2,-2.2983612240552524,False,2.2983612240552524,0.0,INIT
2025-12-04T20:51:49.524025,1442.739955515,0.2000000000106253,2.4970555916310824,0.2,-2.297055591620457,False,2.297055591620457,0.0,INIT
2025-12-04T20:51:49.535683,1442.751618783,0.2000000000112442,2.4970555916310824,0.2,-2.2970555916198383,False,2.2970555916198383,0.0,INIT
2025-12-04T20:51:49.545624,1442.761552884,0.2000000000112442,2.495745003272342,0.2,-2.2957450032610978,False,2.2957450032610978,0.0,INIT
2025-12-04T20:51:49.569715,1442.78565282,0.2000000000106253,2.495745003272342,0.2,-2.2957450032617164,False,2.2957450032617164,0.0,INIT
2025-12-04T20:51:49.571837,1442.787787457,0.2000000000106253,2.4944295166672674,0.2,-2.294429516656642,False,2.294429516656642,0.0,INIT
2025-12-04T20:51:49.578295,1442.794225567,0.20000000001124424,2.4944295166672674,0.2,-2.2944295166560233,False,2.2944295166560233,0.0,INIT
2025-12-04T20:51:49.589241,1442.805177141,0.20000000001124424,2.493109188617293,0.2,-2.293109188606049,False,2.293109188606049,0.0,INIT
2025-12-04T20:51:49.599764,1442.815697321,0.20000000001093476,2.493109188617293,0.2,-2.2931091886063584,False,2.2931091886063584,0.0,INIT
2025-12-04T20:51:49.610850,1442.826783495,0.20000000001093476,2.4917840750641806,0.2,-2.291784075053246,False,2.291784075053246,0.0,INIT
2025-12-04T20:51:49.638565,1442.854499778,0.20000000001124424,2.4917840750641806,0.2,-2.2917840750529366,False,2.2917840750529366,0.0,INIT
2025-12-04T20:51:49.640830,1442.856766736,0.20000000001124424,2.490454231106093,0.2,-2.290454231094849,False,2.290454231094849,0.0,INIT
2025-12-04T20:51:49.675515,1442.89145026,0.2000000000112442,2.490454231106093,0.2,-2.290454231094849,False,2.290454231094849,0.0,INIT
2025-12-04T20:51:49.705097,1442.921033499,0.2000000000112442,2.489119711013351,0.2,-2.289119711002107,False,2.289119711002107,0.0,INIT
2025-12-04T20:51:49.708571,1442.924500735,0.2000000000112442,2.489119711013351,0.2,-2.289119711002107,False,2.289119711002107,0.0,INIT
2025-12-04T20:51:49.710083,1442.926037661,0.2000000000112442,2.487780568243797,0.2,-2.2877805682325527,False,2.2877805682325527,0.0,INIT
2025-12-04T20:51:49.711782,1442.927714821,0.2000000000112442,2.487780568243797,0.2,-2.2877805682325527,False,2.2877805682325527,0.0,INIT
2025-12-04T20:51:49.712929,1442.928858425,0.2000000000112442,2.4864368554578826,0.2,-2.2864368554466385,False,2.2864368554466385,0.0,INIT
2025-12-04T20:51:49.714280,1442.930210266,0.2000000000112442,2.4864368554578826,0.2,-2.2864368554466385,False,2.2864368554466385,0.0,INIT
2025-12-04T20:51:49.779014,1442.994950785,0.2000000000112442,2.4850886245333577,0.2,-2.2850886245221136,False,2.2850886245221136,0.0,INIT
2025-12-04T20:51:49.877123,1443.093055736,0.2000000000106253,2.4823788119522012,0.2,-2.2823788119415758,False,2.2823788119415758,0.0,INIT
2025-12-04T20:51:49.885824,1443.101754375,0.2000000000106253,2.4810173302656997,0.2,-2.2810173302550742,False,2.2810173302550742,0.0,INIT
2025-12-04T20:51:49.886654,1443.102582836,0.2000000000106253,2.4810173302656997,0.2,-2.2810173302550742,False,2.2810173302550742,0.0,INIT
2025-12-04T20:51:49.888139,1443.104073531,0.2000000000106253,2.479651530408134,0.2,-2.2796515303975085,False,2.2796515303975085,0.0,INIT
2025-12-04T20:51:49.888865,1443.104793315,0.2000000000106253,2.479651530408134,0.2,-2.2796515303975085,False,2.2796515303975085,0.0,INIT
2025-12-04T20:51:49.889932,1443.105867414,0.2000000000106253,2.478281460553678,0.2,-2.2782814605430524,False,2.2782814605430524,0.0,INIT
2025-12-04T20:51:49.890867,1443.106791484,0.2000000000106253,2.478281460553678,0.2,-2.2782814605430524,False,2.2782814605430524,0.0,INIT
2025-12-04T20:51:49.892052,1443.107980364,0.2000000000106253,2.4769071681756936,0.2,-2.276907168165068,False,2.276907168165068,0.0,INIT
2025-12-04T20:51:49.892581,1443.108509443,0.2000000000106253,2.4769071681756936,0.2,-2.276907168165068,False,2.276907168165068,0.0,INIT
2025-12-04T20:51:49.893039,1443.108963742,0.2000000000106253,2.475528700059318,0.2,-2.2755287000486923,False,2.2755287000486923,0.0,INIT
2025-12-04T20:51:49.893515,1443.109441417,0.2000000000106253,2.475528700059318,0.2,-2.2755287000486923,False,2.2755287000486923,0.0,INIT
2025-12-04T20:51:49.894247,1443.110171154,0.2000000000106253,2.4741461023138713,0.2,-2.274146102303246,False,2.274146102303246,0.0,INIT
2025-12-04T20:51:49.906654,1443.122604517,0.2000000000106253,2.4741461023138713,0.2,-2.274146102303246,False,2.274146102303246,0.0,INIT
2025-12-04T20:51:49.914650,1443.130584007,0.2000000000106253,2.472759420384908,0.2,-2.2727594203742827,False,2.2727594203742827,0.0,INIT
2025-12-04T20:51:49.923519,1443.139452701,0.20000000001062532,2.472759420384908,0.2,-2.2727594203742827,False,2.2727594203742827,0.0,INIT
2025-12-04T20:51:49.973778,1443.189713549,0.20000000001062532,2.471368699066103,0.2,-2.2713686990554773,False,2.2713686990554773,0.0,INIT
2025-12-04T20:51:50.041889,1443.257817776,0.20000000001124424,2.471368699066103,0.2,-2.2713686990548587,False,2.2713686990548587,0.0,INIT
2025-12-04T20:51:50.085804,1443.301731803,0.20000000001124424,2.4685753142434192,0.2,-2.268575314232175,False,2.268575314232175,0.0,INIT
2025-12-04T20:51:50.091122,1443.307054369,0.2000000000106253,2.467172737170486,0.2,-2.2671727371598607,False,2.2671727371598607,0.0,INIT
2025-12-04T20:51:50.091839,1443.307767514,0.2000000000106253,2.467172737170486,0.2,-2.2671727371598607,False,2.2671727371598607,0.0,INIT
2025-12-04T20:51:50.092445,1443.30837941,0.2000000000106253,2.465766293591585,0.2,-2.2657662935809597,False,2.2657662935809597,0.0,INIT
2025-12-04T20:51:50.093431,1443.3093586,0.2000000000106253,2.465766293591585,0.2,-2.2657662935809597,False,2.2657662935809597,0.0,INIT
2025-12-04T20:51:50.094155,1443.310079026,0.2000000000106253,2.46435602520995,0.2,-2.2643560251993247,False,2.2643560251993247,0.0,INIT
2025-12-04T20:51:50.094679,1443.310598607,0.2000000000106253,2.46435602520995,0.2,-2.2643560251993247,False,2.2643560251993247,0.0,INIT
2025-12-04T20:51:50.107598,1443.323528365,0.2000000000106253,2.462941973142933,0.2,-2.2629419731323077,False,2.2629419731323077,0.0,INIT
2025-12-04T20:51:50.122851,1443.338781381,0.20000000001124424,2.462941973142933,0.2,-2.262941973131689,False,2.262941973131689,0.0,INIT
2025-12-04T20:51:50.125190,1443.341121444,0.20000000001124424,2.461524177932186,0.2,-2.261524177920942,False,2.261524177920942,0.0,INIT
2025-12-04T20:51:50.126007,1443.341928439,0.20000000001124424,2.461524177932186,0.2,-2.261524177920942,False,2.261524177920942,0.0,INIT
2025-12-04T20:51:50.128611,1443.344541193,0.20000000001124424,2.4601026795536907,0.2,-2.2601026795424466,False,2.2601026795424466,0.0,INIT
2025-12-04T20:51:50.130007,1443.345934162,0.20000000001062532,2.4601026795536907,0.2,-2.260102679543065,False,2.260102679543065,0.0,INIT
2025-12-04T20:51:50.130951,1443.346875663,0.20000000001062532,2.4586775174275193,0.2,-2.258677517416894,False,2.258677517416894,0.0,INIT
2025-12-04T20:51:50.139249,1443.355182983,0.20000000001062532,2.4586775174275193,0.2,-2.258677517416894,False,2.258677517416894,0.0,INIT
2025-12-04T20:51:50.157131,1443.373061312,0.20000000001124424,2.457248730427466,0.2,-2.257248730416222,False,2.257248730416222,0.0,INIT
2025-12-04T20:51:50.159674,1443.375602842,0.20000000001124424,2.455816356890402,0.2,-2.255816356879158,False,2.255816356879158,0.0,INIT
2025-12-04T20:51:50.174646,1443.390579151,0.20000000001062532,2.455816356890402,0.2,-2.2558163568797767,False,2.2558163568797767,0.0,INIT
2025-12-04T20:51:50.181432,1443.397361974,0.20000000001062532,2.4543804346255227,0.2,-2.2543804346148972,False,2.2543804346148972,0.0,INIT
2025-12-04T20:51:50.309446,1443.525380084,0.2000000000106253,2.4529410009233334,0.2,-2.252941000912708,False,2.252941000912708,0.0,INIT
2025-12-04T20:51:50.381236,1443.59716353,0.2000000000106253,2.448601996502177,0.2,-2.2486019964915513,False,2.2486019964915513,0.0,INIT
2025-12-04T20:51:50.384192,1443.600116984,0.2000000000106253,2.447148879887851,0.2,-2.2471488798772254,False,2.2471488798772254,0.0,INIT
2025-12-04T20:51:50.384950,1443.600887982,0.2000000000106253,2.447148879887851,0.2,-2.2471488798772254,False,2.2471488798772254,0.0,INIT
2025-12-04T20:51:50.385627,1443.60155192,0.2000000000106253,2.445692430811687,0.2,-2.2456924308010615,False,2.2456924308010615,0.0,INIT
2025-12-04T20:51:50.386428,1443.602354606,0.2000000000106253,2.445692430811687,0.2,-2.2456924308010615,False,2.2456924308010615,0.0,INIT
2025-12-04T20:51:50.387590,1443.603514824,0.2000000000106253,2.444232683631582,0.2,-2.2442326836209565,False,2.2442326836209565,0.0,INIT
2025-12-04T20:51:50.388491,1443.604418391,0.2000000000106253,2.444232683631582,0.2,-2.2442326836209565,False,2.2442326836209565,0.0,INIT
2025-12-04T20:51:50.389801,1443.605728193,0.2000000000106253,2.442769672244978,0.2,-2.2427696722343526,False,2.2427696722343526,0.0,INIT
2025-12-04T20:51:50.390828,1443.606752184,0.2000000000106253,2.442769672244978,0.2,-2.2427696722343526,False,2.2427696722343526,0.0,INIT
2025-12-04T20:51:50.391704,1443.607631188,0.2000000000106253,2.441303430096574,0.2,-2.2413034300859485,False,2.2413034300859485,0.0,INIT
2025-12-04T20:51:50.392379,1443.60830635,0.2000000000106253,2.441303430096574,0.2,-2.2413034300859485,False,2.2413034300859485,0.0,INIT
2025-12-04T20:51:50.396372,1443.61230052,0.2000000000106253,2.4398339901857904,0.2,-2.239833990175165,False,2.239833990175165,0.0,INIT
2025-12-04T20:51:50.407305,1443.623257645,0.2000000000106253,2.4383613850741925,0.2,-2.238361385063567,False,2.238361385063567,0.0,INIT
2025-12-04T20:51:50.417403,1443.633333998,0.2000000000106253,2.4383613850741925,0.2,-2.238361385063567,False,2.238361385063567,0.0,INIT
2025-12-04T20:51:50.427622,1443.643556734,0.2000000000106253,2.436885646892672,0.2,-2.2368856468820466,False,2.2368856468820466,0.0,INIT
2025-12-04T20:51:50.441625,1443.657574092,0.20000000001062532,2.436885646892672,0.2,-2.2368856468820466,False,2.2368856468820466,0.0,INIT
2025-12-04T20:51:50.455598,1443.671528658,0.20000000001062532,2.4354068073485715,0.2,-2.235406807337946,False,2.235406807337946,0.0,INIT
2025-12-04T20:51:50.486403,1443.702331987,0.2000000000106253,2.4354068073485715,0.2,-2.235406807337946,False,2.235406807337946,0.0,INIT
2025-12-04T20:51:50.488228,1443.704155135,0.2000000000106253,2.4339248977325747,0.2,-2.2339248977219492,False,2.2339248977219492,0.0,INIT
2025-12-04T20:51:50.488959,1443.704888357,0.2000000000106253,2.4339248977325747,0.2,-2.2339248977219492,False,2.2339248977219492,0.0,INIT
2025-12-04T20:51:50.508820,1443.724753798,0.2000000000106253,2.432439948925601,0.2,-2.2324399489149753,False,2.2324399489149753,0.0,INIT
2025-12-04T20:51:50.510756,1443.726688611,0.2000000000106253,2.432439948925601,0.2,-2.2324399489149753,False,2.2324399489149753,0.0,INIT
2025-12-04T20:51:50.583522,1443.799451491,0.2000000000106253,2.430951991405381,0.2,-2.2309519913947558,False,2.2309519913947558,0.0,INIT
2025-12-04T20:51:50.612978,1443.828909185,0.2000000000106253,2.430951991405381,0.2,-2.2309519913947558,False,2.2309519913947558,0.0,INIT
2025-12-04T20:51:50.616936,1443.83286618,0.2000000000106253,2.42946105525309,0.2,-2.2294610552424645,False,2.2294610552424645,0.0,INIT
2025-12-04T20:51:50.617661,1443.833586884,0.2000000000106253,2.42946105525309,0.2,-2.2294610552424645,False,2.2294610552424645,0.0,INIT
2025-12-04T20:51:50.618514,1443.834441091,0.2000000000106253,2.4279671701597145,0.2,-2.227967170149089,False,2.227967170149089,0.0,INIT
2025-12-04T20:51:50.618930,1443.834855982,0.2000000000106253,2.4279671701597145,0.2,-2.227967170149089,False,2.227967170149089,0.0,INIT
2025-12-04T20:51:50.676824,1443.892753441,0.20000000001124424,2.426470365432394,0.2,-2.2264703654211497,False,2.2264703654211497,0.0,INIT
2025-12-04T20:51:50.681438,1443.89736759,0.20000000001124424,2.426470365432394,0.2,-2.2264703654211497,False,2.2264703654211497,0.0,INIT
2025-12-04T20:51:50.806586,1444.022521052,0.20000000001124424,2.417429819119884,0.2,-2.21742981910864,False,2.21742981910864,0.0,INIT
2025-12-04T20:51:50.815178,1444.031106522,0.2000000000106253,2.415913366577902,0.2,-2.2159133665672766,False,2.2159133665672766,0.0,INIT
2025-12-04T20:51:50.816130,1444.03205712,0.2000000000106253,2.415913366577902,0.2,-2.2159133665672766,False,2.2159133665672766,0.0,INIT
2025-12-04T20:51:50.840151,1444.056079618,0.2000000000106253,2.4143942157570315,0.2,-2.214394215746406,False,2.214394215746406,0.0,INIT
2025-12-04T20:51:50.843918,1444.059849607,0.2000000000106253,2.4143942157570315,0.2,-2.214394215746406,False,2.214394215746406,0.0,INIT
2025-12-04T20:51:50.844871,1444.060796767,0.2000000000106253,2.412872392773987,0.2,-2.2128723927633613,False,2.2128723927633613,0.0,INIT
2025-12-04T20:51:50.845576,1444.061503951,0.2000000000106253,2.412872392773987,0.2,-2.2128723927633613,False,2.2128723927633613,0.0,INIT
2025-12-04T20:51:50.846260,1444.062183305,0.2000000000106253,2.41134792341839,0.2,-2.2113479234077644,False,2.2113479234077644,0.0,INIT
2025-12-04T20:51:50.846868,1444.062790612,0.2000000000106253,2.41134792341839,0.2,-2.2113479234077644,False,2.2113479234077644,0.0,INIT
2025-12-04T20:51:50.848738,1444.064674435,0.2000000000106253,2.409820833157866,0.2,-2.2098208331472406,False,2.2098208331472406,0.0,INIT
2025-12-04T20:51:50.850127,1444.066053569,0.2000000000106253,2.409820833157866,0.2,-2.2098208331472406,False,2.2098208331472406,0.0,INIT
2025-12-04T20:51:50.851362,1444.067291534,0.2000000000106253,2.408291147143056,0.2,-2.2082911471324307,False,2.2082911471324307,0.0,INIT
2025-12-04T20:51:50.852777,1444.06870144,0.2000000000106253,2.406758890212572,0.2,-2.2067588902019466,False,2.2067588902019466,0.0,INIT
2025-12-04T20:51:50.854314,1444.070242922,0.2000000000106253,2.406758890212572,0.2,-2.2067588902019466,False,2.2067588902019466,0.0,INIT
2025-12-04T20:51:50.859902,1444.075828549,0.2000000000106253,2.405224086897773,0.2,-2.2052240868871475,False,2.2052240868871475,0.0,INIT
2025-12-04T20:51:50.870146,1444.086077346,0.2000000000106253,2.405224086897773,0.2,-2.2052240868871475,False,2.2052240868871475,0.0,INIT
2025-12-04T20:51:50.881115,1444.097044778,0.2000000000106253,2.403686761427558,0.2,-2.2036867614169324,False,2.2036867614169324,0.0,INIT
2025-12-04T20:51:50.892027,1444.107957475,0.2000000000106253,2.403686761427558,0.2,-2.2036867614169324,False,2.2036867614169324,0.0,INIT
2025-12-04T20:51:50.904286,1444.120218983,0.2000000000106253,2.402146937732966,0.2,-2.2021469377223406,False,2.2021469377223406,0.0,INIT
2025-12-04T20:51:50.963682,1444.179610924,0.20000000001062532,2.402146937732966,0.2,-2.2021469377223406,False,2.2021469377223406,0.0,INIT
2025-12-04T20:51:50.967048,1444.182975152,0.20000000001062532,2.4006046394518066,0.2,-2.200604639441181,False,2.200604639441181,0.0,INIT
2025-12-04T20:51:50.971055,1444.18699294,0.20000000001062532,2.4006046394518066,0.2,-2.200604639441181,False,2.200604639441181,0.0,INIT
2025-12-04T20:51:50.971861,1444.187789287,0.20000000001062532,2.399059889933082,0.2,-2.1990598899224567,False,2.1990598899224567,0.0,INIT
2025-12-04T20:51:51.070450,1444.286379124,0.20000000001062532,2.397512712241449,0.2,-2.1975127122308233,False,2.1975127122308233,0.0,INIT
2025-12-04T20:51:51.215309,1444.431241119,0.20000000001124424,2.3866163592327636,0.2,-2.1866163592215195,False,2.1866163592215195,0.0,INIT
2025-12-04T20:51:51.228298,1444.444227193,0.20000000001062532,2.3866163592327636,0.2,-2.186616359222138,False,2.186616359222138,0.0,INIT
2025-12-04T20:51:51.322486,1444.538418197,0.2000000000106253,2.3787652080993187,0.2,-2.1787652080886932,False,2.1787652080886932,0.0,INIT
2025-12-04T20:51:51.331321,1444.547252108,0.2000000000106253,2.3771884411952033,0.2,-2.177188441184578,False,2.177188441184578,0.0,INIT
2025-12-04T20:51:51.351954,1444.567886601,0.2000000000106253,2.3771884411952033,0.2,-2.177188441184578,False,2.177188441184578,0.0,INIT
2025-12-04T20:51:51.354810,1444.570743199,0.2000000000106253,2.3756095414505207,0.2,-2.1756095414398953,False,2.1756095414398953,0.0,INIT
2025-12-04T20:51:51.355733,1444.571658255,0.2000000000106253,2.3756095414505207,0.2,-2.1756095414398953,False,2.1756095414398953,0.0,INIT
2025-12-04T20:51:51.356720,1444.572645884,0.2000000000106253,2.3740285281423503,0.2,-2.174028528131725,False,2.174028528131725,0.0,INIT
2025-12-04T20:51:51.357633,1444.573556668,0.2000000000106253,2.3740285281423503,0.2,-2.174028528131725,False,2.174028528131725,0.0,INIT
2025-12-04T20:51:51.358896,1444.574823464,0.2000000000106253,2.3724454203240644,0.2,-2.172445420313439,False,2.172445420313439,0.0,INIT
2025-12-04T20:51:51.359734,1444.575659315,0.2000000000106253,2.3724454203240644,0.2,-2.172445420313439,False,2.172445420313439,0.0,INIT
2025-12-04T20:51:51.360905,1444.576829849,0.2000000000106253,2.370860236828575,0.2,-2.1708602368179495,False,2.1708602368179495,0.0,INIT
2025-12-04T20:51:51.361931,1444.577853956,0.2000000000106253,2.370860236828575,0.2,-2.1708602368179495,False,2.1708602368179495,0.0,INIT
2025-12-04T20:51:51.363103,1444.579024229,0.2000000000106253,2.3692729962715315,0.2,-2.169272996260906,False,2.169272996260906,0.0,INIT
2025-12-04T20:51:51.364003,1444.579929796,0.2000000000106253,2.3692729962715315,0.2,-2.169272996260906,False,2.169272996260906,0.0,INIT
2025-12-04T20:51:51.366115,1444.582040873,0.2000000000106253,2.36768371705448,0.2,-2.1676837170438548,False,2.1676837170438548,0.0,INIT
2025-12-04T20:51:51.394502,1444.610435455,0.2000000000106253,2.36768371705448,0.2,-2.1676837170438548,False,2.1676837170438548,0.0,INIT
2025-12-04T20:51:51.477398,1444.693330906,0.20000000001062532,2.3660924173679145,0.2,-2.166092417357289,False,2.166092417357289,0.0,INIT
2025-12-04T20:51:51.636102,1444.852036587,0.20000000001062532,2.3548982314785807,0.2,-2.1548982314679552,False,2.1548982314679552,0.0,INIT
2025-12-04T20:51:51.650174,1444.866106205,0.20000000001124424,2.353291398547462,0.2,-2.153291398536218,False,2.153291398536218,0.0,INIT
2025-12-04T20:51:51.671945,1444.887881497,0.20000000001124424,2.3516826998486833,0.2,-2.151682699837439,False,2.151682699837439,0.0,INIT
2025-12-04T20:51:51.674926,1444.890861569,0.20000000001124424,2.3516826998486833,0.2,-2.151682699837439,False,2.151682699837439,0.0,INIT
2025-12-04T20:51:51.676362,1444.89229309,0.20000000001124424,2.350072151621,0.2,-2.150072151609756,False,2.150072151609756,0.0,INIT
2025-12-04T20:51:51.677584,1444.893512683,0.20000000001124424,2.350072151621,0.2,-2.150072151609756,False,2.150072151609756,0.0,INIT
2025-12-04T20:51:51.678391,1444.89431989,0.20000000001124424,2.350072151621,0.2,-2.150072151609756,False,2.150072151609756,0.0,INIT
2025-12-04T20:51:51.679337,1444.895264757,0.20000000001124424,2.348459769922835,0.2,-2.148459769911591,False,2.148459769911591,0.0,INIT
2025-12-04T20:51:51.825012,1445.040943675,0.20000000001124424,2.341992223420845,0.2,-2.1419922234096007,False,2.1419922234096007,0.0,INIT
2025-12-04T20:51:51.859205,1445.075145463,0.2000000000106253,2.3387478540252937,0.2,-2.1387478540146683,False,2.1387478540146683,0.0,INIT
2025-12-04T20:51:51.891166,1445.107099837,0.2000000000106253,2.3371230730374313,0.2,-2.137123073026806,False,2.137123073026806,0.0,INIT
2025-12-04T20:51:51.926561,1445.142494263,0.2000000000106253,2.33386839199747,0.2,-2.1338683919868444,False,2.1338683919868444,0.0,INIT
2025-12-04T20:51:51.930431,1445.146360166,0.2000000000106253,2.3322385208756016,0.2,-2.132238520864976,False,2.132238520864976,0.0,INIT
2025-12-04T20:51:51.931312,1445.147245663,0.2000000000106253,2.3322385208756016,0.2,-2.132238520864976,False,2.132238520864976,0.0,INIT
2025-12-04T20:51:51.932416,1445.148339636,0.2000000000106253,2.3306069817131254,0.2,-2.1306069817025,False,2.1306069817025,0.0,INIT
2025-12-04T20:51:51.933064,1445.148991217,0.2000000000106253,2.3306069817131254,0.2,-2.1306069817025,False,2.1306069817025,0.0,INIT
2025-12-04T20:51:51.933662,1445.149586459,0.2000000000106253,2.328973788589071,0.2,-2.1289737885784454,False,2.1289737885784454,0.0,INIT
2025-12-04T20:51:51.934437,1445.150361809,0.2000000000106253,2.328973788589071,0.2,-2.1289737885784454,False,2.1289737885784454,0.0,INIT
2025-12-04T20:51:51.935162,1445.151088778,0.2000000000106253,2.3273389554318067,0.2,-2.1273389554211812,False,2.1273389554211812,0.0,INIT
2025-12-04T20:51:51.961390,1445.177321797,0.2000000000106253,2.3273389554318067,0.2,-2.1273389554211812,False,2.1273389554211812,0.0,INIT
2025-12-04T20:51:51.964388,1445.180315245,0.2000000000106253,2.32570249602103,0.2,-2.1257024960104047,False,2.1257024960104047,0.0,INIT
2025-12-04T20:51:51.965337,1445.181263654,0.2000000000106253,2.32570249602103,0.2,-2.1257024960104047,False,2.1257024960104047,0.0,INIT
2025-12-04T20:51:51.965954,1445.181879197,0.2000000000106253,2.3240644239898147,0.2,-2.1240644239791893,False,2.1240644239791893,0.0,INIT
2025-12-04T20:51:51.966571,1445.182495315,0.2000000000106253,2.3240644239898147,0.2,-2.1240644239791893,False,2.1240644239791893,0.0,INIT
2025-12-04T20:51:51.994263,1445.210194131,0.2000000000106253,2.3224247528265334,0.2,-2.122424752815908,False,2.122424752815908,0.0,INIT
2025-12-04T20:51:51.997322,1445.213255737,0.2000000000106253,2.3224247528265334,0.2,-2.122424752815908,False,2.122424752815908,0.0,INIT
2025-12-04T20:51:51.997906,1445.213831037,0.2000000000106253,2.3207834958768343,0.2,-2.120783495866209,False,2.120783495866209,0.0,INIT
2025-12-04T20:51:52.009722,1445.225654495,0.2000000000106253,2.3207834958768343,0.2,-2.120783495866209,False,2.120783495866209,0.0,INIT
2025-12-04T20:51:52.025391,1445.241322237,0.20000000001062532,2.3191406663455094,0.2,-2.119140666334884,False,2.119140666334884,0.0,INIT
2025-12-04T20:51:52.026826,1445.242758414,0.20000000001062532,2.317496277298406,0.2,-2.1174962772877803,False,2.1174962772877803,0.0,INIT
2025-12-04T20:51:52.036747,1445.25267891,0.2000000000112442,2.317496277298406,0.2,-2.1174962772871617,False,2.1174962772871617,0.0,INIT
2025-12-04T20:51:52.051022,1445.266956839,0.2000000000112442,2.3158503416642295,0.2,-2.1158503416529855,False,2.1158503416529855,0.0,INIT
2025-12-04T20:51:52.055353,1445.271298311,0.2000000000106253,2.3158503416642295,0.2,-2.115850341653604,False,2.115850341653604,0.0,INIT
2025-12-04T20:51:52.065296,1445.281226203,0.2000000000106253,2.314202872236426,0.2,-2.1142028722258006,False,2.1142028722258006,0.0,INIT
2025-12-04T20:51:52.128208,1445.344142583,0.2000000000112442,2.314202872236426,0.2,-2.114202872225182,False,2.114202872225182,0.0,INIT
2025-12-04T20:51:52.133276,1445.34920984,0.2000000000112442,2.3125538816748863,0.2,-2.112553881663642,False,2.112553881663642,0.0,INIT
2025-12-04T20:51:52.134131,1445.350057718,0.2000000000112442,2.3125538816748863,0.2,-2.112553881663642,False,2.112553881663642,0.0,INIT
2025-12-04T20:51:52.135206,1445.35113256,0.2000000000112442,2.31090338250778,0.2,-2.1109033824965358,False,2.1109033824965358,0.0,INIT
2025-12-04T20:51:52.135982,1445.351904842,0.2000000000112442,2.31090338250778,0.2,-2.1109033824965358,False,2.1109033824965358,0.0,INIT
2025-12-04T20:51:52.137231,1445.353166659,0.2000000000112442,2.309251387133237,0.2,-2.109251387121993,False,2.109251387121993,0.0,INIT
2025-12-04T20:51:52.140107,1445.356034026,0.2000000000112442,2.309251387133237,0.2,-2.109251387121993,False,2.109251387121993,0.0,INIT
2025-12-04T20:51:52.173061,1445.388991625,0.20000000001124424,2.309251387133237,0.2,-2.109251387121993,False,2.109251387121993,0.0,INIT
2025-12-04T20:51:52.175275,1445.391207051,0.20000000001124424,2.3075979078210924,0.2,-2.1075979078098483,False,2.1075979078098483,0.0,INIT
2025-12-04T20:51:52.176502,1445.392427622,0.20000000001124424,2.3075979078210924,0.2,-2.1075979078098483,False,2.1075979078098483,0.0,INIT
2025-12-04T20:51:52.185831,1445.401765472,0.20000000001124424,2.3059429567145244,0.2,-2.1059429567032804,False,2.1059429567032804,0.0,INIT
2025-12-04T20:51:52.204004,1445.419942178,0.2000000000106253,2.3059429567145244,0.2,-2.105942956703899,False,2.105942956703899,0.0,INIT
2025-12-04T20:51:52.206557,1445.42250313,0.2000000000106253,2.3042865458317543,0.2,-2.104286545821129,False,2.104286545821129,0.0,INIT
2025-12-04T20:51:52.213928,1445.429857216,0.20000000001124424,2.3042865458317543,0.2,-2.1042865458205102,False,2.1042865458205102,0.0,INIT
2025-12-04T20:51:52.224824,1445.440764336,0.20000000001124424,2.3026286870676236,0.2,-2.1026286870563795,False,2.1026286870563795,0.0,INIT
2025-12-04T20:51:52.235509,1445.451438564,0.20000000001062532,2.3026286870676236,0.2,-2.102628687056998,False,2.102628687056998,0.0,INIT
2025-12-04T20:51:52.246543,1445.462477257,0.20000000001062532,2.300969392195249,0.2,-2.1009693921846235,False,2.1009693921846235,0.0,INIT
2025-12-04T20:51:52.257545,1445.473482942,0.20000000001062532,2.300969392195249,0.2,-2.1009693921846235,False,2.1009693921846235,0.0,INIT
2025-12-04T20:51:52.269996,1445.485927646,0.20000000001124424,2.300969392195249,0.2,-2.100969392184005,False,2.100969392184005,0.0,INIT
2025-12-04T20:51:52.278949,1445.494878653,0.20000000001124424,2.2993086728675474,0.2,-2.0993086728563033,False,2.0993086728563033,0.0,INIT
2025-12-04T20:51:52.292291,1445.508222151,0.2000000000106253,2.2993086728675474,0.2,-2.099308672856922,False,2.099308672856922,0.0,INIT
2025-12-04T20:51:52.303411,1445.519349793,0.2000000000106253,2.2976465406188353,0.2,-2.09764654060821,False,2.09764654060821,0.0,INIT
2025-12-04T20:51:52.357535,1445.573469978,0.20000000001124424,2.2976465406188353,0.2,-2.0976465406075913,False,2.0976465406075913,0.0,INIT
2025-12-04T20:51:52.362045,1445.577978643,0.20000000001124424,2.2959830068663134,0.2,-2.0959830068550693,False,2.0959830068550693,0.0,INIT
2025-12-04T20:51:52.363174,1445.579101217,0.20000000001124424,2.2959830068663134,0.2,-2.0959830068550693,False,2.0959830068550693,0.0,INIT
2025-12-04T20:51:52.364486,1445.580413192,0.20000000001124424,2.2943180829116203,0.2,-2.0943180829003762,False,2.0943180829003762,0.0,INIT
2025-12-04T20:51:52.367208,1445.583134218,0.20000000001124424,2.2943180829116203,0.2,-2.0943180829003762,False,2.0943180829003762,0.0,INIT
2025-12-04T20:51:52.368300,1445.584224758,0.20000000001124424,2.292651779942286,0.2,-2.092651779931042,False,2.092651779931042,0.0,INIT
2025-12-04T20:51:52.375648,1445.591576262,0.20000000001124424,2.292651779942286,0.2,-2.092651779931042,False,2.092651779931042,0.0,INIT
2025-12-04T20:51:52.394398,1445.610338865,0.2000000000106253,2.292651779942286,0.2,-2.0926517799316606,False,2.0926517799316606,0.0,INIT
2025-12-04T20:51:52.397103,1445.613034484,0.2000000000106253,2.2909841090331984,0.2,-2.090984109022573,False,2.090984109022573,0.0,INIT
2025-12-04T20:51:52.408154,1445.624085773,0.2000000000106253,2.2909841090331984,0.2,-2.090984109022573,False,2.090984109022573,0.0,INIT
2025-12-04T20:51:52.428170,1445.64410721,0.2000000000106253,2.289315081148036,0.2,-2.0893150811374106,False,2.0893150811374106,0.0,INIT
2025-12-04T20:51:52.441347,1445.657306894,0.2000000000106253,2.2876447071406885,0.2,-2.087644707130063,False,2.087644707130063,0.0,INIT
2025-12-04T20:51:52.623382,1445.839328712,0.2000000000112442,2.2826256153069053,0.2,-2.0826256152956613,False,2.0826256152956613,0.0,INIT
2025-12-04T20:51:52.634426,1445.85035851,0.2000000000106253,2.280949963202474,0.2,-2.0809499631918484,False,2.0809499631918484,0.0,INIT
2025-12-04T20:51:52.635304,1445.851231128,0.2000000000106253,2.280949963202474,0.2,-2.0809499631918484,False,2.0809499631918484,0.0,INIT
2025-12-04T20:51:52.636227,1445.852155668,0.2000000000106253,2.279273017646659,0.2,-2.0792730176360337,False,2.0792730176360337,0.0,INIT
2025-12-04T20:51:52.637235,1445.85316448,0.2000000000106253,2.279273017646659,0.2,-2.0792730176360337,False,2.0792730176360337,0.0,INIT
2025-12-04T20:51:52.638196,1445.854121879,0.2000000000106253,2.27759478886321,0.2,-2.0775947888525845,False,2.0775947888525845,0.0,INIT
2025-12-04T20:51:52.638770,1445.854693008,0.2000000000106253,2.27759478886321,0.2,-2.0775947888525845,False,2.0775947888525845,0.0,INIT
2025-12-04T20:51:52.639976,1445.855902754,0.2000000000106253,2.275915286975449,0.2,-2.0759152869648236,False,2.0759152869648236,0.0,INIT
2025-12-04T20:51:52.641121,1445.857045369,0.2000000000106253,2.275915286975449,0.2,-2.0759152869648236,False,2.0759152869648236,0.0,INIT
2025-12-04T20:51:52.642268,1445.858194769,0.2000000000106253,2.275915286975449,0.2,-2.0759152869648236,False,2.0759152869648236,0.0,INIT
2025-12-04T20:51:52.643137,1445.859062265,0.2000000000106253,2.274234522007469,0.2,-2.0742345219968437,False,2.0742345219968437,0.0,INIT
2025-12-04T20:51:52.644154,1445.860080885,0.2000000000106253,2.274234522007469,0.2,-2.0742345219968437,False,2.0742345219968437,0.0,INIT
2025-12-04T20:51:52.648558,1445.864485447,0.2000000000106253,2.272552503885459,0.2,-2.0725525038748334,False,2.0725525038748334,0.0,INIT
2025-12-04T20:51:52.656879,1445.872823293,0.2000000000106253,2.272552503885459,0.2,-2.0725525038748334,False,2.0725525038748334,0.0,INIT
2025-12-04T20:51:52.667378,1445.883312843,0.2000000000106253,2.2708692424388257,0.2,-2.0708692424282003,False,2.0708692424282003,0.0,INIT
2025-12-04T20:51:52.678237,1445.894166857,0.2000000000106253,2.2708692424388257,0.2,-2.0708692424282003,False,2.0708692424282003,0.0,INIT
2025-12-04T20:51:52.693708,1445.909644,0.2000000000112442,2.2691847474014732,0.2,-2.069184747390229,False,2.069184747390229,0.0,INIT
2025-12-04T20:51:52.699988,1445.91591684,0.2000000000112442,2.2691847474014732,0.2,-2.069184747390229,False,2.069184747390229,0.0,INIT
2025-12-04T20:51:52.710659,1445.926589205,0.2000000000112442,2.267499028412929,0.2,-2.0674990284016848,False,2.0674990284016848,0.0,INIT
2025-12-04T20:51:52.724361,1445.940299707,0.2000000000106253,2.267499028412929,0.2,-2.0674990284023034,False,2.0674990284023034,0.0,INIT
2025-12-04T20:51:52.739275,1445.955207642,0.2000000000106253,2.2658120950195553,0.2,-2.06581209500893,False,2.06581209500893,0.0,INIT
2025-12-04T20:51:52.744078,1445.960021441,0.20000000001124424,2.2658120950195553,0.2,-2.065812095008311,False,2.065812095008311,0.0,INIT
2025-12-04T20:51:52.752658,1445.968587031,0.20000000001124424,2.2641239566756566,0.2,-2.0641239566644125,False,2.0641239566644125,0.0,INIT
2025-12-04T20:51:52.778024,1445.993954062,0.2000000000106253,2.2641239566756566,0.2,-2.064123956665031,False,2.064123956665031,0.0,INIT
2025-12-04T20:51:52.782225,1445.998168112,0.2000000000106253,2.2624346227446566,0.2,-2.062434622734031,False,2.062434622734031,0.0,INIT
2025-12-04T20:51:52.841616,1446.057550921,0.20000000001124424,2.2624346227446566,0.2,-2.0624346227334125,False,2.0624346227334125,0.0,INIT
2025-12-04T20:51:52.844848,1446.060778448,0.20000000001124424,2.2607441025001638,0.2,-2.0607441024889197,False,2.0607441024889197,0.0,INIT
2025-12-04T20:51:52.845810,1446.061739547,0.20000000001124424,2.2607441025001638,0.2,-2.0607441024889197,False,2.0607441024889197,0.0,INIT
2025-12-04T20:51:52.846364,1446.062291345,0.20000000001124424,2.259052405127121,0.2,-2.0590524051158767,False,2.0590524051158767,0.0,INIT
2025-12-04T20:51:52.847954,1446.063879702,0.20000000001124424,2.259052405127121,0.2,-2.0590524051158767,False,2.0590524051158767,0.0,INIT
2025-12-04T20:51:52.848628,1446.064553497,0.20000000001124424,2.259052405127121,0.2,-2.0590524051158767,False,2.0590524051158767,0.0,INIT
2025-12-04T20:51:53.231331,1446.447261864,0.2000000000112442,2.2352499848874245,0.2,-2.0352499848761805,False,2.0352499848761805,0.0,INIT
2025-12-04T20:51:53.243309,1446.45923967,0.2000000000112442,2.2335416756550064,0.2,-2.0335416756437623,False,2.0335416756437623,0.0,INIT
2025-12-04T20:51:53.255747,1446.471676847,0.2000000000112442,2.2335416756550064,0.2,-2.0335416756437623,False,2.0335416756437623,0.0,INIT
2025-12-04T20:51:53.257060,1446.472987026,0.2000000000112442,2.2318323250295453,0.2,-2.0318323250183012,False,2.0318323250183012,0.0,INIT
2025-12-04T20:51:53.259782,1446.475711812,0.2000000000106253,2.2318323250295453,0.2,-2.03183232501892,False,2.03183232501892,0.0,INIT
2025-12-04T20:51:53.261240,1446.477166748,0.2000000000106253,2.230121940842042,0.2,-2.0301219408314166,False,2.0301219408314166,0.0,INIT
2025-12-04T20:51:53.262408,1446.478335742,0.2000000000106253,2.230121940842042,0.2,-2.0301219408314166,False,2.0301219408314166,0.0,INIT
2025-12-04T20:51:53.263344,1446.479271595,0.2000000000106253,2.2284105308520745,0.2,-2.028410530841449,False,2.028410530841449,0.0,INIT
2025-12-04T20:51:53.264593,1446.480517607,0.2000000000106253,2.2284105308520745,0.2,-2.028410530841449,False,2.028410530841449,0.0,INIT
2025-12-04T20:51:53.265056,1446.480979854,0.2000000000106253,2.226698102748708,0.2,-2.0266981027380826,False,2.0266981027380826,0.0,INIT
2025-12-04T20:51:53.265573,1446.481499267,0.2000000000106253,2.226698102748708,0.2,-2.0266981027380826,False,2.0266981027380826,0.0,INIT
2025-12-04T20:51:53.266137,1446.482063816,0.2000000000106253,2.22498466415127,0.2,-2.0249846641406446,False,2.0249846641406446,0.0,INIT
2025-12-04T20:51:53.266929,1446.4828555,0.2000000000106253,2.22498466415127,0.2,-2.0249846641406446,False,2.0249846641406446,0.0,INIT
2025-12-04T20:51:53.295514,1446.511449879,0.2000000000106253,2.223270222610206,0.2,-2.0232702225995807,False,2.0232702225995807,0.0,INIT
2025-12-04T20:51:53.301392,1446.517321729,0.2000000000106253,2.223270222610206,0.2,-2.0232702225995807,False,2.0232702225995807,0.0,INIT
2025-12-04T20:51:53.302484,1446.518410499,0.2000000000106253,2.2215547856078492,0.2,-2.021554785597224,False,2.021554785597224,0.0,INIT
2025-12-04T20:51:53.303803,1446.519729591,0.2000000000106253,2.2215547856078492,0.2,-2.021554785597224,False,2.021554785597224,0.0,INIT
2025-12-04T20:51:53.311957,1446.527889054,0.2000000000106253,2.2198383605592467,0.2,-2.019838360548621,False,2.019838360548621,0.0,INIT
2025-12-04T20:51:53.329895,1446.545828786,0.20000000001124424,2.2198383605592467,0.2,-2.0198383605480026,False,2.0198383605480026,0.0,INIT
2025-12-04T20:51:53.396012,1446.611948046,0.20000000001124424,2.2181209548129006,0.2,-2.0181209548016565,False,2.0181209548016565,0.0,INIT
2025-12-04T20:51:53.416015,1446.631951909,0.20000000001124424,2.2181209548129006,0.2,-2.0181209548016565,False,2.0181209548016565,0.0,INIT
2025-12-04T20:51:53.441926,1446.657852484,0.2000000000106253,2.214683230293079,0.2,-2.0146832302824533,False,2.0146832302824533,0.0,INIT
2025-12-04T20:51:53.438615,1446.65455366,0.2000000000106253,2.216402575651591,0.2,-2.0164025756409654,False,2.0164025756409654,0.0,INIT
2025-12-04T20:51:53.440332,1446.656262519,0.2000000000106253,2.216402575651591,0.2,-2.0164025756409654,False,2.0164025756409654,0.0,INIT
2025-12-04T20:51:53.428624,1446.644558396,0.20000000001124424,2.216402575651591,0.2,-2.0164025756403468,False,2.0164025756403468,0.0,INIT
2025-12-04T20:51:53.442779,1446.65870649,0.2000000000106253,2.214683230293079,0.2,-2.0146832302824533,False,2.0146832302824533,0.0,INIT
2025-12-04T20:51:53.444000,1446.660617867,0.2000000000106253,2.2129629258909134,0.2,-2.012962925880288,False,2.012962925880288,0.0,INIT
2025-12-04T20:51:53.446252,1446.66218244,0.2000000000106253,2.2129629258909134,0.2,-2.012962925880288,False,2.012962925880288,0.0,INIT
2025-12-04T20:51:53.447018,1446.66294588,0.2000000000106253,2.211241669535119,0.2,-2.0112416695244937,False,2.0112416695244937,0.0,INIT
2025-12-04T20:51:53.448294,1446.664223677,0.2000000000106253,2.211241669535119,0.2,-2.0112416695244937,False,2.0112416695244937,0.0,INIT
2025-12-04T20:51:53.461217,1446.677150248,0.2000000000106253,2.2095194682529717,0.2,-2.0095194682423463,False,2.0095194682423463,0.0,INIT
2025-12-04T20:51:53.738432,1446.954368164,0.20000000001124424,2.1957086637675953,0.2,-1.995708663756351,False,1.995708663756351,0.0,INIT
2025-12-04T20:51:53.749999,1446.965929389,0.2000000000106253,2.1939782643676446,0.2,-1.9939782643570194,False,1.9939782643570194,0.0,INIT
2025-12-04T20:51:53.795814,1447.011757312,0.2000000000106253,2.1905148380936295,0.2,-1.9905148380830042,False,1.9905148380830042,0.0,INIT
2025-12-04T20:51:53.799353,1447.015286466,0.2000000000106253,2.188781823929415,0.2,-1.9887818239187898,False,1.9887818239187898,0.0,INIT
2025-12-04T20:51:53.804389,1447.020331445,0.2000000000106253,2.188781823929415,0.2,-1.9887818239187898,False,1.9887818239187898,0.0,INIT
2025-12-04T20:51:53.806176,1447.022106134,0.2000000000106253,2.187047950796379,0.2,-1.987047950785754,False,1.987047950785754,0.0,INIT
2025-12-04T20:51:53.811740,1447.027670254,0.2000000000106253,2.187047950796379,0.2,-1.987047950785754,False,1.987047950785754,0.0,INIT
2025-12-04T20:51:53.812886,1447.028808544,0.2000000000106253,2.1853132249144274,0.2,-1.9853132249038021,False,1.9853132249038021,0.0,INIT
2025-12-04T20:51:53.813710,1447.029636448,0.2000000000106253,2.1853132249144274,0.2,-1.9853132249038021,False,1.9853132249038021,0.0,INIT
2025-12-04T20:51:53.814472,1447.030396971,0.2000000000106253,2.183577652450583,0.2,-1.9835776524399578,False,1.9835776524399578,0.0,INIT
2025-12-04T20:51:53.815525,1447.031455324,0.2000000000106253,2.183577652450583,0.2,-1.9835776524399578,False,1.9835776524399578,0.0,INIT
2025-12-04T20:51:53.816335,1447.032264992,0.2000000000106253,2.1818412395195175,0.2,-1.9818412395088922,False,1.9818412395088922,0.0,INIT
2025-12-04T20:51:53.817328,1447.033254131,0.2000000000106253,2.1818412395195175,0.2,-1.9818412395088922,False,1.9818412395088922,0.0,INIT
2025-12-04T20:51:53.824904,1447.040836658,0.20000000001124424,2.180103992184174,0.2,-1.9801039921729295,False,1.9801039921729295,0.0,INIT
2025-12-04T20:51:53.830599,1447.046533038,0.20000000001124424,2.180103992184174,0.2,-1.9801039921729295,False,1.9801039921729295,0.0,INIT
2025-12-04T20:51:53.841553,1447.057502892,0.20000000001124424,2.1783659164563023,0.2,-1.978365916445058,False,1.978365916445058,0.0,INIT
2025-12-04T20:51:53.850678,1447.066608314,0.2000000000106253,2.1783659164563023,0.2,-1.978365916445677,False,1.978365916445677,0.0,INIT
2025-12-04T20:51:53.864353,1447.080282958,0.20000000001124424,2.176627018297074,0.2,-1.9766270182858297,False,1.9766270182858297,0.0,INIT
2025-12-04T20:51:53.875230,1447.091161975,0.20000000001124424,2.176627018297074,0.2,-1.9766270182858297,False,1.9766270182858297,0.0,INIT
2025-12-04T20:51:53.912981,1447.128912232,0.20000000001124424,2.174887303617586,0.2,-1.974887303606342,False,1.974887303606342,0.0,INIT
2025-12-04T20:51:53.915777,1447.131709849,0.20000000001124424,2.173146778279466,0.2,-1.9731467782682215,False,1.9731467782682215,0.0,INIT
2025-12-04T20:51:53.916809,1447.132741115,0.20000000001124424,2.173146778279466,0.2,-1.9731467782682215,False,1.9731467782682215,0.0,INIT
2025-12-04T20:51:53.921920,1447.13785646,0.20000000001124424,2.1714054480953715,0.2,-1.9714054480841272,False,1.9714054480841272,0.0,INIT
2025-12-04T20:51:53.943710,1447.159646606,0.2000000000106253,2.1714054480953715,0.2,-1.9714054480847463,False,1.9714054480847463,0.0,INIT
2025-12-04T20:51:53.945922,1447.161854418,0.2000000000106253,2.169663318829569,0.2,-1.9696633188189436,False,1.9696633188189436,0.0,INIT
2025-12-04T20:51:53.974341,1447.190274518,0.2000000000106253,2.169663318829569,0.2,-1.9696633188189436,False,1.9696633188189436,0.0,INIT
2025-12-04T20:51:53.977788,1447.193719663,0.2000000000106253,2.167920396198424,0.2,-1.9679203961877987,False,1.9679203961877987,0.0,INIT
2025-12-04T20:51:53.978920,1447.194848864,0.2000000000106253,2.167920396198424,0.2,-1.9679203961877987,False,1.9679203961877987,0.0,INIT
2025-12-04T20:51:53.990651,1447.206589844,0.2000000000106253,2.166176685870963,0.2,-1.9661766858603376,False,1.9661766858603376,0.0,INIT
2025-12-04T20:51:53.995447,1447.211383659,0.20000000001124424,2.166176685870963,0.2,-1.9661766858597185,False,1.9661766858597185,0.0,INIT
2025-12-04T20:51:54.020603,1447.236551534,0.20000000001124424,2.16443219346937,0.2,-1.9644321934581257,False,1.9644321934581257,0.0,INIT
2025-12-04T20:51:54.025138,1447.241075498,0.2000000000106253,2.16443219346937,0.2,-1.9644321934587448,False,1.9644321934587448,0.0,INIT
2025-12-04T20:51:54.034157,1447.250092453,0.2000000000106253,2.162686924569506,0.2,-1.962686924558881,False,1.962686924558881,0.0,INIT
2025-12-04T20:51:54.065310,1447.281242421,0.2000000000106253,2.162686924569506,0.2,-1.962686924558881,False,1.962686924558881,0.0,INIT
2025-12-04T20:51:54.066750,1447.282677388,0.2000000000106253,2.162686924569506,0.2,-1.962686924558881,False,1.962686924558881,0.0,INIT
2025-12-04T20:51:54.067865,1447.283793671,0.2000000000106253,2.160940884701393,0.2,-1.9609408846907679,False,1.9609408846907679,0.0,INIT
2025-12-04T20:51:54.088843,1447.304778447,0.2000000000106253,2.160940884701393,0.2,-1.9609408846907679,False,1.9609408846907679,0.0,INIT
2025-12-04T20:51:54.092152,1447.308088107,0.2000000000106253,2.159194079349751,0.2,-1.9591940793391258,False,1.9591940793391258,0.0,INIT
2025-12-04T20:51:54.094718,1447.310656262,0.2000000000106253,2.159194079349751,0.2,-1.9591940793391258,False,1.9591940793391258,0.0,INIT
2025-12-04T20:51:54.103565,1447.319519313,0.2000000000106253,2.157446513954449,0.2,-1.9574465139438237,False,1.9574465139438237,0.0,INIT
2025-12-04T20:51:54.113166,1447.329096405,0.2000000000106253,2.1556981939110145,0.2,-1.9556981939003892,False,1.9556981939003892,0.0,INIT
2025-12-04T20:51:54.125333,1447.341266544,0.20000000001062532,2.1556981939110145,0.2,-1.9556981939003892,False,1.9556981939003892,0.0,INIT
2025-12-04T20:51:54.136549,1447.35248283,0.20000000001062532,2.1539491245711178,0.2,-1.9539491245604925,False,1.9539491245604925,0.0,INIT
2025-12-04T20:51:54.155998,1447.371933597,0.2000000000106253,2.1539491245711178,0.2,-1.9539491245604925,False,1.9539491245604925,0.0,INIT
2025-12-04T20:51:54.157575,1447.373511167,0.2000000000106253,2.152199311243016,0.2,-1.9521993112323905,False,1.9521993112323905,0.0,INIT
2025-12-04T20:51:54.169856,1447.385796149,0.2000000000106253,2.152199311243016,0.2,-1.9521993112323905,False,1.9521993112323905,0.0,INIT
2025-12-04T20:51:54.177308,1447.393235009,0.2000000000106253,2.150448759192061,0.2,-1.950448759181436,False,1.950448759181436,0.0,INIT
2025-12-04T20:51:54.188423,1447.404353748,0.2000000000106253,2.150448759192061,0.2,-1.950448759181436,False,1.950448759181436,0.0,INIT
2025-12-04T20:51:54.204739,1447.420689221,0.2000000000106253,2.1486974736411195,0.2,-1.9486974736304943,False,1.9486974736304943,0.0,INIT
2025-12-04T20:51:54.256159,1447.472090825,0.20000000001062532,2.1486974736411195,0.2,-1.9486974736304943,False,1.9486974736304943,0.0,INIT
2025-12-04T20:51:54.278489,1447.494421136,0.2000000000106253,2.1469454597710644,0.2,-1.9469454597604392,False,1.9469454597604392,0.0,INIT
2025-12-04T20:51:54.280321,1447.496250469,0.2000000000106253,2.1469454597710644,0.2,-1.9469454597604392,False,1.9469454597604392,0.0,INIT
2025-12-04T20:51:54.280980,1447.496905985,0.2000000000106253,2.1451927227211876,0.2,-1.9451927227105623,False,1.9451927227105623,0.0,INIT
2025-12-04T20:51:54.281873,1447.497804935,0.2000000000106253,2.1451927227211876,0.2,-1.9451927227105623,False,1.9451927227105623,0.0,INIT
2025-12-04T20:51:54.282935,1447.498860015,0.2000000000106253,2.1451927227211876,0.2,-1.9451927227105623,False,1.9451927227105623,0.0,INIT
2025-12-04T20:51:54.283407,1447.499334699,0.2000000000106253,2.1434392675897067,0.2,-1.9434392675790815,False,1.9434392675790815,0.0,INIT
2025-12-04T20:51:54.289134,1447.505065706,0.2000000000106253,2.1434392675897067,0.2,-1.9434392675790815,False,1.9434392675790815,0.0,INIT
2025-12-04T20:51:54.354726,1447.570660045,0.2000000000106253,2.1416850994341203,0.2,-1.941685099423495,False,1.941685099423495,0.0,INIT
2025-12-04T20:51:54.359518,1447.575456405,0.2000000000106253,2.1399302232717154,0.2,-1.9399302232610902,False,1.9399302232610902,0.0,INIT
2025-12-04T20:51:54.362418,1447.578349772,0.20000000001124424,2.1399302232717154,0.2,-1.9399302232604712,False,1.9399302232604712,0.0,INIT
2025-12-04T20:51:54.364837,1447.580775272,0.20000000001124424,2.1381746440799407,0.2,-1.9381746440686964,False,1.9381746440686964,0.0,INIT
2025-12-04T20:51:54.366305,1447.582236616,0.20000000001124424,2.1381746440799407,0.2,-1.9381746440686964,False,1.9381746440686964,0.0,INIT
2025-12-04T20:51:54.367802,1447.583733239,0.20000000001124424,2.13641836679688,0.2,-1.9364183667856356,False,1.9364183667856356,0.0,INIT
2025-12-04T20:51:54.368605,1447.584536203,0.20000000001124424,2.13641836679688,0.2,-1.9364183667856356,False,1.9364183667856356,0.0,INIT
2025-12-04T20:51:54.376150,1447.592079307,0.20000000001124424,2.1346613963216186,0.2,-1.9346613963103743,False,1.9346613963103743,0.0,INIT
2025-12-04T20:51:54.386708,1447.602643349,0.2000000000106253,2.1346613963216186,0.2,-1.9346613963109933,False,1.9346613963109933,0.0,INIT
2025-12-04T20:51:54.398270,1447.614200671,0.2000000000106253,2.1329037375147024,0.2,-1.9329037375040772,False,1.9329037375040772,0.0,INIT
2025-12-04T20:51:54.410249,1447.626176395,0.20000000001124424,2.1329037375147024,0.2,-1.9329037375034581,False,1.9329037375034581,0.0,INIT
2025-12-04T20:51:54.420540,1447.636481694,0.20000000001124424,2.131145395198504,0.2,-1.93114539518726,False,1.93114539518726,0.0,INIT
2025-12-04T20:51:54.448506,1447.66443804,0.20000000001062532,2.131145395198504,0.2,-1.931145395187879,False,1.931145395187879,0.0,INIT
2025-12-04T20:51:54.472767,1447.688695903,0.20000000001062532,2.129386374157672,0.2,-1.929386374147047,False,1.929386374147047,0.0,INIT
2025-12-04T20:51:54.479053,1447.69498411,0.2000000000106253,2.129386374157672,0.2,-1.929386374147047,False,1.929386374147047,0.0,INIT
2025-12-04T20:51:54.480554,1447.696485097,0.2000000000106253,2.127626679139471,0.2,-1.9276266791288459,False,1.9276266791288459,0.0,INIT
2025-12-04T20:51:54.481306,1447.69723402,0.2000000000106253,2.127626679139471,0.2,-1.9276266791288459,False,1.9276266791288459,0.0,INIT
2025-12-04T20:51:54.487449,1447.703405046,0.2000000000106253,2.125866314854237,0.2,-1.925866314843612,False,1.925866314843612,0.0,INIT
2025-12-04T20:51:54.497769,1447.713700918,0.20000000001124424,2.125866314854237,0.2,-1.9258663148429929,False,1.9258663148429929,0.0,INIT
2025-12-04T20:51:54.509583,1447.725515569,0.20000000001124424,2.1241052859757046,0.2,-1.9241052859644603,False,1.9241052859644603,0.0,INIT
2025-12-04T20:51:54.520161,1447.736100873,0.2000000000106253,2.1241052859757046,0.2,-1.9241052859650793,False,1.9241052859650793,0.0,INIT
2025-12-04T20:51:54.531623,1447.747554933,0.2000000000106253,2.122343597141441,0.2,-1.9223435971308158,False,1.9223435971308158,0.0,INIT
2025-12-04T20:51:54.553908,1447.769850071,0.20000000001124424,2.122343597141441,0.2,-1.9223435971301968,False,1.9223435971301968,0.0,INIT
2025-12-04T20:51:54.556310,1447.772240645,0.2000000000106253,2.1205812529531975,0.2,-1.9205812529425723,False,1.9205812529425723,0.0,INIT
2025-12-04T20:51:54.563439,1447.779370869,0.2000000000106253,2.1205812529531975,0.2,-1.9205812529425723,False,1.9205812529425723,0.0,INIT
2025-12-04T20:51:54.574470,1447.790404252,0.2000000000106253,2.118818257977293,0.2,-1.9188182579666677,False,1.9188182579666677,0.0,INIT
2025-12-04T20:51:54.584693,1447.800626349,0.20000000001124424,2.118818257977293,0.2,-1.9188182579660487,False,1.9188182579660487,0.0,INIT
2025-12-04T20:51:54.596554,1447.812492589,0.20000000001124424,2.1170546167449658,0.2,-1.9170546167337215,False,1.9170546167337215,0.0,INIT
2025-12-04T20:51:54.608843,1447.824798367,0.2000000000106253,2.1170546167449658,0.2,-1.9170546167343405,False,1.9170546167343405,0.0,INIT
2025-12-04T20:51:54.638421,1447.854355205,0.2000000000106253,2.1152903337527755,0.2,-1.9152903337421503,False,1.9152903337421503,0.0,INIT
2025-12-04T20:51:54.641963,1447.857895608,0.2000000000106253,2.1152903337527755,0.2,-1.9152903337421503,False,1.9152903337421503,0.0,INIT
2025-12-04T20:51:54.643265,1447.859193395,0.2000000000106253,2.1135254134629244,0.2,-1.9135254134522992,False,1.9135254134522992,0.0,INIT
2025-12-04T20:51:54.648684,1447.864612929,0.2000000000106253,2.1135254134629244,0.2,-1.9135254134522992,False,1.9135254134522992,0.0,INIT
2025-12-04T20:51:54.662482,1447.878415679,0.2000000000106253,2.1117598603036294,0.2,-1.9117598602930042,False,1.9117598602930042,0.0,INIT
2025-12-04T20:51:54.734654,1447.950585184,0.2000000000106253,2.1117598603036294,0.2,-1.9117598602930042,False,1.9117598602930042,0.0,INIT
2025-12-04T20:51:54.738707,1447.954638018,0.2000000000106253,2.109993678669494,0.2,-1.909993678658869,False,1.909993678658869,0.0,INIT
2025-12-04T20:51:54.741460,1447.95739932,0.2000000000106253,2.109993678669494,0.2,-1.909993678658869,False,1.909993678658869,0.0,INIT
2025-12-04T20:51:54.743292,1447.959220626,0.2000000000106253,2.1082268729218177,0.2,-1.9082268729111924,False,1.9082268729111924,0.0,INIT
2025-12-04T20:51:54.744239,1447.960186178,0.2000000000106253,2.1082268729218177,0.2,-1.9082268729111924,False,1.9082268729111924,0.0,INIT
2025-12-04T20:51:54.746138,1447.962066988,0.2000000000106253,2.10645944738898,0.2,-1.906459447378355,False,1.906459447378355,0.0,INIT
2025-12-04T20:51:54.747724,1447.963650108,0.2000000000106253,2.10645944738898,0.2,-1.906459447378355,False,1.906459447378355,0.0,INIT
2025-12-04T20:51:54.748715,1447.964639766,0.2000000000106253,2.10469140636674,0.2,-1.904691406356115,False,1.904691406356115,0.0,INIT
2025-12-04T20:51:54.766254,1447.982186043,0.20000000001062532,2.10469140636674,0.2,-1.904691406356115,False,1.904691406356115,0.0,INIT
2025-12-04T20:51:54.768642,1447.984571286,0.20000000001062532,2.1029227541186177,0.2,-1.9029227541079925,False,1.9029227541079925,0.0,INIT
2025-12-04T20:51:54.781648,1447.997581806,0.2000000000112442,2.1029227541186177,0.2,-1.9029227541073734,False,1.9029227541073734,0.0,INIT
2025-12-04T20:51:54.791993,1448.0079243,0.2000000000112442,2.1011534948761685,0.2,-1.9011534948649242,False,1.9011534948649242,0.0,INIT
2025-12-04T20:51:54.820388,1448.036337638,0.2000000000112442,2.1011534948761685,0.2,-1.9011534948649242,False,1.9011534948649242,0.0,INIT
2025-12-04T20:51:54.822786,1448.038739542,0.2000000000106253,2.1011534948761685,0.2,-1.9011534948655433,False,1.9011534948655433,0.0,INIT
2025-12-04T20:51:54.826036,1448.04196802,0.2000000000106253,2.0993836328393876,0.2,-1.8993836328287623,False,1.8993836328287623,0.0,INIT
2025-12-04T20:51:54.838328,1448.054258352,0.2000000000106253,2.0993836328393876,0.2,-1.8993836328287623,False,1.8993836328287623,0.0,INIT
2025-12-04T20:51:54.847222,1448.063150842,0.2000000000106253,2.097613172176951,0.2,-1.8976131721663256,False,1.8976131721663256,0.0,INIT
2025-12-04T20:51:54.859288,1448.075243448,0.2000000000106253,2.097613172176951,0.2,-1.8976131721663256,False,1.8976131721663256,0.0,INIT
2025-12-04T20:51:54.887226,1448.103174053,0.2000000000106253,2.0958421170265957,0.2,-1.8958421170159705,False,1.8958421170159705,0.0,INIT
2025-12-04T20:51:54.888835,1448.104768571,0.2000000000106253,2.0940704714954004,0.2,-1.8940704714847751,False,1.8940704714847751,0.0,INIT
2025-12-04T20:51:54.903148,1448.119088312,0.2000000000106253,2.0940704714954004,0.2,-1.8940704714847751,False,1.8940704714847751,0.0,INIT
2025-12-04T20:51:54.908234,1448.12416679,0.2000000000106253,2.0940704714954004,0.2,-1.8940704714847751,False,1.8940704714847751,0.0,INIT
2025-12-04T20:51:54.913029,1448.12896976,0.2000000000106253,2.092298239660135,0.2,-1.8922982396495096,False,1.8922982396495096,0.0,INIT
2025-12-04T20:51:54.925622,1448.141555994,0.20000000001124424,2.092298239660135,0.2,-1.8922982396488905,False,1.8922982396488905,0.0,INIT
2025-12-04T20:51:54.935175,1448.151128132,0.20000000001124424,2.0905254255675247,0.2,-1.8905254255562804,False,1.8905254255562804,0.0,INIT
2025-12-04T20:51:54.945573,1448.161505326,0.2000000000106253,2.0905254255675247,0.2,-1.8905254255568995,False,1.8905254255568995,0.0,INIT
2025-12-04T20:51:54.962606,1448.178556394,0.20000000001124424,2.0887520332346003,0.2,-1.888752033223356,False,1.888752033223356,0.0,INIT
2025-12-04T20:51:54.967142,1448.183071594,0.20000000001124424,2.0887520332346003,0.2,-1.888752033223356,False,1.888752033223356,0.0,INIT
2025-12-04T20:51:54.995619,1448.211556974,0.20000000001062532,2.0869780666489604,0.2,-1.8869780666383351,False,1.8869780666383351,0.0,INIT
2025-12-04T20:51:54.996953,1448.212881282,0.20000000001062532,2.0852035297691076,0.2,-1.8852035297584824,False,1.8852035297584824,0.0,INIT
2025-12-04T20:51:55.000274,1448.216205612,0.20000000001062532,2.0852035297691076,0.2,-1.8852035297584824,False,1.8852035297584824,0.0,INIT
2025-12-04T20:51:55.011273,1448.2272055,0.20000000001124424,2.0852035297691076,0.2,-1.8852035297578633,False,1.8852035297578633,0.0,INIT
2025-12-04T20:51:55.041035,1448.256969372,0.2000000000106253,2.083428426524705,0.2,-1.8834284265140797,False,1.8834284265140797,0.0,INIT
2025-12-04T20:51:55.042352,1448.258283334,0.2000000000106253,2.0816527608169073,0.2,-1.881652760806282,False,1.881652760806282,0.0,INIT
2025-12-04T20:51:55.045973,1448.261916095,0.20000000001124424,2.0816527608169073,0.2,-1.881652760805663,False,1.881652760805663,0.0,INIT
2025-12-04T20:51:55.056575,1448.272504994,0.20000000001124424,2.0798765365186114,0.2,-1.879876536507367,False,1.879876536507367,0.0,INIT
2025-12-04T20:51:55.072714,1448.288648528,0.2000000000106253,2.0798765365186114,0.2,-1.8798765365079861,False,1.8798765365079861,0.0,INIT
2025-12-04T20:51:55.079283,1448.295217832,0.2000000000106253,2.078099757474769,0.2,-1.8780997574641438,False,1.8780997574641438,0.0,INIT
2025-12-04T20:51:55.096858,1448.312790537,0.20000000001124424,2.078099757474769,0.2,-1.8780997574635248,False,1.8780997574635248,0.0,INIT
2025-12-04T20:51:55.159733,1448.375664579,0.20000000001124424,2.0763224275026637,0.2,-1.8763224274914194,False,1.8763224274914194,0.0,INIT
2025-12-04T20:51:55.163595,1448.379530541,0.2000000000106253,2.0763224275026637,0.2,-1.8763224274920385,False,1.8763224274920385,0.0,INIT
2025-12-04T20:51:55.164451,1448.380384876,0.2000000000106253,2.0763224275026637,0.2,-1.8763224274920385,False,1.8763224274920385,0.0,INIT
2025-12-04T20:51:55.165823,1448.381755643,0.2000000000106253,2.074544550392181,0.2,-1.8745445503815559,False,1.8745445503815559,0.0,INIT
2025-12-04T20:51:55.168550,1448.384492103,0.2000000000106253,2.072766129906076,0.2,-1.8727661298954505,False,1.8727661298954505,0.0,INIT
2025-12-04T20:51:55.169751,1448.385684589,0.2000000000106253,2.072766129906076,0.2,-1.8727661298954505,False,1.8727661298954505,0.0,INIT
2025-12-04T20:51:55.171000,1448.386931896,0.2000000000106253,2.0709871697802793,0.2,-1.870987169769654,False,1.870987169769654,0.0,INIT
2025-12-04T20:51:55.189331,1448.405264706,0.2000000000106253,2.0709871697802793,0.2,-1.870987169769654,False,1.870987169769654,0.0,INIT
2025-12-04T20:51:55.191584,1448.407517173,0.2000000000106253,2.069207673724125,0.2,-1.8692076737134997,False,1.8692076737134997,0.0,INIT
2025-12-04T20:51:55.220828,1448.436768372,0.2000000000106253,2.069207673724125,0.2,-1.8692076737134997,False,1.8692076737134997,0.0,INIT
2025-12-04T20:51:55.224964,1448.440904721,0.2000000000106253,2.0674276454206373,0.2,-1.867427645410012,False,1.867427645410012,0.0,INIT
2025-12-04T20:51:55.226133,1448.442063204,0.2000000000106253,2.0674276454206373,0.2,-1.867427645410012,False,1.867427645410012,0.0,INIT
2025-12-04T20:51:55.232021,1448.447957023,0.20000000001062532,2.0674276454206373,0.2,-1.867427645410012,False,1.867427645410012,0.0,INIT
2025-12-04T20:51:55.241799,1448.457728562,0.20000000001062532,2.065647088526811,0.2,-1.8656470885161858,False,1.8656470885161858,0.0,INIT
2025-12-04T20:51:55.256420,1448.472353403,0.2000000000106253,2.065647088526811,0.2,-1.8656470885161858,False,1.8656470885161858,0.0,INIT
2025-12-04T20:51:55.264706,1448.480642872,0.2000000000106253,2.063866006673826,0.2,-1.8638660066632007,False,1.8638660066632007,0.0,INIT
2025-12-04T20:51:55.274064,1448.490029543,0.2000000000106253,2.063866006673826,0.2,-1.8638660066632007,False,1.8638660066632007,0.0,INIT
2025-12-04T20:51:55.303885,1448.519831163,0.2000000000106253,2.0620844034673596,0.2,-1.8620844034567343,False,1.8620844034567343,0.0,INIT
2025-12-04T20:51:55.308749,1448.524699611,0.2000000000106253,2.0620844034673596,0.2,-1.8620844034567343,False,1.8620844034567343,0.0,INIT
2025-12-04T20:51:55.367721,1448.583658708,0.2000000000106253,2.0603022824877835,0.2,-1.8603022824771582,False,1.8603022824771582,0.0,INIT
2025-12-04T20:51:55.373222,1448.589154406,0.2000000000106253,2.0603022824877835,0.2,-1.8603022824771582,False,1.8603022824771582,0.0,INIT
2025-12-04T20:51:55.374933,1448.590867716,0.2000000000106253,2.058519647290475,0.2,-1.8585196472798498,False,1.8585196472798498,0.0,INIT
2025-12-04T20:51:55.376482,1448.592425748,0.2000000000106253,2.058519647290475,0.2,-1.8585196472798498,False,1.8585196472798498,0.0,INIT
2025-12-04T20:51:55.378130,1448.594068338,0.2000000000106253,2.056736501406001,0.2,-1.8567365013953758,False,1.8567365013953758,0.0,INIT
2025-12-04T20:51:55.380288,1448.59629447,0.2000000000106253,2.056736501406001,0.2,-1.8567365013953758,False,1.8567365013953758,0.0,INIT
2025-12-04T20:51:55.381425,1448.597354524,0.2000000000106253,2.0549528483404407,0.2,-1.8549528483298154,False,1.8549528483298154,0.0,INIT
2025-12-04T20:51:55.401643,1448.617575911,0.2000000000106253,2.0549528483404407,0.2,-1.8549528483298154,False,1.8549528483298154,0.0,INIT
2025-12-04T20:51:55.404082,1448.620041325,0.2000000000106253,2.0549528483404407,0.2,-1.8549528483298154,False,1.8549528483298154,0.0,INIT
2025-12-04T20:51:55.490377,1448.70631157,0.20000000001124424,2.053168691575543,0.2,-1.8531686915642986,False,1.8531686915642986,0.0,INIT
2025-12-04T20:51:55.494796,1448.710726525,0.20000000001124424,2.053168691575543,0.2,-1.8531686915642986,False,1.8531686915642986,0.0,INIT
2025-12-04T20:51:55.504962,1448.720894683,0.20000000001124424,2.051384034569045,0.2,-1.8513840345578008,False,1.8513840345578008,0.0,INIT
2025-12-04T20:51:55.538912,1448.754844219,0.20000000001062532,2.0495988807548464,0.2,-1.8495988807442212,False,1.8495988807442212,0.0,INIT
2025-12-04T20:51:55.542676,1448.758609991,0.20000000001062532,2.0495988807548464,0.2,-1.8495988807442212,False,1.8495988807442212,0.0,INIT
2025-12-04T20:51:55.544378,1448.760310888,0.20000000001062532,2.0495988807548464,0.2,-1.8495988807442212,False,1.8495988807442212,0.0,INIT
2025-12-04T20:51:55.546000,1448.761929525,0.20000000001062532,2.047813233543299,0.2,-1.8478132335326738,False,1.8478132335326738,0.0,INIT
2025-12-04T20:51:55.547512,1448.763441824,0.20000000001062532,2.047813233543299,0.2,-1.8478132335326738,False,1.8478132335326738,0.0,INIT
2025-12-04T20:51:55.548426,1448.764359657,0.20000000001062532,2.0460270963213922,0.2,-1.846027096310767,False,1.846027096310767,0.0,INIT
2025-12-04T20:51:55.550721,1448.766651028,0.20000000001062532,2.0460270963213922,0.2,-1.846027096310767,False,1.846027096310767,0.0,INIT
2025-12-04T20:51:55.551747,1448.767675309,0.20000000001062532,2.0442404724530228,0.2,-1.8442404724423975,False,1.8442404724423975,0.0,INIT
2025-12-04T20:51:55.553106,1448.769037487,0.20000000001062532,2.0442404724530228,0.2,-1.8442404724423975,False,1.8442404724423975,0.0,INIT
2025-12-04T20:51:55.554389,1448.770319942,0.20000000001062532,2.0424533652791883,0.2,-1.842453365268563,False,1.842453365268563,0.0,INIT
2025-12-04T20:51:55.555788,1448.771721872,0.20000000001062532,2.0424533652791883,0.2,-1.842453365268563,False,1.842453365268563,0.0,INIT
2025-12-04T20:51:55.560982,1448.776915089,0.20000000001062532,2.0406657781182425,0.2,-1.8406657781076172,False,1.8406657781076172,0.0,INIT
2025-12-04T20:51:55.571668,1448.787602476,0.20000000001124424,2.0406657781182425,0.2,-1.8406657781069982,False,1.8406657781069982,0.0,INIT
2025-12-04T20:51:55.586394,1448.802337847,0.2000000000106253,2.038877714266089,0.2,-1.838877714255464,False,1.838877714255464,0.0,INIT
2025-12-04T20:51:55.595061,1448.810992548,0.2000000000106253,2.037089176996435,0.2,-1.83708917698581,False,1.83708917698581,0.0,INIT
2025-12-04T20:51:55.603002,1448.818934262,0.20000000001124424,2.037089176996435,0.2,-1.837089176985191,False,1.837089176985191,0.0,INIT
2025-12-04T20:51:55.625560,1448.841492084,0.20000000001124424,2.0353001695609674,0.2,-1.835300169549723,False,1.835300169549723,0.0,INIT
2025-12-04T20:51:55.627238,1448.843166544,0.2000000000106253,2.0353001695609674,0.2,-1.8353001695503421,False,1.8353001695503421,0.0,INIT
2025-12-04T20:51:55.637713,1448.853647958,0.2000000000106253,2.033510695189606,0.2,-1.8335106951789808,False,1.8335106951789808,0.0,INIT
2025-12-04T20:51:55.667990,1448.883928075,0.20000000001124424,2.033510695189606,0.2,-1.8335106951783617,False,1.8335106951783617,0.0,INIT
2025-12-04T20:51:55.673076,1448.889028366,0.2000000000106253,2.031720757090702,0.2,-1.8317207570800769,False,1.8317207570800769,0.0,INIT
2025-12-04T20:51:55.675709,1448.891652477,0.2000000000106253,2.031720757090702,0.2,-1.8317207570800769,False,1.8317207570800769,0.0,INIT
2025-12-04T20:51:55.679891,1448.895821748,0.2000000000106253,2.031720757090702,0.2,-1.8317207570800769,False,1.8317207570800769,0.0,INIT
2025-12-04T20:51:55.691028,1448.906955865,0.20000000001124424,2.0299303584512476,0.2,-1.8299303584400033,False,1.8299303584400033,0.0,INIT
2025-12-04T20:51:55.703778,1448.919726506,0.20000000001124424,2.028139502437071,0.2,-1.8281395024258267,False,1.8281395024258267,0.0,INIT
2025-12-04T20:51:55.721953,1448.937892778,0.2000000000106253,2.028139502437071,0.2,-1.8281395024264457,False,1.8281395024264457,0.0,INIT
2025-12-04T20:51:55.735585,1448.951517737,0.2000000000106253,2.026348192193079,0.2,-1.8263481921824536,False,1.8263481921824536,0.0,INIT
2025-12-04T20:51:55.739783,1448.955716113,0.2000000000106253,2.026348192193079,0.2,-1.8263481921824536,False,1.8263481921824536,0.0,INIT
2025-12-04T20:51:55.745622,1448.961555479,0.2000000000106253,2.024556430843422,0.2,-1.8245564308327966,False,1.8245564308327966,0.0,INIT
2025-12-04T20:51:55.767668,1448.983602471,0.2000000000106253,2.024556430843422,0.2,-1.8245564308327966,False,1.8245564308327966,0.0,INIT
2025-12-04T20:51:55.769149,1448.985080715,0.2000000000106253,2.0227642214917125,0.2,-1.8227642214810873,False,1.8227642214810873,0.0,INIT
2025-12-04T20:51:55.779382,1448.99531594,0.2000000000106253,2.0227642214917125,0.2,-1.8227642214810873,False,1.8227642214810873,0.0,INIT
2025-12-04T20:51:55.792083,1449.008022993,0.2000000000106253,2.0227642214917125,0.2,-1.8227642214810873,False,1.8227642214810873,0.0,INIT
2025-12-04T20:51:55.801125,1449.017059801,0.20000000001062532,2.0227642214917125,0.2,-1.8227642214810873,False,1.8227642214810873,0.0,INIT
2025-12-04T20:51:55.834637,1449.05056966,0.20000000001062532,2.0209715672212454,0.2,-1.8209715672106201,False,1.8209715672106201,0.0,INIT
2025-12-04T20:51:55.849626,1449.065558204,0.2000000000106253,2.0209715672212454,0.2,-1.8209715672106201,False,1.8209715672106201,0.0,INIT
2025-12-04T20:51:55.851800,1449.067727677,0.2000000000106253,2.019178471095147,0.2,-1.8191784710845218,False,1.8191784710845218,0.0,INIT
2025-12-04T20:51:55.852684,1449.068604648,0.2000000000106253,2.019178471095147,0.2,-1.8191784710845218,False,1.8191784710845218,0.0,INIT
2025-12-04T20:51:55.855830,1449.071766317,0.2000000000106253,2.017384936156626,0.2,-1.8173849361460006,False,1.8173849361460006,0.0,INIT
2025-12-04T20:51:55.865835,1449.081768062,0.2000000000106253,2.017384936156626,0.2,-1.8173849361460006,False,1.8173849361460006,0.0,INIT
2025-12-04T20:51:55.916176,1449.132105256,0.2000000000106253,2.015590965429115,0.2,-1.8155909654184896,False,1.8155909654184896,0.0,INIT
2025-12-04T20:51:55.929169,1449.145100072,0.2000000000112442,2.015590965429115,0.2,-1.8155909654178706,False,1.8155909654178706,0.0,INIT
2025-12-04T20:51:55.930946,1449.146875992,0.2000000000112442,2.0137965619165126,0.2,-1.8137965619052683,False,1.8137965619052683,0.0,INIT
2025-12-04T20:51:55.933614,1449.149548288,0.2000000000112442,2.0137965619165126,0.2,-1.8137965619052683,False,1.8137965619052683,0.0,INIT
2025-12-04T20:51:55.934469,1449.150398069,0.2000000000112442,2.0137965619165126,0.2,-1.8137965619052683,False,1.8137965619052683,0.0,INIT
2025-12-04T20:51:55.938816,1449.15474839,0.2000000000112442,2.0137965619165126,0.2,-1.8137965619052683,False,1.8137965619052683,0.0,INIT
2025-12-04T20:51:55.944839,1449.160777061,0.2000000000106253,2.0120017286033125,0.2,-1.8120017285926873,False,1.8120017285926873,0.0,INIT
2025-12-04T20:51:55.955401,1449.1713332,0.2000000000106253,2.0120017286033125,0.2,-1.8120017285926873,False,1.8120017285926873,0.0,INIT
2025-12-04T20:51:55.987281,1449.203231551,0.2000000000106253,2.0102064684548715,0.2,-1.8102064684442463,False,1.8102064684442463,0.0,INIT
2025-12-04T20:51:55.989918,1449.20585131,0.2000000000106253,2.0084107844175065,0.2,-1.8084107844068813,False,1.8084107844068813,0.0,INIT
2025-12-04T20:51:55.992453,1449.208383482,0.2000000000106253,2.0084107844175065,0.2,-1.8084107844068813,False,1.8084107844068813,0.0,INIT
2025-12-04T20:51:55.997647,1449.213577568,0.2000000000106253,2.006614679418748,0.2,-1.8066146794081226,False,1.8066146794081226,0.0,INIT
2025-12-04T20:51:56.011485,1449.227419924,0.2000000000106253,2.006614679418748,0.2,-1.8066146794081226,False,1.8066146794081226,0.0,INIT
2025-12-04T20:51:56.021299,1449.237238903,0.2000000000106253,2.004818156367471,0.2,-1.804818156356846,False,1.804818156356846,0.0,INIT
2025-12-04T20:51:56.035331,1449.251269638,0.2000000000106253,2.004818156367471,0.2,-1.804818156356846,False,1.804818156356846,0.0,INIT
2025-12-04T20:51:56.041998,1449.257933851,0.2000000000106253,2.004818156367471,0.2,-1.804818156356846,False,1.804818156356846,0.0,INIT
2025-12-04T20:51:56.053171,1449.269106061,0.2000000000106253,2.004818156367471,0.2,-1.804818156356846,False,1.804818156356846,0.0,INIT
2025-12-04T20:51:56.062465,1449.278394693,0.2000000000106253,2.003021218154122,0.2,-1.8030212181434966,False,1.8030212181434966,0.0,INIT
2025-12-04T20:51:56.077476,1449.29340922,0.20000000001124424,2.003021218154122,0.2,-1.8030212181428775,False,1.8030212181428775,0.0,INIT
2025-12-04T20:51:56.085118,1449.301049585,0.20000000001124424,2.0012238676508503,0.2,-1.801223867639606,False,1.801223867639606,0.0,INIT
2025-12-04T20:51:56.128316,1449.34424479,0.20000000001124424,2.0012238676508503,0.2,-1.801223867639606,False,1.801223867639606,0.0,INIT
2025-12-04T20:51:56.141420,1449.357357173,0.20000000001062532,1.9976279411728655,0.2,-1.7976279411622402,False,1.7976279411622402,0.0,INIT
2025-12-04T20:51:56.151331,1449.367258328,0.20000000001062532,1.9958293708526718,0.2,-1.7958293708420465,False,1.7958293708420465,0.0,INIT
2025-12-04T20:51:56.171107,1449.387073054,0.20000000001124424,1.9958293708526718,0.2,-1.7958293708414275,False,1.7958293708414275,0.0,INIT
2025-12-04T20:51:56.175384,1449.391318393,0.20000000001124424,1.9940303995519306,0.2,-1.7940303995406863,False,1.7940303995406863,0.0,INIT
2025-12-04T20:51:56.215782,1449.4317146,0.20000000001124424,1.9940303995519306,0.2,-1.7940303995406863,False,1.7940303995406863,0.0,INIT
2025-12-04T20:51:56.217782,1449.433711648,0.20000000001124424,1.9922310300540405,0.2,-1.7922310300427962,False,1.7922310300427962,0.0,INIT
2025-12-04T20:51:56.218840,1449.434768526,0.20000000001124424,1.9922310300540405,0.2,-1.7922310300427962,False,1.7922310300427962,0.0,INIT
2025-12-04T20:51:56.219595,1449.435522902,0.20000000001124424,1.99043126512513,0.2,-1.7904312651138856,False,1.7904312651138856,0.0,INIT
2025-12-04T20:51:56.228231,1449.444162861,0.2000000000106253,1.99043126512513,0.2,-1.7904312651145047,False,1.7904312651145047,0.0,INIT
2025-12-04T20:51:56.254819,1449.470757604,0.2000000000106253,1.988631107514264,0.2,-1.7886311075036387,False,1.7886311075036387,0.0,INIT
2025-12-04T20:51:56.263664,1449.479600524,0.20000000001124424,1.988631107514264,0.2,-1.7886311075030197,False,1.7886311075030197,0.0,INIT
2025-12-04T20:51:56.265537,1449.481470129,0.20000000001124424,1.9868305599535887,0.2,-1.7868305599423444,False,1.7868305599423444,0.0,INIT
2025-12-04T20:51:56.275431,1449.49136514,0.20000000001124424,1.9868305599535887,0.2,-1.7868305599423444,False,1.7868305599423444,0.0,INIT
2025-12-04T20:51:56.287437,1449.503370353,0.2000000000106253,1.9868305599535887,0.2,-1.7868305599429635,False,1.7868305599429635,0.0,INIT
2025-12-04T20:51:56.298483,1449.514413255,0.2000000000106253,1.9850296251584965,0.2,-1.7850296251478712,False,1.7850296251478712,0.0,INIT
2025-12-04T20:51:56.311872,1449.527801993,0.20000000001124424,1.9850296251584965,0.2,-1.7850296251472522,False,1.7850296251472522,0.0,INIT
2025-12-04T20:51:56.318695,1449.534626811,0.20000000001124424,1.9832283058277707,0.2,-1.7832283058165264,False,1.7832283058165264,0.0,INIT
2025-12-04T20:51:56.368416,1449.58434908,0.2000000000106253,1.9832283058277707,0.2,-1.7832283058171454,False,1.7832283058171454,0.0,INIT
2025-12-04T20:51:56.407958,1449.623891536,0.2000000000106253,1.9814266046437758,0.2,-1.7814266046331506,False,1.7814266046331506,0.0,INIT
2025-12-04T20:51:56.412470,1449.628397128,0.2000000000106253,1.9814266046437758,0.2,-1.7814266046331506,False,1.7814266046331506,0.0,INIT
2025-12-04T20:51:56.413454,1449.629384713,0.2000000000106253,1.9796245242725874,0.2,-1.7796245242619622,False,1.7796245242619622,0.0,INIT
2025-12-04T20:51:56.420975,1449.636909844,0.2000000000106253,1.9796245242725874,0.2,-1.7796245242619622,False,1.7796245242619622,0.0,INIT
2025-12-04T20:51:56.441875,1449.657808955,0.2000000000106253,1.9778220673641567,0.2,-1.7778220673535314,False,1.7778220673535314,0.0,INIT
2025-12-04T20:51:56.444236,1449.660168362,0.2000000000106253,1.9778220673641567,0.2,-1.7778220673535314,False,1.7778220673535314,0.0,INIT
2025-12-04T20:51:56.446122,1449.662070672,0.2000000000106253,1.9778220673641567,0.2,-1.7778220673535314,False,1.7778220673535314,0.0,INIT
2025-12-04T20:51:56.447598,1449.663528188,0.2000000000106253,1.9778220673641567,0.2,-1.7778220673535314,False,1.7778220673535314,0.0,INIT
2025-12-04T20:51:56.449867,1449.665798306,0.2000000000106253,1.9760192365524798,0.2,-1.7760192365418546,False,1.7760192365418546,0.0,INIT
2025-12-04T20:51:56.451016,1449.666945545,0.2000000000106253,1.9760192365524798,0.2,-1.7760192365418546,False,1.7760192365418546,0.0,INIT
2025-12-04T20:51:56.453630,1449.669576577,0.2000000000106253,1.9742160344557167,0.2,-1.7742160344450915,False,1.7742160344450915,0.0,INIT
2025-12-04T20:51:56.461158,1449.677092167,0.2000000000106253,1.9742160344557167,0.2,-1.7742160344450915,False,1.7742160344450915,0.0,INIT
2025-12-04T20:51:56.473818,1449.689753685,0.2000000000106253,1.9724124636763847,0.2,-1.7724124636657594,False,1.7724124636657594,0.0,INIT
2025-12-04T20:51:56.482265,1449.698194526,0.2000000000106253,1.9724124636763847,0.2,-1.7724124636657594,False,1.7724124636657594,0.0,INIT
2025-12-04T20:51:56.493738,1449.709669547,0.2000000000106253,1.970608526801458,0.2,-1.7706085267908327,False,1.7706085267908327,0.0,INIT
2025-12-04T20:51:56.504908,1449.720852234,0.20000000001062532,1.970608526801458,0.2,-1.7706085267908327,False,1.7706085267908327,0.0,INIT
2025-12-04T20:51:56.516161,1449.732092769,0.20000000001062532,1.9688042264025718,0.2,-1.7688042263919466,False,1.7688042263919466,0.0,INIT
2025-12-04T20:51:56.545944,1449.761898229,0.20000000001062532,1.9688042264025718,0.2,-1.7688042263919466,False,1.7688042263919466,0.0,INIT
2025-12-04T20:51:56.553578,1449.769527421,0.2000000000112442,1.9688042264025718,0.2,-1.7688042263913275,False,1.7688042263913275,0.0,INIT
2025-12-04T20:51:56.556499,1449.772435237,0.2000000000106253,1.9669995650361027,0.2,-1.7669995650254775,False,1.7669995650254775,0.0,INIT
2025-12-04T20:51:56.572669,1449.78860461,0.2000000000106253,1.9669995650361027,0.2,-1.7669995650254775,False,1.7669995650254775,0.0,INIT
2025-12-04T20:51:56.575067,1449.790998877,0.2000000000106253,1.965194545243401,0.2,-1.7651945452327757,False,1.7651945452327757,0.0,INIT
2025-12-04T20:51:56.584175,1449.800108834,0.2000000000106253,1.965194545243401,0.2,-1.7651945452327757,False,1.7651945452327757,0.0,INIT
2025-12-04T20:51:56.592325,1449.808259556,0.2000000000106253,1.9633891695508359,0.2,-1.7633891695402106,False,1.7633891695402106,0.0,INIT
2025-12-04T20:51:56.605361,1449.821306736,0.2000000000106253,1.9633891695508359,0.2,-1.7633891695402106,False,1.7633891695402106,0.0,INIT
2025-12-04T20:51:56.623409,1449.839343329,0.2000000000106253,1.961583440470017,0.2,-1.7615834404593917,False,1.7615834404593917,0.0,INIT
2025-12-04T20:51:56.638285,1449.854224155,0.2000000000106253,1.961583440470017,0.2,-1.7615834404593917,False,1.7615834404593917,0.0,INIT
2025-12-04T20:51:56.640286,1449.85623505,0.2000000000106253,1.959777360497883,0.2,-1.7597773604872577,False,1.7597773604872577,0.0,INIT
2025-12-04T20:51:56.682871,1449.898805648,0.2000000000106253,1.959777360497883,0.2,-1.7597773604872577,False,1.7597773604872577,0.0,INIT
2025-12-04T20:51:56.685707,1449.901634266,0.20000000001124424,1.959777360497883,0.2,-1.7597773604866387,False,1.7597773604866387,0.0,INIT
2025-12-04T20:51:56.686282,1449.90220334,0.20000000001124424,1.9579709321168828,0.2,-1.7579709321056385,False,1.7579709321056385,0.0,INIT
2025-12-04T20:51:56.687484,1449.903415586,0.20000000001124424,1.9579709321168828,0.2,-1.7579709321056385,False,1.7579709321056385,0.0,INIT
2025-12-04T20:51:56.698449,1449.914379274,0.20000000001124424,1.9561641577950688,0.2,-1.7561641577838245,False,1.7561641577838245,0.0,INIT
2025-12-04T20:51:56.739011,1449.954955777,0.20000000001062532,1.9561641577950688,0.2,-1.7561641577844436,False,1.7561641577844436,0.0,INIT
2025-12-04T20:51:56.744729,1449.960668712,0.20000000001062532,1.9543570399862853,0.2,-1.75435703997566,False,1.75435703997566,0.0,INIT
2025-12-04T20:51:56.745522,1449.961451013,0.20000000001062532,1.9543570399862853,0.2,-1.75435703997566,False,1.75435703997566,0.0,INIT
2025-12-04T20:51:56.747503,1449.963432645,0.20000000001062532,1.9525495811302491,0.2,-1.752549581119624,False,1.752549581119624,0.0,INIT
2025-12-04T20:51:56.748503,1449.964431638,0.20000000001062532,1.9525495811302491,0.2,-1.752549581119624,False,1.752549581119624,0.0,INIT
2025-12-04T20:51:56.822467,1450.038409004,0.20000000001062532,1.950741783652739,0.2,-1.7507417836421137,False,1.7507417836421137,0.0,INIT
2025-12-04T20:51:56.878492,1450.094422045,0.20000000001062532,1.9489336499656682,0.2,-1.748933649955043,False,1.748933649955043,0.0,INIT
2025-12-04T20:51:56.882546,1450.098478181,0.20000000001124424,1.9489336499656682,0.2,-1.748933649954424,False,1.748933649954424,0.0,INIT
2025-12-04T20:51:56.889709,1450.105641056,0.2000000000106253,1.947125182467282,0.2,-1.7471251824566567,False,1.7471251824566567,0.0,INIT
2025-12-04T20:51:56.891262,1450.107196412,0.2000000000106253,1.947125182467282,0.2,-1.7471251824566567,False,1.7471251824566567,0.0,INIT
2025-12-04T20:51:56.891925,1450.107852962,0.2000000000106253,1.945316383542222,0.2,-1.7453163835315968,False,1.7453163835315968,0.0,INIT
2025-12-04T20:51:56.892680,1450.108606813,0.2000000000106253,1.945316383542222,0.2,-1.7453163835315968,False,1.7453163835315968,0.0,INIT
2025-12-04T20:51:56.893626,1450.10955284,0.2000000000106253,1.943507255561709,0.2,-1.7435072555510838,False,1.7435072555510838,0.0,INIT
2025-12-04T20:51:56.894333,1450.110259423,0.2000000000106253,1.943507255561709,0.2,-1.7435072555510838,False,1.7435072555510838,0.0,INIT
2025-12-04T20:51:56.894849,1450.110774916,0.2000000000106253,1.941697800883647,0.2,-1.7416978008730217,False,1.7416978008730217,0.0,INIT
2025-12-04T20:51:56.895597,1450.111523898,0.2000000000106253,1.941697800883647,0.2,-1.7416978008730217,False,1.7416978008730217,0.0,INIT
2025-12-04T20:51:56.896161,1450.112085484,0.2000000000106253,1.941697800883647,0.2,-1.7416978008730217,False,1.7416978008730217,0.0,INIT
2025-12-04T20:51:56.904869,1450.120803596,0.2000000000106253,1.9398880218527506,0.2,-1.7398880218421253,False,1.7398880218421253,0.0,INIT
2025-12-04T20:51:56.909790,1450.125730936,0.20000000001124424,1.9398880218527506,0.2,-1.7398880218415063,False,1.7398880218415063,0.0,INIT
2025-12-04T20:51:56.954770,1450.170706747,0.20000000001124424,1.9380779208006604,0.2,-1.7380779207894161,False,1.7380779207894161,0.0,INIT
2025-12-04T20:51:56.958220,1450.174178513,0.20000000001124424,1.9380779208006604,0.2,-1.7380779207894161,False,1.7380779207894161,0.0,INIT
2025-12-04T20:51:56.960062,1450.175997982,0.2000000000106253,1.936267500046096,0.2,-1.7362675000354708,False,1.7362675000354708,0.0,INIT
2025-12-04T20:51:56.960953,1450.176882656,0.2000000000106253,1.936267500046096,0.2,-1.7362675000354708,False,1.7362675000354708,0.0,INIT
2025-12-04T20:51:56.964254,1450.180184993,0.2000000000106253,1.934456761894948,0.2,-1.7344567618843227,False,1.7344567618843227,0.0,INIT
2025-12-04T20:51:56.976355,1450.192297456,0.2000000000106253,1.934456761894948,0.2,-1.7344567618843227,False,1.7344567618843227,0.0,INIT
2025-12-04T20:51:57.000840,1450.216769879,0.2000000000106253,1.932645708640413,0.2,-1.7326457086297877,False,1.7326457086297877,0.0,INIT
2025-12-04T20:51:57.001688,1450.217619651,0.2000000000106253,1.932645708640413,0.2,-1.7326457086297877,False,1.7326457086297877,0.0,INIT
2025-12-04T20:51:57.009828,1450.225757179,0.20000000001062532,1.932645708640413,0.2,-1.7326457086297877,False,1.7326457086297877,0.0,INIT
2025-12-04T20:51:57.025964,1450.241897658,0.20000000001062532,1.9308343425631307,0.2,-1.7308343425525055,False,1.7308343425525055,0.0,INIT
2025-12-04T20:51:57.045606,1450.261540864,0.2000000000106253,1.9308343425631307,0.2,-1.7308343425525055,False,1.7308343425525055,0.0,INIT
2025-12-04T20:51:57.048507,1450.264449709,0.2000000000106253,1.9290226659312646,0.2,-1.7290226659206394,False,1.7290226659206394,0.0,INIT
2025-12-04T20:51:57.052779,1450.268720182,0.2000000000106253,1.9290226659312646,0.2,-1.7290226659206394,False,1.7290226659206394,0.0,INIT
2025-12-04T20:51:57.061287,1450.277220124,0.2000000000106253,1.927210681000667,0.2,-1.7272106809900418,False,1.7272106809900418,0.0,INIT
2025-12-04T20:51:57.075741,1450.291677501,0.2000000000106253,1.927210681000667,0.2,-1.7272106809900418,False,1.7272106809900418,0.0,INIT
2025-12-04T20:51:57.087634,1450.303565511,0.2000000000106253,1.9253983900149496,0.2,-1.7253983900043244,False,1.7253983900043244,0.0,INIT
2025-12-04T20:51:57.093530,1450.309456323,0.20000000001062532,1.9253983900149496,0.2,-1.7253983900043244,False,1.7253983900043244,0.0,INIT
2025-12-04T20:51:57.106401,1450.322336955,0.20000000001062532,1.923585795205648,0.2,-1.7235857951950229,False,1.7235857951950229,0.0,INIT
2025-12-04T20:51:57.115831,1450.331760097,0.20000000001062532,1.923585795205648,0.2,-1.7235857951950229,False,1.7235857951950229,0.0,INIT
2025-12-04T20:51:57.126853,1450.342781761,0.2000000000112442,1.923585795205648,0.2,-1.7235857951944038,False,1.7235857951944038,0.0,INIT
2025-12-04T20:51:57.137853,1450.353785338,0.2000000000112442,1.921772898792276,0.2,-1.7217728987810317,False,1.7217728987810317,0.0,INIT
2025-12-04T20:51:57.149159,1450.365092832,0.2000000000106253,1.921772898792276,0.2,-1.7217728987816507,False,1.7217728987816507,0.0,INIT
2025-12-04T20:51:57.192275,1450.408206946,0.2000000000106253,1.919959702982526,0.2,-1.7199597029719007,False,1.7199597029719007,0.0,INIT
2025-12-04T20:51:57.204272,1450.420205805,0.2000000000106253,1.919959702982526,0.2,-1.7199597029719007,False,1.7199597029719007,0.0,INIT
2025-12-04T20:51:57.212283,1450.428220603,0.2000000000106253,1.9181462099722832,0.2,-1.718146209961658,False,1.718146209961658,0.0,INIT
2025-12-04T20:51:57.214491,1450.430420101,0.2000000000106253,1.9181462099722832,0.2,-1.718146209961658,False,1.718146209961658,0.0,INIT
2025-12-04T20:51:57.215577,1450.431507743,0.2000000000106253,1.9163324219458193,0.2,-1.716332421935194,False,1.716332421935194,0.0,INIT
2025-12-04T20:51:57.216470,1450.432398165,0.2000000000106253,1.9163324219458193,0.2,-1.716332421935194,False,1.716332421935194,0.0,INIT
2025-12-04T20:51:57.225981,1450.441913439,0.2000000000106253,1.914518341075845,0.2,-1.7145183410652198,False,1.7145183410652198,0.0,INIT
2025-12-04T20:51:57.264756,1450.480684909,0.2000000000106253,1.914518341075845,0.2,-1.7145183410652198,False,1.7145183410652198,0.0,INIT
2025-12-04T20:51:57.267204,1450.483133293,0.20000000001124424,1.912703969523668,0.2,-1.7127039695124238,False,1.7127039695124238,0.0,INIT
2025-12-04T20:51:57.273956,1450.489890599,0.20000000001124424,1.912703969523668,0.2,-1.7127039695124238,False,1.7127039695124238,0.0,INIT
2025-12-04T20:51:57.326005,1450.541935433,0.20000000001062532,1.9108893094392583,0.2,-1.710889309428633,False,1.710889309428633,0.0,INIT
2025-12-04T20:51:57.328917,1450.544845174,0.20000000001062532,1.9108893094392583,0.2,-1.710889309428633,False,1.710889309428633,0.0,INIT
2025-12-04T20:51:57.329796,1450.545724609,0.20000000001062532,1.9090743629614,0.2,-1.7090743629507748,False,1.7090743629507748,0.0,INIT
2025-12-04T20:51:57.330746,1450.546672204,0.20000000001062532,1.9090743629614,0.2,-1.7090743629507748,False,1.7090743629507748,0.0,INIT
2025-12-04T20:51:57.331448,1450.547375897,0.20000000001062532,1.9072591322177521,0.2,-1.7072591322071269,False,1.7072591322071269,0.0,INIT
2025-12-04T20:51:57.333000,1450.548929048,0.20000000001062532,1.9072591322177521,0.2,-1.7072591322071269,False,1.7072591322071269,0.0,INIT
2025-12-04T20:51:57.340061,1450.555996642,0.20000000001124424,1.9054436193250002,0.2,-1.7054436193137559,False,1.7054436193137559,0.0,INIT
2025-12-04T20:51:57.351993,1450.56793315,0.20000000001124424,1.9036278263889184,0.2,-1.703627826377674,False,1.703627826377674,0.0,INIT
2025-12-04T20:51:57.373344,1450.589276385,0.2000000000106253,1.9036278263889184,0.2,-1.7036278263782931,False,1.7036278263782931,0.0,INIT
2025-12-04T20:51:57.374520,1450.590450693,0.2000000000106253,1.9036278263889184,0.2,-1.7036278263782931,False,1.7036278263782931,0.0,INIT
2025-12-04T20:51:57.386825,1450.602773695,0.2000000000106253,1.901811755504517,0.2,-1.7018117554938919,False,1.7018117554938919,0.0,INIT
2025-12-04T20:51:57.392350,1450.608293063,0.20000000001124424,1.901811755504517,0.2,-1.7018117554932728,False,1.7018117554932728,0.0,INIT
2025-12-04T20:51:57.401707,1450.617637219,0.20000000001124424,1.8999954087561015,0.2,-1.6999954087448572,False,1.6999954087448572,0.0,INIT
2025-12-04T20:51:57.413966,1450.629896485,0.2000000000106253,1.8999954087561015,0.2,-1.6999954087454763,False,1.6999954087454763,0.0,INIT
2025-12-04T20:51:57.447947,1450.663885963,0.2000000000106253,1.898178788217411,0.2,-1.6981787882067858,False,1.6981787882067858,0.0,INIT
2025-12-04T20:51:57.454725,1450.670664002,0.2000000000106253,1.898178788217411,0.2,-1.6981787882067858,False,1.6981787882067858,0.0,INIT
2025-12-04T20:51:57.457071,1450.673022242,0.2000000000106253,1.8963618959517037,0.2,-1.6963618959410784,False,1.6963618959410784,0.0,INIT
2025-12-04T20:51:57.457827,1450.673751781,0.2000000000106253,1.8963618959517037,0.2,-1.6963618959410784,False,1.6963618959410784,0.0,INIT
2025-12-04T20:51:57.471728,1450.687658845,0.20000000001124424,1.8945447340118653,0.2,-1.694544734000621,False,1.694544734000621,0.0,INIT
2025-12-04T20:51:57.478393,1450.694326644,0.20000000001124424,1.8945447340118653,0.2,-1.694544734000621,False,1.694544734000621,0.0,INIT
2025-12-04T20:51:57.488115,1450.704047985,0.20000000001124424,1.8927273044404807,0.2,-1.6927273044292364,False,1.6927273044292364,0.0,INIT
2025-12-04T20:51:57.514862,1450.730790967,0.2000000000106253,1.8927273044404807,0.2,-1.6927273044298554,False,1.6927273044298554,0.0,INIT
2025-12-04T20:51:57.517431,1450.733362448,0.2000000000106253,1.8909096092699826,0.2,-1.6909096092593574,False,1.6909096092593574,0.0,INIT
2025-12-04T20:51:57.521452,1450.737383652,0.2000000000106253,1.8909096092699826,0.2,-1.6909096092593574,False,1.6909096092593574,0.0,INIT
2025-12-04T20:51:57.536914,1450.752865019,0.2000000000106253,1.8890916505227047,0.2,-1.6890916505120794,False,1.6890916505120794,0.0,INIT
2025-12-04T20:51:57.543132,1450.759064805,0.2000000000106253,1.8890916505227047,0.2,-1.6890916505120794,False,1.6890916505120794,0.0,INIT
2025-12-04T20:51:57.552862,1450.768794188,0.20000000001062532,1.8872734302109908,0.2,-1.6872734302003656,False,1.6872734302003656,0.0,INIT
2025-12-04T20:51:57.563575,1450.779508331,0.20000000001062532,1.8854549503373192,0.2,-1.685454950326694,False,1.685454950326694,0.0,INIT
2025-12-04T20:51:57.573974,1450.789906997,0.2000000000106253,1.8854549503373192,0.2,-1.685454950326694,False,1.685454950326694,0.0,INIT
2025-12-04T20:51:57.585409,1450.801343956,0.2000000000106253,1.8836362128943467,0.2,-1.6836362128837215,False,1.6836362128837215,0.0,INIT
2025-12-04T20:51:57.595577,1450.811504581,0.2000000000106253,1.8836362128943467,0.2,-1.6836362128837215,False,1.6836362128837215,0.0,INIT
2025-12-04T20:51:57.619269,1450.83520846,0.2000000000106253,1.8818172198650593,0.2,-1.681817219854434,False,1.681817219854434,0.0,INIT
2025-12-04T20:51:57.622413,1450.838345967,0.2000000000106253,1.8818172198650593,0.2,-1.681817219854434,False,1.681817219854434,0.0,INIT
2025-12-04T20:51:57.628149,1450.844077796,0.2000000000106253,1.879997973222812,0.2,-1.6799979732121868,False,1.6799979732121868,0.0,INIT
2025-12-04T20:51:57.641391,1450.8573235,0.20000000001062532,1.879997973222812,0.2,-1.6799979732121868,False,1.6799979732121868,0.0,INIT
2025-12-04T20:51:57.650161,1450.866099405,0.20000000001062532,1.878178474931473,0.2,-1.6781784749208477,False,1.6781784749208477,0.0,INIT
2025-12-04T20:51:57.668677,1450.884620643,0.2000000000106253,1.878178474931473,0.2,-1.6781784749208477,False,1.6781784749208477,0.0,INIT
2025-12-04T20:51:57.672638,1450.888575211,0.2000000000106253,1.8763587269454636,0.2,-1.6763587269348383,False,1.6763587269348383,0.0,INIT
2025-12-04T20:51:57.683207,1450.899136571,0.2000000000106253,1.8763587269454636,0.2,-1.6763587269348383,False,1.6763587269348383,0.0,INIT
2025-12-04T20:51:57.694223,1450.910153525,0.2000000000106253,1.8745387312099,0.2,-1.6745387311992748,False,1.6745387311992748,0.0,INIT
2025-12-04T20:51:57.705672,1450.921610867,0.2000000000106253,1.8745387312099,0.2,-1.6745387311992748,False,1.6745387311992748,0.0,INIT
2025-12-04T20:51:57.715580,1450.931510387,0.2000000000106253,1.8727184896606524,0.2,-1.6727184896500271,False,1.6727184896500271,0.0,INIT
2025-12-04T20:51:57.726767,1450.942701594,0.2000000000106253,1.8727184896606524,0.2,-1.6727184896500271,False,1.6727184896500271,0.0,INIT
2025-12-04T20:51:57.738018,1450.953953412,0.2000000000106253,1.870898004224447,0.2,-1.6708980042138217,False,1.6708980042138217,0.0,INIT
2025-12-04T20:51:57.776421,1450.992352497,0.2000000000106253,1.870898004224447,0.2,-1.6708980042138217,False,1.6708980042138217,0.0,INIT
2025-12-04T20:51:57.777612,1450.993539407,0.2000000000106253,1.8690772768189374,0.2,-1.6690772768083122,False,1.6690772768083122,0.0,INIT
2025-12-04T20:51:57.778253,1450.994178482,0.2000000000106253,1.8690772768189374,0.2,-1.6690772768083122,False,1.6690772768083122,0.0,INIT
2025-12-04T20:51:57.780856,1450.996783543,0.2000000000106253,1.8672563093528272,0.2,-1.667256309342202,False,1.667256309342202,0.0,INIT
2025-12-04T20:51:57.822177,1451.038112651,0.2000000000106253,1.8672563093528272,0.2,-1.667256309342202,False,1.667256309342202,0.0,INIT
2025-12-04T20:51:57.824864,1451.040806632,0.2000000000106253,1.8654351037259147,0.2,-1.6654351037152895,False,1.6654351037152895,0.0,INIT
2025-12-04T20:51:57.832934,1451.048868242,0.20000000001124424,1.8654351037259147,0.2,-1.6654351037146704,False,1.6654351037146704,0.0,INIT
2025-12-04T20:51:57.834380,1451.050308644,0.20000000001124424,1.8636136618292278,0.2,-1.6636136618179835,False,1.6636136618179835,0.0,INIT
2025-12-04T20:51:57.842100,1451.05803167,0.20000000001124424,1.8636136618292278,0.2,-1.6636136618179835,False,1.6636136618179835,0.0,INIT
2025-12-04T20:51:57.846813,1451.062742483,0.20000000001124424,1.861791985545059,0.2,-1.6617919855338148,False,1.6617919855338148,0.0,INIT
2025-12-04T20:51:57.857733,1451.073664216,0.20000000001062532,1.861791985545059,0.2,-1.6617919855344339,False,1.6617919855344339,0.0,INIT
2025-12-04T20:51:57.906526,1451.122456253,0.20000000001062532,1.8599700767471008,0.2,-1.6599700767364756,False,1.6599700767364756,0.0,INIT
2025-12-04T20:51:57.910368,1451.126298815,0.2000000000106253,1.8599700767471008,0.2,-1.6599700767364756,False,1.6599700767364756,0.0,INIT
2025-12-04T20:51:57.911042,1451.126966751,0.2000000000106253,1.8581479373004832,0.2,-1.658147937289858,False,1.658147937289858,0.0,INIT
2025-12-04T20:51:57.919780,1451.135725411,0.2000000000106253,1.8581479373004832,0.2,-1.658147937289858,False,1.658147937289858,0.0,INIT
2025-12-04T20:51:57.923501,1451.13943323,0.20000000001124424,1.8563255690619052,0.2,-1.6563255690506609,False,1.6563255690506609,0.0,INIT
2025-12-04T20:51:57.924805,1451.140732036,0.20000000001124424,1.8563255690619052,0.2,-1.6563255690506609,False,1.6563255690506609,0.0,INIT
2025-12-04T20:51:57.934009,1451.149937049,0.20000000001124424,1.8545029738796668,0.2,-1.6545029738684225,False,1.6545029738684225,0.0,INIT
2025-12-04T20:51:57.944985,1451.16091896,0.20000000001124424,1.8545029738796668,0.2,-1.6545029738684225,False,1.6545029738684225,0.0,INIT
2025-12-04T20:51:57.956708,1451.172648851,0.20000000001124424,1.852680153593802,0.2,-1.6526801535825577,False,1.6526801535825577,0.0,INIT
2025-12-04T20:51:57.967912,1451.183970298,0.20000000001124424,1.852680153593802,0.2,-1.6526801535825577,False,1.6526801535825577,0.0,INIT
2025-12-04T20:51:57.978187,1451.194114657,0.20000000001124424,1.850857110036129,0.2,-1.6508571100248848,False,1.6508571100248848,0.0,INIT
2025-12-04T20:51:57.990727,1451.206667492,0.2000000000106253,1.850857110036129,0.2,-1.6508571100255038,False,1.6508571100255038,0.0,INIT
2025-12-04T20:51:57.999524,1451.215454184,0.2000000000106253,1.849033845030342,0.2,-1.6490338450197168,False,1.6490338450197168,0.0,INIT
2025-12-04T20:51:58.022590,1451.238537035,0.20000000001124424,1.849033845030342,0.2,-1.6490338450190978,False,1.6490338450190978,0.0,INIT
2025-12-04T20:51:58.025946,1451.241882843,0.20000000001124424,1.847210360392081,0.2,-1.6472103603808368,False,1.6472103603808368,0.0,INIT
2025-12-04T20:51:58.031548,1451.247477034,0.20000000001124424,1.847210360392081,0.2,-1.6472103603808368,False,1.6472103603808368,0.0,INIT
2025-12-04T20:51:58.047077,1451.263017097,0.2000000000106253,1.847210360392081,0.2,-1.6472103603814559,False,1.6472103603814559,0.0,INIT
2025-12-04T20:51:58.054030,1451.269969072,0.2000000000106253,1.845386657929037,0.2,-1.6453866579184118,False,1.6453866579184118,0.0,INIT
2025-12-04T20:51:58.095150,1451.311110004,0.2000000000106253,1.843562739441003,0.2,-1.6435627394303778,False,1.6435627394303778,0.0,INIT
2025-12-04T20:51:58.157450,1451.373385412,0.20000000001062532,1.843562739441003,0.2,-1.6435627394303778,False,1.6435627394303778,0.0,INIT
2025-12-04T20:51:58.237839,1451.45376933,0.2000000000106253,1.8380897057082821,0.2,-1.6380897056976569,False,1.6380897056976569,0.0,INIT
2025-12-04T20:51:58.257615,1451.47357545,0.2000000000106253,1.8362649409632894,0.2,-1.6362649409526642,False,1.6362649409526642,0.0,INIT
2025-12-04T20:51:58.260182,1451.476112624,0.2000000000106253,1.8362649409632894,0.2,-1.6362649409526642,False,1.6362649409526642,0.0,INIT
2025-12-04T20:51:58.261186,1451.477110196,0.2000000000106253,1.8344399690767386,0.2,-1.6344399690661133,False,1.6344399690661133,0.0,INIT
2025-12-04T20:51:58.262008,1451.477941036,0.2000000000106253,1.8344399690767386,0.2,-1.6344399690661133,False,1.6344399690661133,0.0,INIT
2025-12-04T20:51:58.262904,1451.47883279,0.2000000000106253,1.8326147918027615,0.2,-1.6326147917921363,False,1.6326147917921363,0.0,INIT
2025-12-04T20:51:58.264026,1451.479954567,0.2000000000106253,1.8326147918027615,0.2,-1.6326147917921363,False,1.6326147917921363,0.0,INIT
2025-12-04T20:51:58.290905,1451.506845431,0.2000000000106253,1.830789410888113,0.2,-1.6307894108774879,False,1.6307894108774879,0.0,INIT
2025-12-04T20:51:58.293223,1451.509154473,0.2000000000106253,1.830789410888113,0.2,-1.6307894108774879,False,1.6307894108774879,0.0,INIT
2025-12-04T20:51:58.294239,1451.510169179,0.2000000000106253,1.8289638280723022,0.2,-1.628963828061677,False,1.628963828061677,0.0,INIT
2025-12-04T20:51:58.295634,1451.511565616,0.2000000000106253,1.8289638280723022,0.2,-1.628963828061677,False,1.628963828061677,0.0,INIT
2025-12-04T20:51:58.296819,1451.512747481,0.2000000000106253,1.8271380450876311,0.2,-1.6271380450770059,False,1.6271380450770059,0.0,INIT
2025-12-04T20:51:58.297740,1451.513669068,0.2000000000106253,1.8271380450876311,0.2,-1.6271380450770059,False,1.6271380450770059,0.0,INIT
2025-12-04T20:51:58.298735,1451.514665138,0.2000000000106253,1.8253120636592808,0.2,-1.6253120636486555,False,1.6253120636486555,0.0,INIT
2025-12-04T20:51:58.299765,1451.515693288,0.2000000000106253,1.8253120636592808,0.2,-1.6253120636486555,False,1.6253120636486555,0.0,INIT
2025-12-04T20:51:58.358488,1451.574431868,0.2000000000106253,1.8234858855053648,0.2,-1.6234858854947396,False,1.6234858854947396,0.0,INIT
2025-12-04T20:51:58.362025,1451.577957676,0.2000000000106253,1.8234858855053648,0.2,-1.6234858854947396,False,1.6234858854947396,0.0,INIT
2025-12-04T20:51:58.364277,1451.5802041,0.2000000000106253,1.8216595123370443,0.2,-1.621659512326419,False,1.621659512326419,0.0,INIT
2025-12-04T20:51:58.365260,1451.581187187,0.2000000000106253,1.8216595123370443,0.2,-1.621659512326419,False,1.621659512326419,0.0,INIT
2025-12-04T20:51:58.366544,1451.582471344,0.2000000000106253,1.8198329458585452,0.2,-1.61983294584792,False,1.61983294584792,0.0,INIT
2025-12-04T20:51:58.370725,1451.586665114,0.2000000000106253,1.8198329458585452,0.2,-1.61983294584792,False,1.61983294584792,0.0,INIT
2025-12-04T20:51:58.372614,1451.588549283,0.20000000001124424,1.818006187767283,0.2,-1.6180061877560388,False,1.6180061877560388,0.0,INIT
2025-12-04T20:51:58.381708,1451.597640559,0.20000000001124424,1.816179239753887,0.2,-1.6161792397426427,False,1.6161792397426427,0.0,INIT
2025-12-04T20:51:58.393300,1451.609252594,0.20000000001062532,1.816179239753887,0.2,-1.6161792397432617,False,1.6161792397432617,0.0,INIT
2025-12-04T20:51:58.404381,1451.620312502,0.20000000001062532,1.814352103502312,0.2,-1.6143521034916868,False,1.6143521034916868,0.0,INIT
2025-12-04T20:51:58.414269,1451.630199164,0.20000000001062532,1.814352103502312,0.2,-1.6143521034916868,False,1.6143521034916868,0.0,INIT
2025-12-04T20:51:58.439684,1451.655622585,0.20000000001124424,1.814352103502312,0.2,-1.6143521034910677,False,1.6143521034910677,0.0,INIT
2025-12-04T20:51:58.442305,1451.658245905,0.2000000000106253,1.8125247806898646,0.2,-1.6125247806792393,False,1.6125247806792393,0.0,INIT
2025-12-04T20:51:58.446749,1451.662678061,0.2000000000106253,1.8125247806898646,0.2,-1.6125247806792393,False,1.6125247806792393,0.0,INIT
2025-12-04T20:51:58.457832,1451.6737729,0.2000000000106253,1.810697272987321,0.2,-1.6106972729766957,False,1.6106972729766957,0.0,INIT
2025-12-04T20:51:58.475416,1451.691346794,0.20000000001124424,1.810697272987321,0.2,-1.6106972729760767,False,1.6106972729760767,0.0,INIT
2025-12-04T20:51:58.482497,1451.698427501,0.20000000001124424,1.8088695820589464,0.2,-1.6088695820477021,False,1.6088695820477021,0.0,INIT
2025-12-04T20:51:58.500446,1451.716379699,0.20000000001124424,1.8088695820589464,0.2,-1.6088695820477021,False,1.6088695820477021,0.0,INIT
2025-12-04T20:51:58.511308,1451.727255156,0.20000000001124424,1.8070417095626023,0.2,-1.607041709551358,False,1.607041709551358,0.0,INIT
2025-12-04T20:51:58.514322,1451.730255472,0.20000000001124424,1.8070417095626023,0.2,-1.607041709551358,False,1.607041709551358,0.0,INIT
2025-12-04T20:51:58.556611,1451.772551195,0.20000000001124424,1.8052136571497952,0.2,-1.605213657138551,False,1.605213657138551,0.0,INIT
2025-12-04T20:51:58.562932,1451.77886704,0.20000000001124424,1.8052136571497952,0.2,-1.605213657138551,False,1.605213657138551,0.0,INIT
2025-12-04T20:51:58.564001,1451.779930706,0.20000000001124424,1.8033854264657547,0.2,-1.6033854264545104,False,1.6033854264545104,0.0,INIT
2025-12-04T20:51:58.565216,1451.781147633,0.20000000001124424,1.8033854264657547,0.2,-1.6033854264545104,False,1.6033854264545104,0.0,INIT
2025-12-04T20:51:58.571001,1451.78695957,0.20000000001124424,1.8015570191494747,0.2,-1.6015570191382305,False,1.6015570191382305,0.0,INIT
2025-12-04T20:51:58.580073,1451.796018034,0.2000000000106253,1.8015570191494747,0.2,-1.6015570191388495,False,1.6015570191388495,0.0,INIT
2025-12-04T20:51:58.590779,1451.806709654,0.2000000000106253,1.7997284368338224,0.2,-1.5997284368231972,False,1.5997284368231972,0.0,INIT
2025-12-04T20:51:58.630065,1451.846013419,0.2000000000106253,1.7997284368338224,0.2,-1.5997284368231972,False,1.5997284368231972,0.0,INIT
2025-12-04T20:51:58.632423,1451.848352219,0.2000000000106253,1.7978996811455596,0.2,-1.5978996811349344,False,1.5978996811349344,0.0,INIT
2025-12-04T20:51:58.632846,1451.848766658,0.2000000000106253,1.7978996811455596,0.2,-1.5978996811349344,False,1.5978996811349344,0.0,INIT
2025-12-04T20:51:58.634410,1451.850341949,0.2000000000106253,1.7960707537054343,0.2,-1.596070753694809,False,1.596070753694809,0.0,INIT
2025-12-04T20:51:58.643859,1451.859792446,0.2000000000106253,1.7960707537054343,0.2,-1.596070753694809,False,1.596070753694809,0.0,INIT
2025-12-04T20:51:58.654778,1451.870711545,0.20000000001062532,1.7960707537054343,0.2,-1.596070753694809,False,1.596070753694809,0.0,INIT
2025-12-04T20:51:58.665299,1451.881231994,0.2000000000106253,1.79424165612825,0.2,-1.5942416561176247,False,1.5942416561176247,0.0,INIT
2025-12-04T20:51:58.676595,1451.892528836,0.2000000000106253,1.7924123900229052,0.2,-1.59241239001228,False,1.59241239001228,0.0,INIT
2025-12-04T20:51:58.689788,1451.905720237,0.2000000000106253,1.7924123900229052,0.2,-1.59241239001228,False,1.59241239001228,0.0,INIT
2025-12-04T20:51:58.698545,1451.914475315,0.2000000000106253,1.7905829569924894,0.2,-1.5905829569818641,False,1.5905829569818641,0.0,INIT
2025-12-04T20:51:58.708835,1451.924763903,0.2000000000106253,1.7905829569924894,0.2,-1.5905829569818641,False,1.5905829569818641,0.0,INIT
2025-12-04T20:51:58.725552,1451.941484689,0.2000000000106253,1.788753358634307,0.2,-1.5887533586236817,False,1.5887533586236817,0.0,INIT
2025-12-04T20:51:58.739407,1451.955342809,0.20000000001062532,1.788753358634307,0.2,-1.5887533586236817,False,1.5887533586236817,0.0,INIT
2025-12-04T20:51:58.742499,1451.958426237,0.20000000001062532,1.7869235965399888,0.2,-1.5869235965293635,False,1.5869235965293635,0.0,INIT
2025-12-04T20:51:58.753261,1451.969194081,0.20000000001062532,1.7869235965399888,0.2,-1.5869235965293635,False,1.5869235965293635,0.0,INIT
2025-12-04T20:51:58.763506,1451.979435925,0.2000000000106253,1.7869235965399888,0.2,-1.5869235965293635,False,1.5869235965293635,0.0,INIT
2025-12-04T20:51:58.795662,1452.011595916,0.2000000000106253,1.7850936722955044,0.2,-1.5850936722848792,False,1.5850936722848792,0.0,INIT
2025-12-04T20:51:58.828812,1452.044752036,0.2000000000106253,1.7850936722955044,0.2,-1.5850936722848792,False,1.5850936722848792,0.0,INIT
2025-12-04T20:51:58.834963,1452.050893402,0.2000000000106253,1.783263587481268,0.2,-1.5832635874706427,False,1.5832635874706427,0.0,INIT
2025-12-04T20:51:58.835936,1452.051866266,0.2000000000106253,1.7814333436721714,0.2,-1.5814333436615462,False,1.5814333436615462,0.0,INIT
2025-12-04T20:51:58.845639,1452.061572412,0.2000000000106253,1.7814333436721714,0.2,-1.5814333436615462,False,1.5814333436615462,0.0,INIT
2025-12-04T20:51:58.846887,1452.062811762,0.2000000000106253,1.779602942437668,0.2,-1.5796029424270428,False,1.5796029424270428,0.0,INIT
2025-12-04T20:51:58.848011,1452.063938505,0.2000000000106253,1.779602942437668,0.2,-1.5796029424270428,False,1.5796029424270428,0.0,INIT
2025-12-04T20:51:58.852128,1452.068060208,0.2000000000106253,1.7777723853417982,0.2,-1.577772385331173,False,1.577772385331173,0.0,INIT
2025-12-04T20:51:58.863637,1452.079570272,0.2000000000106253,1.7777723853417982,0.2,-1.577772385331173,False,1.577772385331173,0.0,INIT
2025-12-04T20:51:58.874572,1452.090511856,0.2000000000106253,1.7777723853417982,0.2,-1.577772385331173,False,1.577772385331173,0.0,INIT
2025-12-04T20:51:58.890338,1452.106275318,0.2000000000106253,1.775941673943298,0.2,-1.5759416739326728,False,1.5759416739326728,0.0,INIT
2025-12-04T20:51:58.895266,1452.111198351,0.20000000001124424,1.775941673943298,0.2,-1.5759416739320538,False,1.5759416739320538,0.0,INIT
2025-12-04T20:51:58.907426,1452.123361263,0.20000000001124424,1.774110809795613,0.2,-1.5741108097843688,False,1.5741108097843688,0.0,INIT
2025-12-04T20:51:58.916675,1452.132606271,0.2000000000106253,1.774110809795613,0.2,-1.5741108097849879,False,1.5741108097849879,0.0,INIT
2025-12-04T20:51:58.927852,1452.143785942,0.2000000000106253,1.7722797944470017,0.2,-1.5722797944363764,False,1.5722797944363764,0.0,INIT
2025-12-04T20:51:58.939127,1452.155063449,0.20000000001124424,1.7722797944470017,0.2,-1.5722797944357574,False,1.5722797944357574,0.0,INIT
2025-12-04T20:51:58.973881,1452.189812029,0.20000000001124424,1.7704486294405504,0.2,-1.570448629429306,False,1.570448629429306,0.0,INIT
2025-12-04T20:51:58.977374,1452.193307613,0.20000000001062532,1.7704486294405504,0.2,-1.5704486294299251,False,1.5704486294299251,0.0,INIT
2025-12-04T20:51:58.978491,1452.194417375,0.20000000001062532,1.7686173163142769,0.2,-1.5686173163036516,False,1.5686173163036516,0.0,INIT
2025-12-04T20:51:58.988023,1452.2039627,0.20000000001124424,1.7686173163142769,0.2,-1.5686173163030326,False,1.5686173163030326,0.0,INIT
2025-12-04T20:51:58.995074,1452.21102664,0.20000000001124424,1.7667858566011478,0.2,-1.5667858565899035,False,1.5667858565899035,0.0,INIT
2025-12-04T20:51:59.007567,1452.223507279,0.2000000000106253,1.7667858566011478,0.2,-1.5667858565905226,False,1.5667858565905226,0.0,INIT
2025-12-04T20:51:59.017398,1452.233332105,0.2000000000106253,1.7649542518291756,0.2,-1.5649542518185504,False,1.5649542518185504,0.0,INIT
2025-12-04T20:51:59.035728,1452.251661735,0.20000000001124424,1.7649542518291756,0.2,-1.5649542518179314,False,1.5649542518179314,0.0,INIT
2025-12-04T20:51:59.043112,1452.259044456,0.20000000001124424,1.7631225035214362,0.2,-1.5631225035101919,False,1.5631225035101919,0.0,INIT
2025-12-04T20:51:59.062132,1452.278065501,0.20000000001124424,1.7631225035214362,0.2,-1.5631225035101919,False,1.5631225035101919,0.0,INIT
2025-12-04T20:51:59.064040,1452.279968531,0.20000000001124424,1.7612906131961639,0.2,-1.5612906131849196,False,1.5612906131849196,0.0,INIT
2025-12-04T20:51:59.076907,1452.292846845,0.20000000001124424,1.7612906131961639,0.2,-1.5612906131849196,False,1.5612906131849196,0.0,INIT
2025-12-04T20:51:59.082425,1452.298355781,0.20000000001124424,1.7594585823667908,0.2,-1.5594585823555465,False,1.5594585823555465,0.0,INIT
2025-12-04T20:51:59.095389,1452.311328096,0.20000000001124424,1.7594585823667908,0.2,-1.5594585823555465,False,1.5594585823555465,0.0,INIT
2025-12-04T20:51:59.114321,1452.330251698,0.2000000000106253,1.7594585823667908,0.2,-1.5594585823561655,False,1.5594585823561655,0.0,INIT
2025-12-04T20:51:59.120643,1452.336586226,0.2000000000106253,1.7576264125420096,0.2,-1.5576264125313843,False,1.5576264125313843,0.0,INIT
2025-12-04T20:51:59.139586,1452.355523714,0.20000000001124424,1.7576264125420096,0.2,-1.5576264125307653,False,1.5576264125307653,0.0,INIT
2025-12-04T20:51:59.224190,1452.440125627,0.20000000001062532,1.7557941052258066,0.2,-1.5557941052151814,False,1.5557941052151814,0.0,INIT
2025-12-04T20:51:59.229940,1452.445868901,0.20000000001062532,1.7557941052258066,0.2,-1.5557941052151814,False,1.5557941052151814,0.0,INIT
2025-12-04T20:51:59.230730,1452.446658398,0.20000000001062532,1.7539616619175638,0.2,-1.5539616619069385,False,1.5539616619069385,0.0,INIT
2025-12-04T20:51:59.231525,1452.447450463,0.20000000001062532,1.7539616619175638,0.2,-1.5539616619069385,False,1.5539616619069385,0.0,INIT
2025-12-04T20:51:59.232571,1452.44849871,0.20000000001062532,1.7521290841120694,0.2,-1.5521290841014441,False,1.5521290841014441,0.0,INIT
2025-12-04T20:51:59.233682,1452.44961436,0.20000000001062532,1.7521290841120694,0.2,-1.5521290841014441,False,1.5521290841014441,0.0,INIT
2025-12-04T20:51:59.237071,1452.453029083,0.2000000000106253,1.7502963732995962,0.2,-1.550296373288971,False,1.550296373288971,0.0,INIT
2025-12-04T20:51:59.238357,1452.45428611,0.2000000000106253,1.7502963732995962,0.2,-1.550296373288971,False,1.550296373288971,0.0,INIT
2025-12-04T20:51:59.239393,1452.455322895,0.2000000000106253,1.7484635309659655,0.2,-1.5484635309553403,False,1.5484635309553403,0.0,INIT
2025-12-04T20:51:59.239935,1452.455857094,0.2000000000106253,1.7484635309659655,0.2,-1.5484635309553403,False,1.5484635309553403,0.0,INIT
2025-12-04T20:51:59.248287,1452.464221615,0.2000000000106253,1.746630558592571,0.2,-1.5466305585819458,False,1.5466305585819458,0.0,INIT
2025-12-04T20:51:59.260189,1452.47612393,0.2000000000106253,1.746630558592571,0.2,-1.5466305585819458,False,1.5466305585819458,0.0,INIT
2025-12-04T20:51:59.275375,1452.491307229,0.2000000000106253,1.7447974576564729,0.2,-1.5447974576458476,False,1.5447974576458476,0.0,INIT
2025-12-04T20:51:59.297170,1452.513102003,0.20000000001062532,1.7447974576564729,0.2,-1.5447974576458476,False,1.5447974576458476,0.0,INIT
2025-12-04T20:51:59.299613,1452.515542636,0.20000000001062532,1.7429642296304122,0.2,-1.542964229619787,False,1.542964229619787,0.0,INIT
2025-12-04T20:51:59.303473,1452.51941491,0.20000000001062532,1.7429642296304122,0.2,-1.542964229619787,False,1.542964229619787,0.0,INIT
2025-12-04T20:51:59.312160,1452.528090373,0.20000000001062532,1.741130875982904,0.2,-1.5411308759722788,False,1.5411308759722788,0.0,INIT
2025-12-04T20:51:59.323377,1452.539310374,0.2000000000106253,1.741130875982904,0.2,-1.5411308759722788,False,1.5411308759722788,0.0,INIT
2025-12-04T20:51:59.335068,1452.550996834,0.2000000000106253,1.7392973981782465,0.2,-1.5392973981676212,False,1.5392973981676212,0.0,INIT
2025-12-04T20:51:59.345845,1452.561775357,0.2000000000106253,1.7392973981782465,0.2,-1.5392973981676212,False,1.5392973981676212,0.0,INIT
2025-12-04T20:51:59.357099,1452.573040341,0.2000000000106253,1.7374637976766216,0.2,-1.5374637976659964,False,1.5374637976659964,0.0,INIT
2025-12-04T20:51:59.367820,1452.583750096,0.2000000000106253,1.7374637976766216,0.2,-1.5374637976659964,False,1.5374637976659964,0.0,INIT
2025-12-04T20:51:59.378653,1452.594585245,0.2000000000106253,1.735630075934118,0.2,-1.5356300759234929,False,1.5356300759234929,0.0,INIT
2025-12-04T20:51:59.389496,1452.60543328,0.2000000000106253,1.735630075934118,0.2,-1.5356300759234929,False,1.5356300759234929,0.0,INIT
2025-12-04T20:51:59.403649,1452.619592604,0.2000000000106253,1.7337962344027948,0.2,-1.5337962343921696,False,1.5337962343921696,0.0,INIT
2025-12-04T20:51:59.411255,1452.62718632,0.2000000000106253,1.7337962344027948,0.2,-1.5337962343921696,False,1.5337962343921696,0.0,INIT
2025-12-04T20:51:59.422304,1452.638238532,0.2000000000106253,1.7319622745307175,0.2,-1.5319622745200923,False,1.5319622745200923,0.0,INIT
2025-12-04T20:51:59.432828,1452.648756712,0.2000000000106253,1.7319622745307175,0.2,-1.5319622745200923,False,1.5319622745200923,0.0,INIT
2025-12-04T20:51:59.443698,1452.659629604,0.2000000000106253,1.7301281977620446,0.2,-1.5301281977514194,False,1.5301281977514194,0.0,INIT
2025-12-04T20:51:59.509343,1452.725284574,0.2000000000106253,1.7301281977620446,0.2,-1.5301281977514194,False,1.5301281977514194,0.0,INIT
2025-12-04T20:51:59.513755,1452.729688,0.20000000001124424,1.7282940055370357,0.2,-1.5282940055257914,False,1.5282940055257914,0.0,INIT
2025-12-04T20:51:59.528554,1452.744510657,0.2000000000106253,1.7282940055370357,0.2,-1.5282940055264105,False,1.5282940055264105,0.0,INIT
2025-12-04T20:51:59.532091,1452.74802046,0.2000000000106253,1.7264596992921497,0.2,-1.5264596992815245,False,1.5264596992815245,0.0,INIT
2025-12-04T20:51:59.532931,1452.748862131,0.2000000000106253,1.7264596992921497,0.2,-1.5264596992815245,False,1.5264596992815245,0.0,INIT
2025-12-04T20:51:59.534413,1452.750342928,0.2000000000106253,1.7246252804600486,0.2,-1.5246252804494234,False,1.5246252804494234,0.0,INIT
2025-12-04T20:51:59.536280,1452.752223702,0.2000000000106253,1.7246252804600486,0.2,-1.5246252804494234,False,1.5246252804494234,0.0,INIT
2025-12-04T20:51:59.537935,1452.753883107,0.2000000000106253,1.722790750469696,0.2,-1.5227907504590708,False,1.5227907504590708,0.0,INIT
2025-12-04T20:51:59.557010,1452.772942852,0.2000000000106253,1.722790750469696,0.2,-1.5227907504590708,False,1.5227907504590708,0.0,INIT
2025-12-04T20:51:59.573022,1452.788959958,0.20000000001124424,1.722790750469696,0.2,-1.5227907504584517,False,1.5227907504584517,0.0,INIT
2025-12-04T20:51:59.578165,1452.794098576,0.2000000000106253,1.7209561107463616,0.2,-1.5209561107357363,False,1.5209561107357363,0.0,INIT
2025-12-04T20:51:59.579513,1452.795442737,0.2000000000106253,1.7209561107463616,0.2,-1.5209561107357363,False,1.5209561107357363,0.0,INIT
2025-12-04T20:51:59.589081,1452.805033138,0.2000000000106253,1.719121362711718,0.2,-1.5191213627010927,False,1.5191213627010927,0.0,INIT
2025-12-04T20:51:59.598474,1452.814403882,0.20000000001124424,1.719121362711718,0.2,-1.5191213627004736,False,1.5191213627004736,0.0,INIT
2025-12-04T20:51:59.609686,1452.82561736,0.20000000001124424,1.7172865077838466,0.2,-1.5172865077726023,False,1.5172865077726023,0.0,INIT
2025-12-04T20:51:59.621532,1452.837470336,0.20000000001124424,1.7172865077838466,0.2,-1.5172865077726023,False,1.5172865077726023,0.0,INIT
2025-12-04T20:51:59.630870,1452.846800051,0.20000000001124424,1.7154515473773184,0.2,-1.5154515473660741,False,1.5154515473660741,0.0,INIT
2025-12-04T20:51:59.641635,1452.85757342,0.20000000001124424,1.7154515473773184,0.2,-1.5154515473660741,False,1.5154515473660741,0.0,INIT
2025-12-04T20:51:59.652268,1452.868203764,0.20000000001124424,1.713616482903241,0.2,-1.5136164828919967,False,1.5136164828919967,0.0,INIT
2025-12-04T20:51:59.664496,1452.880429671,0.20000000001124424,1.713616482903241,0.2,-1.5136164828919967,False,1.5136164828919967,0.0,INIT
2025-12-04T20:51:59.674559,1452.890493008,0.2000000000106253,1.713616482903241,0.2,-1.5136164828926157,False,1.5136164828926157,0.0,INIT
2025-12-04T20:51:59.685255,1452.901185218,0.2000000000106253,1.713616482903241,0.2,-1.5136164828926157,False,1.5136164828926157,0.0,INIT
2025-12-04T20:51:59.699698,1452.915631144,0.20000000001124424,1.711781315769299,0.2,-1.5117813157580546,False,1.5117813157580546,0.0,INIT
2025-12-04T20:51:59.708213,1452.924149083,0.20000000001124424,1.7099460473797894,0.2,-1.509946047368545,False,1.509946047368545,0.0,INIT
2025-12-04T20:51:59.721106,1452.937040411,0.2000000000106253,1.7099460473797894,0.2,-1.5099460473691642,False,1.5099460473691642,0.0,INIT
2025-12-04T20:51:59.736396,1452.952327345,0.2000000000106253,1.7081106791357108,0.2,-1.5081106791250856,False,1.5081106791250856,0.0,INIT
2025-12-04T20:51:59.743362,1452.959293276,0.2000000000106253,1.7081106791357108,0.2,-1.5081106791250856,False,1.5081106791250856,0.0,INIT
2025-12-04T20:51:59.754492,1452.970422443,0.2000000000106253,1.7081106791357108,0.2,-1.5081106791250856,False,1.5081106791250856,0.0,INIT
2025-12-04T20:51:59.764527,1452.980458152,0.2000000000106253,1.7062752124347735,0.2,-1.5062752124241483,False,1.5062752124241483,0.0,INIT
2025-12-04T20:51:59.775229,1452.991156564,0.2000000000106253,1.704439648671464,0.2,-1.5044396486608387,False,1.5044396486608387,0.0,INIT
2025-12-04T20:51:59.839200,1453.055134925,0.2000000000106253,1.704439648671464,0.2,-1.5044396486608387,False,1.5044396486608387,0.0,INIT
2025-12-04T20:52:00.002796,1453.218735276,0.2000000000106253,1.695260422506939,0.2,-1.4952604224963137,False,1.4952604224963137,0.0,INIT
2025-12-04T20:52:00.014531,1453.230459104,0.2000000000106253,1.695260422506939,0.2,-1.4952604224963137,False,1.4952604224963137,0.0,INIT
2025-12-04T20:52:00.016968,1453.232902903,0.2000000000106253,1.6934243054792244,0.2,-1.4934243054685992,False,1.4934243054685992,0.0,INIT
2025-12-04T20:52:00.018550,1453.234481868,0.2000000000106253,1.6934243054792244,0.2,-1.4934243054685992,False,1.4934243054685992,0.0,INIT
2025-12-04T20:52:00.020293,1453.236239069,0.2000000000106253,1.6915881010643332,0.2,-1.491588101053708,False,1.491588101053708,0.0,INIT
2025-12-04T20:52:00.021184,1453.237113692,0.2000000000106253,1.6915881010643332,0.2,-1.491588101053708,False,1.491588101053708,0.0,INIT
2025-12-04T20:52:00.021967,1453.237892593,0.2000000000106253,1.6897518106326892,0.2,-1.489751810622064,False,1.489751810622064,0.0,INIT
2025-12-04T20:52:00.023689,1453.239617064,0.2000000000106253,1.6897518106326892,0.2,-1.489751810622064,False,1.489751810622064,0.0,INIT
2025-12-04T20:52:00.024870,1453.240798328,0.2000000000106253,1.6879154355519193,0.2,-1.487915435541294,False,1.487915435541294,0.0,INIT
2025-12-04T20:52:00.026330,1453.242261801,0.2000000000106253,1.6879154355519193,0.2,-1.487915435541294,False,1.487915435541294,0.0,INIT
2025-12-04T20:52:00.027119,1453.243043874,0.2000000000106253,1.686078977186888,0.2,-1.4860789771762628,False,1.4860789771762628,0.0,INIT
2025-12-04T20:52:00.027790,1453.243718001,0.2000000000106253,1.686078977186888,0.2,-1.4860789771762628,False,1.4860789771762628,0.0,INIT
2025-12-04T20:52:00.056633,1453.27256438,0.2000000000106253,1.686078977186888,0.2,-1.4860789771762628,False,1.4860789771762628,0.0,INIT
2025-12-04T20:52:00.059432,1453.275366864,0.20000000001124424,1.686078977186888,0.2,-1.4860789771756437,False,1.4860789771756437,0.0,INIT
2025-12-04T20:52:00.060054,1453.275982361,0.20000000001124424,1.6842424368997815,0.2,-1.4842424368885372,False,1.4842424368885372,0.0,INIT
2025-12-04T20:52:00.067636,1453.283569935,0.20000000001124424,1.6842424368997815,0.2,-1.4842424368885372,False,1.4842424368885372,0.0,INIT
2025-12-04T20:52:00.172446,1453.388386044,0.2000000000106253,1.6824058160501014,0.2,-1.4824058160394762,False,1.4824058160394762,0.0,INIT
2025-12-04T20:52:00.181327,1453.397261174,0.2000000000106253,1.680569115994766,0.2,-1.4805691159841408,False,1.4805691159841408,0.0,INIT
2025-12-04T20:52:00.182409,1453.398339664,0.2000000000106253,1.680569115994766,0.2,-1.4805691159841408,False,1.4805691159841408,0.0,INIT
2025-12-04T20:52:00.183934,1453.399860168,0.2000000000106253,1.6787323380881016,0.2,-1.4787323380774764,False,1.4787323380774764,0.0,INIT
2025-12-04T20:52:00.184698,1453.400621734,0.2000000000106253,1.6787323380881016,0.2,-1.4787323380774764,False,1.4787323380774764,0.0,INIT
2025-12-04T20:52:00.185513,1453.401434381,0.2000000000106253,1.6768954836819407,0.2,-1.4768954836713155,False,1.4768954836713155,0.0,INIT
2025-12-04T20:52:00.186680,1453.402614721,0.2000000000106253,1.6768954836819407,0.2,-1.4768954836713155,False,1.4768954836713155,0.0,INIT
2025-12-04T20:52:00.187840,1453.403776162,0.2000000000106253,1.6768954836819407,0.2,-1.4768954836713155,False,1.4768954836713155,0.0,INIT
2025-12-04T20:52:00.190457,1453.406388638,0.2000000000106253,1.6750585541256182,0.2,-1.475058554114993,False,1.475058554114993,0.0,INIT
2025-12-04T20:52:00.191265,1453.407192336,0.2000000000106253,1.6750585541256182,0.2,-1.475058554114993,False,1.475058554114993,0.0,INIT
2025-12-04T20:52:00.191931,1453.407857167,0.2000000000106253,1.6732215507660602,0.2,-1.473221550755435,False,1.473221550755435,0.0,INIT
2025-12-04T20:52:00.201026,1453.416959167,0.20000000001124424,1.6732215507660602,0.2,-1.4732215507548159,False,1.4732215507548159,0.0,INIT
2025-12-04T20:52:00.221204,1453.437144401,0.20000000001124424,1.671384474947791,0.2,-1.4713844749365468,False,1.4713844749365468,0.0,INIT
2025-12-04T20:52:00.224709,1453.440646409,0.20000000001124424,1.671384474947791,0.2,-1.4713844749365468,False,1.4713844749365468,0.0,INIT
2025-12-04T20:52:00.244709,1453.460647053,0.20000000001124424,1.6695473280130102,0.2,-1.469547328001766,False,1.469547328001766,0.0,INIT
2025-12-04T20:52:00.266882,1453.482818614,0.20000000001124424,1.6695473280130102,0.2,-1.469547328001766,False,1.469547328001766,0.0,INIT
2025-12-04T20:52:00.268330,1453.484257276,0.20000000001124424,1.6677101113016217,0.2,-1.4677101112903774,False,1.4677101112903774,0.0,INIT
2025-12-04T20:52:00.273555,1453.489490491,0.20000000001124424,1.6677101113016217,0.2,-1.4677101112903774,False,1.4677101112903774,0.0,INIT
2025-12-04T20:52:00.330941,1453.546875252,0.2000000000106253,1.6677101113016217,0.2,-1.4677101112909965,False,1.4677101112909965,0.0,INIT
2025-12-04T20:52:00.338245,1453.554184596,0.2000000000106253,1.665872826151281,0.2,-1.4658728261406557,False,1.4658728261406557,0.0,INIT
2025-12-04T20:52:00.340033,1453.555970446,0.2000000000106253,1.665872826151281,0.2,-1.4658728261406557,False,1.4658728261406557,0.0,INIT
2025-12-04T20:52:00.342063,1453.558035975,0.2000000000106253,1.6640354738974263,0.2,-1.464035473886801,False,1.464035473886801,0.0,INIT
2025-12-04T20:52:00.343789,1453.559731623,0.2000000000106253,1.6640354738974263,0.2,-1.464035473886801,False,1.464035473886801,0.0,INIT
2025-12-04T20:52:00.345243,1453.561172336,0.2000000000106253,1.662198055873354,0.2,-1.4621980558627288,False,1.4621980558627288,0.0,INIT
2025-12-04T20:52:00.349537,1453.565470264,0.2000000000106253,1.662198055873354,0.2,-1.4621980558627288,False,1.4621980558627288,0.0,INIT
2025-12-04T20:52:00.356572,1453.572500921,0.2000000000106253,1.660360573410232,0.2,-1.4603605733996068,False,1.4603605733996068,0.0,INIT
2025-12-04T20:52:00.418344,1453.63427559,0.2000000000106253,1.660360573410232,0.2,-1.4603605733996068,False,1.4603605733996068,0.0,INIT
2025-12-04T20:52:00.442376,1453.658310811,0.2000000000106253,1.6585230278371528,0.2,-1.4585230278265275,False,1.4585230278265275,0.0,INIT
2025-12-04T20:52:00.444919,1453.660847085,0.2000000000106253,1.6585230278371528,0.2,-1.4585230278265275,False,1.4585230278265275,0.0,INIT
2025-12-04T20:52:00.445972,1453.66189742,0.2000000000106253,1.6585230278371528,0.2,-1.4585230278265275,False,1.4585230278265275,0.0,INIT
2025-12-04T20:52:00.447079,1453.663019122,0.2000000000106253,1.6566854204811978,0.2,-1.4566854204705726,False,1.4566854204705726,0.0,INIT
2025-12-04T20:52:00.448181,1453.664108459,0.2000000000106253,1.6566854204811978,0.2,-1.4566854204705726,False,1.4566854204705726,0.0,INIT
2025-12-04T20:52:00.448876,1453.664800707,0.2000000000106253,1.6548477526674432,0.2,-1.454847752656818,False,1.454847752656818,0.0,INIT
2025-12-04T20:52:00.450643,1453.666574676,0.2000000000106253,1.6548477526674432,0.2,-1.454847752656818,False,1.454847752656818,0.0,INIT
2025-12-04T20:52:00.454162,1453.670104547,0.2000000000106253,1.6530100257190483,0.2,-1.453010025708423,False,1.453010025708423,0.0,INIT
2025-12-04T20:52:00.485124,1453.701225337,0.2000000000106253,1.6530100257190483,0.2,-1.453010025708423,False,1.453010025708423,0.0,INIT
2025-12-04T20:52:00.494115,1453.710052153,0.20000000001062532,1.6511722409572478,0.2,-1.4511722409466226,False,1.4511722409466226,0.0,INIT
2025-12-04T20:52:00.495872,1453.711813563,0.20000000001062532,1.6511722409572478,0.2,-1.4511722409466226,False,1.4511722409466226,0.0,INIT
2025-12-04T20:52:00.499236,1453.715169913,0.20000000001062532,1.6493343997014502,0.2,-1.449334399690825,False,1.449334399690825,0.0,INIT
2025-12-04T20:52:00.510166,1453.726096606,0.20000000001062532,1.6493343997014502,0.2,-1.449334399690825,False,1.449334399690825,0.0,INIT
2025-12-04T20:52:00.522092,1453.738024009,0.2000000000106253,1.6493343997014502,0.2,-1.449334399690825,False,1.449334399690825,0.0,INIT
2025-12-04T20:52:00.532748,1453.748682053,0.2000000000106253,1.6474965032692284,0.2,-1.4474965032586031,False,1.4474965032586031,0.0,INIT
2025-12-04T20:52:00.544530,1453.760465347,0.2000000000106253,1.6474965032692284,0.2,-1.4474965032586031,False,1.4474965032586031,0.0,INIT
2025-12-04T20:52:00.553486,1453.769428339,0.2000000000106253,1.6456585529764052,0.2,-1.44565855296578,False,1.44565855296578,0.0,INIT
2025-12-04T20:52:00.572518,1453.788455612,0.2000000000106253,1.6456585529764052,0.2,-1.44565855296578,False,1.44565855296578,0.0,INIT
2025-12-04T20:52:00.582450,1453.798384335,0.2000000000106253,1.6438205501370735,0.2,-1.4438205501264483,False,1.4438205501264483,0.0,INIT
2025-12-04T20:52:00.594663,1453.810599362,0.2000000000106253,1.6438205501370735,0.2,-1.4438205501264483,False,1.4438205501264483,0.0,INIT
2025-12-04T20:52:00.598132,1453.814069075,0.2000000000106253,1.6419824960636493,0.2,-1.441982496053024,False,1.441982496053024,0.0,INIT
2025-12-04T20:52:00.609832,1453.825763969,0.2000000000106253,1.6419824960636493,0.2,-1.441982496053024,False,1.441982496053024,0.0,INIT
2025-12-04T20:52:00.620461,1453.836407046,0.2000000000106253,1.6401443920668957,0.2,-1.4401443920562704,False,1.4401443920562704,0.0,INIT
2025-12-04T20:52:00.632367,1453.84829937,0.2000000000106253,1.6401443920668957,0.2,-1.4401443920562704,False,1.4401443920562704,0.0,INIT
2025-12-04T20:52:00.642204,1453.858135362,0.2000000000106253,1.638306239455999,0.2,-1.4383062394453738,False,1.4383062394453738,0.0,INIT
2025-12-04T20:52:00.652848,1453.868785022,0.20000000001124424,1.638306239455999,0.2,-1.4383062394447548,False,1.4383062394447548,0.0,INIT
2025-12-04T20:52:00.664333,1453.88026449,0.20000000001124424,1.6364680395385713,0.2,-1.436468039527327,False,1.436468039527327,0.0,INIT
2025-12-04T20:52:00.676689,1453.892620089,0.2000000000106253,1.6364680395385713,0.2,-1.436468039527946,False,1.436468039527946,0.0,INIT
2025-12-04T20:52:00.702807,1453.918748695,0.2000000000106253,1.634629793620734,0.2,-1.4346297936101087,False,1.4346297936101087,0.0,INIT
2025-12-04T20:52:00.705973,1453.921905198,0.20000000001124424,1.634629793620734,0.2,-1.4346297936094896,False,1.4346297936094896,0.0,INIT
2025-12-04T20:52:00.710838,1453.926769423,0.20000000001124424,1.6327915030071196,0.2,-1.4327915029958753,False,1.4327915029958753,0.0,INIT
2025-12-04T20:52:00.774132,1453.990069384,0.20000000001062532,1.6327915030071196,0.2,-1.4327915029964944,False,1.4327915029964944,0.0,INIT
2025-12-04T20:52:00.808545,1454.024481168,0.20000000001124424,1.630953169000957,0.2,-1.4309531689897128,False,1.4309531689897128,0.0,INIT
2025-12-04T20:52:00.834224,1454.050159261,0.20000000001124424,1.630953169000957,0.2,-1.4309531689897128,False,1.4309531689897128,0.0,INIT
2025-12-04T20:52:00.839441,1454.055375923,0.20000000001124424,1.630953169000957,0.2,-1.4309531689897128,False,1.4309531689897128,0.0,INIT
2025-12-04T20:52:00.842604,1454.058539046,0.20000000001124424,1.6291147929040672,0.2,-1.429114792892823,False,1.429114792892823,0.0,INIT
2025-12-04T20:52:00.843555,1454.059487339,0.20000000001124424,1.6272763760169493,0.2,-1.427276376005705,False,1.427276376005705,0.0,INIT
2025-12-04T20:52:00.844545,1454.060481937,0.20000000001124424,1.6272763760169493,0.2,-1.427276376005705,False,1.427276376005705,0.0,INIT
2025-12-04T20:52:00.846961,1454.062895139,0.20000000001124424,1.6254379196387827,0.2,-1.4254379196275384,False,1.4254379196275384,0.0,INIT
2025-12-04T20:52:00.847964,1454.063893906,0.20000000001124424,1.6254379196387827,0.2,-1.4254379196275384,False,1.4254379196275384,0.0,INIT
2025-12-04T20:52:00.849009,1454.064939507,0.20000000001124424,1.6235994250675034,0.2,-1.4235994250562591,False,1.4235994250562591,0.0,INIT
2025-12-04T20:52:00.850302,1454.066233026,0.20000000001124424,1.6235994250675034,0.2,-1.4235994250562591,False,1.4235994250562591,0.0,INIT
2025-12-04T20:52:00.851381,1454.067312727,0.20000000001124424,1.6217608935998307,0.2,-1.4217608935885864,False,1.4217608935885864,0.0,INIT
2025-12-04T20:52:00.854529,1454.070461315,0.20000000001124424,1.6217608935998307,0.2,-1.4217608935885864,False,1.4217608935885864,0.0,INIT
2025-12-04T20:52:00.863732,1454.079661839,0.2000000000106253,1.6217608935998307,0.2,-1.4217608935892054,False,1.4217608935892054,0.0,INIT
2025-12-04T20:52:00.909606,1454.125542187,0.2000000000106253,1.619922326531305,0.2,-1.4199223265206797,False,1.4199223265206797,0.0,INIT
2025-12-04T20:52:00.916345,1454.132278314,0.2000000000106253,1.619922326531305,0.2,-1.4199223265206797,False,1.4199223265206797,0.0,INIT
2025-12-04T20:52:00.943214,1454.159159382,0.2000000000106253,1.618083725156323,0.2,-1.4180837251456977,False,1.4180837251456977,0.0,INIT
2025-12-04T20:52:00.948224,1454.164157586,0.2000000000106253,1.618083725156323,0.2,-1.4180837251456977,False,1.4180837251456977,0.0,INIT
2025-12-04T20:52:00.949634,1454.165567483,0.2000000000106253,1.6162450907682082,0.2,-1.416245090757583,False,1.416245090757583,0.0,INIT
2025-12-04T20:52:00.950420,1454.16634834,0.2000000000106253,1.6162450907682082,0.2,-1.416245090757583,False,1.416245090757583,0.0,INIT
2025-12-04T20:52:00.988806,1454.204739438,0.2000000000106253,1.6144064246592222,0.2,-1.414406424648597,False,1.414406424648597,0.0,INIT
2025-12-04T20:52:00.993445,1454.209376372,0.2000000000106253,1.6144064246592222,0.2,-1.414406424648597,False,1.414406424648597,0.0,INIT
2025-12-04T20:52:00.994298,1454.210224092,0.2000000000106253,1.6125677281206139,0.2,-1.4125677281099887,False,1.4125677281099887,0.0,INIT
2025-12-04T20:52:00.994886,1454.21081113,0.2000000000106253,1.6125677281206139,0.2,-1.4125677281099887,False,1.4125677281099887,0.0,INIT
2025-12-04T20:52:00.995560,1454.211488951,0.2000000000106253,1.6107290024426817,0.2,-1.4107290024320565,False,1.4107290024320565,0.0,INIT
2025-12-04T20:52:00.996829,1454.212756654,0.2000000000106253,1.6107290024426817,0.2,-1.4107290024320565,False,1.4107290024320565,0.0,INIT
2025-12-04T20:52:01.007297,1454.223230883,0.2000000000106253,1.6088902489147765,0.2,-1.4088902489041513,False,1.4088902489041513,0.0,INIT
2025-12-04T20:52:01.017441,1454.233371018,0.2000000000106253,1.6088902489147765,0.2,-1.4088902489041513,False,1.4088902489041513,0.0,INIT
2025-12-04T20:52:01.027747,1454.243679126,0.2000000000106253,1.6070514688253867,0.2,-1.4070514688147615,False,1.4070514688147615,0.0,INIT
2025-12-04T20:52:01.038291,1454.254230309,0.2000000000106253,1.6070514688253867,0.2,-1.4070514688147615,False,1.4070514688147615,0.0,INIT
2025-12-04T20:52:01.050105,1454.266040466,0.2000000000106253,1.605212663462134,0.2,-1.4052126634515087,False,1.4052126634515087,0.0,INIT
2025-12-04T20:52:01.071623,1454.287560196,0.20000000001062532,1.605212663462134,0.2,-1.4052126634515087,False,1.4052126634515087,0.0,INIT
2025-12-04T20:52:01.072880,1454.288810064,0.20000000001062532,1.60337383411186,0.2,-1.4033738341012347,False,1.4033738341012347,0.0,INIT
2025-12-04T20:52:01.089511,1454.305445539,0.2000000000106253,1.60337383411186,0.2,-1.4033738341012347,False,1.4033738341012347,0.0,INIT
2025-12-04T20:52:01.105122,1454.321061302,0.2000000000106253,1.6015349820606213,0.2,-1.401534982049996,False,1.401534982049996,0.0,INIT
2025-12-04T20:52:01.108250,1454.324181325,0.2000000000106253,1.6015349820606213,0.2,-1.401534982049996,False,1.401534982049996,0.0,INIT
2025-12-04T20:52:01.113960,1454.329891479,0.2000000000106253,1.5996961085937702,0.2,-1.399696108583145,False,1.399696108583145,0.0,INIT
2025-12-04T20:52:01.126132,1454.342066629,0.2000000000106253,1.5996961085937702,0.2,-1.399696108583145,False,1.399696108583145,0.0,INIT
2025-12-04T20:52:01.136499,1454.352432973,0.2000000000106253,1.5978572149959778,0.2,-1.3978572149853525,False,1.3978572149853525,0.0,INIT
2025-12-04T20:52:01.162525,1454.37845449,0.2000000000106253,1.5978572149959778,0.2,-1.3978572149853525,False,1.3978572149853525,0.0,INIT
2025-12-04T20:52:01.175741,1454.391676014,0.2000000000106253,1.5960183025512773,0.2,-1.396018302540652,False,1.396018302540652,0.0,INIT
2025-12-04T20:52:01.177202,1454.393133449,0.2000000000106253,1.5960183025512773,0.2,-1.396018302540652,False,1.396018302540652,0.0,INIT
2025-12-04T20:52:01.191047,1454.406977874,0.2000000000106253,1.5941793725430866,0.2,-1.3941793725324614,False,1.3941793725324614,0.0,INIT
2025-12-04T20:52:01.193275,1454.409206385,0.2000000000106253,1.5941793725430866,0.2,-1.3941793725324614,False,1.3941793725324614,0.0,INIT
2025-12-04T20:52:01.208884,1454.424819993,0.2000000000106253,1.5941793725430866,0.2,-1.3941793725324614,False,1.3941793725324614,0.0,INIT
2025-12-04T20:52:01.213741,1454.429678929,0.20000000001124424,1.5923404262542933,0.2,-1.392340426243049,False,1.392340426243049,0.0,INIT
2025-12-04T20:52:01.224487,1454.440417502,0.20000000001124424,1.5923404262542933,0.2,-1.392340426243049,False,1.392340426243049,0.0,INIT
2025-12-04T20:52:01.235547,1454.45148537,0.2000000000106253,1.5905014649672413,0.2,-1.390501464956616,False,1.390501464956616,0.0,INIT
2025-12-04T20:52:01.247056,1454.462989848,0.2000000000106253,1.5886624899638262,0.2,-1.388662489953201,False,1.388662489953201,0.0,INIT
2025-12-04T20:52:01.300302,1454.516234361,0.2000000000106253,1.5886624899638262,0.2,-1.388662489953201,False,1.388662489953201,0.0,INIT
2025-12-04T20:52:01.306413,1454.522353811,0.20000000001062532,1.5886624899638262,0.2,-1.388662489953201,False,1.388662489953201,0.0,INIT
2025-12-04T20:52:01.309272,1454.525201056,0.20000000001124424,1.5868235025254815,0.2,-1.3868235025142372,False,1.3868235025142372,0.0,INIT
2025-12-04T20:52:01.309868,1454.525796437,0.20000000001124424,1.5868235025254815,0.2,-1.3868235025142372,False,1.3868235025142372,0.0,INIT
2025-12-04T20:52:01.310591,1454.526515575,0.20000000001124424,1.5849845039332724,0.2,-1.384984503922028,False,1.384984503922028,0.0,INIT
2025-12-04T20:52:01.312503,1454.528431931,0.20000000001124424,1.5849845039332724,0.2,-1.384984503922028,False,1.384984503922028,0.0,INIT
2025-12-04T20:52:01.323859,1454.539803304,0.20000000001124424,1.5831454954678872,0.2,-1.383145495456643,False,1.383145495456643,0.0,INIT
2025-12-04T20:52:01.340121,1454.556058631,0.2000000000106253,1.5831454954678872,0.2,-1.383145495457262,False,1.383145495457262,0.0,INIT
2025-12-04T20:52:01.351821,1454.56775551,0.2000000000106253,1.5813064784097204,0.2,-1.3813064783990952,False,1.3813064783990952,0.0,INIT
2025-12-04T20:52:01.356021,1454.571954689,0.20000000001124424,1.5813064784097204,0.2,-1.381306478398476,False,1.381306478398476,0.0,INIT
2025-12-04T20:52:01.366871,1454.582802587,0.20000000001124424,1.579467454038876,0.2,-1.3794674540276317,False,1.3794674540276317,0.0,INIT
2025-12-04T20:52:01.378701,1454.594640738,0.20000000001124424,1.579467454038876,0.2,-1.3794674540276317,False,1.3794674540276317,0.0,INIT
2025-12-04T20:52:01.389267,1454.605199682,0.20000000001124424,1.5776284236352405,0.2,-1.3776284236239962,False,1.3776284236239962,0.0,INIT
2025-12-04T20:52:01.399809,1454.615740125,0.20000000001124424,1.5776284236352405,0.2,-1.3776284236239962,False,1.3776284236239962,0.0,INIT
2025-12-04T20:52:01.410774,1454.626708732,0.20000000001124424,1.5757893884785075,0.2,-1.3757893884672632,False,1.3757893884672632,0.0,INIT
2025-12-04T20:52:01.421697,1454.637627325,0.2000000000106253,1.5757893884785075,0.2,-1.3757893884678822,False,1.3757893884678822,0.0,INIT
2025-12-04T20:52:01.436427,1454.652361994,0.2000000000106253,1.5739503498482197,0.2,-1.3739503498375945,False,1.3739503498375945,0.0,INIT
2025-12-04T20:52:01.444277,1454.660210432,0.20000000001124424,1.5739503498482197,0.2,-1.3739503498369754,False,1.3739503498369754,0.0,INIT
2025-12-04T20:52:01.455241,1454.671173338,0.20000000001124424,1.5721113090237964,0.2,-1.372111309012552,False,1.372111309012552,0.0,INIT
2025-12-04T20:52:01.475287,1454.691223103,0.2000000000106253,1.5721113090237964,0.2,-1.3721113090131711,False,1.3721113090131711,0.0,INIT
2025-12-04T20:52:01.489664,1454.7055944,0.2000000000106253,1.5702722672846097,0.2,-1.3702722672739844,False,1.3702722672739844,0.0,INIT
2025-12-04T20:52:01.492048,1454.707978856,0.20000000001124424,1.5702722672846097,0.2,-1.3702722672733654,False,1.3702722672733654,0.0,INIT
2025-12-04T20:52:01.498615,1454.714543731,0.20000000001124424,1.5684332259099802,0.2,-1.368433225898736,False,1.368433225898736,0.0,INIT
2025-12-04T20:52:01.577418,1454.793350958,0.2000000000106253,1.5684332259099802,0.2,-1.368433225899355,False,1.368433225899355,0.0,INIT
2025-12-04T20:52:01.581516,1454.797453586,0.2000000000106253,1.5665941861792607,0.2,-1.3665941861686355,False,1.3665941861686355,0.0,INIT
2025-12-04T20:52:01.582468,1454.798400983,0.2000000000106253,1.5665941861792607,0.2,-1.3665941861686355,False,1.3665941861686355,0.0,INIT
2025-12-04T20:52:01.583598,1454.7995292,0.2000000000106253,1.5647551493718392,0.2,-1.364755149361214,False,1.364755149361214,0.0,INIT
2025-12-04T20:52:01.584956,1454.800888104,0.2000000000106253,1.5647551493718392,0.2,-1.364755149361214,False,1.364755149361214,0.0,INIT
2025-12-04T20:52:01.586338,1454.802271454,0.2000000000106253,1.5629161167672025,0.2,-1.3629161167565773,False,1.3629161167565773,0.0,INIT
2025-12-04T20:52:01.587606,1454.803531416,0.2000000000106253,1.5629161167672025,0.2,-1.3629161167565773,False,1.3629161167565773,0.0,INIT
2025-12-04T20:52:01.588761,1454.804687762,0.2000000000106253,1.5610770896449795,0.2,-1.3610770896343543,False,1.3610770896343543,0.0,INIT
2025-12-04T20:52:01.598848,1454.814778516,0.2000000000106253,1.5610770896449795,0.2,-1.3610770896343543,False,1.3610770896343543,0.0,INIT
2025-12-04T20:52:01.616146,1454.832076932,0.2000000000106253,1.5592380692849535,0.2,-1.3592380692743282,False,1.3592380692743282,0.0,INIT
2025-12-04T20:52:01.622913,1454.838843435,0.2000000000106253,1.557399056967144,0.2,-1.3573990569565189,False,1.3573990569565189,0.0,INIT
2025-12-04T20:52:01.633807,1454.849739256,0.2000000000106253,1.557399056967144,0.2,-1.3573990569565189,False,1.3573990569565189,0.0,INIT
2025-12-04T20:52:01.645268,1454.861201023,0.2000000000106253,1.5555600539718046,0.2,-1.3555600539611794,False,1.3555600539611794,0.0,INIT
2025-12-04T20:52:01.675718,1454.891665027,0.2000000000106253,1.5555600539718046,0.2,-1.3555600539611794,False,1.3555600539611794,0.0,INIT
2025-12-04T20:52:01.733009,1454.948940429,0.2000000000106253,1.5537210615795018,0.2,-1.3537210615688766,False,1.3537210615688766,0.0,INIT
2025-12-04T20:52:01.738032,1454.953966698,0.2000000000106253,1.5537210615795018,0.2,-1.3537210615688766,False,1.3537210615688766,0.0,INIT
2025-12-04T20:52:01.740289,1454.956226272,0.2000000000106253,1.5518820810711276,0.2,-1.3518820810605023,False,1.3518820810605023,0.0,INIT
2025-12-04T20:52:01.742563,1454.958495962,0.2000000000106253,1.5518820810711276,0.2,-1.3518820810605023,False,1.3518820810605023,0.0,INIT
2025-12-04T20:52:01.744625,1454.960553233,0.2000000000106253,1.5500431137279644,0.2,-1.3500431137173392,False,1.3500431137173392,0.0,INIT
2025-12-04T20:52:01.745751,1454.961679516,0.2000000000106253,1.5500431137279644,0.2,-1.3500431137173392,False,1.3500431137173392,0.0,INIT
2025-12-04T20:52:01.747394,1454.96331955,0.2000000000106253,1.5482041608316859,0.2,-1.3482041608210606,False,1.3482041608210606,0.0,INIT
2025-12-04T20:52:01.748458,1454.964386218,0.2000000000106253,1.5482041608316859,0.2,-1.3482041608210606,False,1.3482041608210606,0.0,INIT
2025-12-04T20:52:01.760401,1454.976332713,0.2000000000106253,1.5463652236644556,0.2,-1.3463652236538304,False,1.3463652236538304,0.0,INIT
2025-12-04T20:52:01.767376,1454.983307542,0.2000000000106253,1.5463652236644556,0.2,-1.3463652236538304,False,1.3463652236538304,0.0,INIT
2025-12-04T20:52:01.808719,1455.024680075,0.2000000000106253,1.5445263035089045,0.2,-1.3445263034982793,False,1.3445263034982793,0.0,INIT
2025-12-04T20:52:01.812696,1455.028629058,0.20000000001124424,1.5445263035089045,0.2,-1.3445263034976602,False,1.3445263034976602,0.0,INIT
2025-12-04T20:52:01.814009,1455.029943075,0.20000000001124424,1.5426874016482355,0.2,-1.3426874016369912,False,1.3426874016369912,0.0,INIT
2025-12-04T20:52:01.815191,1455.031121868,0.20000000001124424,1.5426874016482355,0.2,-1.3426874016369912,False,1.3426874016369912,0.0,INIT
2025-12-04T20:52:01.821314,1455.037250032,0.20000000001124424,1.5408485193661994,0.2,-1.340848519354955,False,1.340848519354955,0.0,INIT
2025-12-04T20:52:01.832112,1455.048039671,0.20000000001062532,1.5408485193661994,0.2,-1.3408485193555741,False,1.3408485193555741,0.0,INIT
2025-12-04T20:52:01.855665,1455.071613764,0.20000000001062532,1.5390096579471981,0.2,-1.339009657936573,False,1.339009657936573,0.0,INIT
2025-12-04T20:52:01.857587,1455.07351936,0.20000000001124424,1.5390096579471981,0.2,-1.3390096579359538,False,1.3390096579359538,0.0,INIT
2025-12-04T20:52:01.865764,1455.081701246,0.20000000001124424,1.5390096579471981,0.2,-1.3390096579359538,False,1.3390096579359538,0.0,INIT
2025-12-04T20:52:01.877652,1455.093590865,0.2000000000106253,1.5371708186762705,0.2,-1.3371708186656452,False,1.3371708186656452,0.0,INIT
2025-12-04T20:52:01.887576,1455.103523654,0.2000000000106253,1.5353320028391817,0.2,-1.3353320028285565,False,1.3353320028285565,0.0,INIT
2025-12-04T20:52:01.906689,1455.122631315,0.20000000001124424,1.5353320028391817,0.2,-1.3353320028279374,False,1.3353320028279374,0.0,INIT
2025-12-04T20:52:01.917441,1455.133371686,0.20000000001124424,1.5353320028391817,0.2,-1.3353320028279374,False,1.3353320028279374,0.0,INIT
2025-12-04T20:52:01.920533,1455.136473218,0.20000000001124424,1.5334932117224174,0.2,-1.333493211711173,False,1.333493211711173,0.0,INIT
2025-12-04T20:52:01.930648,1455.146581014,0.20000000001124424,1.531654446613266,0.2,-1.3316544466020217,False,1.3316544466020217,0.0,INIT
2025-12-04T20:52:01.943270,1455.15920358,0.20000000001124424,1.531654446613266,0.2,-1.3316544466020217,False,1.3316544466020217,0.0,INIT
2025-12-04T20:52:01.952750,1455.168684987,0.20000000001124424,1.5298157087998367,0.2,-1.3298157087885925,False,1.3298157087885925,0.0,INIT
2025-12-04T20:52:01.977288,1455.193226979,0.20000000001124424,1.5298157087998367,0.2,-1.3298157087885925,False,1.3298157087885925,0.0,INIT
2025-12-04T20:52:01.980112,1455.196043718,0.2000000000106253,1.5298157087998367,0.2,-1.3298157087892115,False,1.3298157087892115,0.0,INIT
2025-12-04T20:52:01.986247,1455.20218313,0.2000000000106253,1.527976999571111,0.2,-1.3279769995604858,False,1.3279769995604858,0.0,INIT
2025-12-04T20:52:01.996968,1455.212899093,0.20000000001124424,1.527976999571111,0.2,-1.3279769995598667,False,1.3279769995598667,0.0,INIT
2025-12-04T20:52:02.008028,1455.223965365,0.20000000001124424,1.5261383202169618,0.2,-1.3261383202057175,False,1.3261383202057175,0.0,INIT
2025-12-04T20:52:02.019035,1455.234969612,0.2000000000106253,1.5261383202169618,0.2,-1.3261383202063366,False,1.3261383202063366,0.0,INIT
2025-12-04T20:52:02.055716,1455.271651699,0.2000000000106253,1.5242996720282322,0.2,-1.324299672017607,False,1.324299672017607,0.0,INIT
2025-12-04T20:52:02.086133,1455.302066931,0.2000000000106253,1.5242996720282322,0.2,-1.324299672017607,False,1.324299672017607,0.0,INIT
2025-12-04T20:52:02.088945,1455.30488035,0.2000000000106253,1.5224610562967396,0.2,-1.3224610562861143,False,1.3224610562861143,0.0,INIT
2025-12-04T20:52:02.090176,1455.306106786,0.2000000000106253,1.5224610562967396,0.2,-1.3224610562861143,False,1.3224610562861143,0.0,INIT
2025-12-04T20:52:02.091335,1455.307265774,0.2000000000106253,1.5206224743153545,0.2,-1.3206224743047292,False,1.3206224743047292,0.0,INIT
2025-12-04T20:52:02.092523,1455.30845216,0.2000000000106253,1.5206224743153545,0.2,-1.3206224743047292,False,1.3206224743047292,0.0,INIT
2025-12-04T20:52:02.111758,1455.327703823,0.20000000001062532,1.5206224743153545,0.2,-1.3206224743047292,False,1.3206224743047292,0.0,INIT
2025-12-04T20:52:02.115303,1455.331238087,0.20000000001062532,1.5187839273779993,0.2,-1.318783927367374,False,1.318783927367374,0.0,INIT
2025-12-04T20:52:02.118695,1455.334628891,0.2000000000106253,1.5187839273779993,0.2,-1.318783927367374,False,1.318783927367374,0.0,INIT
2025-12-04T20:52:02.127874,1455.343805402,0.2000000000106253,1.516945416779718,0.2,-1.3169454167690928,False,1.3169454167690928,0.0,INIT
2025-12-04T20:52:02.248715,1455.464648712,0.2000000000106253,1.5151069438167237,0.2,-1.3151069438060985,False,1.3151069438060985,0.0,INIT
2025-12-04T20:52:02.283418,1455.499357448,0.2000000000106253,1.5132685097864105,0.2,-1.3132685097757852,False,1.3132685097757852,0.0,INIT
2025-12-04T20:52:02.288680,1455.504626401,0.2000000000106253,1.5114301159874302,0.2,-1.311430115976805,False,1.311430115976805,0.0,INIT
2025-12-04T20:52:02.290496,1455.506430887,0.2000000000106253,1.5114301159874302,0.2,-1.311430115976805,False,1.311430115976805,0.0,INIT
2025-12-04T20:52:02.291075,1455.506999941,0.2000000000106253,1.5114301159874302,0.2,-1.311430115976805,False,1.311430115976805,0.0,INIT
2025-12-04T20:52:02.291996,1455.507923708,0.2000000000106253,1.5095917637196994,0.2,-1.3095917637090742,False,1.3095917637090742,0.0,INIT
2025-12-04T20:52:02.312443,1455.528375571,0.2000000000106253,1.5095917637196994,0.2,-1.3095917637090742,False,1.3095917637090742,0.0,INIT
2025-12-04T20:52:02.324229,1455.540162905,0.2000000000106253,1.5077534542844724,0.2,-1.3077534542738471,False,1.3077534542738471,0.0,INIT
2025-12-04T20:52:02.326880,1455.542812912,0.2000000000106253,1.5077534542844724,0.2,-1.3077534542738471,False,1.3077534542738471,0.0,INIT
2025-12-04T20:52:02.327865,1455.543792472,0.2000000000106253,1.505915188984364,0.2,-1.3059151889737388,False,1.3059151889737388,0.0,INIT
2025-12-04T20:52:02.328934,1455.544860664,0.2000000000106253,1.505915188984364,0.2,-1.3059151889737388,False,1.3059151889737388,0.0,INIT
2025-12-04T20:52:02.330128,1455.546058106,0.2000000000106253,1.5040769691234077,0.2,-1.3040769691127825,False,1.3040769691127825,0.0,INIT
2025-12-04T20:52:02.331668,1455.547595465,0.2000000000106253,1.5040769691234077,0.2,-1.3040769691127825,False,1.3040769691127825,0.0,INIT
2025-12-04T20:52:02.333396,1455.549327689,0.2000000000106253,1.502238796007065,0.2,-1.3022387959964397,False,1.3022387959964397,0.0,INIT
2025-12-04T20:52:02.334937,1455.550869896,0.2000000000106253,1.502238796007065,0.2,-1.3022387959964397,False,1.3022387959964397,0.0,INIT
2025-12-04T20:52:02.339066,1455.5550154,0.2000000000106253,1.500400670942314,0.2,-1.3004006709316889,False,1.3004006709316889,0.0,INIT
2025-12-04T20:52:02.347788,1455.563719801,0.2000000000106253,1.500400670942314,0.2,-1.3004006709316889,False,1.3004006709316889,0.0,INIT
2025-12-04T20:52:02.359656,1455.575590855,0.2000000000106253,1.4985625952376473,0.2,-1.298562595227022,False,1.298562595227022,0.0,INIT
2025-12-04T20:52:02.372464,1455.58840852,0.2000000000106253,1.4985625952376473,0.2,-1.298562595227022,False,1.298562595227022,0.0,INIT
2025-12-04T20:52:02.380021,1455.595957054,0.2000000000106253,1.496724570203158,0.2,-1.2967245701925327,False,1.2967245701925327,0.0,INIT
2025-12-04T20:52:02.390866,1455.606798393,0.2000000000106253,1.496724570203158,0.2,-1.2967245701925327,False,1.2967245701925327,0.0,INIT
2025-12-04T20:52:02.403520,1455.619463922,0.20000000001124424,1.496724570203158,0.2,-1.2967245701919137,False,1.2967245701919137,0.0,INIT
2025-12-04T20:52:02.415606,1455.631545567,0.20000000001062532,1.4948865971505354,0.2,-1.2948865971399102,False,1.2948865971399102,0.0,INIT
2025-12-04T20:52:02.423518,1455.639449097,0.20000000001062532,1.4948865971505354,0.2,-1.2948865971399102,False,1.2948865971399102,0.0,INIT
2025-12-04T20:52:02.483751,1455.699683297,0.20000000001062532,1.4930486773931548,0.2,-1.2930486773825296,False,1.2930486773825296,0.0,INIT
2025-12-04T20:52:02.489258,1455.705190311,0.2000000000106253,1.4930486773931548,0.2,-1.2930486773825296,False,1.2930486773825296,0.0,INIT
2025-12-04T20:52:02.509928,1455.725871267,0.20000000001124424,1.4912108122460754,0.2,-1.2912108122348311,False,1.2912108122348311,0.0,INIT
2025-12-04T20:52:02.515057,1455.730993146,0.20000000001124424,1.4912108122460754,0.2,-1.2912108122348311,False,1.2912108122348311,0.0,INIT
2025-12-04T20:52:02.515905,1455.731832014,0.20000000001124424,1.4893730030261265,0.2,-1.2893730030148822,False,1.2893730030148822,0.0,INIT
2025-12-04T20:52:02.516745,1455.73266937,0.20000000001124424,1.4893730030261265,0.2,-1.2893730030148822,False,1.2893730030148822,0.0,INIT
2025-12-04T20:52:02.518016,1455.733944436,0.20000000001124424,1.4875352510519093,0.2,-1.287535251040665,False,1.287535251040665,0.0,INIT
2025-12-04T20:52:02.519012,1455.734940337,0.20000000001124424,1.4875352510519093,0.2,-1.287535251040665,False,1.287535251040665,0.0,INIT
2025-12-04T20:52:02.524008,1455.739938461,0.20000000001124424,1.4856975576438751,0.2,-1.2856975576326308,False,1.2856975576326308,0.0,INIT
2025-12-04T20:52:02.536496,1455.752429943,0.20000000001124424,1.4856975576438751,0.2,-1.2856975576326308,False,1.2856975576326308,0.0,INIT
2025-12-04T20:52:02.545759,1455.761690986,0.20000000001124424,1.483859924124351,0.2,-1.2838599241131068,False,1.2838599241131068,0.0,INIT
2025-12-04T20:52:02.559469,1455.775399102,0.20000000001124424,1.483859924124351,0.2,-1.2838599241131068,False,1.2838599241131068,0.0,INIT
2025-12-04T20:52:02.571635,1455.787568364,0.2000000000106253,1.483859924124351,0.2,-1.2838599241137258,False,1.2838599241137258,0.0,INIT
2025-12-04T20:52:02.578660,1455.794594397,0.2000000000106253,1.4820223518175872,0.2,-1.282022351806962,False,1.282022351806962,0.0,INIT
2025-12-04T20:52:02.592020,1455.807952569,0.20000000001124424,1.4820223518175872,0.2,-1.282022351806343,False,1.282022351806343,0.0,INIT
2025-12-04T20:52:02.605164,1455.821100025,0.20000000001124424,1.4801848420497858,0.2,-1.2801848420385415,False,1.2801848420385415,0.0,INIT
2025-12-04T20:52:02.616176,1455.832110742,0.2000000000106253,1.4801848420497858,0.2,-1.2801848420391606,False,1.2801848420391606,0.0,INIT
2025-12-04T20:52:02.623246,1455.839187238,0.2000000000106253,1.4783473961491786,0.2,-1.2783473961385534,False,1.2783473961385534,0.0,INIT
2025-12-04T20:52:02.633714,1455.849646462,0.20000000001124424,1.4783473961491786,0.2,-1.2783473961379344,False,1.2783473961379344,0.0,INIT
2025-12-04T20:52:02.645161,1455.861095065,0.20000000001124424,1.4765100154460304,0.2,-1.2765100154347861,False,1.2765100154347861,0.0,INIT
2025-12-04T20:52:02.656283,1455.872225163,0.2000000000106253,1.4765100154460304,0.2,-1.2765100154354052,False,1.2765100154354052,0.0,INIT
2025-12-04T20:52:02.670701,1455.886659216,0.2000000000106253,1.4746727012727234,0.2,-1.2746727012620982,False,1.2746727012620982,0.0,INIT
2025-12-04T20:52:02.690315,1455.906250778,0.20000000001062532,1.4746727012727234,0.2,-1.2746727012620982,False,1.2746727012620982,0.0,INIT
2025-12-04T20:52:02.691480,1455.90740815,0.20000000001062532,1.472835454963766,0.2,-1.2728354549531409,False,1.2728354549531409,0.0,INIT
2025-12-04T20:52:02.711601,1455.927539052,0.20000000001062532,1.472835454963766,0.2,-1.2728354549531409,False,1.2728354549531409,0.0,INIT
2025-12-04T20:52:02.714399,1455.930330974,0.2000000000106253,1.472835454963766,0.2,-1.2728354549531409,False,1.2728354549531409,0.0,INIT
2025-12-04T20:52:02.721736,1455.937679581,0.2000000000106253,1.4709982778558501,0.2,-1.270998277845225,False,1.270998277845225,0.0,INIT
2025-12-04T20:52:02.731098,1455.947028543,0.2000000000106253,1.4709982778558501,0.2,-1.270998277845225,False,1.270998277845225,0.0,INIT
2025-12-04T20:52:02.744418,1455.960352142,0.2000000000106253,1.469161171287916,0.2,-1.2691611712772908,False,1.2691611712772908,0.0,INIT
2025-12-04T20:52:02.758602,1455.97453394,0.2000000000106253,1.467324136601155,0.2,-1.2673241365905297,False,1.2673241365905297,0.0,INIT
2025-12-04T20:52:02.765049,1455.980978067,0.2000000000106253,1.467324136601155,0.2,-1.2673241365905297,False,1.2673241365905297,0.0,INIT
2025-12-04T20:52:02.776320,1455.992258961,0.2000000000106253,1.4654871751391028,0.2,-1.2654871751284775,False,1.2654871751284775,0.0,INIT
2025-12-04T20:52:02.788413,1456.004343448,0.2000000000106253,1.4654871751391028,0.2,-1.2654871751284775,False,1.2654871751284775,0.0,INIT
2025-12-04T20:52:02.807110,1456.023041317,0.2000000000106253,1.4636502882476332,0.2,-1.263650288237008,False,1.263650288237008,0.0,INIT
2025-12-04T20:52:02.810900,1456.026839351,0.2000000000106253,1.4636502882476332,0.2,-1.263650288237008,False,1.263650288237008,0.0,INIT
2025-12-04T20:52:02.821650,1456.037602436,0.2000000000106253,1.4618134772750473,0.2,-1.261813477264422,False,1.261813477264422,0.0,INIT
2025-12-04T20:52:02.838972,1456.054904566,0.2000000000106253,1.4618134772750473,0.2,-1.261813477264422,False,1.261813477264422,0.0,INIT
2025-12-04T20:52:02.842550,1456.058483313,0.2000000000106253,1.4599767435720974,0.2,-1.2599767435614722,False,1.2599767435614722,0.0,INIT
2025-12-04T20:52:02.865545,1456.081480611,0.2000000000106253,1.4599767435720974,0.2,-1.2599767435614722,False,1.2599767435614722,0.0,INIT
2025-12-04T20:52:02.867735,1456.083665526,0.2000000000106253,1.4581400884920388,0.2,-1.2581400884814136,False,1.2581400884814136,0.0,INIT
2025-12-04T20:52:02.874853,1456.09078569,0.2000000000106253,1.4581400884920388,0.2,-1.2581400884814136,False,1.2581400884814136,0.0,INIT
2025-12-04T20:52:02.901949,1456.117880247,0.2000000000106253,1.4563035133906546,0.2,-1.2563035133800293,False,1.2563035133800293,0.0,INIT
2025-12-04T20:52:02.921919,1456.137853368,0.2000000000106253,1.4563035133906546,0.2,-1.2563035133800293,False,1.2563035133800293,0.0,INIT
2025-12-04T20:52:02.926461,1456.142397056,0.2000000000106253,1.4563035133906546,0.2,-1.2563035133800293,False,1.2563035133800293,0.0,INIT
2025-12-04T20:52:02.928132,1456.144060804,0.2000000000106253,1.4544670196263443,0.2,-1.254467019615719,False,1.254467019615719,0.0,INIT
2025-12-04T20:52:02.929369,1456.145294826,0.2000000000106253,1.4544670196263443,0.2,-1.254467019615719,False,1.254467019615719,0.0,INIT
2025-12-04T20:52:02.940525,1456.156459286,0.2000000000106253,1.4526306085601206,0.2,-1.2526306085494954,False,1.2526306085494954,0.0,INIT
2025-12-04T20:52:02.987672,1456.203628398,0.2000000000106253,1.4526306085601206,0.2,-1.2526306085494954,False,1.2526306085494954,0.0,INIT
2025-12-04T20:52:03.011530,1456.227486234,0.20000000001062532,1.4507942815557033,0.2,-1.250794281545078,False,1.250794281545078,0.0,INIT
2025-12-04T20:52:02.993974,1456.209930515,0.20000000001062532,1.4507942815557033,0.2,-1.250794281545078,False,1.250794281545078,0.0,INIT
2025-12-04T20:52:03.013860,1456.229796576,0.20000000001062532,1.4489580399795159,0.2,-1.2489580399688907,False,1.2489580399688907,0.0,INIT
2025-12-04T20:52:03.015234,1456.23116545,0.20000000001062532,1.4489580399795159,0.2,-1.2489580399688907,False,1.2489580399688907,0.0,INIT
2025-12-04T20:52:03.016809,1456.232739133,0.20000000001062532,1.4471218852007812,0.2,-1.247121885190156,False,1.247121885190156,0.0,INIT
2025-12-04T20:52:03.018083,1456.234024213,0.20000000001062532,1.4471218852007812,0.2,-1.247121885190156,False,1.247121885190156,0.0,INIT
2025-12-04T20:52:03.049922,1456.265856788,0.2000000000106253,1.4471218852007812,0.2,-1.247121885190156,False,1.247121885190156,0.0,INIT
2025-12-04T20:52:03.052220,1456.268151064,0.2000000000106253,1.4452858185915272,0.2,-1.245285818580902,False,1.245285818580902,0.0,INIT
2025-12-04T20:52:03.053331,1456.269260678,0.2000000000106253,1.4452858185915272,0.2,-1.245285818580902,False,1.245285818580902,0.0,INIT
2025-12-04T20:52:03.060250,1456.276183753,0.2000000000106253,1.4434498415266699,0.2,-1.2434498415160447,False,1.2434498415160447,0.0,INIT
2025-12-04T20:52:03.073176,1456.289118394,0.20000000001124424,1.4434498415266699,0.2,-1.2434498415154256,False,1.2434498415154256,0.0,INIT
2025-12-04T20:52:03.090281,1456.306215251,0.20000000001124424,1.4416139553840193,0.2,-1.241613955372775,False,1.241613955372775,0.0,INIT
2025-12-04T20:52:03.103144,1456.319079431,0.20000000001124424,1.4416139553840193,0.2,-1.241613955372775,False,1.241613955372775,0.0,INIT
2025-12-04T20:52:03.113244,1456.32920885,0.20000000001124424,1.439778161544364,0.2,-1.2397781615331198,False,1.2397781615331198,0.0,INIT
2025-12-04T20:52:03.116412,1456.33234296,0.20000000001124424,1.439778161544364,0.2,-1.2397781615331198,False,1.2397781615331198,0.0,INIT
2025-12-04T20:52:03.138777,1456.354715484,0.20000000001124424,1.4379424613915077,0.2,-1.2379424613802634,False,1.2379424613802634,0.0,INIT
2025-12-04T20:52:03.147933,1456.363869945,0.2000000000106253,1.4379424613915077,0.2,-1.2379424613808825,False,1.2379424613808825,0.0,INIT
2025-12-04T20:52:03.155064,1456.370998788,0.2000000000106253,1.4361068563123078,0.2,-1.2361068563016826,False,1.2361068563016826,0.0,INIT
2025-12-04T20:52:03.159424,1456.375354953,0.20000000001124424,1.4361068563123078,0.2,-1.2361068563010635,False,1.2361068563010635,0.0,INIT
2025-12-04T20:52:03.169947,1456.385878391,0.20000000001124424,1.4342713476967157,0.2,-1.2342713476854714,False,1.2342713476854714,0.0,INIT
2025-12-04T20:52:03.180178,1456.396110932,0.2000000000106253,1.4342713476967157,0.2,-1.2342713476860905,False,1.2342713476860905,0.0,INIT
2025-12-04T20:52:03.192129,1456.408064823,0.2000000000106253,1.432435936937864,0.2,-1.2324359369272389,False,1.2324359369272389,0.0,INIT
2025-12-04T20:52:03.202059,1456.41799078,0.20000000001124424,1.432435936937864,0.2,-1.2324359369266198,False,1.2324359369266198,0.0,INIT
2025-12-04T20:52:03.212979,1456.428911014,0.20000000001124424,1.4306006254320618,0.2,-1.2306006254208175,False,1.2306006254208175,0.0,INIT
2025-12-04T20:52:03.250286,1456.466220207,0.20000000001062532,1.4306006254320618,0.2,-1.2306006254214366,False,1.2306006254214366,0.0,INIT
2025-12-04T20:52:03.252242,1456.468172262,0.20000000001062532,1.428765414578895,0.2,-1.2287654145682698,False,1.2287654145682698,0.0,INIT
2025-12-04T20:52:03.254206,1456.470150455,0.20000000001062532,1.428765414578895,0.2,-1.2287654145682698,False,1.2287654145682698,0.0,INIT
2025-12-04T20:52:03.256530,1456.472461849,0.20000000001062532,1.4269303057812337,0.2,-1.2269303057706085,False,1.2269303057706085,0.0,INIT
2025-12-04T20:52:03.276129,1456.492064056,0.2000000000106253,1.4269303057812337,0.2,-1.2269303057706085,False,1.2269303057706085,0.0,INIT
2025-12-04T20:52:03.296285,1456.512221037,0.2000000000106253,1.425095300445296,0.2,-1.2250953004346707,False,1.2250953004346707,0.0,INIT
2025-12-04T20:52:03.309410,1456.525347928,0.2000000000106253,1.425095300445296,0.2,-1.2250953004346707,False,1.2250953004346707,0.0,INIT
2025-12-04T20:52:03.312459,1456.528395505,0.2000000000106253,1.423260399980717,0.2,-1.2232603999700917,False,1.2232603999700917,0.0,INIT
2025-12-04T20:52:03.313961,1456.529892288,0.2000000000106253,1.423260399980717,0.2,-1.2232603999700917,False,1.2232603999700917,0.0,INIT
2025-12-04T20:52:03.322117,1456.538051928,0.2000000000106253,1.4214256058005592,0.2,-1.221425605789934,False,1.221425605789934,0.0,INIT
2025-12-04T20:52:03.365663,1456.581593294,0.2000000000106253,1.4214256058005592,0.2,-1.221425605789934,False,1.221425605789934,0.0,INIT
2025-12-04T20:52:03.418999,1456.634930142,0.2000000000106253,1.4195909193214025,0.2,-1.2195909193107772,False,1.2195909193107772,0.0,INIT
2025-12-04T20:52:03.427273,1456.643214373,0.2000000000106253,1.4195909193214025,0.2,-1.2195909193107772,False,1.2195909193107772,0.0,INIT
2025-12-04T20:52:03.429711,1456.645642298,0.2000000000106253,1.4195909193214025,0.2,-1.2195909193107772,False,1.2195909193107772,0.0,INIT
2025-12-04T20:52:03.431236,1456.64716438,0.2000000000106253,1.4195909193214025,0.2,-1.2195909193107772,False,1.2195909193107772,0.0,INIT
2025-12-04T20:52:03.437930,1456.653866122,0.2000000000106253,1.417756341963357,0.2,-1.2177563419527317,False,1.2177563419527317,0.0,INIT
2025-12-04T20:52:03.439724,1456.65565532,0.2000000000106253,1.417756341963357,0.2,-1.2177563419527317,False,1.2177563419527317,0.0,INIT
2025-12-04T20:52:03.441678,1456.65761443,0.2000000000106253,1.4159218751501461,0.2,-1.2159218751395209,False,1.2159218751395209,0.0,INIT
2025-12-04T20:52:03.442890,1456.658819777,0.2000000000106253,1.4140875203091383,0.2,-1.214087520298513,False,1.214087520298513,0.0,INIT
2025-12-04T20:52:03.443596,1456.659524318,0.2000000000106253,1.4140875203091383,0.2,-1.214087520298513,False,1.214087520298513,0.0,INIT
2025-12-04T20:52:03.444309,1456.660233935,0.2000000000106253,1.4140875203091383,0.2,-1.214087520298513,False,1.214087520298513,0.0,INIT
2025-12-04T20:52:03.451226,1456.66715985,0.2000000000106253,1.412253278871404,0.2,-1.2122532788607787,False,1.2122532788607787,0.0,INIT
2025-12-04T20:52:03.465188,1456.68112395,0.2000000000106253,1.412253278871404,0.2,-1.2122532788607787,False,1.2122532788607787,0.0,INIT
2025-12-04T20:52:03.472876,1456.688811534,0.2000000000106253,1.4104191522717517,0.2,-1.2104191522611265,False,1.2104191522611265,0.0,INIT
2025-12-04T20:52:03.483676,1456.699609459,0.2000000000106253,1.4104191522717517,0.2,-1.2104191522611265,False,1.2104191522611265,0.0,INIT
2025-12-04T20:52:03.494433,1456.710363541,0.2000000000106253,1.4104191522717517,0.2,-1.2104191522611265,False,1.2104191522611265,0.0,INIT
2025-12-04T20:52:03.506609,1456.72254383,0.2000000000106253,1.408585141948814,0.2,-1.2085851419381888,False,1.2085851419381888,0.0,INIT
2025-12-04T20:52:03.520593,1456.736551924,0.2000000000106253,1.408585141948814,0.2,-1.2085851419381888,False,1.2085851419381888,0.0,INIT
2025-12-04T20:52:03.548303,1456.764238731,0.2000000000106253,1.408585141948814,0.2,-1.2085851419381888,False,1.2085851419381888,0.0,INIT
2025-12-04T20:52:03.555014,1456.77095372,0.2000000000106253,1.4067512493450494,0.2,-1.2067512493344241,False,1.2067512493344241,0.0,INIT
2025-12-04T20:52:03.556633,1456.772564894,0.2000000000106253,1.4049174759068528,0.2,-1.2049174758962276,False,1.2049174758962276,0.0,INIT
2025-12-04T20:52:03.562621,1456.778551619,0.20000000001124424,1.4049174759068528,0.2,-1.2049174758956085,False,1.2049174758956085,0.0,INIT
2025-12-04T20:52:03.571543,1456.787473066,0.20000000001124424,1.4030838230845468,0.2,-1.2030838230733025,False,1.2030838230733025,0.0,INIT
2025-12-04T20:52:03.589017,1456.804975578,0.20000000001062532,1.4030838230845468,0.2,-1.2030838230739216,False,1.2030838230739216,0.0,INIT
2025-12-04T20:52:03.607068,1456.823008586,0.20000000001062532,1.4012502923324934,0.2,-1.2012502923218682,False,1.2012502923218682,0.0,INIT
2025-12-04T20:52:03.608357,1456.824287001,0.20000000001062532,1.4012502923324934,0.2,-1.2012502923218682,False,1.2012502923218682,0.0,INIT
2025-12-04T20:52:03.615243,1456.831176272,0.20000000001124424,1.4012502923324934,0.2,-1.2012502923212491,False,1.2012502923212491,0.0,INIT
2025-12-04T20:52:03.627781,1456.843715525,0.20000000001124424,1.3994168851090887,0.2,-1.1994168850978444,False,1.1994168850978444,0.0,INIT
2025-12-04T20:52:03.653439,1456.869385408,0.2000000000106253,1.3994168851090887,0.2,-1.1994168850984634,False,1.1994168850984634,0.0,INIT
2025-12-04T20:52:03.654918,1456.87084896,0.2000000000106253,1.3975836028768729,0.2,-1.1975836028662477,False,1.1975836028662477,0.0,INIT
2025-12-04T20:52:03.659758,1456.875687944,0.20000000001124424,1.3975836028768729,0.2,-1.1975836028656286,False,1.1975836028656286,0.0,INIT
2025-12-04T20:52:03.670739,1456.886689047,0.20000000001124424,1.395750447102527,0.2,-1.1957504470912828,False,1.1957504470912828,0.0,INIT
2025-12-04T20:52:03.681377,1456.89730745,0.20000000001124424,1.395750447102527,0.2,-1.1957504470912828,False,1.1957504470912828,0.0,INIT
2025-12-04T20:52:03.705596,1456.921531697,0.20000000001124424,1.3939174192569759,0.2,-1.1939174192457316,False,1.1939174192457316,0.0,INIT
2025-12-04T20:52:03.708174,1456.924115461,0.20000000001124424,1.3939174192569759,0.2,-1.1939174192457316,False,1.1939174192457316,0.0,INIT
2025-12-04T20:52:03.716484,1456.932418905,0.20000000001124424,1.3920845208154127,0.2,-1.1920845208041684,False,1.1920845208041684,0.0,INIT
2025-12-04T20:52:03.730946,1456.946879865,0.2000000000106253,1.3920845208154127,0.2,-1.1920845208047874,False,1.1920845208047874,0.0,INIT
2025-12-04T20:52:03.738494,1456.954431911,0.2000000000106253,1.3902517532573677,0.2,-1.1902517532467425,False,1.1902517532467425,0.0,INIT
2025-12-04T20:52:03.758877,1456.974819449,0.2000000000106253,1.3902517532573677,0.2,-1.1902517532467425,False,1.1902517532467425,0.0,INIT
2025-12-04T20:52:03.778433,1456.994370334,0.20000000001124424,1.3884191180667402,0.2,-1.188419118055496,False,1.188419118055496,0.0,INIT
2025-12-04T20:52:03.784028,1456.999977634,0.2000000000106253,1.3884191180667402,0.2,-1.188419118056115,False,1.188419118056115,0.0,INIT
2025-12-04T20:52:03.785274,1457.00120276,0.2000000000106253,1.3865866167318899,0.2,-1.1865866167212646,False,1.1865866167212646,0.0,INIT
2025-12-04T20:52:03.802744,1457.018677432,0.20000000001124424,1.3865866167318899,0.2,-1.1865866167206456,False,1.1865866167206456,0.0,INIT
2025-12-04T20:52:03.806354,1457.022286164,0.20000000001124424,1.3847542507456527,0.2,-1.1847542507344084,False,1.1847542507344084,0.0,INIT
2025-12-04T20:52:03.827572,1457.043506466,0.2000000000106253,1.3847542507456527,0.2,-1.1847542507350275,False,1.1847542507350275,0.0,INIT
2025-12-04T20:52:03.830192,1457.046124638,0.2000000000106253,1.3829220216054328,0.2,-1.1829220215948075,False,1.1829220215948075,0.0,INIT
2025-12-04T20:52:03.837634,1457.0535657,0.2000000000106253,1.3829220216054328,0.2,-1.1829220215948075,False,1.1829220215948075,0.0,INIT
2025-12-04T20:52:03.860029,1457.075958092,0.20000000001062532,1.3829220216054328,0.2,-1.1829220215948075,False,1.1829220215948075,0.0,INIT
2025-12-04T20:52:03.861381,1457.077306809,0.20000000001062532,1.3829220216054328,0.2,-1.1829220215948075,False,1.1829220215948075,0.0,INIT
2025-12-04T20:52:03.869973,1457.085915347,0.2000000000106253,1.3810899308132267,0.2,-1.1810899308026015,False,1.1810899308026015,0.0,INIT
2025-12-04T20:52:03.881188,1457.097123591,0.2000000000106253,1.3792579798756934,0.2,-1.1792579798650682,False,1.1792579798650682,0.0,INIT
2025-12-04T20:52:03.899157,1457.115086204,0.2000000000106253,1.3792579798756934,0.2,-1.1792579798650682,False,1.1792579798650682,0.0,INIT
2025-12-04T20:52:03.905275,1457.121211981,0.2000000000106253,1.3774261703042256,0.2,-1.1774261702936004,False,1.1774261702936004,0.0,INIT
2025-12-04T20:52:03.916961,1457.132897341,0.2000000000106253,1.3774261703042256,0.2,-1.1774261702936004,False,1.1774261702936004,0.0,INIT
2025-12-04T20:52:03.927920,1457.14384998,0.2000000000106253,1.3755945036149697,0.2,-1.1755945036043445,False,1.1755945036043445,0.0,INIT
2025-12-04T20:52:03.935275,1457.151203754,0.2000000000106253,1.3755945036149697,0.2,-1.1755945036043445,False,1.1755945036043445,0.0,INIT
2025-12-04T20:52:03.946225,1457.162156437,0.2000000000106253,1.373762981328932,0.2,-1.1737629813183068,False,1.1737629813183068,0.0,INIT
2025-12-04T20:52:03.957240,1457.173171191,0.2000000000106253,1.373762981328932,0.2,-1.1737629813183068,False,1.1737629813183068,0.0,INIT
2025-12-04T20:52:03.971171,1457.187119906,0.2000000000106253,1.373762981328932,0.2,-1.1737629813183068,False,1.1737629813183068,0.0,INIT
2025-12-04T20:52:03.977614,1457.193544451,0.2000000000106253,1.3719316049719819,0.2,-1.1719316049613566,False,1.1719316049613566,0.0,INIT
2025-12-04T20:52:03.989247,1457.205195272,0.2000000000106253,1.3719316049719819,0.2,-1.1719316049613566,False,1.1719316049613566,0.0,INIT
2025-12-04T20:52:04.006488,1457.222438996,0.2000000000106253,1.3701003760749497,0.2,-1.1701003760643245,False,1.1701003760643245,0.0,INIT
2025-12-04T20:52:04.011700,1457.227629281,0.2000000000106253,1.3701003760749497,0.2,-1.1701003760643245,False,1.1701003760643245,0.0,INIT
2025-12-04T20:52:04.022380,1457.23831488,0.2000000000106253,1.3682692961736782,0.2,-1.168269296163053,False,1.168269296163053,0.0,INIT
2025-12-04T20:52:04.038758,1457.254704187,0.2000000000106253,1.3682692961736782,0.2,-1.168269296163053,False,1.168269296163053,0.0,INIT
2025-12-04T20:52:04.049996,1457.265937898,0.2000000000106253,1.3664383668090707,0.2,-1.1664383667984455,False,1.1664383667984455,0.0,INIT
2025-12-04T20:52:04.056206,1457.272151378,0.2000000000106253,1.3664383668090707,0.2,-1.1664383667984455,False,1.1664383667984455,0.0,INIT
2025-12-04T20:52:04.067260,1457.283190818,0.2000000000106253,1.364607589527144,0.2,-1.1646075895165187,False,1.1646075895165187,0.0,INIT
2025-12-04T20:52:04.076156,1457.292084987,0.2000000000106253,1.364607589527144,0.2,-1.1646075895165187,False,1.1646075895165187,0.0,INIT
2025-12-04T20:52:04.086421,1457.302358212,0.2000000000106253,1.364607589527144,0.2,-1.1646075895165187,False,1.1646075895165187,0.0,INIT
2025-12-04T20:52:04.102563,1457.318502986,0.2000000000106253,1.3627769658791147,0.2,-1.1627769658684894,False,1.1627769658684894,0.0,INIT
2025-12-04T20:52:04.109366,1457.325301955,0.2000000000106253,1.3627769658791147,0.2,-1.1627769658684894,False,1.1627769658684894,0.0,INIT
2025-12-04T20:52:04.126709,1457.342647081,0.2000000000106253,1.3627769658791147,0.2,-1.1627769658684894,False,1.1627769658684894,0.0,INIT
2025-12-04T20:52:04.139858,1457.3557921,0.2000000000106253,1.3609464974214251,0.2,-1.1609464974108,False,1.1609464974108,0.0,INIT
2025-12-04T20:52:04.147918,1457.363854109,0.2000000000106253,1.3591161857158411,0.2,-1.159116185705216,False,1.159116185705216,0.0,INIT
2025-12-04T20:52:04.153340,1457.369280479,0.20000000001124424,1.3591161857158411,0.2,-1.1591161857045968,False,1.1591161857045968,0.0,INIT
2025-12-04T20:52:04.169175,1457.385107073,0.20000000001124424,1.3572860323294673,0.2,-1.157286032318223,False,1.157286032318223,0.0,INIT
2025-12-04T20:52:04.173568,1457.389506479,0.20000000001062532,1.3572860323294673,0.2,-1.157286032318842,False,1.157286032318842,0.0,INIT
2025-12-04T20:52:04.184114,1457.400051113,0.20000000001062532,1.3554560388348618,0.2,-1.1554560388242365,False,1.1554560388242365,0.0,INIT
2025-12-04T20:52:04.194363,1457.410297396,0.20000000001062532,1.3554560388348618,0.2,-1.1554560388242365,False,1.1554560388242365,0.0,INIT
2025-12-04T20:52:04.205365,1457.421297246,0.20000000001062532,1.3554560388348618,0.2,-1.1554560388242365,False,1.1554560388242365,0.0,INIT
2025-12-04T20:52:04.222017,1457.437955671,0.20000000001124424,1.3554560388348618,0.2,-1.1554560388236175,False,1.1554560388236175,0.0,INIT
2025-12-04T20:52:04.230227,1457.446162166,0.2000000000106253,1.3536262068100395,0.2,-1.1536262067994143,False,1.1536262067994143,0.0,INIT
2025-12-04T20:52:04.252238,1457.468173857,0.2000000000106253,1.3517965378385899,0.2,-1.1517965378279647,False,1.1517965378279647,0.0,INIT
2025-12-04T20:52:04.255865,1457.471799853,0.20000000001124424,1.3517965378385899,0.2,-1.1517965378273456,False,1.1517965378273456,0.0,INIT
2025-12-04T20:52:04.261940,1457.477877385,0.20000000001124424,1.349967033509687,0.2,-1.1499670334984426,False,1.1499670334984426,0.0,INIT
2025-12-04T20:52:04.273198,1457.489133986,0.20000000001124424,1.349967033509687,0.2,-1.1499670334984426,False,1.1499670334984426,0.0,INIT
2025-12-04T20:52:04.295076,1457.511017387,0.20000000001124424,1.349967033509687,0.2,-1.1499670334984426,False,1.1499670334984426,0.0,INIT
2025-12-04T20:52:04.297337,1457.513281917,0.20000000001124424,1.3481376954181954,0.2,-1.148137695406951,False,1.148137695406951,0.0,INIT
2025-12-04T20:52:04.306897,1457.522839852,0.20000000001124424,1.346308525164707,0.2,-1.1463085251534626,False,1.1463085251534626,0.0,INIT
2025-12-04T20:52:04.321536,1457.537472909,0.20000000001124424,1.346308525164707,0.2,-1.1463085251534626,False,1.1463085251534626,0.0,INIT
2025-12-04T20:52:04.335224,1457.551163558,0.2000000000106253,1.346308525164707,0.2,-1.1463085251540817,False,1.1463085251540817,0.0,INIT
2025-12-04T20:52:04.340212,1457.55616072,0.2000000000106253,1.34447952435562,0.2,-1.1444795243449948,False,1.1444795243449948,0.0,INIT
2025-12-04T20:52:04.350458,1457.566395794,0.20000000001124424,1.34447952435562,0.2,-1.1444795243443757,False,1.1444795243443757,0.0,INIT
2025-12-04T20:52:04.362566,1457.578509658,0.20000000001124424,1.342650694603182,0.2,-1.1426506945919377,False,1.1426506945919377,0.0,INIT
2025-12-04T20:52:04.372320,1457.588250384,0.2000000000106253,1.342650694603182,0.2,-1.1426506945925567,False,1.1426506945925567,0.0,INIT
2025-12-04T20:52:04.381874,1457.597804129,0.2000000000106253,1.340822037525582,0.2,-1.1408220375149567,False,1.1408220375149567,0.0,INIT
2025-12-04T20:52:04.392650,1457.608582013,0.20000000001124424,1.340822037525582,0.2,-1.1408220375143376,False,1.1408220375143376,0.0,INIT
2025-12-04T20:52:04.404216,1457.620148524,0.20000000001124424,1.3389935547469838,0.2,-1.1389935547357395,False,1.1389935547357395,0.0,INIT
2025-12-04T20:52:04.421257,1457.637204202,0.2000000000106253,1.3389935547469838,0.2,-1.1389935547363585,False,1.1389935547363585,0.0,INIT
2025-12-04T20:52:04.439735,1457.655668579,0.2000000000106253,1.3371652478976284,0.2,-1.1371652478870031,False,1.1371652478870031,0.0,INIT
2025-12-04T20:52:04.457414,1457.673351464,0.2000000000106253,1.3371652478976284,0.2,-1.1371652478870031,False,1.1371652478870031,0.0,INIT
2025-12-04T20:52:04.459520,1457.675449076,0.2000000000106253,1.335337118613861,0.2,-1.1353371186032357,False,1.1353371186032357,0.0,INIT
2025-12-04T20:52:04.460814,1457.676744002,0.2000000000106253,1.335337118613861,0.2,-1.1353371186032357,False,1.1353371186032357,0.0,INIT
2025-12-04T20:52:04.469931,1457.685861733,0.2000000000106253,1.3335091685382174,0.2,-1.1335091685275922,False,1.1335091685275922,0.0,INIT
2025-12-04T20:52:04.493492,1457.709426218,0.2000000000106253,1.3335091685382174,0.2,-1.1335091685275922,False,1.1335091685275922,0.0,INIT
2025-12-04T20:52:04.495905,1457.711836115,0.2000000000106253,1.3316813993195051,0.2,-1.13168139930888,False,1.13168139930888,0.0,INIT
2025-12-04T20:52:04.503900,1457.719852675,0.2000000000106253,1.3316813993195051,0.2,-1.13168139930888,False,1.13168139930888,0.0,INIT
2025-12-04T20:52:04.521481,1457.737424537,0.2000000000106253,1.3298538126128303,0.2,-1.129853812602205,False,1.129853812602205,0.0,INIT
2025-12-04T20:52:04.525248,1457.741180331,0.2000000000106253,1.3298538126128303,0.2,-1.129853812602205,False,1.129853812602205,0.0,INIT
2025-12-04T20:52:04.536135,1457.752070828,0.2000000000106253,1.328026410079712,0.2,-1.1280264100690867,False,1.1280264100690867,0.0,INIT
2025-12-04T20:52:04.560568,1457.7764996,0.2000000000106253,1.328026410079712,0.2,-1.1280264100690867,False,1.1280264100690867,0.0,INIT
2025-12-04T20:52:04.562320,1457.778253729,0.2000000000106253,1.3261991933881037,0.2,-1.1261991933774784,False,1.1261991933774784,0.0,INIT
2025-12-04T20:52:04.570131,1457.786076287,0.2000000000106253,1.3261991933881037,0.2,-1.1261991933774784,False,1.1261991933774784,0.0,INIT
2025-12-04T20:52:04.585427,1457.801358923,0.2000000000106253,1.3243721642125017,0.2,-1.1243721642018765,False,1.1243721642018765,0.0,INIT
2025-12-04T20:52:04.594516,1457.810445775,0.2000000000106253,1.3243721642125017,0.2,-1.1243721642018765,False,1.1243721642018765,0.0,INIT
2025-12-04T20:52:04.603264,1457.819197194,0.2000000000106253,1.3225453242339924,0.2,-1.1225453242233672,False,1.1225453242233672,0.0,INIT
2025-12-04T20:52:04.613768,1457.829696958,0.2000000000106253,1.3225453242339924,0.2,-1.1225453242233672,False,1.1225453242233672,0.0,INIT
2025-12-04T20:52:04.626075,1457.842029524,0.2000000000106253,1.320718675140335,0.2,-1.1207186751297098,False,1.1207186751297098,0.0,INIT
2025-12-04T20:52:04.635707,1457.851643545,0.2000000000106253,1.320718675140335,0.2,-1.1207186751297098,False,1.1207186751297098,0.0,INIT
2025-12-04T20:52:04.658929,1457.874867299,0.2000000000106253,1.3188922186260035,0.2,-1.1188922186153782,False,1.1188922186153782,0.0,INIT
2025-12-04T20:52:04.660204,1457.876134607,0.2000000000106253,1.3188922186260035,0.2,-1.1188922186153782,False,1.1188922186153782,0.0,INIT
2025-12-04T20:52:04.668621,1457.884550056,0.2000000000106253,1.3188922186260035,0.2,-1.1188922186153782,False,1.1188922186153782,0.0,INIT
2025-12-04T20:52:04.693194,1457.909125444,0.2000000000106253,1.3170659563922982,0.2,-1.117065956381673,False,1.117065956381673,0.0,INIT
2025-12-04T20:52:04.696179,1457.912111277,0.2000000000106253,1.3170659563922982,0.2,-1.117065956381673,False,1.117065956381673,0.0,INIT
2025-12-04T20:52:04.702590,1457.91852166,0.2000000000106253,1.3152398901473754,0.2,-1.1152398901367502,False,1.1152398901367502,0.0,INIT
2025-12-04T20:52:04.716964,1457.932895513,0.2000000000106253,1.3152398901473754,0.2,-1.1152398901367502,False,1.1152398901367502,0.0,INIT
2025-12-04T20:52:04.728619,1457.944550482,0.2000000000106253,1.313414021606362,0.2,-1.1134140215957367,False,1.1134140215957367,0.0,INIT
2025-12-04T20:52:04.737632,1457.953564982,0.20000000001124424,1.313414021606362,0.2,-1.1134140215951176,False,1.1134140215951176,0.0,INIT
2025-12-04T20:52:04.746389,1457.962318142,0.20000000001124424,1.3115883524913832,0.2,-1.1115883524801389,False,1.1115883524801389,0.0,INIT
2025-12-04T20:52:04.759963,1457.975936264,0.20000000001062532,1.3115883524913832,0.2,-1.111588352480758,False,1.111588352480758,0.0,INIT
2025-12-04T20:52:04.771408,1457.987341207,0.20000000001062532,1.3097628845316809,0.2,-1.1097628845210556,False,1.1097628845210556,0.0,INIT
2025-12-04T20:52:04.779462,1457.995389927,0.20000000001062532,1.3097628845316809,0.2,-1.1097628845210556,False,1.1097628845210556,0.0,INIT
2025-12-04T20:52:04.793809,1458.009745063,0.20000000001124424,1.3097628845316809,0.2,-1.1097628845204366,False,1.1097628845204366,0.0,INIT
2025-12-04T20:52:04.808176,1458.02410601,0.2000000000106253,1.307937619463635,0.2,-1.1079376194530097,False,1.1079376194530097,0.0,INIT
2025-12-04T20:52:04.819668,1458.035611816,0.2000000000106253,1.307937619463635,0.2,-1.1079376194530097,False,1.1079376194530097,0.0,INIT
2025-12-04T20:52:04.824270,1458.04020963,0.20000000001124424,1.3061125590308933,0.2,-1.106112559019649,False,1.106112559019649,0.0,INIT
2025-12-04T20:52:04.838326,1458.054275836,0.20000000001124424,1.304287704984393,0.2,-1.1042877049731488,False,1.1042877049731488,0.0,INIT
2025-12-04T20:52:04.846820,1458.06274716,0.20000000001124424,1.304287704984393,0.2,-1.1042877049731488,False,1.1042877049731488,0.0,INIT
2025-12-04T20:52:04.855843,1458.071777969,0.20000000001124424,1.302463059082478,0.2,-1.1024630590712337,False,1.1024630590712337,0.0,INIT
2025-12-04T20:52:04.866881,1458.082817065,0.20000000001124424,1.302463059082478,0.2,-1.1024630590712337,False,1.1024630590712337,0.0,INIT
2025-12-04T20:52:04.891860,1458.107809369,0.20000000001124424,1.302463059082478,0.2,-1.1024630590712337,False,1.1024630590712337,0.0,INIT
2025-12-04T20:52:04.893094,1458.109021708,0.20000000001124424,1.3006386230909532,0.2,-1.100638623079709,False,1.100638623079709,0.0,INIT
2025-12-04T20:52:04.900944,1458.116875308,0.2000000000106253,1.3006386230909532,0.2,-1.100638623080328,False,1.100638623080328,0.0,INIT
2025-12-04T20:52:04.910035,1458.125964492,0.2000000000106253,1.2988143987831657,0.2,-1.0988143987725405,False,1.0988143987725405,0.0,INIT
2025-12-04T20:52:04.920837,1458.136774185,0.20000000001124424,1.2988143987831657,0.2,-1.0988143987719214,False,1.0988143987719214,0.0,INIT
2025-12-04T20:52:04.932876,1458.148806675,0.20000000001124424,1.2969903879400677,0.2,-1.0969903879288234,False,1.0969903879288234,0.0,INIT
2025-12-04T20:52:04.942434,1458.158364933,0.2000000000106253,1.2969903879400677,0.2,-1.0969903879294425,False,1.0969903879294425,0.0,INIT
2025-12-04T20:52:04.953023,1458.168954826,0.2000000000106253,1.295166592350327,0.2,-1.0951665923397018,False,1.0951665923397018,0.0,INIT
2025-12-04T20:52:04.975942,1458.1918756,0.2000000000106253,1.295166592350327,0.2,-1.0951665923397018,False,1.0951665923397018,0.0,INIT
2025-12-04T20:52:04.982058,1458.197989047,0.2000000000106253,1.2933430138103628,0.2,-1.0933430137997375,False,1.0933430137997375,0.0,INIT
2025-12-04T20:52:04.984869,1458.20079797,0.2000000000106253,1.2933430138103628,0.2,-1.0933430137997375,False,1.0933430137997375,0.0,INIT
2025-12-04T20:52:04.996255,1458.212186464,0.2000000000106253,1.2915196541244658,0.2,-1.0915196541138406,False,1.0915196541138406,0.0,INIT
2025-12-04T20:52:05.013733,1458.229662722,0.20000000001062532,1.2915196541244658,0.2,-1.0915196541138406,False,1.0915196541138406,0.0,INIT
2025-12-04T20:52:05.017800,1458.233730065,0.20000000001062532,1.2896965151048434,0.2,-1.0896965150942182,False,1.0896965150942182,0.0,INIT
2025-12-04T20:52:05.029433,1458.245372209,0.2000000000106253,1.2896965151048434,0.2,-1.0896965150942182,False,1.0896965150942182,0.0,INIT
2025-12-04T20:52:05.040238,1458.256175559,0.2000000000106253,1.2878735985717142,0.2,-1.087873598561089,False,1.087873598561089,0.0,INIT
2025-12-04T20:52:05.059878,1458.275830104,0.2000000000106253,1.2878735985717142,0.2,-1.087873598561089,False,1.087873598561089,0.0,INIT
2025-12-04T20:52:05.088743,1458.304698118,0.2000000000106253,1.286050906353399,0.2,-1.0860509063427737,False,1.0860509063427737,0.0,INIT
2025-12-04T20:52:05.092397,1458.308346795,0.2000000000106253,1.286050906353399,0.2,-1.0860509063427737,False,1.0860509063427737,0.0,INIT
2025-12-04T20:52:05.096594,1458.312526548,0.2000000000106253,1.2842284402863742,0.2,-1.084228440275749,False,1.084228440275749,0.0,INIT
2025-12-04T20:52:05.097314,1458.313242422,0.2000000000106253,1.2842284402863742,0.2,-1.084228440275749,False,1.084228440275749,0.0,INIT
2025-12-04T20:52:05.105845,1458.321778055,0.2000000000106253,1.282406202215391,0.2,-1.0824062022047658,False,1.0824062022047658,0.0,INIT
2025-12-04T20:52:05.120429,1458.336384572,0.2000000000106253,1.282406202215391,0.2,-1.0824062022047658,False,1.0824062022047658,0.0,INIT
2025-12-04T20:52:05.129453,1458.345387839,0.2000000000106253,1.280584193993512,0.2,-1.0805841939828869,False,1.0805841939828869,0.0,INIT
2025-12-04T20:52:05.138672,1458.354601613,0.2000000000106253,1.280584193993512,0.2,-1.0805841939828869,False,1.0805841939828869,0.0,INIT
2025-12-04T20:52:05.149933,1458.365862702,0.2000000000106253,1.2787624174822376,0.2,-1.0787624174716124,False,1.0787624174716124,0.0,INIT
2025-12-04T20:52:05.160947,1458.376882671,0.2000000000106253,1.2787624174822376,0.2,-1.0787624174716124,False,1.0787624174716124,0.0,INIT
2025-12-04T20:52:05.179307,1458.395239794,0.2000000000106253,1.2769408745515687,0.2,-1.0769408745409434,False,1.0769408745409434,0.0,INIT
2025-12-04T20:52:05.187601,1458.403533947,0.2000000000106253,1.2769408745515687,0.2,-1.0769408745409434,False,1.0769408745409434,0.0,INIT
2025-12-04T20:52:05.194750,1458.410680152,0.2000000000106253,1.275119567080095,0.2,-1.0751195670694698,False,1.0751195670694698,0.0,INIT
2025-12-04T20:52:05.205540,1458.421476437,0.2000000000106253,1.275119567080095,0.2,-1.0751195670694698,False,1.0751195670694698,0.0,INIT
2025-12-04T20:52:05.216139,1458.432067843,0.2000000000106253,1.2732984969550625,0.2,-1.0732984969444372,False,1.0732984969444372,0.0,INIT
2025-12-04T20:52:05.230896,1458.446831888,0.2000000000106253,1.2732984969550625,0.2,-1.0732984969444372,False,1.0732984969444372,0.0,INIT
2025-12-04T20:52:05.240691,1458.456632213,0.2000000000106253,1.2714776660725011,0.2,-1.0714776660618759,False,1.0714776660618759,0.0,INIT
2025-12-04T20:52:05.271452,1458.487399172,0.2000000000106253,1.2714776660725011,0.2,-1.0714776660618759,False,1.0714776660618759,0.0,INIT
2025-12-04T20:52:05.275987,1458.491918214,0.2000000000106253,1.2696570763372614,0.2,-1.0696570763266362,False,1.0696570763266362,0.0,INIT
2025-12-04T20:52:05.277345,1458.493277736,0.2000000000106253,1.2696570763372614,0.2,-1.0696570763266362,False,1.0696570763266362,0.0,INIT
2025-12-04T20:52:05.284044,1458.499973712,0.2000000000106253,1.2678367296631485,0.2,-1.0678367296525233,False,1.0678367296525233,0.0,INIT
2025-12-04T20:52:05.294768,1458.510709999,0.20000000001124424,1.2678367296631485,0.2,-1.0678367296519042,False,1.0678367296519042,0.0,INIT
2025-12-04T20:52:05.306744,1458.522681121,0.20000000001124424,1.2660166279729683,0.2,-1.066016627961724,False,1.066016627961724,0.0,INIT
2025-12-04T20:52:05.313355,1458.529284597,0.20000000001124424,1.2660166279729683,0.2,-1.066016627961724,False,1.066016627961724,0.0,INIT
2025-12-04T20:52:05.328738,1458.544674234,0.20000000001062532,1.2660166279729683,0.2,-1.066016627962343,False,1.066016627962343,0.0,INIT
2025-12-04T20:52:05.341390,1458.557321397,0.20000000001062532,1.2641967731986563,0.2,-1.064196773188031,False,1.064196773188031,0.0,INIT
2025-12-04T20:52:05.361426,1458.57736265,0.20000000001124424,1.2641967731986563,0.2,-1.064196773187412,False,1.064196773187412,0.0,INIT
2025-12-04T20:52:05.363653,1458.579584438,0.2000000000106253,1.2623771672813238,0.2,-1.0623771672706985,False,1.0623771672706985,0.0,INIT
2025-12-04T20:52:05.369671,1458.585605782,0.2000000000106253,1.2623771672813238,0.2,-1.0623771672706985,False,1.0623771672706985,0.0,INIT
2025-12-04T20:52:05.381300,1458.597235036,0.2000000000106253,1.2605578121713954,0.2,-1.0605578121607702,False,1.0605578121607702,0.0,INIT
2025-12-04T20:52:05.393684,1458.609620569,0.20000000001124424,1.2605578121713954,0.2,-1.060557812160151,False,1.060557812160151,0.0,INIT
2025-12-04T20:52:05.404977,1458.620914728,0.20000000001124424,1.2587387098286529,0.2,-1.0587387098174086,False,1.0587387098174086,0.0,INIT
2025-12-04T20:52:05.414532,1458.630462621,0.20000000001124424,1.2587387098286529,0.2,-1.0587387098174086,False,1.0587387098174086,0.0,INIT
2025-12-04T20:52:05.423864,1458.639799515,0.20000000001124424,1.2569198622223663,0.2,-1.056919862211122,False,1.056919862211122,0.0,INIT
2025-12-04T20:52:05.464662,1458.680604467,0.2000000000106253,1.2569198622223663,0.2,-1.056919862211741,False,1.056919862211741,0.0,INIT
2025-12-04T20:52:05.467836,1458.683768172,0.2000000000106253,1.2551012713313687,0.2,-1.0551012713207435,False,1.0551012713207435,0.0,INIT
2025-12-04T20:52:05.468907,1458.684841332,0.2000000000106253,1.2551012713313687,0.2,-1.0551012713207435,False,1.0551012713207435,0.0,INIT
2025-12-04T20:52:05.470457,1458.686385026,0.2000000000106253,1.2532829391441522,0.2,-1.053282939133527,False,1.053282939133527,0.0,INIT
2025-12-04T20:52:05.478769,1458.694697529,0.20000000001124424,1.2532829391441522,0.2,-1.053282939132908,False,1.053282939132908,0.0,INIT
2025-12-04T20:52:05.489736,1458.705668048,0.20000000001124424,1.251464867658946,0.2,-1.0514648676477016,False,1.0514648676477016,0.0,INIT
2025-12-04T20:52:05.500953,1458.716895368,0.2000000000106253,1.251464867658946,0.2,-1.0514648676483207,False,1.0514648676483207,0.0,INIT
2025-12-04T20:52:05.511752,1458.727680613,0.2000000000106253,1.2496470588838484,0.2,-1.0496470588732232,False,1.0496470588732232,0.0,INIT
2025-12-04T20:52:05.527114,1458.743047982,0.20000000001124424,1.2496470588838484,0.2,-1.0496470588726041,False,1.0496470588726041,0.0,INIT
2025-12-04T20:52:05.539967,1458.755896811,0.20000000001124424,1.2478295148368819,0.2,-1.0478295148256376,False,1.0478295148256376,0.0,INIT
2025-12-04T20:52:05.543148,1458.759077557,0.2000000000106253,1.2478295148368819,0.2,-1.0478295148262566,False,1.0478295148262566,0.0,INIT
2025-12-04T20:52:05.574522,1458.790484613,0.2000000000106253,1.246012237546127,0.2,-1.0460122375355019,False,1.0460122375355019,0.0,INIT
2025-12-04T20:52:05.589997,1458.805932573,0.2000000000106253,1.246012237546127,0.2,-1.0460122375355019,False,1.0460122375355019,0.0,INIT
2025-12-04T20:52:05.592878,1458.808813162,0.2000000000106253,1.244195229049792,0.2,-1.0441952290391667,False,1.0441952290391667,0.0,INIT
2025-12-04T20:52:05.594754,1458.810687229,0.2000000000106253,1.244195229049792,0.2,-1.0441952290391667,False,1.0441952290391667,0.0,INIT
2025-12-04T20:52:05.599678,1458.815608122,0.2000000000106253,1.2423784913963116,0.2,-1.0423784913856864,False,1.0423784913856864,0.0,INIT
2025-12-04T20:52:05.610316,1458.826247191,0.2000000000106253,1.2423784913963116,0.2,-1.0423784913856864,False,1.0423784913856864,0.0,INIT
2025-12-04T20:52:05.620605,1458.836542737,0.2000000000106253,1.240562026644482,0.2,-1.0405620266338567,False,1.0405620266338567,0.0,INIT
2025-12-04T20:52:05.631515,1458.84744795,0.2000000000106253,1.240562026644482,0.2,-1.0405620266338567,False,1.0405620266338567,0.0,INIT
2025-12-04T20:52:05.642345,1458.85827651,0.2000000000106253,1.2387458368635063,0.2,-1.038745836852881,False,1.038745836852881,0.0,INIT
2025-12-04T20:52:05.653070,1458.869013935,0.2000000000106253,1.2387458368635063,0.2,-1.038745836852881,False,1.038745836852881,0.0,INIT
2025-12-04T20:52:05.664197,1458.88012925,0.2000000000106253,1.2369299241331495,0.2,-1.0369299241225243,False,1.0369299241225243,0.0,INIT
2025-12-04T20:52:05.675195,1458.891134568,0.2000000000106253,1.2369299241331495,0.2,-1.0369299241225243,False,1.0369299241225243,0.0,INIT
2025-12-04T20:52:05.685491,1458.901421455,0.2000000000106253,1.2351142905437928,0.2,-1.0351142905331676,False,1.0351142905331676,0.0,INIT
2025-12-04T20:52:05.705113,1458.921054388,0.2000000000106253,1.2351142905437928,0.2,-1.0351142905331676,False,1.0351142905331676,0.0,INIT
2025-12-04T20:52:05.717625,1458.933556942,0.2000000000106253,1.2332989381965742,0.2,-1.033298938185949,False,1.033298938185949,0.0,INIT
2025-12-04T20:52:05.722887,1458.938818692,0.2000000000106253,1.2332989381965742,0.2,-1.033298938185949,False,1.033298938185949,0.0,INIT
2025-12-04T20:52:05.729968,1458.94590259,0.2000000000106253,1.2314838692034717,0.2,-1.0314838691928465,False,1.0314838691928465,0.0,INIT
2025-12-04T20:52:05.741526,1458.957455646,0.2000000000106253,1.2314838692034717,0.2,-1.0314838691928465,False,1.0314838691928465,0.0,INIT
2025-12-04T20:52:05.750462,1458.966396926,0.2000000000106253,1.2296690856874246,0.2,-1.0296690856767994,False,1.0296690856767994,0.0,INIT
2025-12-04T20:52:05.771635,1458.987572983,0.2000000000106253,1.2296690856874246,0.2,-1.0296690856767994,False,1.0296690856767994,0.0,INIT
2025-12-04T20:52:05.788526,1459.004458882,0.2000000000106253,1.2278545897823987,0.2,-1.0278545897717735,False,1.0278545897717735,0.0,INIT
2025-12-04T20:52:05.792651,1459.008600629,0.2000000000106253,1.2278545897823987,0.2,-1.0278545897717735,False,1.0278545897717735,0.0,INIT
2025-12-04T20:52:05.797054,1459.012998144,0.2000000000106253,1.226040383633559,0.2,-1.0260403836229337,False,1.0260403836229337,0.0,INIT
2025-12-04T20:52:05.806749,1459.022680733,0.2000000000106253,1.226040383633559,0.2,-1.0260403836229337,False,1.0260403836229337,0.0,INIT
2025-12-04T20:52:05.820146,1459.036095598,0.2000000000106253,1.2242264693973066,0.2,-1.0242264693866814,False,1.0242264693866814,0.0,INIT
2025-12-04T20:52:05.831949,1459.04788037,0.2000000000106253,1.2242264693973066,0.2,-1.0242264693866814,False,1.0242264693866814,0.0,INIT
2025-12-04T20:52:05.853479,1459.069422948,0.20000000001124424,1.2224128492414517,0.2,-1.0224128492302074,False,1.0224128492302074,0.0,INIT
2025-12-04T20:52:05.856861,1459.072803649,0.20000000001124424,1.2205995253452642,0.2,-1.0205995253340199,False,1.0205995253340199,0.0,INIT
2025-12-04T20:52:05.862617,1459.078551057,0.20000000001124424,1.2205995253452642,0.2,-1.0205995253340199,False,1.0205995253340199,0.0,INIT
2025-12-04T20:52:05.874005,1459.089940345,0.20000000001062532,1.2205995253452642,0.2,-1.020599525334639,False,1.020599525334639,0.0,INIT
2025-12-04T20:52:05.883935,1459.099863631,0.20000000001062532,1.2187864998996396,0.2,-1.0187864998890144,False,1.0187864998890144,0.0,INIT
2025-12-04T20:52:05.901758,1459.117693822,0.20000000001124424,1.2187864998996396,0.2,-1.0187864998883953,False,1.0187864998883953,0.0,INIT
2025-12-04T20:52:05.946911,1459.162844158,0.20000000001124424,1.2169737751071583,0.2,-1.016973775095914,False,1.016973775095914,0.0,INIT
2025-12-04T20:52:05.962801,1459.178733271,0.20000000001124424,1.2169737751071583,0.2,-1.016973775095914,False,1.016973775095914,0.0,INIT
2025-12-04T20:52:05.965279,1459.18121589,0.20000000001124424,1.2151613531822516,0.2,-1.0151613531710073,False,1.0151613531710073,0.0,INIT
2025-12-04T20:52:05.966816,1459.182772276,0.20000000001124424,1.2151613531822516,0.2,-1.0151613531710073,False,1.0151613531710073,0.0,INIT
2025-12-04T20:52:05.969325,1459.185263335,0.20000000001124424,1.2151613531822516,0.2,-1.0151613531710073,False,1.0151613531710073,0.0,INIT
2025-12-04T20:52:05.971039,1459.186995622,0.20000000001124424,1.2133492363512577,0.2,-1.0133492363400134,False,1.0133492363400134,0.0,INIT
2025-12-04T20:52:05.975365,1459.19129875,0.20000000001124424,1.211537426852586,0.2,-1.0115374268413417,False,1.0115374268413417,0.0,INIT
2025-12-04T20:52:05.992711,1459.208652732,0.20000000001124424,1.211537426852586,0.2,-1.0115374268413417,False,1.0115374268413417,0.0,INIT
2025-12-04T20:52:06.016396,1459.232327436,0.20000000001124424,1.2097259269368115,0.2,-1.0097259269255672,False,1.0097259269255672,0.0,INIT
2025-12-04T20:52:06.022299,1459.238230667,0.2000000000106253,1.2097259269368115,0.2,-1.0097259269261862,False,1.0097259269261862,0.0,INIT
2025-12-04T20:52:06.023563,1459.239493089,0.2000000000106253,1.2097259269368115,0.2,-1.0097259269261862,False,1.0097259269261862,0.0,INIT
2025-12-04T20:52:06.031268,1459.247205992,0.20000000001124424,1.2079147388667941,0.2,-1.0079147388555498,False,1.0079147388555498,0.0,INIT
2025-12-04T20:52:06.046851,1459.262785933,0.20000000001124424,1.2079147388667941,0.2,-1.0079147388555498,False,1.0079147388555498,0.0,INIT
2025-12-04T20:52:06.066108,1459.28203923,0.20000000001124424,1.2061038649177824,0.2,-1.0061038649065381,False,1.0061038649065381,0.0,INIT
2025-12-04T20:52:06.088651,1459.304587836,0.20000000001124424,1.2061038649177824,0.2,-1.0061038649065381,False,1.0061038649065381,0.0,INIT
2025-12-04T20:52:06.091661,1459.307597367,0.20000000001124424,1.204293307377566,0.2,-1.0042933073663216,False,1.0042933073663216,0.0,INIT
2025-12-04T20:52:06.095172,1459.311107491,0.2000000000106253,1.202483068546555,0.2,-1.0024830685359298,False,1.0024830685359298,0.0,INIT
2025-12-04T20:52:06.096523,1459.312450463,0.2000000000106253,1.202483068546555,0.2,-1.0024830685359298,False,1.0024830685359298,0.0,INIT
2025-12-04T20:52:06.105607,1459.321550712,0.2000000000106253,1.2006731507379467,0.2,-1.0006731507273214,False,1.0006731507273214,0.0,INIT
2025-12-04T20:52:06.120559,1459.336512917,0.2000000000106253,1.2006731507379467,0.2,-1.0006731507273214,False,1.0006731507273214,0.0,INIT
2025-12-04T20:52:06.127713,1459.343657078,0.20000000001062532,1.2006731507379467,0.2,-1.0006731507273214,False,1.0006731507273214,0.0,INIT
2025-12-04T20:52:06.138659,1459.354600183,0.20000000001062532,1.1988635562778036,0.2,-0.9988635562671783,False,0.9988635562671783,0.0,INIT
2025-12-04T20:52:06.149113,1459.365042008,0.2000000000106253,1.1988635562778036,0.2,-0.9988635562671784,False,0.9988635562671784,0.0,INIT
2025-12-04T20:52:06.171791,1459.387726759,0.2000000000106253,1.197054287505197,0.2,-0.9970542874945718,False,0.9970542874945718,0.0,INIT
2025-12-04T20:52:06.206156,1459.422101373,0.2000000000106253,1.197054287505197,0.2,-0.9970542874945718,False,0.9970542874945718,0.0,INIT
2025-12-04T20:52:06.210794,1459.426724059,0.2000000000106253,1.1952453467723556,0.2,-0.9952453467617304,False,0.9952453467617304,0.0,INIT
2025-12-04T20:52:06.212211,1459.428139277,0.2000000000106253,1.1952453467723556,0.2,-0.9952453467617304,False,0.9952453467617304,0.0,INIT
2025-12-04T20:52:06.213724,1459.429652187,0.2000000000106253,1.1934367364447374,0.2,-0.9934367364341121,False,0.9934367364341121,0.0,INIT
2025-12-04T20:52:06.214842,1459.430770038,0.2000000000106253,1.1934367364447374,0.2,-0.9934367364341121,False,0.9934367364341121,0.0,INIT
2025-12-04T20:52:06.225185,1459.441116793,0.2000000000106253,1.1916284589012172,0.2,-0.9916284588905919,False,0.9916284588905919,0.0,INIT
2025-12-04T20:52:06.297485,1459.513424172,0.2000000000106253,1.1916284589012172,0.2,-0.9916284588905919,False,0.9916284588905919,0.0,INIT
2025-12-04T20:52:06.300335,1459.516267516,0.2000000000106253,1.189820516534155,0.2,-0.9898205165235299,False,0.9898205165235299,0.0,INIT
2025-12-04T20:52:06.301777,1459.517705282,0.2000000000106253,1.189820516534155,0.2,-0.9898205165235299,False,0.9898205165235299,0.0,INIT
2025-12-04T20:52:06.303175,1459.519108798,0.2000000000106253,1.189820516534155,0.2,-0.9898205165235299,False,0.9898205165235299,0.0,INIT
2025-12-04T20:52:06.305651,1459.521583368,0.2000000000106253,1.1880129117495803,0.2,-0.9880129117389551,False,0.9880129117389551,0.0,INIT
2025-12-04T20:52:06.306931,1459.52287255,0.2000000000106253,1.1880129117495803,0.2,-0.9880129117389551,False,0.9880129117389551,0.0,INIT
2025-12-04T20:52:06.308324,1459.524257443,0.2000000000106253,1.1862056469672924,0.2,-0.9862056469566671,False,0.9862056469566671,0.0,INIT
2025-12-04T20:52:06.321889,1459.537819688,0.2000000000106253,1.1862056469672924,0.2,-0.9862056469566671,False,0.9862056469566671,0.0,INIT
2025-12-04T20:52:06.324183,1459.540112858,0.2000000000106253,1.184398724621004,0.2,-0.9843987246103787,False,0.9843987246103787,0.0,INIT
2025-12-04T20:52:06.334778,1459.550707676,0.2000000000106253,1.1825921471584522,0.2,-0.9825921471478269,False,0.9825921471478269,0.0,INIT
2025-12-04T20:52:06.345149,1459.561079626,0.2000000000106253,1.1825921471584522,0.2,-0.9825921471478269,False,0.9825921471478269,0.0,INIT
2025-12-04T20:52:06.371742,1459.587672096,0.2000000000106253,1.1825921471584522,0.2,-0.9825921471478269,False,0.9825921471478269,0.0,INIT
2025-12-04T20:52:06.373881,1459.58982008,0.2000000000106253,1.180785917041577,0.2,-0.9807859170309519,False,0.9807859170309519,0.0,INIT
2025-12-04T20:52:06.421770,1459.637702953,0.2000000000112442,1.180785917041577,0.2,-0.9807859170303329,False,0.9807859170303329,0.0,INIT
2025-12-04T20:52:06.426801,1459.642736614,0.2000000000112442,1.178980036746605,0.2,-0.9789800367353608,False,0.9789800367353608,0.0,INIT
2025-12-04T20:52:06.427958,1459.643893104,0.2000000000112442,1.178980036746605,0.2,-0.9789800367353608,False,0.9789800367353608,0.0,INIT
2025-12-04T20:52:06.429448,1459.645381113,0.2000000000112442,1.1771745087642405,0.2,-0.9771745087529963,False,0.9771745087529963,0.0,INIT
2025-12-04T20:52:06.431318,1459.647250819,0.2000000000112442,1.1771745087642405,0.2,-0.9771745087529963,False,0.9771745087529963,0.0,INIT
2025-12-04T20:52:06.432152,1459.648077143,0.2000000000112442,1.1753693355997514,0.2,-0.9753693355885072,False,0.9753693355885072,0.0,INIT
2025-12-04T20:52:06.444149,1459.660082303,0.20000000001062532,1.1753693355997514,0.2,-0.9753693355891261,False,0.9753693355891261,0.0,INIT
2025-12-04T20:52:06.452937,1459.668869572,0.20000000001062532,1.1735645197731595,0.2,-0.9735645197625341,False,0.9735645197625341,0.0,INIT
2025-12-04T20:52:06.463952,1459.679888377,0.20000000001062532,1.1735645197731595,0.2,-0.9735645197625341,False,0.9735645197625341,0.0,INIT
2025-12-04T20:52:06.476802,1459.692736372,0.20000000001124424,1.1735645197731595,0.2,-0.9735645197619152,False,0.9735645197619152,0.0,INIT
2025-12-04T20:52:06.497569,1459.713528984,0.20000000001124424,1.1717600638193364,0.2,-0.9717600638080921,False,0.9717600638080921,0.0,INIT
2025-12-04T20:52:06.499701,1459.71563121,0.2000000000106253,1.1717600638193364,0.2,-0.9717600638087112,False,0.9717600638087112,0.0,INIT
2025-12-04T20:52:06.506303,1459.722247456,0.2000000000106253,1.1699559702881892,0.2,-0.969955970277564,False,0.969955970277564,0.0,INIT
2025-12-04T20:52:06.521223,1459.737159017,0.20000000001124424,1.1699559702881892,0.2,-0.9699559702769449,False,0.9699559702769449,0.0,INIT
2025-12-04T20:52:06.537750,1459.753704864,0.20000000001124424,1.1681522417447638,0.2,-0.9681522417335195,False,0.9681522417335195,0.0,INIT
2025-12-04T20:52:06.625514,1459.841445106,0.2000000000106253,1.1681522417447638,0.2,-0.9681522417341386,False,0.9681522417341386,0.0,INIT
2025-12-04T20:52:06.630682,1459.846613698,0.2000000000106253,1.1663488807694264,0.2,-0.9663488807588012,False,0.9663488807588012,0.0,INIT
2025-12-04T20:52:06.632771,1459.84871157,0.2000000000106253,1.1663488807694264,0.2,-0.9663488807588012,False,0.9663488807588012,0.0,INIT
2025-12-04T20:52:06.634194,1459.850125785,0.2000000000106253,1.1645458899579912,0.2,-0.964545889947366,False,0.964545889947366,0.0,INIT
2025-12-04T20:52:06.635318,1459.851243785,0.2000000000106253,1.1645458899579912,0.2,-0.964545889947366,False,0.964545889947366,0.0,INIT
2025-12-04T20:52:06.647466,1459.863396516,0.2000000000106253,1.1645458899579912,0.2,-0.964545889947366,False,0.964545889947366,0.0,INIT
2025-12-04T20:52:06.650131,1459.866061133,0.20000000001124424,1.1627432719218778,0.2,-0.9627432719106335,False,0.9627432719106335,0.0,INIT
2025-12-04T20:52:06.651273,1459.867202262,0.20000000001124424,1.1627432719218778,0.2,-0.9627432719106335,False,0.9627432719106335,0.0,INIT
2025-12-04T20:52:06.652395,1459.868322162,0.20000000001124424,1.1609410292882414,0.2,-0.9609410292769971,False,0.9609410292769971,0.0,INIT
2025-12-04T20:52:06.653768,1459.869705942,0.20000000001124424,1.1609410292882414,0.2,-0.9609410292769971,False,0.9609410292769971,0.0,INIT
2025-12-04T20:52:06.654780,1459.870706421,0.20000000001124424,1.1591391647001608,0.2,-0.9591391646889165,False,0.9591391646889165,0.0,INIT
2025-12-04T20:52:06.659342,1459.875271781,0.20000000001124424,1.1573376808167515,0.2,-0.9573376808055072,False,0.9573376808055072,0.0,INIT
2025-12-04T20:52:06.670551,1459.886503044,0.2000000000106253,1.1573376808167515,0.2,-0.9573376808061262,False,0.9573376808061262,0.0,INIT
2025-12-04T20:52:06.680414,1459.896345788,0.2000000000106253,1.1555365803133641,0.2,-0.9555365803027389,False,0.9555365803027389,0.0,INIT
2025-12-04T20:52:06.693356,1459.909299234,0.2000000000106253,1.1555365803133641,0.2,-0.9555365803027389,False,0.9555365803027389,0.0,INIT
2025-12-04T20:52:06.702342,1459.918276173,0.20000000001062532,1.1555365803133641,0.2,-0.9555365803027388,False,0.9555365803027388,0.0,INIT
2025-12-04T20:52:06.725646,1459.941578756,0.20000000001062532,1.1537358658816954,0.2,-0.9537358658710701,False,0.9537358658710701,0.0,INIT
2025-12-04T20:52:06.735359,1459.951294051,0.2000000000106253,1.1537358658816954,0.2,-0.9537358658710702,False,0.9537358658710702,0.0,INIT
2025-12-04T20:52:06.770121,1459.986061003,0.2000000000106253,1.1519355402299727,0.2,-0.9519355402193475,False,0.9519355402193475,0.0,INIT
2025-12-04T20:52:06.775715,1459.991662788,0.2000000000106253,1.1519355402299727,0.2,-0.9519355402193475,False,0.9519355402193475,0.0,INIT
2025-12-04T20:52:06.809450,1460.025382696,0.2000000000106253,1.1501356060831238,0.2,-0.9501356060724986,False,0.9501356060724986,0.0,INIT
2025-12-04T20:52:06.828627,1460.04455803,0.2000000000106253,1.1483360661829023,0.2,-0.9483360661722771,False,0.9483360661722771,0.0,INIT
2025-12-04T20:52:06.832032,1460.047965473,0.2000000000106253,1.1483360661829023,0.2,-0.9483360661722771,False,0.9483360661722771,0.0,INIT
2025-12-04T20:52:06.833414,1460.049340425,0.2000000000106253,1.1465369232880933,0.2,-0.9465369232774681,False,0.9465369232774681,0.0,INIT
2025-12-04T20:52:06.834287,1460.050212282,0.2000000000106253,1.1465369232880933,0.2,-0.9465369232774681,False,0.9465369232774681,0.0,INIT
2025-12-04T20:52:06.835097,1460.051021774,0.2000000000106253,1.1465369232880933,0.2,-0.9465369232774681,False,0.9465369232774681,0.0,INIT
2025-12-04T20:52:06.835808,1460.051736794,0.2000000000106253,1.1447381801746372,0.2,-0.944738180164012,False,0.944738180164012,0.0,INIT
2025-12-04T20:52:06.836824,1460.052756954,0.2000000000106253,1.1447381801746372,0.2,-0.944738180164012,False,0.944738180164012,0.0,INIT
2025-12-04T20:52:06.845397,1460.061330428,0.2000000000106253,1.1429398396358268,0.2,-0.9429398396252016,False,0.9429398396252016,0.0,INIT
2025-12-04T20:52:06.855231,1460.071174289,0.2000000000106253,1.1429398396358268,0.2,-0.9429398396252016,False,0.9429398396252016,0.0,INIT
2025-12-04T20:52:06.869503,1460.085440971,0.2000000000106253,1.141141904482466,0.2,-0.9411419044718408,False,0.9411419044718408,0.0,INIT
2025-12-04T20:52:06.894981,1460.110915618,0.2000000000106253,1.141141904482466,0.2,-0.9411419044718408,False,0.9411419044718408,0.0,INIT
2025-12-04T20:52:06.898764,1460.114700508,0.2000000000106253,1.139344377543038,0.2,-0.9393443775324128,False,0.9393443775324128,0.0,INIT
2025-12-04T20:52:06.900192,1460.11612202,0.2000000000106253,1.139344377543038,0.2,-0.9393443775324128,False,0.9393443775324128,0.0,INIT
2025-12-04T20:52:06.910241,1460.126173521,0.2000000000106253,1.137547261663859,0.2,-0.9375472616532339,False,0.9375472616532339,0.0,INIT
2025-12-04T20:52:06.947358,1460.163292898,0.2000000000106253,1.137547261663859,0.2,-0.9375472616532339,False,0.9375472616532339,0.0,INIT
2025-12-04T20:52:06.949172,1460.165101504,0.2000000000106253,1.1357505597092974,0.2,-0.9357505596986722,False,0.9357505596986722,0.0,INIT
2025-12-04T20:52:06.949743,1460.165668632,0.2000000000106253,1.1357505597092974,0.2,-0.9357505596986722,False,0.9357505596986722,0.0,INIT
2025-12-04T20:52:06.958894,1460.174823539,0.2000000000106253,1.1339542745618907,0.2,-0.9339542745512655,False,0.9339542745512655,0.0,INIT
2025-12-04T20:52:06.970671,1460.186623369,0.2000000000106253,1.1339542745618907,0.2,-0.9339542745512655,False,0.9339542745512655,0.0,INIT
2025-12-04T20:52:06.976546,1460.192477885,0.2000000000106253,1.1321584091225825,0.2,-0.9321584091119572,False,0.9321584091119572,0.0,INIT
2025-12-04T20:52:06.988492,1460.20442308,0.2000000000112442,1.1321584091225825,0.2,-0.9321584091113383,False,0.9321584091113383,0.0,INIT
2025-12-04T20:52:07.001654,1460.217587488,0.2000000000112442,1.1303629663108445,0.2,-0.9303629662996004,False,0.9303629662996004,0.0,INIT
2025-12-04T20:52:07.009909,1460.225842582,0.20000000001062532,1.1303629663108445,0.2,-0.9303629663002192,False,0.9303629663002192,0.0,INIT
2025-12-04T20:52:07.020575,1460.236516049,0.20000000001062532,1.128567949064907,0.2,-0.9285679490542816,False,0.9285679490542816,0.0,INIT
2025-12-04T20:52:07.031803,1460.247738871,0.20000000001124424,1.128567949064907,0.2,-0.9285679490536627,False,0.9285679490536627,0.0,INIT
2025-12-04T20:52:07.043801,1460.259730667,0.20000000001124424,1.1267733603418977,0.2,-0.9267733603306534,False,0.9267733603306534,0.0,INIT
2025-12-04T20:52:07.053022,1460.26895904,0.2000000000106253,1.1267733603418977,0.2,-0.9267733603312724,False,0.9267733603312724,0.0,INIT
2025-12-04T20:52:07.094202,1460.310133724,0.2000000000106253,1.1249792031180723,0.2,-0.9249792031074471,False,0.9249792031074471,0.0,INIT
2025-12-04T20:52:07.109023,1460.324956131,0.20000000001124424,1.1249792031180723,0.2,-0.924979203106828,False,0.924979203106828,0.0,INIT
2025-12-04T20:52:07.113606,1460.329538986,0.20000000001124424,1.1231854803889458,0.2,-0.9231854803777015,False,0.9231854803777015,0.0,INIT
2025-12-04T20:52:07.115005,1460.330933701,0.20000000001124424,1.1231854803889458,0.2,-0.9231854803777015,False,0.9231854803777015,0.0,INIT
2025-12-04T20:52:07.116126,1460.332052493,0.20000000001124424,1.121392195169535,0.2,-0.9213921951582906,False,0.9213921951582906,0.0,INIT
2025-12-04T20:52:07.117307,1460.333234388,0.20000000001124424,1.121392195169535,0.2,-0.9213921951582906,False,0.9213921951582906,0.0,INIT
2025-12-04T20:52:07.127755,1460.343687057,0.20000000001124424,1.1195993504945196,0.2,-0.9195993504832753,False,0.9195993504832753,0.0,INIT
2025-12-04T20:52:07.140599,1460.356531326,0.20000000001124424,1.1195993504945196,0.2,-0.9195993504832753,False,0.9195993504832753,0.0,INIT
2025-12-04T20:52:07.149901,1460.365831831,0.20000000001124424,1.1195993504945196,0.2,-0.9195993504832753,False,0.9195993504832753,0.0,INIT
2025-12-04T20:52:07.161112,1460.377045211,0.2000000000106253,1.1195993504945196,0.2,-0.9195993504838944,False,0.9195993504838944,0.0,INIT
2025-12-04T20:52:07.203129,1460.419068219,0.2000000000106253,1.1178069494184424,0.2,-0.9178069494078172,False,0.9178069494078172,0.0,INIT
2025-12-04T20:52:07.207547,1460.423479285,0.2000000000106253,1.1178069494184424,0.2,-0.9178069494078172,False,0.9178069494078172,0.0,INIT
2025-12-04T20:52:07.208883,1460.424810846,0.2000000000106253,1.1160149950158882,0.2,-0.916014995005263,False,0.916014995005263,0.0,INIT
2025-12-04T20:52:07.210936,1460.426864679,0.2000000000106253,1.1160149950158882,0.2,-0.916014995005263,False,0.916014995005263,0.0,INIT
2025-12-04T20:52:07.215811,1460.43173958,0.2000000000106253,1.1142234903817174,0.2,-0.9142234903710922,False,0.9142234903710922,0.0,INIT
2025-12-04T20:52:07.226062,1460.441991764,0.20000000001124424,1.1142234903817174,0.2,-0.9142234903704731,False,0.9142234903704731,0.0,INIT
2025-12-04T20:52:07.239553,1460.455486345,0.20000000001124424,1.1124324386312132,0.2,-0.9124324386199689,False,0.9124324386199689,0.0,INIT
2025-12-04T20:52:07.247516,1460.463443883,0.2000000000106253,1.1124324386312132,0.2,-0.912432438620588,False,0.912432438620588,0.0,INIT
2025-12-04T20:52:07.260597,1460.476531061,0.2000000000106253,1.1106418429003408,0.2,-0.9106418428897156,False,0.9106418428897156,0.0,INIT
2025-12-04T20:52:07.269632,1460.485565233,0.2000000000106253,1.1106418429003408,0.2,-0.9106418428897156,False,0.9106418428897156,0.0,INIT
2025-12-04T20:52:07.309051,1460.524987768,0.2000000000106253,1.1106418429003408,0.2,-0.9106418428897156,False,0.9106418428897156,0.0,INIT
2025-12-04T20:52:07.310805,1460.526739362,0.2000000000106253,1.1088517063459022,0.2,-0.908851706335277,False,0.908851706335277,0.0,INIT
2025-12-04T20:52:07.311814,1460.52773909,0.2000000000106253,1.1088517063459022,0.2,-0.908851706335277,False,0.908851706335277,0.0,INIT
2025-12-04T20:52:07.320923,1460.536881816,0.2000000000106253,1.107062032145759,0.2,-0.9070620321351337,False,0.9070620321351337,0.0,INIT
2025-12-04T20:52:07.338714,1460.554659222,0.2000000000106253,1.107062032145759,0.2,-0.9070620321351337,False,0.9070620321351337,0.0,INIT
2025-12-04T20:52:07.340708,1460.556641965,0.2000000000106253,1.1052728234990576,0.2,-0.9052728234884324,False,0.9052728234884324,0.0,INIT
2025-12-04T20:52:07.348168,1460.564100262,0.2000000000106253,1.1052728234990576,0.2,-0.9052728234884324,False,0.9052728234884324,0.0,INIT
2025-12-04T20:52:07.356936,1460.5728669,0.2000000000106253,1.1034840836264,0.2,-0.9034840836157747,False,0.9034840836157747,0.0,INIT
2025-12-04T20:52:07.369802,1460.585742554,0.2000000000106253,1.1034840836264,0.2,-0.9034840836157747,False,0.9034840836157747,0.0,INIT
2025-12-04T20:52:07.379236,1460.595170555,0.2000000000106253,1.1016958157701033,0.2,-0.9016958157594781,False,0.9016958157594781,0.0,INIT
2025-12-04T20:52:07.389611,1460.605541185,0.2000000000106253,1.1016958157701033,0.2,-0.9016958157594781,False,0.9016958157594781,0.0,INIT
2025-12-04T20:52:07.401946,1460.61788354,0.2000000000106253,1.1016958157701033,0.2,-0.9016958157594781,False,0.9016958157594781,0.0,INIT
2025-12-04T20:52:07.448339,1460.664270075,0.2000000000106253,1.0999080231943648,0.2,-0.8999080231837395,False,0.8999080231837395,0.0,INIT
2025-12-04T20:52:07.473788,1460.689742309,0.2000000000106253,1.0999080231943648,0.2,-0.8999080231837395,False,0.8999080231837395,0.0,INIT
2025-12-04T20:52:07.477650,1460.693583041,0.2000000000106253,1.098120709185519,0.2,-0.8981207091748937,False,0.8981207091748937,0.0,INIT
2025-12-04T20:52:07.478670,1460.69460283,0.2000000000106253,1.098120709185519,0.2,-0.8981207091748937,False,0.8981207091748937,0.0,INIT
2025-12-04T20:52:07.479916,1460.695844984,0.2000000000106253,1.098120709185519,0.2,-0.8981207091748937,False,0.8981207091748937,0.0,INIT
2025-12-04T20:52:07.480744,1460.696672862,0.2000000000106253,1.0963338770522384,0.2,-0.8963338770416132,False,0.8963338770416132,0.0,INIT
2025-12-04T20:52:07.481661,1460.697588561,0.2000000000106253,1.0945475301257632,0.2,-0.894547530115138,False,0.894547530115138,0.0,INIT
2025-12-04T20:52:07.488009,1460.70394826,0.2000000000106253,1.0945475301257632,0.2,-0.894547530115138,False,0.894547530115138,0.0,INIT
2025-12-04T20:52:07.499216,1460.715147344,0.2000000000106253,1.0927616717600994,0.2,-0.8927616717494742,False,0.8927616717494742,0.0,INIT
2025-12-04T20:52:07.510347,1460.726276801,0.2000000000106253,1.0927616717600994,0.2,-0.8927616717494742,False,0.8927616717494742,0.0,INIT
2025-12-04T20:52:07.521721,1460.737649912,0.2000000000106253,1.0927616717600994,0.2,-0.8927616717494742,False,0.8927616717494742,0.0,INIT
2025-12-04T20:52:07.531708,1460.747640074,0.2000000000106253,1.0909763053322914,0.2,-0.8909763053216662,False,0.8909763053216662,0.0,INIT
2025-12-04T20:52:07.545042,1460.760980299,0.2000000000106253,1.0909763053322914,0.2,-0.8909763053216662,False,0.8909763053216662,0.0,INIT
2025-12-04T20:52:07.557690,1460.773632924,0.2000000000106253,1.0891914342425997,0.2,-0.8891914342319744,False,0.8891914342319744,0.0,INIT
2025-12-04T20:52:07.566495,1460.782428881,0.2000000000106253,1.0891914342425997,0.2,-0.8891914342319744,False,0.8891914342319744,0.0,INIT
2025-12-04T20:52:07.576098,1460.792030441,0.2000000000106253,1.0874070619147824,0.2,-0.8874070619041572,False,0.8874070619041572,0.0,INIT
2025-12-04T20:52:07.601082,1460.817024514,0.2000000000112442,1.0874070619147824,0.2,-0.8874070619035382,False,0.8874070619035382,0.0,INIT
2025-12-04T20:52:07.605293,1460.821241072,0.2000000000112442,1.085623191796282,0.2,-0.8856231917850378,False,0.8856231917850378,0.0,INIT
2025-12-04T20:52:07.637254,1460.853193302,0.20000000001062532,1.085623191796282,0.2,-0.8856231917856566,False,0.8856231917856566,0.0,INIT
2025-12-04T20:52:07.640365,1460.856301108,0.20000000001062532,1.0838398273585081,0.2,-0.8838398273478828,False,0.8838398273478828,0.0,INIT
2025-12-04T20:52:07.657809,1460.873742801,0.20000000001062532,1.0838398273585081,0.2,-0.8838398273478828,False,0.8838398273478828,0.0,INIT
2025-12-04T20:52:07.692219,1460.908154139,0.20000000001124424,1.0838398273585081,0.2,-0.8838398273472639,False,0.8838398273472639,0.0,INIT
2025-12-04T20:52:07.695054,1460.910982908,0.20000000001124424,1.0838398273585081,0.2,-0.8838398273472639,False,0.8838398273472639,0.0,INIT
2025-12-04T20:52:07.698965,1460.914895862,0.20000000001124424,1.082056972097031,0.2,-0.8820569720857867,False,0.8820569720857867,0.0,INIT
2025-12-04T20:52:07.700229,1460.916161767,0.20000000001124424,1.080274629531866,0.2,-0.8802746295206216,False,0.8802746295206216,0.0,INIT
2025-12-04T20:52:07.701585,1460.917515311,0.20000000001124424,1.080274629531866,0.2,-0.8802746295206216,False,0.8802746295206216,0.0,INIT
2025-12-04T20:52:07.702836,1460.918768747,0.20000000001124424,1.078492803207677,0.2,-0.8784928031964327,False,0.8784928031964327,0.0,INIT
2025-12-04T20:52:07.707923,1460.923855522,0.20000000001062532,1.078492803207677,0.2,-0.8784928031970517,False,0.8784928031970517,0.0,INIT
2025-12-04T20:52:07.731059,1460.94699657,0.20000000001062532,1.0767114966940712,0.2,-0.8767114966834458,False,0.8767114966834458,0.0,INIT
2025-12-04T20:52:07.733807,1460.949749076,0.20000000001124424,1.0767114966940712,0.2,-0.8767114966828269,False,0.8767114966828269,0.0,INIT
2025-12-04T20:52:07.740845,1460.956789981,0.20000000001124424,1.0749307135857915,0.2,-0.8749307135745472,False,0.8749307135745472,0.0,INIT
2025-12-04T20:52:07.749507,1460.96543993,0.20000000001124424,1.0749307135857915,0.2,-0.8749307135745472,False,0.8749307135745472,0.0,INIT
2025-12-04T20:52:07.761362,1460.977292605,0.20000000001124424,1.0749307135857915,0.2,-0.8749307135745472,False,0.8749307135745472,0.0,INIT
2025-12-04T20:52:07.772813,1460.988764153,0.2000000000106253,1.0749307135857915,0.2,-0.8749307135751663,False,0.8749307135751663,0.0,INIT
2025-12-04T20:52:07.782318,1460.998251466,0.2000000000106253,1.0731504575030462,0.2,-0.8731504574924209,False,0.8731504574924209,0.0,INIT
2025-12-04T20:52:07.806051,1461.021989106,0.20000000001124424,1.0731504575030462,0.2,-0.8731504574918019,False,0.8731504574918019,0.0,INIT
2025-12-04T20:52:07.808230,1461.02416057,0.2000000000106253,1.0713707320916752,0.2,-0.87137073208105,False,0.87137073208105,0.0,INIT
2025-12-04T20:52:07.814833,1461.030765471,0.2000000000106253,1.0713707320916752,0.2,-0.87137073208105,False,0.87137073208105,0.0,INIT
2025-12-04T20:52:07.825976,1461.041904497,0.20000000001124424,1.0695915410234846,0.2,-0.8695915410122403,False,0.8695915410122403,0.0,INIT
2025-12-04T20:52:07.836550,1461.052482357,0.20000000001124424,1.0678128879964532,0.2,-0.867812887985209,False,0.867812887985209,0.0,INIT
2025-12-04T20:52:07.894338,1461.110269431,0.20000000001124424,1.0678128879964532,0.2,-0.867812887985209,False,0.867812887985209,0.0,INIT
2025-12-04T20:52:07.899243,1461.11518017,0.20000000001062532,1.0678128879964532,0.2,-0.8678128879858279,False,0.8678128879858279,0.0,INIT
2025-12-04T20:52:07.902629,1461.118558249,0.2000000000106253,1.0660347767350542,0.2,-0.866034776724429,False,0.866034776724429,0.0,INIT
2025-12-04T20:52:07.903871,1461.119800466,0.2000000000106253,1.0660347767350542,0.2,-0.866034776724429,False,0.866034776724429,0.0,INIT
2025-12-04T20:52:07.904918,1461.120845589,0.2000000000106253,1.0642572109904629,0.2,-0.8642572109798377,False,0.8642572109798377,0.0,INIT
2025-12-04T20:52:07.906469,1461.122404178,0.2000000000106253,1.0642572109904629,0.2,-0.8642572109798377,False,0.8642572109798377,0.0,INIT
2025-12-04T20:52:07.914132,1461.13005883,0.2000000000106253,1.0624801945408624,0.2,-0.8624801945302372,False,0.8624801945302372,0.0,INIT
2025-12-04T20:52:07.925952,1461.141885409,0.2000000000106253,1.0624801945408624,0.2,-0.8624801945302372,False,0.8624801945302372,0.0,INIT
2025-12-04T20:52:07.936986,1461.152921835,0.2000000000106253,1.0607037311917242,0.2,-0.860703731181099,False,0.860703731181099,0.0,INIT
2025-12-04T20:52:07.977683,1461.193620962,0.2000000000106253,1.0607037311917242,0.2,-0.860703731181099,False,0.860703731181099,0.0,INIT
2025-12-04T20:52:08.010118,1461.226085575,0.2000000000106253,1.0589278247760578,0.2,-0.8589278247654326,False,0.8589278247654326,0.0,INIT
2025-12-04T20:52:08.024875,1461.240802286,0.20000000001124424,1.0589278247760578,0.2,-0.8589278247648136,False,0.8589278247648136,0.0,INIT
2025-12-04T20:52:08.026497,1461.242423475,0.20000000001124424,1.057152479154718,0.2,-0.8571524791434737,False,0.8571524791434737,0.0,INIT
2025-12-04T20:52:08.027116,1461.243042019,0.20000000001124424,1.057152479154718,0.2,-0.8571524791434737,False,0.8571524791434737,0.0,INIT
2025-12-04T20:52:08.027828,1461.243752024,0.20000000001124424,1.057152479154718,0.2,-0.8571524791434737,False,0.8571524791434737,0.0,INIT
2025-12-04T20:52:08.028430,1461.244357722,0.20000000001124424,1.0553776982166605,0.2,-0.8553776982054162,False,0.8553776982054162,0.0,INIT
2025-12-04T20:52:08.029034,1461.244958149,0.20000000001124424,1.0536034858792576,0.2,-0.8536034858680133,False,0.8536034858680133,0.0,INIT
2025-12-04T20:52:08.035418,1461.251346342,0.2000000000106253,1.0536034858792576,0.2,-0.8536034858686323,False,0.8536034858686323,0.0,INIT
2025-12-04T20:52:08.055914,1461.2718435,0.2000000000106253,1.051829846088574,0.2,-0.8518298460779488,False,0.8518298460779488,0.0,INIT
2025-12-04T20:52:08.061489,1461.277427028,0.2000000000106253,1.051829846088574,0.2,-0.8518298460779488,False,0.8518298460779488,0.0,INIT
2025-12-04T20:52:08.067913,1461.283840761,0.2000000000106253,1.050056782819663,0.2,-0.8500567828090377,False,0.8500567828090377,0.0,INIT
2025-12-04T20:52:08.101765,1461.317696328,0.2000000000106253,1.050056782819663,0.2,-0.8500567828090377,False,0.8500567828090377,0.0,INIT
2025-12-04T20:52:08.110307,1461.326237274,0.2000000000106253,1.0482843000768494,0.2,-0.8482843000662241,False,0.8482843000662241,0.0,INIT
2025-12-04T20:52:08.112556,1461.32848823,0.2000000000106253,1.0482843000768494,0.2,-0.8482843000662241,False,0.8482843000662241,0.0,INIT
2025-12-04T20:52:08.113572,1461.32949898,0.2000000000106253,1.0482843000768494,0.2,-0.8482843000662241,False,0.8482843000662241,0.0,INIT
2025-12-04T20:52:08.124894,1461.340825901,0.2000000000106253,1.0465124018940628,0.2,-0.8465124018834376,False,0.8465124018834376,0.0,INIT
2025-12-04T20:52:08.147572,1461.363518218,0.2000000000106253,1.0465124018940628,0.2,-0.8465124018834376,False,0.8465124018834376,0.0,INIT
2025-12-04T20:52:08.179499,1461.395431987,0.2000000000112442,1.0447410923351006,0.2,-0.8447410923238564,False,0.8447410923238564,0.0,INIT
2025-12-04T20:52:08.181897,1461.397828926,0.2000000000112442,1.0447410923351006,0.2,-0.8447410923238564,False,0.8447410923238564,0.0,INIT
2025-12-04T20:52:08.183391,1461.399318441,0.2000000000112442,1.0429703754939812,0.2,-0.842970375482737,False,0.842970375482737,0.0,INIT
2025-12-04T20:52:08.229383,1461.445318437,0.2000000000112442,1.0429703754939812,0.2,-0.842970375482737,False,0.842970375482737,0.0,INIT
2025-12-04T20:52:08.232428,1461.448361747,0.20000000001124424,1.0412002554952062,0.2,-0.8412002554839619,False,0.8412002554839619,0.0,INIT
2025-12-04T20:52:08.233504,1461.449433342,0.20000000001124424,1.0412002554952062,0.2,-0.8412002554839619,False,0.8412002554839619,0.0,INIT
2025-12-04T20:52:08.234542,1461.45046896,0.20000000001124424,1.0394307364941229,0.2,-0.8394307364828786,False,0.8394307364828786,0.0,INIT
2025-12-04T20:52:08.235638,1461.451571162,0.20000000001124424,1.0394307364941229,0.2,-0.8394307364828786,False,0.8394307364828786,0.0,INIT
2025-12-04T20:52:08.237330,1461.453260735,0.2000000000106253,1.0376618226771983,0.2,-0.8376618226665731,False,0.8376618226665731,0.0,INIT
2025-12-04T20:52:08.240945,1461.456881273,0.2000000000106253,1.0376618226771983,0.2,-0.8376618226665731,False,0.8376618226665731,0.0,INIT
2025-12-04T20:52:08.249258,1461.465188205,0.2000000000106253,1.0358935182623856,0.2,-0.8358935182517604,False,0.8358935182517604,0.0,INIT
2025-12-04T20:52:08.260507,1461.476441965,0.20000000001124424,1.0358935182623856,0.2,-0.8358935182511413,False,0.8358935182511413,0.0,INIT
2025-12-04T20:52:08.270420,1461.48635058,0.20000000001124424,1.0341258274994072,0.2,-0.8341258274881629,False,0.8341258274881629,0.0,INIT
2025-12-04T20:52:08.313948,1461.529884942,0.20000000001062532,1.0341258274994072,0.2,-0.8341258274887818,False,0.8341258274887818,0.0,INIT
2025-12-04T20:52:08.317166,1461.533099317,0.20000000001124424,1.0323587546701312,0.2,-0.8323587546588869,False,0.8323587546588869,0.0,INIT
2025-12-04T20:52:08.318083,1461.534022148,0.20000000001124424,1.0323587546701312,0.2,-0.8323587546588869,False,0.8323587546588869,0.0,INIT
2025-12-04T20:52:08.318884,1461.534813692,0.20000000001124424,1.0305923040888452,0.2,-0.8305923040776009,False,0.8305923040776009,0.0,INIT
2025-12-04T20:52:08.325650,1461.541584518,0.20000000001124424,1.0305923040888452,0.2,-0.8305923040776009,False,0.8305923040776009,0.0,INIT
2025-12-04T20:52:08.346171,1461.562102743,0.2000000000106253,1.0305923040888452,0.2,-0.8305923040782199,False,0.8305923040782199,0.0,INIT
2025-12-04T20:52:08.347748,1461.563676844,0.2000000000106253,1.0288264801026727,0.2,-0.8288264800920475,False,0.8288264800920475,0.0,INIT
2025-12-04T20:52:08.420797,1461.636745398,0.20000000001124424,1.0288264801026727,0.2,-0.8288264800914285,False,0.8288264800914285,0.0,INIT
2025-12-04T20:52:08.429116,1461.645050537,0.2000000000106253,1.0270612870918363,0.2,-0.8270612870812111,False,0.8270612870812111,0.0,INIT
2025-12-04T20:52:08.430210,1461.646139873,0.2000000000106253,1.0270612870918363,0.2,-0.8270612870812111,False,0.8270612870812111,0.0,INIT
2025-12-04T20:52:08.431444,1461.647371135,0.2000000000106253,1.0252967294700621,0.2,-0.8252967294594369,False,0.8252967294594369,0.0,INIT
2025-12-04T20:52:08.432316,1461.648241943,0.2000000000106253,1.0252967294700621,0.2,-0.8252967294594369,False,0.8252967294594369,0.0,INIT
2025-12-04T20:52:08.433239,1461.649167692,0.2000000000106253,1.0235328116848867,0.2,-0.8235328116742615,False,0.8235328116742615,0.0,INIT
2025-12-04T20:52:08.434479,1461.650406228,0.2000000000106253,1.0235328116848867,0.2,-0.8235328116742615,False,0.8235328116742615,0.0,INIT
2025-12-04T20:52:08.435345,1461.651273856,0.2000000000106253,1.0217695382180576,0.2,-0.8217695382074324,False,0.8217695382074324,0.0,INIT
2025-12-04T20:52:08.445622,1461.661552408,0.20000000001062532,1.0217695382180576,0.2,-0.8217695382074323,False,0.8217695382074323,0.0,INIT
2025-12-04T20:52:08.460682,1461.676617305,0.20000000001062532,1.020006913585851,0.2,-0.8200069135752256,False,0.8200069135752256,0.0,INIT
2025-12-04T20:52:08.473971,1461.689908438,0.2000000000106253,1.020006913585851,0.2,-0.8200069135752257,False,0.8200069135752257,0.0,INIT
2025-12-04T20:52:08.478780,1461.694712376,0.2000000000106253,1.020006913585851,0.2,-0.8200069135752257,False,0.8200069135752257,0.0,INIT
2025-12-04T20:52:08.492538,1461.7084702,0.2000000000106253,1.0182449423394466,0.2,-0.8182449423288214,False,0.8182449423288214,0.0,INIT
2025-12-04T20:52:08.503335,1461.719269674,0.2000000000106253,1.0164836290653225,0.2,-0.8164836290546973,False,0.8164836290546973,0.0,INIT
2025-12-04T20:52:08.513094,1461.729023853,0.2000000000106253,1.0164836290653225,0.2,-0.8164836290546973,False,0.8164836290546973,0.0,INIT
2025-12-04T20:52:08.523705,1461.739648606,0.2000000000106253,1.0147229783855813,0.2,-0.8147229783749561,False,0.8147229783749561,0.0,INIT
2025-12-04T20:52:08.534327,1461.750257337,0.2000000000106253,1.0147229783855813,0.2,-0.8147229783749561,False,0.8147229783749561,0.0,INIT
2025-12-04T20:52:08.545542,1461.761475687,0.2000000000106253,1.0129629949583707,0.2,-0.8129629949477455,False,0.8129629949477455,0.0,INIT
2025-12-04T20:52:08.556261,1461.772192734,0.2000000000106253,1.0129629949583707,0.2,-0.8129629949477455,False,0.8129629949477455,0.0,INIT
2025-12-04T20:52:08.570207,1461.786146382,0.2000000000106253,1.011203683478226,0.2,-0.8112036834676009,False,0.8112036834676009,0.0,INIT
2025-12-04T20:52:08.612741,1461.828671901,0.2000000000106253,1.011203683478226,0.2,-0.8112036834676009,False,0.8112036834676009,0.0,INIT
2025-12-04T20:52:08.615136,1461.83107169,0.2000000000106253,1.009445048676488,0.2,-0.8094450486658629,False,0.8094450486658629,0.0,INIT
2025-12-04T20:52:08.620637,1461.836570257,0.2000000000106253,1.009445048676488,0.2,-0.8094450486658629,False,0.8094450486658629,0.0,INIT
2025-12-04T20:52:08.622340,1461.838278655,0.2000000000106253,1.00768709532168,0.2,-0.8076870953110549,False,0.8076870953110549,0.0,INIT
2025-12-04T20:52:08.623897,1461.839825131,0.2000000000106253,1.00768709532168,0.2,-0.8076870953110549,False,0.8076870953110549,0.0,INIT
2025-12-04T20:52:08.631129,1461.847060621,0.2000000000106253,1.005929828219907,0.2,-0.8059298282092817,False,0.8059298282092817,0.0,INIT
2025-12-04T20:52:08.652752,1461.868682254,0.2000000000106253,1.005929828219907,0.2,-0.8059298282092817,False,0.8059298282092817,0.0,INIT
2025-12-04T20:52:08.691605,1461.907535484,0.2000000000106253,1.0041732522152342,0.2,-0.804173252204609,False,0.804173252204609,0.0,INIT
2025-12-04T20:52:08.694675,1461.910608388,0.2000000000106253,1.0041732522152342,0.2,-0.804173252204609,False,0.804173252204609,0.0,INIT
2025-12-04T20:52:08.695508,1461.911436026,0.2000000000106253,1.0024173721901377,0.2,-0.8024173721795125,False,0.8024173721795125,0.0,INIT
2025-12-04T20:52:08.696398,1461.912325811,0.2000000000106253,1.0024173721901377,0.2,-0.8024173721795125,False,0.8024173721795125,0.0,INIT
2025-12-04T20:52:08.703617,1461.919566979,0.2000000000106253,1.000662193065863,0.2,-0.8006621930552378,False,0.8006621930552378,0.0,INIT
2025-12-04T20:52:08.709236,1461.925175919,0.2000000000106253,1.000662193065863,0.2,-0.8006621930552378,False,0.8006621930552378,0.0,INIT
2025-12-04T20:52:08.719277,1461.935208715,0.2000000000106253,0.998907719802892,0.2,-0.7989077197922667,False,0.7989077197922667,0.0,INIT
2025-12-04T20:52:08.741988,1461.957925116,0.2000000000112442,0.998907719802892,0.2,-0.7989077197916478,False,0.7989077197916478,0.0,INIT
2025-12-04T20:52:08.744022,1461.95995389,0.2000000000112442,0.9971539574013129,0.2,-0.7971539573900687,False,0.7971539573900687,0.0,INIT
2025-12-04T20:52:08.758916,1461.974862895,0.20000000001062532,0.9971539574013129,0.2,-0.7971539573906875,False,0.7971539573906875,0.0,INIT
2025-12-04T20:52:08.774330,1461.990263412,0.20000000001062532,0.9954009109012922,0.2,-0.7954009108906669,False,0.7954009108906669,0.0,INIT
2025-12-04T20:52:08.776520,1461.99244572,0.20000000001124424,0.9954009109012922,0.2,-0.7954009108900479,False,0.7954009108900479,0.0,INIT
2025-12-04T20:52:08.786082,1462.002029673,0.20000000001124424,0.9936485853834656,0.2,-0.7936485853722213,False,0.7936485853722213,0.0,INIT
2025-12-04T20:52:08.795928,1462.011857654,0.20000000001124424,0.9936485853834656,0.2,-0.7936485853722213,False,0.7936485853722213,0.0,INIT
2025-12-04T20:52:08.818041,1462.033972499,0.2000000000106253,0.9936485853834656,0.2,-0.7936485853728403,False,0.7936485853728403,0.0,INIT
2025-12-04T20:52:08.823460,1462.039399898,0.20000000001124424,0.9918969859694151,0.2,-0.7918969859581708,False,0.7918969859581708,0.0,INIT
2025-12-04T20:52:08.828310,1462.044241505,0.20000000001124424,0.9918969859694151,0.2,-0.7918969859581708,False,0.7918969859581708,0.0,INIT
2025-12-04T20:52:08.840071,1462.056008395,0.20000000001124424,0.9901461178220679,0.2,-0.7901461178108236,False,0.7901461178108236,0.0,INIT
2025-12-04T20:52:08.871232,1462.087163445,0.20000000001062532,0.9901461178220679,0.2,-0.7901461178114425,False,0.7901461178114425,0.0,INIT
2025-12-04T20:52:08.908402,1462.124334521,0.20000000001124424,0.9883959861461893,0.2,-0.788395986134945,False,0.788395986134945,0.0,INIT
2025-12-04T20:52:08.911777,1462.127712043,0.20000000001124424,0.9883959861461893,0.2,-0.788395986134945,False,0.788395986134945,0.0,INIT
2025-12-04T20:52:08.913289,1462.129217235,0.20000000001124424,0.9866465961887805,0.2,-0.7866465961775362,False,0.7866465961775362,0.0,INIT
2025-12-04T20:52:08.914195,1462.130124112,0.20000000001124424,0.9866465961887805,0.2,-0.7866465961775362,False,0.7866465961775362,0.0,INIT
2025-12-04T20:52:08.915453,1462.131381087,0.20000000001124424,0.9848979532396172,0.2,-0.7848979532283729,False,0.7848979532283729,0.0,INIT
2025-12-04T20:52:08.916673,1462.132601662,0.20000000001124424,0.9848979532396172,0.2,-0.7848979532283729,False,0.7848979532283729,0.0,INIT
2025-12-04T20:52:08.925886,1462.141824992,0.2000000000106253,0.983150062631621,0.2,-0.7831500626209957,False,0.7831500626209957,0.0,INIT
2025-12-04T20:52:08.935617,1462.151551734,0.2000000000106253,0.983150062631621,0.2,-0.7831500626209957,False,0.7831500626209957,0.0,INIT
2025-12-04T20:52:08.946319,1462.162249714,0.20000000001124424,0.9814029297414057,0.2,-0.7814029297301615,False,0.7814029297301615,0.0,INIT
2025-12-04T20:52:08.958862,1462.174795745,0.20000000001124424,0.9796565599897109,0.2,-0.7796565599784666,False,0.7796565599784666,0.0,INIT
2025-12-04T20:52:08.970248,1462.186193988,0.2000000000106253,0.9796565599897109,0.2,-0.7796565599790857,False,0.7796565599790857,0.0,INIT
2025-12-04T20:52:08.979112,1462.195044895,0.2000000000106253,0.9779109588419113,0.2,-0.777910958831286,False,0.777910958831286,0.0,INIT
2025-12-04T20:52:08.991410,1462.207355144,0.20000000001062532,0.9779109588419113,0.2,-0.7779109588312859,False,0.7779109588312859,0.0,INIT
2025-12-04T20:52:09.004185,1462.220137615,0.20000000001062532,0.9761661318084833,0.2,-0.776166131797858,False,0.776166131797858,0.0,INIT
2025-12-04T20:52:09.018559,1462.234493399,0.20000000001062532,0.9761661318084833,0.2,-0.776166131797858,False,0.776166131797858,0.0,INIT
2025-12-04T20:52:09.022364,1462.238305238,0.20000000001062532,0.9761661318084833,0.2,-0.776166131797858,False,0.776166131797858,0.0,INIT
2025-12-04T20:52:09.032355,1462.248288858,0.2000000000106253,0.9761661318084833,0.2,-0.7761661317978581,False,0.7761661317978581,0.0,INIT
2025-12-04T20:52:09.052360,1462.268294441,0.2000000000106253,0.974422084445508,0.2,-0.7744220844348828,False,0.7744220844348828,0.0,INIT
2025-12-04T20:52:09.060223,1462.27615254,0.2000000000106253,0.974422084445508,0.2,-0.7744220844348828,False,0.7744220844348828,0.0,INIT
2025-12-04T20:52:09.070310,1462.286242581,0.2000000000106253,0.972678822355193,0.2,-0.7726788223445678,False,0.7726788223445678,0.0,INIT
2025-12-04T20:52:09.108695,1462.32462577,0.2000000000106253,0.972678822355193,0.2,-0.7726788223445678,False,0.7726788223445678,0.0,INIT
2025-12-04T20:52:09.112377,1462.328305508,0.2000000000106253,0.9709363511863414,0.2,-0.7709363511757161,False,0.7709363511757161,0.0,INIT
2025-12-04T20:52:09.127331,1462.343261524,0.2000000000106253,0.9709363511863414,0.2,-0.7709363511757161,False,0.7709363511757161,0.0,INIT
2025-12-04T20:52:09.129262,1462.345196915,0.2000000000106253,0.9691946766349098,0.2,-0.7691946766242845,False,0.7691946766242845,0.0,INIT
2025-12-04T20:52:09.260039,1462.475978163,0.2000000000106253,0.965713740406863,0.2,-0.7657137403962377,False,0.7657137403962377,0.0,INIT
2025-12-04T20:52:09.275482,1462.491424321,0.2000000000106253,0.9639744903625322,0.2,-0.763974490351907,False,0.763974490351907,0.0,INIT
2025-12-04T20:52:09.276907,1462.492836452,0.2000000000106253,0.9639744903625322,0.2,-0.763974490351907,False,0.763974490351907,0.0,INIT
2025-12-04T20:52:09.278229,1462.494159824,0.2000000000106253,0.9622360602012598,0.2,-0.7622360601906346,False,0.7622360601906346,0.0,INIT
2025-12-04T20:52:09.279744,1462.495674301,0.2000000000106253,0.9622360602012598,0.2,-0.7622360601906346,False,0.7622360601906346,0.0,INIT
2025-12-04T20:52:09.280573,1462.496499928,0.2000000000106253,0.9604984558625977,0.2,-0.7604984558519725,False,0.7604984558519725,0.0,INIT
2025-12-04T20:52:09.281283,1462.49721063,0.2000000000106253,0.9604984558625977,0.2,-0.7604984558519725,False,0.7604984558519725,0.0,INIT
2025-12-04T20:52:09.282128,1462.498054758,0.2000000000106253,0.9587616833364896,0.2,-0.7587616833258644,False,0.7587616833258644,0.0,INIT
2025-12-04T20:52:09.289218,1462.505153404,0.2000000000106253,0.9587616833364896,0.2,-0.7587616833258644,False,0.7587616833258644,0.0,INIT
2025-12-04T20:52:09.292370,1462.508307726,0.2000000000106253,0.9570257486637779,0.2,-0.7570257486531526,False,0.7570257486531526,0.0,INIT
2025-12-04T20:52:09.293638,1462.509570264,0.2000000000106253,0.9570257486637779,0.2,-0.7570257486531526,False,0.7570257486531526,0.0,INIT
2025-12-04T20:52:09.295877,1462.511821658,0.2000000000106253,0.9552906579368328,0.2,-0.7552906579262075,False,0.7552906579262075,0.0,INIT
2025-12-04T20:52:09.296761,1462.512693174,0.2000000000106253,0.9552906579368328,0.2,-0.7552906579262075,False,0.7552906579262075,0.0,INIT
2025-12-04T20:52:09.338933,1462.554888146,0.2000000000106253,0.9535564173000717,0.2,-0.7535564172894464,False,0.7535564172894464,0.0,INIT
2025-12-04T20:52:09.343655,1462.559586358,0.20000000001124424,0.9535564173000717,0.2,-0.7535564172888274,False,0.7535564172888274,0.0,INIT
2025-12-04T20:52:09.345207,1462.561132072,0.20000000001124424,0.9518230329506041,0.2,-0.7518230329393598,False,0.7518230329393598,0.0,INIT
2025-12-04T20:52:09.346029,1462.561951553,0.20000000001124424,0.9518230329506041,0.2,-0.7518230329393598,False,0.7518230329393598,0.0,INIT
2025-12-04T20:52:09.351375,1462.567302979,0.20000000001124424,0.950090511138769,0.2,-0.7500905111275247,False,0.7500905111275247,0.0,INIT
2025-12-04T20:52:09.397522,1462.613458243,0.2000000000106253,0.950090511138769,0.2,-0.7500905111281437,False,0.7500905111281437,0.0,INIT
2025-12-04T20:52:09.401195,1462.617130539,0.20000000001062532,0.9483588581687927,0.2,-0.7483588581581674,False,0.7483588581581674,0.0,INIT
2025-12-04T20:52:09.421857,1462.637786626,0.20000000001062532,0.9483588581687927,0.2,-0.7483588581581674,False,0.7483588581581674,0.0,INIT
2025-12-04T20:52:09.465883,1462.68181639,0.20000000001124424,0.9466280803993428,0.2,-0.7466280803880985,False,0.7466280803880985,0.0,INIT
2025-12-04T20:52:09.566710,1462.782643488,0.20000000001124424,0.9414410627110588,0.2,-0.7414410626998145,False,0.7414410626998145,0.0,INIT
2025-12-04T20:52:09.576642,1462.792571462,0.2000000000106253,0.9397138504417155,0.2,-0.7397138504310903,False,0.7397138504310903,0.0,INIT
2025-12-04T20:52:09.577700,1462.793625074,0.2000000000106253,0.9397138504417155,0.2,-0.7397138504310903,False,0.7397138504310903,0.0,INIT
2025-12-04T20:52:09.579178,1462.7951044,0.2000000000106253,0.9379875460052594,0.2,-0.7379875459946341,False,0.7379875459946341,0.0,INIT
2025-12-04T20:52:09.580079,1462.796019571,0.2000000000106253,0.9379875460052594,0.2,-0.7379875459946341,False,0.7379875459946341,0.0,INIT
2025-12-04T20:52:09.581042,1462.796965473,0.2000000000106253,0.9362621561004394,0.2,-0.7362621560898142,False,0.7362621560898142,0.0,INIT
2025-12-04T20:52:09.582393,1462.79831941,0.2000000000106253,0.9362621561004394,0.2,-0.7362621560898142,False,0.7362621560898142,0.0,INIT
2025-12-04T20:52:09.583759,1462.799683963,0.2000000000106253,0.9345376874850002,0.2,-0.734537687474375,False,0.734537687474375,0.0,INIT
2025-12-04T20:52:09.584562,1462.800483581,0.2000000000106253,0.9345376874850002,0.2,-0.734537687474375,False,0.734537687474375,0.0,INIT
2025-12-04T20:52:09.586183,1462.80212394,0.2000000000106253,0.9328141469763107,0.2,-0.7328141469656855,False,0.7328141469656855,0.0,INIT
2025-12-04T20:52:09.588167,1462.804098584,0.2000000000106253,0.9328141469763107,0.2,-0.7328141469656855,False,0.7328141469656855,0.0,INIT
2025-12-04T20:52:09.589551,1462.805480698,0.2000000000106253,0.9310915414521066,0.2,-0.7310915414414814,False,0.7310915414414814,0.0,INIT
2025-12-04T20:52:09.609763,1462.825696824,0.2000000000106253,0.9310915414521066,0.2,-0.7310915414414814,False,0.7310915414414814,0.0,INIT
2025-12-04T20:52:09.612284,1462.828238739,0.2000000000106253,0.9293698778511343,0.2,-0.7293698778405091,False,0.7293698778405091,0.0,INIT
2025-12-04T20:52:09.631800,1462.847746413,0.2000000000106253,0.9293698778511343,0.2,-0.7293698778405091,False,0.7293698778405091,0.0,INIT
2025-12-04T20:52:09.634196,1462.850126703,0.2000000000106253,0.9276491631738875,0.2,-0.7276491631632622,False,0.7276491631632622,0.0,INIT
2025-12-04T20:52:09.644277,1462.860229713,0.2000000000106253,0.9276491631738875,0.2,-0.7276491631632622,False,0.7276491631632622,0.0,INIT
2025-12-04T20:52:09.663400,1462.879333918,0.2000000000106253,0.9259294044833286,0.2,-0.7259294044727034,False,0.7259294044727034,0.0,INIT
2025-12-04T20:52:09.672333,1462.888265163,0.2000000000106253,0.9259294044833286,0.2,-0.7259294044727034,False,0.7259294044727034,0.0,INIT
2025-12-04T20:52:09.694965,1462.910901139,0.2000000000106253,0.9242106089055877,0.2,-0.7242106088949625,False,0.7242106088949625,0.0,INIT
2025-12-04T20:52:09.696904,1462.912837585,0.20000000001124424,0.9242106089055877,0.2,-0.7242106088943434,False,0.7242106088943434,0.0,INIT
2025-12-04T20:52:09.698343,1462.914269878,0.20000000001124424,0.9224927836307231,0.2,-0.7224927836194788,False,0.7224927836194788,0.0,INIT
2025-12-04T20:52:09.711392,1462.927321402,0.2000000000106253,0.9224927836307231,0.2,-0.7224927836200978,False,0.7224927836200978,0.0,INIT
2025-12-04T20:52:09.718675,1462.934606733,0.2000000000106253,0.9207759359134595,0.2,-0.7207759359028343,False,0.7207759359028343,0.0,INIT
2025-12-04T20:52:09.729130,1462.945059197,0.2000000000106253,0.9207759359134595,0.2,-0.7207759359028343,False,0.7207759359028343,0.0,INIT
2025-12-04T20:52:09.740641,1462.956572163,0.2000000000106253,0.9190600730739478,0.2,-0.7190600730633225,False,0.7190600730633225,0.0,INIT
2025-12-04T20:52:09.750839,1462.966767553,0.2000000000106253,0.9190600730739478,0.2,-0.7190600730633225,False,0.7190600730633225,0.0,INIT
2025-12-04T20:52:09.761972,1462.977900001,0.2000000000106253,0.9173452024985052,0.2,-0.7173452024878799,False,0.7173452024878799,0.0,INIT
2025-12-04T20:52:09.788727,1463.004658881,0.2000000000106253,0.9173452024985052,0.2,-0.7173452024878799,False,0.7173452024878799,0.0,INIT
2025-12-04T20:52:09.791784,1463.007736742,0.2000000000106253,0.9156313316404434,0.2,-0.7156313316298182,False,0.7156313316298182,0.0,INIT
2025-12-04T20:52:09.804492,1463.020453986,0.2000000000106253,0.9156313316404434,0.2,-0.7156313316298182,False,0.7156313316298182,0.0,INIT
2025-12-04T20:52:09.806531,1463.022482865,0.2000000000106253,0.9139184680208032,0.2,-0.713918468010178,False,0.713918468010178,0.0,INIT
2025-12-04T20:52:09.816511,1463.032438732,0.2000000000106253,0.9139184680208032,0.2,-0.713918468010178,False,0.713918468010178,0.0,INIT
2025-12-04T20:52:09.827034,1463.042962096,0.2000000000106253,0.9122066192292042,0.2,-0.712206619218579,False,0.712206619218579,0.0,INIT
2025-12-04T20:52:09.875286,1463.09121676,0.2000000000106253,0.9122066192292042,0.2,-0.712206619218579,False,0.712206619218579,0.0,INIT
2025-12-04T20:52:09.877213,1463.093142388,0.20000000001062532,0.9104957929246016,0.2,-0.7104957929139762,False,0.7104957929139762,0.0,INIT
2025-12-04T20:52:09.878234,1463.094161202,0.20000000001062532,0.9104957929246016,0.2,-0.7104957929139762,False,0.7104957929139762,0.0,INIT
2025-12-04T20:52:09.879393,1463.095320608,0.20000000001062532,0.9087859968361691,0.2,-0.7087859968255438,False,0.7087859968255438,0.0,INIT
2025-12-04T20:52:09.885374,1463.101311975,0.20000000001062532,0.9087859968361691,0.2,-0.7087859968255438,False,0.7087859968255438,0.0,INIT
2025-12-04T20:52:09.891780,1463.107717269,0.20000000001124424,0.9087859968361691,0.2,-0.7087859968249248,False,0.7087859968249248,0.0,INIT
2025-12-04T20:52:09.902101,1463.118036886,0.20000000001124424,0.9070772387640655,0.2,-0.7070772387528212,False,0.7070772387528212,0.0,INIT
2025-12-04T20:52:09.913090,1463.12901915,0.2000000000106253,0.9070772387640655,0.2,-0.7070772387534403,False,0.7070772387534403,0.0,INIT
2025-12-04T20:52:09.925794,1463.141738632,0.2000000000106253,0.9053695265803423,0.2,-0.7053695265697171,False,0.7053695265697171,0.0,INIT
2025-12-04T20:52:09.935602,1463.151531944,0.20000000001124424,0.9053695265803423,0.2,-0.705369526569098,False,0.705369526569098,0.0,INIT
2025-12-04T20:52:09.946315,1463.162243176,0.20000000001124424,0.9036628682297465,0.2,-0.7036628682185022,False,0.7036628682185022,0.0,INIT
2025-12-04T20:52:09.958524,1463.174459785,0.20000000001062532,0.9036628682297465,0.2,-0.7036628682191212,False,0.7036628682191212,0.0,INIT
2025-12-04T20:52:09.968618,1463.184550252,0.20000000001062532,0.9019572717306374,0.2,-0.7019572717200121,False,0.7019572717200121,0.0,INIT
2025-12-04T20:52:09.989376,1463.205307136,0.20000000001124424,0.9019572717306374,0.2,-0.7019572717193931,False,0.7019572717193931,0.0,INIT
2025-12-04T20:52:09.992112,1463.208049111,0.20000000001124424,0.900252745175818,0.2,-0.7002527451645737,False,0.7002527451645737,0.0,INIT
2025-12-04T20:52:10.000881,1463.216809667,0.20000000001124424,0.900252745175818,0.2,-0.7002527451645737,False,0.7002527451645737,0.0,INIT
2025-12-04T20:52:10.011257,1463.22718563,0.2000000000106253,0.900252745175818,0.2,-0.7002527451651928,False,0.7002527451651928,0.0,INIT
2025-12-04T20:52:10.022732,1463.23866247,0.2000000000106253,0.8985492967334974,0.2,-0.6985492967228721,False,0.6985492967228721,0.0,INIT
2025-12-04T20:52:10.035036,1463.250970642,0.20000000001124424,0.8985492967334974,0.2,-0.6985492967222531,False,0.6985492967222531,0.0,INIT
2025-12-04T20:52:10.047389,1463.26332209,0.20000000001124424,0.8968469346481145,0.2,-0.6968469346368702,False,0.6968469346368702,0.0,INIT
2025-12-04T20:52:10.054591,1463.270519989,0.2000000000106253,0.8968469346481145,0.2,-0.6968469346374893,False,0.6968469346374893,0.0,INIT
2025-12-04T20:52:10.072496,1463.2884339,0.2000000000106253,0.8951456672413229,0.2,-0.6951456672306977,False,0.6951456672306977,0.0,INIT
2025-12-04T20:52:10.077378,1463.293308008,0.20000000001124424,0.8951456672413229,0.2,-0.6951456672300786,False,0.6951456672300786,0.0,INIT
2025-12-04T20:52:10.087014,1463.302952494,0.20000000001124424,0.8934455029128827,0.2,-0.6934455029016384,False,0.6934455029016384,0.0,INIT
2025-12-04T20:52:10.105035,1463.320985096,0.2000000000106253,0.8934455029128827,0.2,-0.6934455029022575,False,0.6934455029022575,0.0,INIT
2025-12-04T20:52:10.110738,1463.326668996,0.2000000000106253,0.8917464501416443,0.2,-0.6917464501310191,False,0.6917464501310191,0.0,INIT
2025-12-04T20:52:10.125237,1463.341178188,0.20000000001124424,0.8917464501416443,0.2,-0.6917464501304,False,0.6917464501304,0.0,INIT
2025-12-04T20:52:10.129984,1463.345916595,0.20000000001124424,0.8900485174864645,0.2,-0.6900485174752202,False,0.6900485174752202,0.0,INIT
2025-12-04T20:52:10.145169,1463.36110519,0.2000000000106253,0.8900485174864645,0.2,-0.6900485174758393,False,0.6900485174758393,0.0,INIT
2025-12-04T20:52:10.151765,1463.367696501,0.2000000000106253,0.8883517135872196,0.2,-0.6883517135765944,False,0.6883517135765944,0.0,INIT
2025-12-04T20:52:10.165119,1463.381047923,0.2000000000106253,0.8883517135872196,0.2,-0.6883517135765944,False,0.6883517135765944,0.0,INIT
2025-12-04T20:52:10.177960,1463.393892311,0.2000000000106253,0.8866560471657658,0.2,-0.6866560471551406,False,0.6866560471551406,0.0,INIT
2025-12-04T20:52:10.183892,1463.399821738,0.2000000000106253,0.8866560471657658,0.2,-0.6866560471551406,False,0.6866560471551406,0.0,INIT
2025-12-04T20:52:10.224481,1463.440415603,0.2000000000106253,0.8849615270269435,0.2,-0.6849615270163183,False,0.6849615270163183,0.0,INIT
2025-12-04T20:52:10.229981,1463.445924016,0.2000000000106253,0.8849615270269435,0.2,-0.6849615270163183,False,0.6849615270163183,0.0,INIT
2025-12-04T20:52:10.231357,1463.447288704,0.2000000000106253,0.8832681620596201,0.2,-0.6832681620489949,False,0.6832681620489949,0.0,INIT
2025-12-04T20:52:10.232205,1463.44813132,0.2000000000106253,0.8832681620596201,0.2,-0.6832681620489949,False,0.6832681620489949,0.0,INIT
2025-12-04T20:52:10.253808,1463.469757418,0.2000000000106253,0.8815759612376759,0.2,-0.6815759612270507,False,0.6815759612270507,0.0,INIT
2025-12-04T20:52:10.256566,1463.472501623,0.20000000001124424,0.8815759612376759,0.2,-0.6815759612264316,False,0.6815759612264316,0.0,INIT
2025-12-04T20:52:10.264930,1463.480864735,0.20000000001124424,0.8798849336210983,0.2,-0.679884933609854,False,0.679884933609854,0.0,INIT
2025-12-04T20:52:10.271040,1463.486977556,0.2000000000106253,0.8798849336210983,0.2,-0.6798849336104731,False,0.6798849336104731,0.0,INIT
2025-12-04T20:52:10.281744,1463.497674286,0.2000000000106253,0.8781950883570087,0.2,-0.6781950883463834,False,0.6781950883463834,0.0,INIT
2025-12-04T20:52:10.301732,1463.517665401,0.2000000000106253,0.8781950883570087,0.2,-0.6781950883463834,False,0.6781950883463834,0.0,INIT
2025-12-04T20:52:10.304997,1463.52093528,0.2000000000106253,0.8765064346807554,0.2,-0.6765064346701302,False,0.6765064346701302,0.0,INIT
2025-12-04T20:52:10.315711,1463.531642198,0.2000000000106253,0.8765064346807554,0.2,-0.6765064346701302,False,0.6765064346701302,0.0,INIT
2025-12-04T20:52:10.326751,1463.542688239,0.2000000000106253,0.874818981916988,0.2,-0.6748189819063628,False,0.6748189819063628,0.0,INIT
2025-12-04T20:52:10.337925,1463.553860439,0.2000000000106253,0.874818981916988,0.2,-0.6748189819063628,False,0.6748189819063628,0.0,INIT
2025-12-04T20:52:10.348165,1463.564093283,0.2000000000106253,0.8731327394807975,0.2,-0.6731327394701723,False,0.6731327394701723,0.0,INIT
2025-12-04T20:52:10.359617,1463.575549059,0.2000000000106253,0.8731327394807975,0.2,-0.6731327394701723,False,0.6731327394701723,0.0,INIT
2025-12-04T20:52:10.371640,1463.587573853,0.2000000000106253,0.8714477168788051,0.2,-0.6714477168681798,False,0.6714477168681798,0.0,INIT
2025-12-04T20:52:10.397536,1463.613473003,0.2000000000106253,0.8714477168788051,0.2,-0.6714477168681798,False,0.6714477168681798,0.0,INIT
2025-12-04T20:52:10.399496,1463.615424595,0.2000000000106253,0.8697639237103401,0.2,-0.6697639236997148,False,0.6697639236997148,0.0,INIT
2025-12-04T20:52:10.422239,1463.638172434,0.20000000001062532,0.8697639237103401,0.2,-0.6697639236997147,False,0.6697639236997147,0.0,INIT
2025-12-04T20:52:10.425069,1463.641019511,0.20000000001062532,0.8680813696685616,0.2,-0.6680813696579363,False,0.6680813696579363,0.0,INIT
2025-12-04T20:52:10.427810,1463.643747018,0.20000000001062532,0.8680813696685616,0.2,-0.6680813696579363,False,0.6680813696579363,0.0,INIT
2025-12-04T20:52:10.446584,1463.66251927,0.20000000001062532,0.8664000645416721,0.2,-0.6664000645310467,False,0.6664000645310467,0.0,INIT
2025-12-04T20:52:10.454601,1463.670541865,0.20000000001062532,0.8664000645416721,0.2,-0.6664000645310467,False,0.6664000645310467,0.0,INIT
2025-12-04T20:52:10.465414,1463.681344514,0.20000000001124424,0.8664000645416721,0.2,-0.6664000645304278,False,0.6664000645304278,0.0,INIT
2025-12-04T20:52:10.470202,1463.686155612,0.20000000001124424,0.8647200182140713,0.2,-0.664720018202827,False,0.664720018202827,0.0,INIT
2025-12-04T20:52:10.481302,1463.697236031,0.2000000000106253,0.8647200182140713,0.2,-0.6647200182034461,False,0.6647200182034461,0.0,INIT
2025-12-04T20:52:10.491388,1463.707330162,0.2000000000106253,0.8630412406676076,0.2,-0.6630412406569823,False,0.6630412406569823,0.0,INIT
2025-12-04T20:52:10.533471,1463.749405008,0.20000000001124424,0.8630412406676076,0.2,-0.6630412406563633,False,0.6630412406563633,0.0,INIT
2025-12-04T20:52:10.536980,1463.752929015,0.20000000001062532,0.8613637419827676,0.2,-0.6613637419721422,False,0.6613637419721422,0.0,INIT
2025-12-04T20:52:10.538415,1463.754347004,0.20000000001124424,0.8613637419827676,0.2,-0.6613637419715233,False,0.6613637419715233,0.0,INIT
2025-12-04T20:52:10.539774,1463.755701243,0.20000000001124424,0.8596875323399606,0.2,-0.6596875323287164,False,0.6596875323287164,0.0,INIT
2025-12-04T20:52:10.545354,1463.76128506,0.20000000001124424,0.8596875323399606,0.2,-0.6596875323287164,False,0.6596875323287164,0.0,INIT
2025-12-04T20:52:10.556233,1463.772163995,0.20000000001124424,0.8580126220207456,0.2,-0.6580126220095013,False,0.6580126220095013,0.0,INIT
2025-12-04T20:52:10.566876,1463.782806054,0.20000000001124424,0.8580126220207456,0.2,-0.6580126220095013,False,0.6580126220095013,0.0,INIT
2025-12-04T20:52:10.578023,1463.793954656,0.2000000000106253,0.8580126220207456,0.2,-0.6580126220101203,False,0.6580126220101203,0.0,INIT
2025-12-04T20:52:10.623912,1463.839865818,0.2000000000106253,0.8563390214091768,0.2,-0.6563390213985516,False,0.6563390213985516,0.0,INIT
2025-12-04T20:52:10.631006,1463.846945918,0.2000000000106253,0.8563390214091768,0.2,-0.6563390213985516,False,0.6563390213985516,0.0,INIT
2025-12-04T20:52:10.632804,1463.84873401,0.20000000001124424,0.8546667409930304,0.2,-0.6546667409817861,False,0.6546667409817861,0.0,INIT
2025-12-04T20:52:10.634117,1463.850044302,0.20000000001124424,0.8546667409930304,0.2,-0.6546667409817861,False,0.6546667409817861,0.0,INIT
2025-12-04T20:52:10.635168,1463.85109528,0.20000000001124424,0.8529957913651987,0.2,-0.6529957913539544,False,0.6529957913539544,0.0,INIT
2025-12-04T20:52:10.647609,1463.863541736,0.20000000001124424,0.8529957913651987,0.2,-0.6529957913539544,False,0.6529957913539544,0.0,INIT
2025-12-04T20:52:10.669008,1463.884943441,0.2000000000106253,0.8513261832249812,0.2,-0.651326183214356,False,0.651326183214356,0.0,INIT
2025-12-04T20:52:10.672243,1463.888181912,0.2000000000106253,0.8496579273795022,0.2,-0.649657927368877,False,0.649657927368877,0.0,INIT
2025-12-04T20:52:10.714048,1463.929978807,0.2000000000106253,0.8496579273795022,0.2,-0.649657927368877,False,0.649657927368877,0.0,INIT
2025-12-04T20:52:10.717654,1463.93358796,0.2000000000106253,0.847991034745041,0.2,-0.6479910347344158,False,0.6479910347344158,0.0,INIT
2025-12-04T20:52:10.719176,1463.935104854,0.2000000000106253,0.847991034745041,0.2,-0.6479910347344158,False,0.6479910347344158,0.0,INIT
2025-12-04T20:52:10.730745,1463.946677677,0.2000000000106253,0.8463255163484975,0.2,-0.6463255163378723,False,0.6463255163378723,0.0,INIT
2025-12-04T20:52:10.732438,1463.948369507,0.2000000000106253,0.8463255163484975,0.2,-0.6463255163378723,False,0.6463255163378723,0.0,INIT
2025-12-04T20:52:10.733805,1463.949734932,0.2000000000106253,0.8446613833287708,0.2,-0.6446613833181456,False,0.6446613833181456,0.0,INIT
2025-12-04T20:52:10.764407,1463.98034162,0.2000000000106253,0.8446613833287708,0.2,-0.6446613833181456,False,0.6446613833181456,0.0,INIT
2025-12-04T20:52:10.766785,1463.982718718,0.2000000000106253,0.8429986469382307,0.2,-0.6429986469276054,False,0.6429986469276054,0.0,INIT
2025-12-04T20:52:10.767508,1463.983436965,0.2000000000106253,0.8429986469382307,0.2,-0.6429986469276054,False,0.6429986469276054,0.0,INIT
2025-12-04T20:52:10.778383,1463.994318366,0.2000000000106253,0.8413373185442108,0.2,-0.6413373185335856,False,0.6413373185335856,0.0,INIT
2025-12-04T20:52:10.788392,1464.004327544,0.2000000000106253,0.8413373185442108,0.2,-0.6413373185335856,False,0.6413373185335856,0.0,INIT
2025-12-04T20:52:10.821254,1464.037205523,0.2000000000106253,0.8396774096304629,0.2,-0.6396774096198377,False,0.6396774096198377,0.0,INIT
2025-12-04T20:52:10.824637,1464.040588973,0.20000000001124424,0.8396774096304629,0.2,-0.6396774096192186,False,0.6396774096192186,0.0,INIT
2025-12-04T20:52:10.827696,1464.043632942,0.2000000000106253,0.8380189317987159,0.2,-0.6380189317880907,False,0.6380189317880907,0.0,INIT
2025-12-04T20:52:10.829984,1464.04591179,0.2000000000106253,0.8380189317987159,0.2,-0.6380189317880907,False,0.6380189317880907,0.0,INIT
2025-12-04T20:52:10.841471,1464.057406024,0.2000000000106253,0.8363618967701978,0.2,-0.6363618967595726,False,0.6363618967595726,0.0,INIT
2025-12-04T20:52:10.851651,1464.067581392,0.2000000000106253,0.8363618967701978,0.2,-0.6363618967595726,False,0.6363618967595726,0.0,INIT
2025-12-04T20:52:10.862954,1464.078884202,0.2000000000106253,0.8347063163872095,0.2,-0.6347063163765843,False,0.6347063163765843,0.0,INIT
2025-12-04T20:52:10.875076,1464.091023073,0.2000000000106253,0.8347063163872095,0.2,-0.6347063163765843,False,0.6347063163765843,0.0,INIT
2025-12-04T20:52:10.890356,1464.106287603,0.2000000000106253,0.8330522026146987,0.2,-0.6330522026040735,False,0.6330522026040735,0.0,INIT
2025-12-04T20:52:10.896388,1464.112323812,0.2000000000106253,0.8330522026146987,0.2,-0.6330522026040735,False,0.6330522026040735,0.0,INIT
2025-12-04T20:52:10.908558,1464.12449075,0.2000000000106253,0.8330522026146987,0.2,-0.6330522026040735,False,0.6330522026040735,0.0,INIT
2025-12-04T20:52:10.920592,1464.136533325,0.2000000000106253,0.8313995675419168,0.2,-0.6313995675312916,False,0.6313995675312916,0.0,INIT
2025-12-04T20:52:10.945911,1464.161844196,0.2000000000106253,0.8313995675419168,0.2,-0.6313995675312916,False,0.6313995675312916,0.0,INIT
2025-12-04T20:52:10.972081,1464.188030675,0.2000000000106253,0.8297484233840122,0.2,-0.629748423373387,False,0.629748423373387,0.0,INIT
2025-12-04T20:52:11.020310,1464.236261724,0.2000000000106253,0.8297484233840122,0.2,-0.629748423373387,False,0.629748423373387,0.0,INIT
2025-12-04T20:52:11.033529,1464.249460759,0.20000000001124424,0.8280987824837416,0.2,-0.6280987824724973,False,0.6280987824724973,0.0,INIT
2025-12-04T20:52:11.036217,1464.25215258,0.20000000001124424,0.8280987824837416,0.2,-0.6280987824724973,False,0.6280987824724973,0.0,INIT
2025-12-04T20:52:11.039198,1464.255148529,0.20000000001124424,0.8264506573131221,0.2,-0.6264506573018778,False,0.6264506573018778,0.0,INIT
2025-12-04T20:52:11.041174,1464.257114603,0.20000000001124424,0.8264506573131221,0.2,-0.6264506573018778,False,0.6264506573018778,0.0,INIT
2025-12-04T20:52:11.042505,1464.258436903,0.20000000001124424,0.8248040604752012,0.2,-0.6248040604639569,False,0.6248040604639569,0.0,INIT
2025-12-04T20:52:11.043547,1464.259474026,0.20000000001124424,0.8248040604752012,0.2,-0.6248040604639569,False,0.6248040604639569,0.0,INIT
2025-12-04T20:52:11.044557,1464.260481598,0.20000000001124424,0.8248040604752012,0.2,-0.6248040604639569,False,0.6248040604639569,0.0,INIT
2025-12-04T20:52:11.045691,1464.26161961,0.20000000001124424,0.8248040604752012,0.2,-0.6248040604639569,False,0.6248040604639569,0.0,INIT
2025-12-04T20:52:11.059516,1464.275447564,0.20000000001124424,0.8231590047057487,0.2,-0.6231590046945044,False,0.6231590046945044,0.0,INIT
2025-12-04T20:52:11.063015,1464.278950962,0.2000000000106253,0.8231590047057487,0.2,-0.6231590046951234,False,0.6231590046951234,0.0,INIT
2025-12-04T20:52:11.071504,1464.287436424,0.2000000000106253,0.8215155028750898,0.2,-0.6215155028644646,False,0.6215155028644646,0.0,INIT
2025-12-04T20:52:11.082646,1464.298574794,0.20000000001124424,0.8215155028750898,0.2,-0.6215155028638455,False,0.6215155028638455,0.0,INIT
2025-12-04T20:52:11.094330,1464.310278873,0.20000000001124424,0.8198735679898572,0.2,-0.6198735679786129,False,0.6198735679786129,0.0,INIT
2025-12-04T20:52:11.120902,1464.336844639,0.20000000001062532,0.8198735679898572,0.2,-0.6198735679792319,False,0.6198735679792319,0.0,INIT
2025-12-04T20:52:11.122905,1464.338837762,0.20000000001124424,0.8182332131948717,0.2,-0.6182332131836275,False,0.6182332131836275,0.0,INIT
2025-12-04T20:52:11.127823,1464.343757536,0.20000000001124424,0.8182332131948717,0.2,-0.6182332131836275,False,0.6182332131836275,0.0,INIT
2025-12-04T20:52:11.138100,1464.354032867,0.20000000001124424,0.8165944517749484,0.2,-0.6165944517637041,False,0.6165944517637041,0.0,INIT
2025-12-04T20:52:11.148049,1464.363980429,0.20000000001124424,0.8165944517749484,0.2,-0.6165944517637041,False,0.6165944517637041,0.0,INIT
2025-12-04T20:52:11.159057,1464.374984797,0.2000000000106253,0.8165944517749484,0.2,-0.6165944517643231,False,0.6165944517643231,0.0,INIT
2025-12-04T20:52:11.169949,1464.38588195,0.2000000000106253,0.8149572971568726,0.2,-0.6149572971462474,False,0.6149572971462474,0.0,INIT
2025-12-04T20:52:11.185576,1464.401510741,0.20000000001124424,0.8149572971568726,0.2,-0.6149572971456283,False,0.6149572971456283,0.0,INIT
2025-12-04T20:52:11.198065,1464.413995501,0.20000000001124424,0.8133217629112242,0.2,-0.6133217628999799,False,0.6133217628999799,0.0,INIT
2025-12-04T20:52:11.202393,1464.41832604,0.2000000000106253,0.8133217629112242,0.2,-0.6133217629005989,False,0.6133217629005989,0.0,INIT
2025-12-04T20:52:11.213217,1464.429150619,0.2000000000106253,0.8116878627544111,0.2,-0.6116878627437858,False,0.6116878627437858,0.0,INIT
2025-12-04T20:52:11.224163,1464.440108297,0.20000000001124424,0.8116878627544111,0.2,-0.6116878627431668,False,0.6116878627431668,0.0,INIT
2025-12-04T20:52:11.234335,1464.450265026,0.20000000001124424,0.8100556105506049,0.2,-0.6100556105393606,False,0.6100556105393606,0.0,INIT
2025-12-04T20:52:11.244810,1464.460740592,0.2000000000106253,0.8100556105506049,0.2,-0.6100556105399797,False,0.6100556105399797,0.0,INIT
2025-12-04T20:52:11.256043,1464.471975566,0.2000000000106253,0.8084250203137948,0.2,-0.6084250203031696,False,0.6084250203031696,0.0,INIT
2025-12-04T20:52:11.267077,1464.48301745,0.2000000000106253,0.8084250203137948,0.2,-0.6084250203031696,False,0.6084250203031696,0.0,INIT
2025-12-04T20:52:11.317081,1464.533020909,0.20000000001124424,0.8084250203137948,0.2,-0.6084250203025505,False,0.6084250203025505,0.0,INIT
2025-12-04T20:52:11.331336,1464.547273061,0.2000000000106253,0.8067961062098048,0.2,-0.6067961061991796,False,0.6067961061991796,0.0,INIT
2025-12-04T20:52:11.334124,1464.55005349,0.2000000000106253,0.8067961062098048,0.2,-0.6067961061991796,False,0.6067961061991796,0.0,INIT
2025-12-04T20:52:11.334708,1464.550637316,0.2000000000106253,0.8051688825584162,0.2,-0.605168882547791,False,0.605168882547791,0.0,INIT
2025-12-04T20:52:11.335460,1464.551386785,0.2000000000106253,0.8051688825584162,0.2,-0.605168882547791,False,0.605168882547791,0.0,INIT
2025-12-04T20:52:11.355476,1464.571408669,0.2000000000106253,0.8035433638354492,0.2,-0.603543363824824,False,0.603543363824824,0.0,INIT
2025-12-04T20:52:11.358287,1464.574229157,0.2000000000106253,0.8035433638354492,0.2,-0.603543363824824,False,0.603543363824824,0.0,INIT
2025-12-04T20:52:11.359888,1464.575824229,0.2000000000106253,0.8019195646749337,0.2,-0.6019195646643085,False,0.6019195646643085,0.0,INIT
2025-12-04T20:52:11.371837,1464.587779207,0.2000000000106253,0.8002974998713084,0.2,-0.6002974998606831,False,0.6002974998606831,0.0,INIT
2025-12-04T20:52:11.378566,1464.594499778,0.2000000000106253,0.8002974998713084,0.2,-0.6002974998606831,False,0.6002974998606831,0.0,INIT
2025-12-04T20:52:11.391192,1464.607126708,0.2000000000106253,0.8002974998713084,0.2,-0.6002974998606831,False,0.6002974998606831,0.0,INIT
2025-12-04T20:52:11.409238,1464.625178135,0.2000000000106253,0.8002974998713084,0.2,-0.6002974998606831,False,0.6002974998606831,0.0,INIT
2025-12-04T20:52:11.432742,1464.648674516,0.2000000000106253,0.7986771843816145,0.2,-0.5986771843709893,False,0.5986771843709893,0.0,INIT
2025-12-04T20:52:11.434680,1464.650612624,0.2000000000106253,0.7970586333277958,0.2,-0.5970586333171706,False,0.5970586333171706,0.0,INIT
2025-12-04T20:52:11.436260,1464.652197532,0.2000000000106253,0.7970586333277958,0.2,-0.5970586333171706,False,0.5970586333171706,0.0,INIT
2025-12-04T20:52:11.443388,1464.659322209,0.2000000000106253,0.7954418619989729,0.2,-0.5954418619883477,False,0.5954418619883477,0.0,INIT
2025-12-04T20:52:11.454848,1464.670782845,0.2000000000106253,0.7954418619989729,0.2,-0.5954418619883477,False,0.5954418619883477,0.0,INIT
2025-12-04T20:52:11.464265,1464.680196604,0.2000000000106253,0.7938268858537918,0.2,-0.5938268858431666,False,0.5938268858431666,0.0,INIT
2025-12-04T20:52:11.475006,1464.690935991,0.2000000000106253,0.7938268858537918,0.2,-0.5938268858431666,False,0.5938268858431666,0.0,INIT
2025-12-04T20:52:11.485784,1464.701715805,0.2000000000106253,0.7922137205227795,0.2,-0.5922137205121543,False,0.5922137205121543,0.0,INIT
2025-12-04T20:52:11.496797,1464.712730654,0.2000000000106253,0.7922137205227795,0.2,-0.5922137205121543,False,0.5922137205121543,0.0,INIT
2025-12-04T20:52:11.508357,1464.724288429,0.2000000000106253,0.7922137205227795,0.2,-0.5922137205121543,False,0.5922137205121543,0.0,INIT
2025-12-04T20:52:11.518777,1464.734715157,0.2000000000106253,0.7906023818107997,0.2,-0.5906023818001744,False,0.5906023818001744,0.0,INIT
2025-12-04T20:52:11.529945,1464.745886476,0.2000000000106253,0.7906023818107997,0.2,-0.5906023818001744,False,0.5906023818001744,0.0,INIT
2025-12-04T20:52:11.539966,1464.755900633,0.2000000000106253,0.7889928856994608,0.2,-0.5889928856888356,False,0.5889928856888356,0.0,INIT
2025-12-04T20:52:11.576292,1464.792231196,0.2000000000106253,0.7889928856994608,0.2,-0.5889928856888356,False,0.5889928856888356,0.0,INIT
2025-12-04T20:52:11.579625,1464.795557438,0.2000000000106253,0.7889928856994608,0.2,-0.5889928856888356,False,0.5889928856888356,0.0,INIT
2025-12-04T20:52:11.581734,1464.797666653,0.2000000000106253,0.7873852483496693,0.2,-0.587385248339044,False,0.587385248339044,0.0,INIT
2025-12-04T20:52:11.607862,1464.823796336,0.2000000000106253,0.7857794861041114,0.2,-0.5857794860934862,False,0.5857794860934862,0.0,INIT
2025-12-04T20:52:11.691521,1464.907452907,0.20000000001062532,0.7857794861041114,0.2,-0.5857794860934861,False,0.5857794860934861,0.0,INIT
2025-12-04T20:52:11.695581,1464.91151243,0.20000000001062532,0.7841756154898905,0.2,-0.5841756154792651,False,0.5841756154792651,0.0,INIT
2025-12-04T20:52:11.696378,1464.912306152,0.20000000001062532,0.7841756154898905,0.2,-0.5841756154792651,False,0.5841756154792651,0.0,INIT
2025-12-04T20:52:11.697216,1464.913145932,0.20000000001062532,0.7841756154898905,0.2,-0.5841756154792651,False,0.5841756154792651,0.0,INIT
2025-12-04T20:52:11.697846,1464.913776133,0.20000000001062532,0.7825736532211098,0.2,-0.5825736532104845,False,0.5825736532104845,0.0,INIT
2025-12-04T20:52:11.698842,1464.914767663,0.20000000001062532,0.7825736532211098,0.2,-0.5825736532104845,False,0.5825736532104845,0.0,INIT
2025-12-04T20:52:11.699656,1464.915582996,0.20000000001062532,0.7809736162015852,0.2,-0.5809736161909599,False,0.5809736161909599,0.0,INIT
2025-12-04T20:52:11.700565,1464.916491365,0.20000000001062532,0.7809736162015852,0.2,-0.5809736161909599,False,0.5809736161909599,0.0,INIT
2025-12-04T20:52:11.701262,1464.917188654,0.20000000001062532,0.7793755215275162,0.2,-0.5793755215168909,False,0.5793755215168909,0.0,INIT
2025-12-04T20:52:11.701926,1464.917853572,0.20000000001062532,0.7793755215275162,0.2,-0.5793755215168909,False,0.5793755215168909,0.0,INIT
2025-12-04T20:52:11.704550,1464.920489459,0.20000000001062532,0.7777793864903013,0.2,-0.577779386479676,False,0.577779386479676,0.0,INIT
2025-12-04T20:52:11.715461,1464.931396108,0.20000000001124424,0.7777793864903013,0.2,-0.577779386479057,False,0.577779386479057,0.0,INIT
2025-12-04T20:52:11.727497,1464.943426283,0.20000000001124424,0.7761852285792914,0.2,-0.5761852285680471,False,0.5761852285680471,0.0,INIT
2025-12-04T20:52:11.740620,1464.956565124,0.20000000001124424,0.7761852285792914,0.2,-0.5761852285680471,False,0.5761852285680471,0.0,INIT
2025-12-04T20:52:11.747319,1464.963248431,0.2000000000106253,0.7745930654847268,0.2,-0.5745930654741016,False,0.5745930654741016,0.0,INIT
2025-12-04T20:52:11.759211,1464.97516629,0.2000000000106253,0.7745930654847268,0.2,-0.5745930654741016,False,0.5745930654741016,0.0,INIT
2025-12-04T20:52:11.770565,1464.986526643,0.20000000001124424,0.7745930654847268,0.2,-0.5745930654734825,False,0.5745930654734825,0.0,INIT
2025-12-04T20:52:11.800658,1465.016597492,0.20000000001124424,0.7730029151005535,0.2,-0.5730029150893092,False,0.5730029150893092,0.0,INIT
2025-12-04T20:52:11.804705,1465.020639198,0.2000000000106253,0.7730029151005535,0.2,-0.5730029150899283,False,0.5730029150899283,0.0,INIT
2025-12-04T20:52:11.806591,1465.022532096,0.2000000000106253,0.7714147955274648,0.2,-0.5714147955168396,False,0.5714147955168396,0.0,INIT
2025-12-04T20:52:11.811822,1465.027755152,0.20000000001124424,0.7714147955274648,0.2,-0.5714147955162205,False,0.5714147955162205,0.0,INIT
2025-12-04T20:52:11.822821,1465.038766415,0.20000000001124424,0.7698287250758504,0.2,-0.5698287250646061,False,0.5698287250646061,0.0,INIT
2025-12-04T20:52:11.833165,1465.049101167,0.2000000000106253,0.7698287250758504,0.2,-0.5698287250652252,False,0.5698287250652252,0.0,INIT
2025-12-04T20:52:11.844011,1465.05994712,0.2000000000106253,0.7682447222689088,0.2,-0.5682447222582836,False,0.5682447222582836,0.0,INIT
2025-12-04T20:52:11.864940,1465.080877811,0.20000000001124424,0.7682447222689088,0.2,-0.5682447222576645,False,0.5682447222576645,0.0,INIT
2025-12-04T20:52:11.871885,1465.087821433,0.20000000001124424,0.7666628058457161,0.2,-0.5666628058344718,False,0.5666628058344718,0.0,INIT
2025-12-04T20:52:11.877878,1465.093815452,0.2000000000106253,0.7666628058457161,0.2,-0.5666628058350909,False,0.5666628058350909,0.0,INIT
2025-12-04T20:52:11.887788,1465.103723955,0.2000000000106253,0.7650829947644495,0.2,-0.5650829947538243,False,0.5650829947538243,0.0,INIT
2025-12-04T20:52:11.897538,1465.113469994,0.2000000000106253,0.7650829947644495,0.2,-0.5650829947538243,False,0.5650829947538243,0.0,INIT
2025-12-04T20:52:11.908635,1465.124586484,0.2000000000106253,0.7635053082055632,0.2,-0.5635053081949379,False,0.5635053081949379,0.0,INIT
2025-12-04T20:52:11.934376,1465.150308662,0.2000000000106253,0.7635053082055632,0.2,-0.5635053081949379,False,0.5635053081949379,0.0,INIT
2025-12-04T20:52:11.940298,1465.156229201,0.2000000000106253,0.7619297655750992,0.2,-0.5619297655644739,False,0.5619297655644739,0.0,INIT
2025-12-04T20:52:11.942437,1465.158416659,0.2000000000106253,0.7619297655750992,0.2,-0.5619297655644739,False,0.5619297655644739,0.0,INIT
2025-12-04T20:52:11.950922,1465.166850977,0.2000000000106253,0.7603563865080369,0.2,-0.5603563864974117,False,0.5603563864974117,0.0,INIT
2025-12-04T20:52:11.973248,1465.189195208,0.2000000000106253,0.7603563865080369,0.2,-0.5603563864974117,False,0.5603563864974117,0.0,INIT
2025-12-04T20:52:11.976538,1465.192470691,0.2000000000106253,0.7603563865080369,0.2,-0.5603563864974117,False,0.5603563864974117,0.0,INIT
2025-12-04T20:52:11.983446,1465.199375255,0.2000000000106253,0.758785190871659,0.2,-0.5587851908610337,False,0.5587851908610337,0.0,INIT
2025-12-04T20:52:11.996383,1465.212321102,0.20000000001124424,0.758785190871659,0.2,-0.5587851908604147,False,0.5587851908604147,0.0,INIT
2025-12-04T20:52:12.006804,1465.222750206,0.20000000001124424,0.7572161987690484,0.2,-0.5572161987578041,False,0.5572161987578041,0.0,INIT
2025-12-04T20:52:12.016414,1465.232353416,0.2000000000106253,0.7572161987690484,0.2,-0.5572161987584232,False,0.5572161987584232,0.0,INIT
2025-12-04T20:52:12.027530,1465.2434625,0.2000000000106253,0.7556494305425954,0.2,-0.5556494305319701,False,0.5556494305319701,0.0,INIT
2025-12-04T20:52:12.038309,1465.254239567,0.2000000000106253,0.7556494305425954,0.2,-0.5556494305319701,False,0.5556494305319701,0.0,INIT
2025-12-04T20:52:12.048587,1465.264517221,0.2000000000106253,0.7540849067775799,0.2,-0.5540849067669547,False,0.5540849067669547,0.0,INIT
2025-12-04T20:52:12.075883,1465.291839554,0.2000000000106253,0.7540849067775799,0.2,-0.5540849067669547,False,0.5540849067669547,0.0,INIT
2025-12-04T20:52:12.077367,1465.293304169,0.2000000000106253,0.7525226483058143,0.2,-0.552522648295189,False,0.552522648295189,0.0,INIT
2025-12-04T20:52:12.082747,1465.298679946,0.2000000000106253,0.7525226483058143,0.2,-0.552522648295189,False,0.552522648295189,0.0,INIT
2025-12-04T20:52:12.093289,1465.309221127,0.2000000000106253,0.7525226483058143,0.2,-0.552522648295189,False,0.552522648295189,0.0,INIT
2025-12-04T20:52:12.104829,1465.320779194,0.2000000000106253,0.7509626762093822,0.2,-0.5509626761987569,False,0.5509626761987569,0.0,INIT
2025-12-04T20:52:12.115408,1465.331338711,0.2000000000106253,0.7509626762093822,0.2,-0.5509626761987569,False,0.5509626761987569,0.0,INIT
2025-12-04T20:52:12.137943,1465.353890094,0.2000000000106253,0.7494050118243907,0.2,-0.5494050118137654,False,0.5494050118137654,0.0,INIT
2025-12-04T20:52:12.139854,1465.355789449,0.2000000000106253,0.7494050118243907,0.2,-0.5494050118137654,False,0.5494050118137654,0.0,INIT
2025-12-04T20:52:12.147457,1465.363386583,0.2000000000106253,0.7478496767448508,0.2,-0.5478496767342256,False,0.5478496767342256,0.0,INIT
2025-12-04T20:52:12.159009,1465.374938662,0.2000000000106253,0.7478496767448508,0.2,-0.5478496767342256,False,0.5478496767342256,0.0,INIT
2025-12-04T20:52:12.169559,1465.385500137,0.20000000001062532,0.7462966928265606,0.2,-0.5462966928159353,False,0.5462966928159353,0.0,INIT
2025-12-04T20:52:12.179404,1465.395337207,0.20000000001062532,0.7462966928265606,0.2,-0.5462966928159353,False,0.5462966928159353,0.0,INIT
2025-12-04T20:52:12.228152,1465.444084703,0.20000000001062532,0.7447460821911371,0.2,-0.5447460821805118,False,0.5447460821805118,0.0,INIT
2025-12-04T20:52:12.230600,1465.446530666,0.2000000000106253,0.7447460821911371,0.2,-0.5447460821805119,False,0.5447460821805119,0.0,INIT
2025-12-04T20:52:12.233061,1465.448999662,0.2000000000106253,0.7431978672300379,0.2,-0.5431978672194127,False,0.5431978672194127,0.0,INIT
2025-12-04T20:52:12.239134,1465.45507206,0.20000000001124424,0.7416520706087395,0.2,-0.5416520705974952,False,0.5416520705974952,0.0,INIT
2025-12-04T20:52:12.240747,1465.456687849,0.20000000001124424,0.7416520706087395,0.2,-0.5416520705974952,False,0.5416520705974952,0.0,INIT
2025-12-04T20:52:12.251127,1465.467059531,0.20000000001124424,0.7401087152709094,0.2,-0.5401087152596651,False,0.5401087152596651,0.0,INIT
2025-12-04T20:52:12.272817,1465.488747539,0.20000000001062532,0.7401087152709094,0.2,-0.540108715260284,False,0.540108715260284,0.0,INIT
2025-12-04T20:52:12.279171,1465.495108009,0.20000000001124424,0.7385678244427405,0.2,-0.5385678244314962,False,0.5385678244314962,0.0,INIT
2025-12-04T20:52:12.280402,1465.496330503,0.20000000001124424,0.7385678244427405,0.2,-0.5385678244314962,False,0.5385678244314962,0.0,INIT
2025-12-04T20:52:12.291425,1465.507356081,0.20000000001124424,0.7370294216372688,0.2,-0.5370294216260245,False,0.5370294216260245,0.0,INIT
2025-12-04T20:52:12.301232,1465.517165098,0.2000000000106253,0.7370294216372688,0.2,-0.5370294216266436,False,0.5370294216266436,0.0,INIT
2025-12-04T20:52:12.312464,1465.528395953,0.2000000000106253,0.7354935306588928,0.2,-0.5354935306482675,False,0.5354935306482675,0.0,INIT
2025-12-04T20:52:12.323694,1465.539622798,0.20000000001124424,0.7354935306588928,0.2,-0.5354935306476485,False,0.5354935306476485,0.0,INIT
2025-12-04T20:52:12.333752,1465.549684864,0.20000000001124424,0.7339601756078227,0.2,-0.5339601755965784,False,0.5339601755965784,0.0,INIT
2025-12-04T20:52:12.355733,1465.5716632,0.2000000000106253,0.7339601756078227,0.2,-0.5339601755971974,False,0.5339601755971974,0.0,INIT
2025-12-04T20:52:12.357353,1465.573284546,0.2000000000106253,0.7324293808847795,0.2,-0.5324293808741543,False,0.5324293808741543,0.0,INIT
2025-12-04T20:52:12.375241,1465.591174575,0.20000000001124424,0.7324293808847795,0.2,-0.5324293808735352,False,0.5324293808735352,0.0,INIT
2025-12-04T20:52:12.406540,1465.622468129,0.20000000001124424,0.7309011711956304,0.2,-0.5309011711843861,False,0.5309011711843861,0.0,INIT
2025-12-04T20:52:12.411993,1465.627922525,0.20000000001124424,0.7309011711956304,0.2,-0.5309011711843861,False,0.5309011711843861,0.0,INIT
2025-12-04T20:52:12.413038,1465.628968976,0.20000000001124424,0.7293755715562349,0.2,-0.5293755715449906,False,0.5293755715449906,0.0,INIT
2025-12-04T20:52:12.415464,1465.631395749,0.20000000001124424,0.7293755715562349,0.2,-0.5293755715449906,False,0.5293755715449906,0.0,INIT
2025-12-04T20:52:12.424628,1465.640562382,0.20000000001124424,0.7278526072972786,0.2,-0.5278526072860343,False,0.5278526072860343,0.0,INIT
2025-12-04T20:52:12.433698,1465.649630062,0.2000000000106253,0.7278526072972786,0.2,-0.5278526072866534,False,0.5278526072866534,0.0,INIT
2025-12-04T20:52:12.444814,1465.660760655,0.2000000000106253,0.7263323040692882,0.2,-0.5263323040586629,False,0.5263323040586629,0.0,INIT
2025-12-04T20:52:12.456541,1465.672473799,0.2000000000106253,0.7263323040692882,0.2,-0.5263323040586629,False,0.5263323040586629,0.0,INIT
2025-12-04T20:52:12.466800,1465.682730943,0.2000000000106253,0.7248146878476689,0.2,-0.5248146878370437,False,0.5248146878370437,0.0,INIT
2025-12-04T20:52:12.478134,1465.694063953,0.2000000000106253,0.7248146878476689,0.2,-0.5248146878370437,False,0.5248146878370437,0.0,INIT
2025-12-04T20:52:12.488422,1465.70435365,0.2000000000106253,0.7232997849378684,0.2,-0.5232997849272432,False,0.5232997849272432,0.0,INIT
2025-12-04T20:52:12.541428,1465.757379487,0.20000000001124424,0.7232997849378684,0.2,-0.5232997849266241,False,0.5232997849266241,0.0,INIT
2025-12-04T20:52:12.546425,1465.762359193,0.20000000001124424,0.7217876219806678,0.2,-0.5217876219694235,False,0.5217876219694235,0.0,INIT
2025-12-04T20:52:12.548269,1465.764199714,0.20000000001124424,0.7217876219806678,0.2,-0.5217876219694235,False,0.5217876219694235,0.0,INIT
2025-12-04T20:52:12.549073,1465.764999196,0.20000000001124424,0.7202782259574976,0.2,-0.5202782259462533,False,0.5202782259462533,0.0,INIT
2025-12-04T20:52:12.550146,1465.766073518,0.20000000001124424,0.7202782259574976,0.2,-0.5202782259462533,False,0.5202782259462533,0.0,INIT
2025-12-04T20:52:12.561669,1465.777602359,0.20000000001124424,0.7187716241959325,0.2,-0.5187716241846883,False,0.5187716241846883,0.0,INIT
2025-12-04T20:52:12.621376,1465.837305843,0.2000000000106253,0.7187716241959325,0.2,-0.5187716241853073,False,0.5187716241853073,0.0,INIT
2025-12-04T20:52:12.628639,1465.844567319,0.2000000000106253,0.7172678443752578,0.2,-0.5172678443646326,False,0.5172678443646326,0.0,INIT
2025-12-04T20:52:12.674000,1465.889998823,0.2000000000106253,0.7172678443752578,0.2,-0.5172678443646326,False,0.5172678443646326,0.0,INIT
2025-12-04T20:52:12.679816,1465.895763375,0.2000000000106253,0.7157669145321321,0.2,-0.5157669145215069,False,0.5157669145215069,0.0,INIT
2025-12-04T20:52:12.680861,1465.896785571,0.2000000000106253,0.7157669145321321,0.2,-0.5157669145215069,False,0.5157669145215069,0.0,INIT
2025-12-04T20:52:12.681393,1465.897315332,0.2000000000106253,0.7142688630663643,0.2,-0.514268863055739,False,0.514268863055739,0.0,INIT
2025-12-04T20:52:12.682432,1465.898359165,0.2000000000106253,0.7142688630663643,0.2,-0.514268863055739,False,0.514268863055739,0.0,INIT
2025-12-04T20:52:12.683570,1465.899501964,0.2000000000106253,0.7127737187468415,0.2,-0.5127737187362162,False,0.5127737187362162,0.0,INIT
2025-12-04T20:52:12.684765,1465.900693231,0.2000000000106253,0.7127737187468415,0.2,-0.5127737187362162,False,0.5127737187362162,0.0,INIT
2025-12-04T20:52:12.685401,1465.901328742,0.2000000000106253,0.7112815107174999,0.2,-0.5112815107068747,False,0.5112815107068747,0.0,INIT
2025-12-04T20:52:12.686176,1465.90210048,0.2000000000106253,0.7112815107174999,0.2,-0.5112815107068747,False,0.5112815107068747,0.0,INIT
2025-12-04T20:52:12.687363,1465.903295846,0.2000000000106253,0.7097922685034872,0.2,-0.509792268492862,False,0.509792268492862,0.0,INIT
2025-12-04T20:52:12.705674,1465.921616443,0.2000000000106253,0.7097922685034872,0.2,-0.509792268492862,False,0.509792268492862,0.0,INIT
2025-12-04T20:52:12.711173,1465.927106496,0.2000000000106253,0.7083060220173785,0.2,-0.5083060220067532,False,0.5083060220067532,0.0,INIT
2025-12-04T20:52:12.718603,1465.934534905,0.20000000001062532,0.7083060220173785,0.2,-0.5083060220067531,False,0.5083060220067531,0.0,INIT
2025-12-04T20:52:12.729326,1465.945253679,0.20000000001062532,0.70682280156558,0.2,-0.5068228015549546,False,0.5068228015549546,0.0,INIT
2025-12-04T20:52:12.778185,1465.994118059,0.2000000000106253,0.70682280156558,0.2,-0.5068228015549547,False,0.5068228015549547,0.0,INIT
2025-12-04T20:52:12.780905,1465.996834958,0.2000000000106253,0.7053426378547769,0.2,-0.5053426378441517,False,0.5053426378441517,0.0,INIT
2025-12-04T20:52:12.781851,1465.99777689,0.2000000000106253,0.7053426378547769,0.2,-0.5053426378441517,False,0.5053426378441517,0.0,INIT
2025-12-04T20:52:12.782620,1465.998546956,0.2000000000106253,0.7038655619986125,0.2,-0.5038655619879873,False,0.5038655619879873,0.0,INIT
2025-12-04T20:52:12.792007,1466.007939867,0.20000000001124424,0.7038655619986125,0.2,-0.5038655619873682,False,0.5038655619873682,0.0,INIT
2025-12-04T20:52:12.794855,1466.010782188,0.20000000001124424,0.7038655619986125,0.2,-0.5038655619873682,False,0.5038655619873682,0.0,INIT
2025-12-04T20:52:12.809240,1466.025175031,0.20000000001062532,0.7023916055243804,0.2,-0.5023916055137551,False,0.5023916055137551,0.0,INIT
2025-12-04T20:52:12.822420,1466.03835428,0.20000000001062532,0.7009208003799676,0.2,-0.5009208003693423,False,0.5009208003693423,0.0,INIT
2025-12-04T20:52:12.829579,1466.045513008,0.20000000001124424,0.7009208003799676,0.2,-0.5009208003687233,False,0.5009208003687233,0.0,INIT
2025-12-04T20:52:12.841795,1466.057731953,0.20000000001124424,0.6994531789408205,0.2,-0.49945317892957625,False,0.49945317892957625,0.0,INIT
2025-12-04T20:52:12.849524,1466.065458553,0.20000000001124424,0.6994531789408205,0.2,-0.49945317892957625,False,0.49945317892957625,0.0,INIT
2025-12-04T20:52:12.929921,1466.145853256,0.20000000001124424,0.6994531789408205,0.2,-0.49945317892957625,False,0.49945317892957625,0.0,INIT
2025-12-04T20:52:12.932857,1466.14878634,0.20000000001124424,0.697988774017186,0.2,-0.4979887740059417,False,0.4979887740059417,0.0,INIT
2025-12-04T20:52:12.939496,1466.155429702,0.2000000000106253,0.697988774017186,0.2,-0.49798877400656066,False,0.49798877400656066,0.0,INIT
2025-12-04T20:52:12.940880,1466.156814962,0.2000000000106253,0.6965276188613272,0.2,-0.4965276188507019,False,0.4965276188507019,0.0,INIT
2025-12-04T20:52:12.941825,1466.157756246,0.2000000000106253,0.6950697471750518,0.2,-0.4950697471644265,False,0.4950697471644265,0.0,INIT
2025-12-04T20:52:12.943130,1466.159058992,0.2000000000106253,0.6950697471750518,0.2,-0.4950697471644265,False,0.4950697471644265,0.0,INIT
2025-12-04T20:52:12.943838,1466.159765244,0.2000000000106253,0.6936151931172669,0.2,-0.49361519310664165,False,0.49361519310664165,0.0,INIT
2025-12-04T20:52:12.944512,1466.16043663,0.2000000000106253,0.6936151931172669,0.2,-0.49361519310664165,False,0.49361519310664165,0.0,INIT
2025-12-04T20:52:12.947670,1466.163612851,0.2000000000106253,0.6921639913117761,0.2,-0.4921639913011508,False,0.4921639913011508,0.0,INIT
2025-12-04T20:52:12.958516,1466.174449319,0.20000000001124424,0.6921639913117761,0.2,-0.49216399130053184,False,0.49216399130053184,0.0,INIT
2025-12-04T20:52:12.968755,1466.184691766,0.20000000001124424,0.6907161768551502,0.2,-0.49071617684390595,False,0.49071617684390595,0.0,INIT
2025-12-04T20:52:12.994130,1466.210064277,0.2000000000106253,0.6907161768551502,0.2,-0.4907161768445249,False,0.4907161768445249,0.0,INIT
2025-12-04T20:52:12.995474,1466.211404687,0.2000000000106253,0.6892717853248485,0.2,-0.48927178531422316,False,0.48927178531422316,0.0,INIT
2025-12-04T20:52:13.009076,1466.22505444,0.2000000000106253,0.6892717853248485,0.2,-0.48927178531422316,False,0.48927178531422316,0.0,INIT
2025-12-04T20:52:13.028496,1466.244429059,0.2000000000106253,0.687830852787426,0.2,-0.48783085277680066,False,0.48783085277680066,0.0,INIT
2025-12-04T20:52:13.053259,1466.269197966,0.2000000000106253,0.687830852787426,0.2,-0.48783085277680066,False,0.48783085277680066,0.0,INIT
2025-12-04T20:52:13.056145,1466.272081392,0.2000000000106253,0.6863934158069438,0.2,-0.4863934157963185,False,0.4863934157963185,0.0,INIT
2025-12-04T20:52:13.058139,1466.274072224,0.2000000000106253,0.6863934158069438,0.2,-0.4863934157963185,False,0.4863934157963185,0.0,INIT
2025-12-04T20:52:13.060134,1466.276064764,0.2000000000106253,0.684959511453584,0.2,-0.48495951144295874,False,0.48495951144295874,0.0,INIT
2025-12-04T20:52:13.066534,1466.282464396,0.2000000000106253,0.684959511453584,0.2,-0.48495951144295874,False,0.48495951144295874,0.0,INIT
2025-12-04T20:52:13.080663,1466.296600173,0.2000000000106253,0.68352917731236,0.2,-0.48352917730173467,False,0.48352917730173467,0.0,INIT
2025-12-04T20:52:13.089506,1466.305436975,0.20000000001124424,0.68352917731236,0.2,-0.4835291773011157,False,0.4835291773011157,0.0,INIT
2025-12-04T20:52:13.100437,1466.316367779,0.20000000001124424,0.682102451492097,0.2,-0.4821024514808528,False,0.4821024514808528,0.0,INIT
2025-12-04T20:52:13.110926,1466.32685505,0.2000000000106253,0.682102451492097,0.2,-0.48210245148147174,False,0.48210245148147174,0.0,INIT
2025-12-04T20:52:13.122141,1466.338073644,0.2000000000106253,0.680679372634533,0.2,-0.48067937262390775,False,0.48067937262390775,0.0,INIT
2025-12-04T20:52:13.157881,1466.373809833,0.2000000000106253,0.680679372634533,0.2,-0.48067937262390775,False,0.48067937262390775,0.0,INIT
2025-12-04T20:52:13.161428,1466.377359428,0.2000000000106253,0.6792599799236405,0.2,-0.4792599799130152,False,0.4792599799130152,0.0,INIT
2025-12-04T20:52:13.162035,1466.377961079,0.2000000000106253,0.6792599799236405,0.2,-0.4792599799130152,False,0.4792599799130152,0.0,INIT
2025-12-04T20:52:13.224208,1466.440143522,0.2000000000106253,0.6778443130951173,0.2,-0.477844313084492,False,0.477844313084492,0.0,INIT
2025-12-04T20:52:13.229002,1466.444933373,0.2000000000106253,0.6764324124461369,0.2,-0.47643241243551165,False,0.47643241243551165,0.0,INIT
2025-12-04T20:52:13.230010,1466.445940709,0.2000000000106253,0.6764324124461369,0.2,-0.47643241243551165,False,0.47643241243551165,0.0,INIT
2025-12-04T20:52:13.286140,1466.502073421,0.20000000001124424,0.6750243188452019,0.2,-0.4750243188339576,False,0.4750243188339576,0.0,INIT
2025-12-04T20:52:13.321220,1466.537151605,0.20000000001124424,0.6736200737423297,0.2,-0.47362007373108544,False,0.47362007373108544,0.0,INIT
2025-12-04T20:52:13.333717,1466.54964919,0.20000000001124424,0.6736200737423297,0.2,-0.47362007373108544,False,0.47362007373108544,0.0,INIT
2025-12-04T20:52:13.359959,1466.575888463,0.20000000001124424,0.672219719179318,0.2,-0.47221971916807376,False,0.47221971916807376,0.0,INIT
2025-12-04T20:52:13.362608,1466.578544294,0.20000000001124424,0.6708232978003621,0.2,-0.47082329778911786,False,0.47082329778911786,0.0,INIT
2025-12-04T20:52:13.364571,1466.580499806,0.20000000001124424,0.6708232978003621,0.2,-0.47082329778911786,False,0.47082329778911786,0.0,INIT
2025-12-04T20:52:13.365449,1466.581374492,0.20000000001124424,0.6694308528627806,0.2,-0.46943085285153635,False,0.46943085285153635,0.0,INIT
2025-12-04T20:52:13.366410,1466.582335932,0.20000000001124424,0.6694308528627806,0.2,-0.46943085285153635,False,0.46943085285153635,0.0,INIT
2025-12-04T20:52:13.367645,1466.583573041,0.20000000001124424,0.6680424282480635,0.2,-0.46804242823681924,False,0.46804242823681924,0.0,INIT
2025-12-04T20:52:13.369030,1466.584956675,0.20000000001124424,0.6680424282480635,0.2,-0.46804242823681924,False,0.46804242823681924,0.0,INIT
2025-12-04T20:52:13.370277,1466.586217299,0.20000000001124424,0.6666580684730823,0.2,-0.46665806846183805,False,0.46665806846183805,0.0,INIT
2025-12-04T20:52:13.371639,1466.587569884,0.20000000001124424,0.6666580684730823,0.2,-0.46665806846183805,False,0.46665806846183805,0.0,INIT
2025-12-04T20:52:13.372533,1466.58845941,0.20000000001124424,0.665277818701612,0.2,-0.4652778186903677,False,0.4652778186903677,0.0,INIT
2025-12-04T20:52:13.373866,1466.589793989,0.20000000001124424,0.665277818701612,0.2,-0.4652778186903677,False,0.4652778186903677,0.0,INIT
2025-12-04T20:52:13.389141,1466.605074456,0.20000000001124424,0.6639017247560179,0.2,-0.4639017247447737,False,0.4639017247447737,0.0,INIT
2025-12-04T20:52:13.391695,1466.607634207,0.2000000000106253,0.6639017247560179,0.2,-0.46390172474539265,False,0.46390172474539265,0.0,INIT
2025-12-04T20:52:13.397776,1466.613705015,0.20000000001124424,0.6625298331293119,0.2,-0.46252983311806767,False,0.46252983311806767,0.0,INIT
2025-12-04T20:52:13.417303,1466.633236728,0.20000000001124424,0.6611621909973153,0.2,-0.4611621909860711,False,0.4611621909860711,0.0,INIT
2025-12-04T20:52:13.453767,1466.669710791,0.2000000000106253,0.6611621909973153,0.2,-0.46116219098669003,False,0.46116219098669003,0.0,INIT
2025-12-04T20:52:13.457398,1466.673331675,0.20000000001124424,0.6597988462312516,0.2,-0.4597988462200074,False,0.4597988462200074,0.0,INIT
2025-12-04T20:52:13.459282,1466.675210451,0.2000000000106253,0.6597988462312516,0.2,-0.45979884622062633,False,0.45979884622062633,0.0,INIT
2025-12-04T20:52:13.460131,1466.676062008,0.2000000000106253,0.6584398474104742,0.2,-0.45843984739984894,False,0.45843984739984894,0.0,INIT
2025-12-04T20:52:13.463105,1466.679031552,0.2000000000106253,0.6584398474104742,0.2,-0.45843984739984894,False,0.45843984739984894,0.0,INIT
2025-12-04T20:52:13.475107,1466.691038832,0.2000000000106253,0.6570852438355823,0.2,-0.457085243824957,False,0.457085243824957,0.0,INIT
2025-12-04T20:52:13.485537,1466.701476407,0.20000000001124424,0.6570852438355823,0.2,-0.45708524382433807,False,0.45708524382433807,0.0,INIT
2025-12-04T20:52:13.496057,1466.711987809,0.20000000001124424,0.655735085541735,0.2,-0.45573508553049075,False,0.45573508553049075,0.0,INIT
2025-12-04T20:52:13.506847,1466.72277823,0.2000000000106253,0.655735085541735,0.2,-0.4557350855311097,False,0.4557350855311097,0.0,INIT
2025-12-04T20:52:13.525183,1466.741115763,0.2000000000106253,0.6543894233123524,0.2,-0.4543894233017271,False,0.4543894233017271,0.0,INIT
2025-12-04T20:52:13.566614,1466.782545814,0.2000000000106253,0.6543894233123524,0.2,-0.4543894233017271,False,0.4543894233017271,0.0,INIT
2025-12-04T20:52:13.572765,1466.788699832,0.2000000000106253,0.6530483086930201,0.2,-0.4530483086823948,False,0.4530483086823948,0.0,INIT
2025-12-04T20:52:13.574387,1466.790318199,0.2000000000106253,0.6530483086930201,0.2,-0.4530483086823948,False,0.4530483086823948,0.0,INIT
2025-12-04T20:52:13.575030,1466.79095737,0.2000000000106253,0.6517117940057808,0.2,-0.45171179399515554,False,0.45171179399515554,0.0,INIT
2025-12-04T20:52:13.575514,1466.791439215,0.2000000000106253,0.6517117940057808,0.2,-0.45171179399515554,False,0.45171179399515554,0.0,INIT
2025-12-04T20:52:13.582187,1466.798116993,0.2000000000106253,0.6503799323637276,0.2,-0.4503799323531023,False,0.4503799323531023,0.0,INIT
2025-12-04T20:52:13.592888,1466.808821733,0.2000000000106253,0.6503799323637276,0.2,-0.4503799323531023,False,0.4503799323531023,0.0,INIT
2025-12-04T20:52:13.605679,1466.821617623,0.2000000000106253,0.6490527776858794,0.2,-0.44905277767525414,False,0.44905277767525414,0.0,INIT
2025-12-04T20:52:13.619278,1466.835210831,0.20000000001124424,0.6490527776858794,0.2,-0.4490527776746352,False,0.4490527776746352,0.0,INIT
2025-12-04T20:52:13.624447,1466.840387041,0.20000000001124424,0.6477303847124576,0.2,-0.44773038470121335,False,0.44773038470121335,0.0,INIT
2025-12-04T20:52:13.636445,1466.85237645,0.2000000000106253,0.6477303847124576,0.2,-0.4477303847018323,False,0.4477303847018323,0.0,INIT
2025-12-04T20:52:13.647024,1466.862960797,0.2000000000106253,0.6464128090204655,0.2,-0.4464128090098402,False,0.4464128090098402,0.0,INIT
2025-12-04T20:52:13.661321,1466.877248808,0.2000000000106253,0.6464128090204655,0.2,-0.4464128090098402,False,0.4464128090098402,0.0,INIT
2025-12-04T20:52:13.672313,1466.888246362,0.2000000000106253,0.6451001070396303,0.2,-0.445100107029005,False,0.445100107029005,0.0,INIT
2025-12-04T20:52:13.684186,1466.900116101,0.2000000000106253,0.6451001070396303,0.2,-0.445100107029005,False,0.445100107029005,0.0,INIT
2025-12-04T20:52:13.691134,1466.907066119,0.2000000000106253,0.6437923360686852,0.2,-0.44379233605805996,False,0.44379233605805996,0.0,INIT
2025-12-04T20:52:13.701342,1466.917274122,0.2000000000106253,0.6437923360686852,0.2,-0.44379233605805996,False,0.44379233605805996,0.0,INIT
2025-12-04T20:52:13.712515,1466.928449358,0.2000000000106253,0.6437923360686852,0.2,-0.44379233605805996,False,0.44379233605805996,0.0,INIT
2025-12-04T20:52:13.725064,1466.941017663,0.2000000000106253,0.6424895542920854,0.2,-0.44248955428146014,False,0.44248955428146014,0.0,INIT
2025-12-04T20:52:13.735251,1466.951180584,0.2000000000106253,0.6411918207970309,0.2,-0.44119182078640556,False,0.44119182078640556,0.0,INIT
2025-12-04T20:52:13.747303,1466.963235161,0.2000000000106253,0.6411918207970309,0.2,-0.44119182078640556,False,0.44119182078640556,0.0,INIT
2025-12-04T20:52:13.765977,1466.981913291,0.2000000000106253,0.6398991955909379,0.2,-0.4398991955803126,False,0.4398991955803126,0.0,INIT
2025-12-04T20:52:13.805023,1467.02095643,0.20000000001062532,0.6398991955909379,0.2,-0.43989919558031254,False,0.43989919558031254,0.0,INIT
2025-12-04T20:52:13.810324,1467.026260225,0.20000000001062532,0.6386117396192681,0.2,-0.43861173960864275,False,0.43861173960864275,0.0,INIT
2025-12-04T20:52:13.816757,1467.032692862,0.20000000001062532,0.6386117396192681,0.2,-0.43861173960864275,False,0.43861173960864275,0.0,INIT
2025-12-04T20:52:13.817805,1467.033735933,0.20000000001062532,0.6373295147838229,0.2,-0.4373295147731976,False,0.4373295147731976,0.0,INIT
2025-12-04T20:52:13.818757,1467.034682983,0.20000000001062532,0.6373295147838229,0.2,-0.4373295147731976,False,0.4373295147731976,0.0,INIT
2025-12-04T20:52:13.883159,1467.099095999,0.20000000001124424,0.6373295147838229,0.2,-0.4373295147725787,False,0.4373295147725787,0.0,INIT
2025-12-04T20:52:13.886575,1467.102508154,0.20000000001124424,0.6360525839613826,0.2,-0.4360525839501384,False,0.4360525839501384,0.0,INIT
2025-12-04T20:52:13.889420,1467.105370107,0.20000000001062532,0.6360525839613826,0.2,-0.4360525839507573,False,0.4360525839507573,0.0,INIT
2025-12-04T20:52:13.890400,1467.106330119,0.20000000001062532,0.6347810110228824,0.2,-0.4347810110122571,False,0.4347810110122571,0.0,INIT
2025-12-04T20:52:13.891570,1467.107496821,0.20000000001062532,0.6347810110228824,0.2,-0.4347810110122571,False,0.4347810110122571,0.0,INIT
2025-12-04T20:52:13.892738,1467.10866514,0.20000000001062532,0.6335148608529364,0.2,-0.43351486084231106,False,0.43351486084231106,0.0,INIT
2025-12-04T20:52:13.895114,1467.111047151,0.20000000001062532,0.6335148608529364,0.2,-0.43351486084231106,False,0.43351486084231106,0.0,INIT
2025-12-04T20:52:13.899406,1467.115339908,0.20000000001062532,0.6322541993699065,0.2,-0.4322541993592811,False,0.4322541993592811,0.0,INIT
2025-12-04T20:52:13.946303,1467.162243884,0.2000000000106253,0.6322541993699065,0.2,-0.43225419935928117,False,0.43225419935928117,0.0,INIT
2025-12-04T20:52:13.951862,1467.167791566,0.2000000000106253,0.6309990935463468,0.2,-0.43099909353572147,False,0.43099909353572147,0.0,INIT
2025-12-04T20:52:13.953182,1467.169117385,0.2000000000106253,0.6309990935463468,0.2,-0.43099909353572147,False,0.43099909353572147,0.0,INIT
2025-12-04T20:52:13.955534,1467.171461676,0.20000000001124424,0.6309990935463468,0.2,-0.4309990935351025,False,0.4309990935351025,0.0,INIT
2025-12-04T20:52:13.964563,1467.180493832,0.20000000001124424,0.629749611430066,0.2,-0.4297496114188218,False,0.4297496114188218,0.0,INIT
2025-12-04T20:52:13.975907,1467.191839654,0.20000000001124424,0.6285058221655246,0.2,-0.4285058221542804,False,0.4285058221542804,0.0,INIT
2025-12-04T20:52:13.984079,1467.200018792,0.2000000000106253,0.6285058221655246,0.2,-0.42850582215489935,False,0.42850582215489935,0.0,INIT
2025-12-04T20:52:14.006493,1467.222427164,0.2000000000106253,0.6272677960158912,0.2,-0.42726779600526593,False,0.42726779600526593,0.0,INIT
2025-12-04T20:52:14.013998,1467.229933045,0.20000000001124424,0.6272677960158912,0.2,-0.427267796004647,False,0.427267796004647,0.0,INIT
2025-12-04T20:52:14.016705,1467.232638908,0.20000000001124424,0.6272677960158912,0.2,-0.427267796004647,False,0.427267796004647,0.0,INIT
2025-12-04T20:52:14.022275,1467.238228103,0.20000000001124424,0.6260356043855184,0.2,-0.4260356043742742,False,0.4260356043742742,0.0,INIT
2025-12-04T20:52:14.032968,1467.248900888,0.2000000000106253,0.6260356043855184,0.2,-0.42603560437489313,False,0.42603560437489313,0.0,INIT
2025-12-04T20:52:14.049575,1467.26551958,0.2000000000106253,0.6248093198430311,0.2,-0.42480931983240583,False,0.42480931983240583,0.0,INIT
2025-12-04T20:52:14.056631,1467.272562575,0.20000000001124424,0.6248093198430311,0.2,-0.4248093198317869,False,0.4248093198317869,0.0,INIT
2025-12-04T20:52:14.065219,1467.281150123,0.20000000001124424,0.6235890161449165,0.2,-0.4235890161336722,False,0.4235890161336722,0.0,INIT
2025-12-04T20:52:14.123919,1467.339852964,0.2000000000106253,0.6235890161449165,0.2,-0.4235890161342912,False,0.4235890161342912,0.0,INIT
2025-12-04T20:52:14.128589,1467.34452422,0.2000000000106253,0.6223747682597267,0.2,-0.4223747682491014,False,0.4223747682491014,0.0,INIT
2025-12-04T20:52:14.130767,1467.346698295,0.2000000000106253,0.6223747682597267,0.2,-0.4223747682491014,False,0.4223747682491014,0.0,INIT
2025-12-04T20:52:14.131873,1467.347802762,0.2000000000106253,0.6211666523928239,0.2,-0.4211666523821986,False,0.4211666523821986,0.0,INIT
2025-12-04T20:52:14.132738,1467.34866308,0.2000000000106253,0.6211666523928239,0.2,-0.4211666523821986,False,0.4211666523821986,0.0,INIT
2025-12-04T20:52:14.134083,1467.350023128,0.2000000000106253,0.6199647460117612,0.2,-0.4199647460011359,False,0.4199647460011359,0.0,INIT
2025-12-04T20:52:14.146404,1467.362339819,0.2000000000106253,0.6199647460117612,0.2,-0.4199647460011359,False,0.4199647460011359,0.0,INIT
2025-12-04T20:52:14.152641,1467.368575394,0.2000000000106253,0.6187691278722989,0.2,-0.4187691278616736,False,0.4187691278616736,0.0,INIT
2025-12-04T20:52:14.163569,1467.379498862,0.2000000000106253,0.6187691278722989,0.2,-0.4187691278616736,False,0.4187691278616736,0.0,INIT
2025-12-04T20:52:14.177497,1467.393431328,0.2000000000106253,0.6187691278722989,0.2,-0.4187691278616736,False,0.4187691278616736,0.0,INIT
2025-12-04T20:52:14.185655,1467.401587922,0.2000000000106253,0.6175798780449853,0.2,-0.41757987803436,False,0.41757987803436,0.0,INIT
2025-12-04T20:52:14.197838,1467.413771834,0.20000000001124424,0.6175798780449853,0.2,-0.417579878033741,False,0.417579878033741,0.0,INIT
2025-12-04T20:52:14.207484,1467.423416208,0.20000000001124424,0.616397077942473,0.2,-0.41639707793122877,False,0.41639707793122877,0.0,INIT
2025-12-04T20:52:14.218943,1467.434874936,0.2000000000106253,0.616397077942473,0.2,-0.4163970779318477,False,0.4163970779318477,0.0,INIT
2025-12-04T20:52:14.229667,1467.445594436,0.2000000000106253,0.6152208103474766,0.2,-0.41522081033685126,False,0.41522081033685126,0.0,INIT
2025-12-04T20:52:14.240133,1467.456069307,0.2000000000106253,0.6152208103474766,0.2,-0.41522081033685126,False,0.41522081033685126,0.0,INIT
2025-12-04T20:52:14.251066,1467.467018308,0.2000000000106253,0.6140511594414058,0.2,-0.41405115943078047,False,0.41405115943078047,0.0,INIT
2025-12-04T20:52:14.261435,1467.477365583,0.2000000000106253,0.6140511594414058,0.2,-0.41405115943078047,False,0.41405115943078047,0.0,INIT
2025-12-04T20:52:14.273542,1467.489473952,0.2000000000106253,0.6128882108337272,0.2,-0.41288821082310195,False,0.41288821082310195,0.0,INIT
2025-12-04T20:52:14.284274,1467.500210505,0.2000000000106253,0.6128882108337272,0.2,-0.41288821082310195,False,0.41288821082310195,0.0,INIT
2025-12-04T20:52:14.295442,1467.511370267,0.2000000000106253,0.6128882108337272,0.2,-0.41288821082310195,False,0.41288821082310195,0.0,INIT
2025-12-04T20:52:14.305203,1467.52113533,0.2000000000106253,0.6117320515920812,0.2,-0.4117320515814559,False,0.4117320515814559,0.0,INIT
2025-12-04T20:52:14.317112,1467.533044491,0.2000000000106253,0.6117320515920812,0.2,-0.4117320515814559,False,0.4117320515814559,0.0,INIT
2025-12-04T20:52:14.337818,1467.553755717,0.2000000000106253,0.6105827702731021,0.2,-0.41058277026247686,False,0.41058277026247686,0.0,INIT
2025-12-04T20:52:14.379967,1467.595906259,0.2000000000106253,0.6105827702731021,0.2,-0.41058277026247686,False,0.41058277026247686,0.0,INIT
2025-12-04T20:52:14.392510,1467.608442799,0.20000000001062532,0.6094404569540788,0.2,-0.40944045694345343,False,0.40944045694345343,0.0,INIT
2025-12-04T20:52:14.420615,1467.636560608,0.2000000000106253,0.6083052032653469,0.2,-0.4083052032547216,False,0.4083052032547216,0.0,INIT
2025-12-04T20:52:14.423182,1467.639115681,0.2000000000106253,0.6083052032653469,0.2,-0.4083052032547216,False,0.4083052032547216,0.0,INIT
2025-12-04T20:52:14.424799,1467.640738168,0.2000000000106253,0.6071771024235599,0.2,-0.40717710241293464,False,0.40717710241293464,0.0,INIT
2025-12-04T20:52:14.425971,1467.641901074,0.2000000000106253,0.6071771024235599,0.2,-0.40717710241293464,False,0.40717710241293464,0.0,INIT
2025-12-04T20:52:14.426859,1467.642787131,0.2000000000106253,0.6071771024235599,0.2,-0.40717710241293464,False,0.40717710241293464,0.0,INIT
2025-12-04T20:52:14.428099,1467.644030813,0.2000000000106253,0.6060562492657686,0.2,-0.40605624925514333,False,0.40605624925514333,0.0,INIT
2025-12-04T20:52:14.429704,1467.645634746,0.2000000000106253,0.6049427402844021,0.2,-0.4049427402737768,False,0.4049427402737768,0.0,INIT
2025-12-04T20:52:14.437737,1467.653676675,0.20000000001124424,0.6049427402844021,0.2,-0.40494274027315785,False,0.40494274027315785,0.0,INIT
2025-12-04T20:52:14.449167,1467.665105295,0.20000000001124424,0.603836673663102,0.2,-0.40383667365185777,False,0.40383667365185777,0.0,INIT
2025-12-04T20:52:14.459052,1467.67498097,0.20000000001062532,0.603836673663102,0.2,-0.40383667365247666,False,0.40383667365247666,0.0,INIT
2025-12-04T20:52:14.472471,1467.688401397,0.20000000001062532,0.6027381493135477,0.2,-0.4027381493029224,False,0.4027381493029224,0.0,INIT
2025-12-04T20:52:14.483176,1467.699106761,0.20000000001124424,0.6027381493135477,0.2,-0.4027381493023035,False,0.4027381493023035,0.0,INIT
2025-12-04T20:52:14.492224,1467.708167022,0.20000000001124424,0.6016472689131329,0.2,-0.4016472689018887,False,0.4016472689018887,0.0,INIT
2025-12-04T20:52:14.502678,1467.718609765,0.2000000000106253,0.6016472689131329,0.2,-0.4016472689025076,False,0.4016472689025076,0.0,INIT
2025-12-04T20:52:14.515214,1467.731153421,0.2000000000106253,0.600564135943765,0.2,-0.4005641359331397,False,0.4005641359331397,0.0,INIT
2025-12-04T20:52:14.536429,1467.752362334,0.20000000001124424,0.600564135943765,0.2,-0.40056413593252077,False,0.40056413593252077,0.0,INIT
2025-12-04T20:52:14.538472,1467.754404969,0.20000000001124424,0.5994888557314972,0.2,-0.399488855720253,False,0.399488855720253,0.0,INIT
2025-12-04T20:52:14.546588,1467.762521466,0.2000000000106253,0.5994888557314972,0.2,-0.39948885572087195,False,0.39948885572087195,0.0,INIT
2025-12-04T20:52:14.558224,1467.774156548,0.2000000000106253,0.5984215354873652,0.2,-0.3984215354767399,False,0.3984215354767399,0.0,INIT
2025-12-04T20:52:14.570808,1467.786752173,0.20000000001124424,0.5984215354873652,0.2,-0.39842153547612097,False,0.39842153547612097,0.0,INIT
2025-12-04T20:52:14.580513,1467.796441959,0.20000000001124424,0.5973622843491593,0.2,-0.39736228433791504,False,0.39736228433791504,0.0,INIT
2025-12-04T20:52:14.591613,1467.807546636,0.2000000000106253,0.5973622843491593,0.2,-0.397362284338534,False,0.397362284338534,0.0,INIT
2025-12-04T20:52:14.602295,1467.818228882,0.2000000000106253,0.5963112134244168,0.2,-0.39631121341379155,False,0.39631121341379155,0.0,INIT
2025-12-04T20:52:14.613636,1467.829568239,0.2000000000106253,0.5963112134244168,0.2,-0.39631121341379155,False,0.39631121341379155,0.0,INIT
2025-12-04T20:52:14.626710,1467.842643132,0.20000000001124424,0.5963112134244168,0.2,-0.3963112134131726,False,0.3963112134131726,0.0,INIT
2025-12-04T20:52:14.635104,1467.851034422,0.20000000001124424,0.5952684358344298,0.2,-0.39526843582318555,False,0.39526843582318555,0.0,INIT
2025-12-04T20:52:14.657846,1467.873782537,0.2000000000106253,0.5952684358344298,0.2,-0.3952684358238045,False,0.3952684358238045,0.0,INIT
2025-12-04T20:52:14.658946,1467.874875952,0.2000000000106253,0.5942340667595549,0.2,-0.39423406674892963,False,0.39423406674892963,0.0,INIT
2025-12-04T20:52:14.670932,1467.886883828,0.2000000000106253,0.5942340667595549,0.2,-0.39423406674892963,False,0.39423406674892963,0.0,INIT
2025-12-04T20:52:14.679623,1467.895556401,0.2000000000106253,0.5932082234856066,0.2,-0.39320822347498136,False,0.39320822347498136,0.0,INIT
2025-12-04T20:52:14.691461,1467.907395401,0.2000000000106253,0.5932082234856066,0.2,-0.39320822347498136,False,0.39320822347498136,0.0,INIT
2025-12-04T20:52:14.724008,1467.939961046,0.2000000000106253,0.5921910254515677,0.2,-0.39219102544094236,False,0.39219102544094236,0.0,INIT
2025-12-04T20:52:14.728164,1467.944099892,0.2000000000106253,0.5921910254515677,0.2,-0.39219102544094236,False,0.39219102544094236,0.0,INIT
2025-12-04T20:52:14.729371,1467.945299328,0.2000000000106253,0.5911825942985742,0.2,-0.39118259428794894,False,0.39118259428794894,0.0,INIT
2025-12-04T20:52:14.733804,1467.949735906,0.2000000000106253,0.5911825942985742,0.2,-0.39118259428794894,False,0.39118259428794894,0.0,INIT
2025-12-04T20:52:14.744332,1467.960260077,0.2000000000106253,0.5911825942985742,0.2,-0.39118259428794894,False,0.39118259428794894,0.0,INIT
2025-12-04T20:52:14.805946,1468.021881453,0.2000000000106253,0.5911825942985742,0.2,-0.39118259428794894,False,0.39118259428794894,0.0,INIT
2025-12-04T20:52:14.823530,1468.039464511,0.2000000000106253,0.5901830539201893,0.2,-0.39018305390956404,False,0.39018305390956404,0.0,INIT
2025-12-04T20:52:14.811362,1468.027296543,0.2000000000106253,0.5901830539201893,0.2,-0.39018305390956404,False,0.39018305390956404,0.0,INIT
2025-12-04T20:52:14.825690,1468.041623986,0.2000000000106253,0.5891925305140795,0.2,-0.3891925305034542,False,0.3891925305034542,0.0,INIT
2025-12-04T20:52:14.826407,1468.042334107,0.2000000000106253,0.5891925305140795,0.2,-0.3891925305034542,False,0.3891925305034542,0.0,INIT
2025-12-04T20:52:14.827538,1468.043464878,0.2000000000106253,0.5882111526350697,0.2,-0.38821115262444444,False,0.38821115262444444,0.0,INIT
2025-12-04T20:52:14.828378,1468.04431262,0.2000000000106253,0.5882111526350697,0.2,-0.38821115262444444,False,0.38821115262444444,0.0,INIT
2025-12-04T20:52:14.832068,1468.04800817,0.2000000000106253,0.5872390512496524,0.2,-0.3872390512390271,False,0.3872390512390271,0.0,INIT
2025-12-04T20:52:14.841872,1468.05780582,0.2000000000106253,0.5872390512496524,0.2,-0.3872390512390271,False,0.3872390512390271,0.0,INIT
2025-12-04T20:52:14.853131,1468.069066477,0.2000000000106253,0.5862763597919853,0.2,-0.38627635978136005,False,0.38627635978136005,0.0,INIT
2025-12-04T20:52:14.863802,1468.079737367,0.2000000000106253,0.5862763597919853,0.2,-0.38627635978136005,False,0.38627635978136005,0.0,INIT
2025-12-04T20:52:14.874378,1468.090306748,0.2000000000106253,0.5862763597919853,0.2,-0.38627635978136005,False,0.38627635978136005,0.0,INIT
2025-12-04T20:52:14.889082,1468.105056209,0.2000000000106253,0.5862763597919853,0.2,-0.38627635978136005,False,0.38627635978136005,0.0,INIT
2025-12-04T20:52:14.895331,1468.111263782,0.2000000000106253,0.5853232142214702,0.2,-0.38532321421084487,False,0.38532321421084487,0.0,INIT
2025-12-04T20:52:14.907389,1468.123322359,0.2000000000106253,0.5853232142214702,0.2,-0.38532321421084487,False,0.38532321421084487,0.0,INIT
2025-12-04T20:52:14.916546,1468.132479611,0.2000000000106253,0.5843797530818495,0.2,-0.38437975307122424,False,0.38437975307122424,0.0,INIT
2025-12-04T20:52:14.928545,1468.14449164,0.2000000000106253,0.5843797530818495,0.2,-0.38437975307122424,False,0.38437975307122424,0.0,INIT
2025-12-04T20:52:14.939137,1468.155065656,0.2000000000106253,0.5834461175620382,0.2,-0.38344611755141295,False,0.38344611755141295,0.0,INIT
2025-12-04T20:52:14.950376,1468.166304062,0.2000000000106253,0.5825224515585377,0.2,-0.38252245154791237,False,0.38252245154791237,0.0,INIT
2025-12-04T20:52:14.962501,1468.178462069,0.20000000001062532,0.5825224515585377,0.2,-0.3825224515479123,False,0.3825224515479123,0.0,INIT
2025-12-04T20:52:14.971562,1468.187493812,0.20000000001062532,0.5825224515585377,0.2,-0.3825224515479123,False,0.3825224515479123,0.0,INIT
2025-12-04T20:52:14.998325,1468.214254972,0.20000000001062532,0.5816089017397177,0.2,-0.38160890172909234,False,0.38160890172909234,0.0,INIT
2025-12-04T20:52:15.025559,1468.241489468,0.2000000000106253,0.5816089017397177,0.2,-0.3816089017290924,False,0.3816089017290924,0.0,INIT
2025-12-04T20:52:15.029078,1468.245017466,0.2000000000106253,0.5816089017397177,0.2,-0.3816089017290924,False,0.3816089017290924,0.0,INIT
2025-12-04T20:52:15.030276,1468.246206101,0.2000000000106253,0.5807056176117902,0.2,-0.3807056176011649,False,0.3807056176011649,0.0,INIT
2025-12-04T20:52:15.030910,1468.246834447,0.2000000000106253,0.5807056176117902,0.2,-0.3807056176011649,False,0.3807056176011649,0.0,INIT
2025-12-04T20:52:15.035567,1468.251498648,0.2000000000106253,0.5798127515867448,0.2,-0.37981275157611954,False,0.37981275157611954,0.0,INIT
2025-12-04T20:52:15.057702,1468.273655388,0.20000000001124424,0.5798127515867448,0.2,-0.3798127515755006,False,0.3798127515755006,0.0,INIT
2025-12-04T20:52:15.059654,1468.275589037,0.20000000001124424,0.5789304590521085,0.2,-0.37893045904086425,False,0.37893045904086425,0.0,INIT
2025-12-04T20:52:15.125760,1468.341705133,0.20000000001062532,0.5789304590521085,0.2,-0.37893045904148315,False,0.37893045904148315,0.0,INIT
2025-12-04T20:52:15.154496,1468.370435544,0.20000000001124424,0.5780588984427935,0.2,-0.3780588984315492,False,0.3780588984315492,0.0,INIT
2025-12-04T20:52:15.165102,1468.381035505,0.20000000001124424,0.5780588984427935,0.2,-0.3780588984315492,False,0.3780588984315492,0.0,INIT
2025-12-04T20:52:15.167769,1468.383700802,0.2000000000106253,0.5771982313148922,0.2,-0.37719823130426694,False,0.37719823130426694,0.0,INIT
2025-12-04T20:52:15.170451,1468.386393854,0.2000000000106253,0.5771982313148922,0.2,-0.37719823130426694,False,0.37719823130426694,0.0,INIT
2025-12-04T20:52:15.172504,1468.388434095,0.2000000000106253,0.5771982313148922,0.2,-0.37719823130426694,False,0.37719823130426694,0.0,INIT
2025-12-04T20:52:15.173506,1468.389434718,0.2000000000106253,0.5763486224217012,0.2,-0.37634862241107586,False,0.37634862241107586,0.0,INIT
2025-12-04T20:52:15.175249,1468.391180328,0.2000000000106253,0.5763486224217012,0.2,-0.37634862241107586,False,0.37634862241107586,0.0,INIT
2025-12-04T20:52:15.176217,1468.392145667,0.2000000000106253,0.5755102397918046,0.2,-0.3755102397811793,False,0.3755102397811793,0.0,INIT
2025-12-04T20:52:15.177600,1468.393527418,0.2000000000106253,0.5755102397918046,0.2,-0.3755102397811793,False,0.3755102397811793,0.0,INIT
2025-12-04T20:52:15.183013,1468.398946838,0.2000000000106253,0.5746832548095346,0.2,-0.37468325479890935,False,0.37468325479890935,0.0,INIT
2025-12-04T20:52:15.191657,1468.407589046,0.20000000001124424,0.5746832548095346,0.2,-0.3746832547982904,False,0.3746832547982904,0.0,INIT
2025-12-04T20:52:15.202614,1468.418547583,0.20000000001124424,0.5738678422976693,0.2,-0.37386784228642506,False,0.37386784228642506,0.0,INIT
2025-12-04T20:52:15.215492,1468.431423636,0.2000000000106253,0.5738678422976693,0.2,-0.373867842287044,False,0.373867842287044,0.0,INIT
2025-12-04T20:52:15.224681,1468.440612897,0.2000000000106253,0.5730641806026444,0.2,-0.3730641805920191,False,0.3730641805920191,0.0,INIT
2025-12-04T20:52:15.254078,1468.470026978,0.2000000000106253,0.5730641806026444,0.2,-0.3730641805920191,False,0.3730641805920191,0.0,INIT
2025-12-04T20:52:15.258440,1468.474371703,0.20000000001124424,0.5730641806026444,0.2,-0.3730641805914002,False,0.3730641805914002,0.0,INIT
2025-12-04T20:52:15.269769,1468.48570136,0.2000000000106253,0.5722724516821218,0.2,-0.37227245167149653,False,0.37227245167149653,0.0,INIT
2025-12-04T20:52:15.272174,1468.488110879,0.2000000000106253,0.5722724516821218,0.2,-0.37227245167149653,False,0.37227245167149653,0.0,INIT
2025-12-04T20:52:15.338540,1468.554483714,0.2000000000106253,0.5714928411952998,0.2,-0.37149284118467446,False,0.37149284118467446,0.0,INIT
2025-12-04T20:52:15.356949,1468.572901059,0.2000000000106253,0.5714928411952998,0.2,-0.37149284118467446,False,0.37149284118467446,0.0,INIT
2025-12-04T20:52:15.362014,1468.577965795,0.2000000000106253,0.5707255385957217,0.2,-0.37072553858509644,False,0.37072553858509644,0.0,INIT
2025-12-04T20:52:15.363560,1468.579493491,0.2000000000106253,0.5707255385957217,0.2,-0.37072553858509644,False,0.37072553858509644,0.0,INIT
2025-12-04T20:52:15.372613,1468.588547264,0.2000000000106253,0.5699707372269414,0.2,-0.36997073721631607,False,0.36997073721631607,0.0,INIT
2025-12-04T20:52:15.374216,1468.590153962,0.2000000000106253,0.5699707372269414,0.2,-0.36997073721631607,False,0.36997073721631607,0.0,INIT
2025-12-04T20:52:15.400720,1468.616649917,0.2000000000106253,0.5692286344210236,0.2,-0.36922863441039827,False,0.36922863441039827,0.0,INIT
2025-12-04T20:52:15.421781,1468.637735852,0.2000000000106253,0.5692286344210236,0.2,-0.36922863441039827,False,0.36922863441039827,0.0,INIT
2025-12-04T20:52:15.425768,1468.641708436,0.2000000000106253,0.5692286344210236,0.2,-0.36922863441039827,False,0.36922863441039827,0.0,INIT
2025-12-04T20:52:15.427329,1468.643261814,0.2000000000106253,0.5684994315999261,0.2,-0.3684994315893008,False,0.3684994315893008,0.0,INIT
2025-12-04T20:52:15.428582,1468.64451272,0.2000000000106253,0.5684994315999261,0.2,-0.3684994315893008,False,0.3684994315893008,0.0,INIT
2025-12-04T20:52:15.430663,1468.646592216,0.2000000000106253,0.5677833343800036,0.2,-0.3677833343693783,False,0.3677833343693783,0.0,INIT
2025-12-04T20:52:15.488378,1468.704337255,0.2000000000106253,0.5677833343800036,0.2,-0.3677833343693783,False,0.3677833343693783,0.0,INIT
2025-12-04T20:52:15.498529,1468.714464214,0.2000000000106253,0.567080552679601,0.2,-0.3670805526689757,False,0.3670805526689757,0.0,INIT
2025-12-04T20:52:15.499933,1468.715866379,0.2000000000106253,0.5663913008299302,0.2,-0.3663913008193049,False,0.3663913008193049,0.0,INIT
2025-12-04T20:52:15.501914,1468.71784125,0.2000000000106253,0.5663913008299302,0.2,-0.3663913008193049,False,0.3663913008193049,0.0,INIT
2025-12-04T20:52:15.504742,1468.720673402,0.2000000000106253,0.5657157976892857,0.2,-0.3657157976786604,False,0.3657157976786604,0.0,INIT
2025-12-04T20:52:15.506074,1468.722027139,0.2000000000106253,0.5657157976892857,0.2,-0.3657157976786604,False,0.3657157976786604,0.0,INIT
2025-12-04T20:52:15.507887,1468.723823111,0.2000000000106253,0.5657157976892857,0.2,-0.3657157976786604,False,0.3657157976786604,0.0,INIT
2025-12-04T20:52:15.509292,1468.725219363,0.2000000000106253,0.5650542667608134,0.2,-0.3650542667501881,False,0.3650542667501881,0.0,INIT
2025-12-04T20:52:15.510598,1468.726528095,0.2000000000106253,0.5650542667608134,0.2,-0.3650542667501881,False,0.3650542667501881,0.0,INIT
2025-12-04T20:52:15.511521,1468.727450117,0.2000000000106253,0.564406936313778,0.2,-0.36440693630315274,False,0.36440693630315274,0.0,INIT
2025-12-04T20:52:15.518944,1468.73487742,0.2000000000106253,0.564406936313778,0.2,-0.36440693630315274,False,0.36440693630315274,0.0,INIT
2025-12-04T20:52:15.530771,1468.746708363,0.2000000000106253,0.5637740395086817,0.2,-0.36377403949805637,False,0.36377403949805637,0.0,INIT
2025-12-04T20:52:15.539497,1468.755429294,0.2000000000106253,0.5637740395086817,0.2,-0.36377403949805637,False,0.36377403949805637,0.0,INIT
2025-12-04T20:52:15.550302,1468.766230156,0.2000000000106253,0.563155814526139,0.2,-0.36315581451551376,False,0.36315581451551376,0.0,INIT
2025-12-04T20:52:15.574867,1468.790812722,0.20000000001062532,0.563155814526139,0.2,-0.3631558145155137,False,0.3631558145155137,0.0,INIT
2025-12-04T20:52:15.575912,1468.791837923,0.20000000001062532,0.5625525046998372,0.2,-0.36255250468921185,False,0.36255250468921185,0.0,INIT
2025-12-04T20:52:15.582529,1468.79846313,0.2000000000112442,0.5625525046998372,0.2,-0.362552504688593,False,0.362552504688593,0.0,INIT
2025-12-04T20:52:15.594024,1468.809958507,0.2000000000112442,0.5619643586535656,0.2,-0.36196435864232146,False,0.36196435864232146,0.0,INIT
2025-12-04T20:52:15.625584,1468.841521183,0.2000000000106253,0.5619643586535656,0.2,-0.36196435864294035,False,0.36196435864294035,0.0,INIT
2025-12-04T20:52:15.627984,1468.843917229,0.20000000001124424,0.5613916304425945,0.2,-0.3613916304313503,False,0.3613916304313503,0.0,INIT
2025-12-04T20:52:15.629111,1468.845043872,0.20000000001124424,0.5613916304425945,0.2,-0.3613916304313503,False,0.3613916304313503,0.0,INIT
2025-12-04T20:52:15.637621,1468.85356467,0.20000000001124424,0.5608345796994421,0.2,-0.3608345796881978,False,0.3608345796881978,0.0,INIT
2025-12-04T20:52:15.690534,1468.906473065,0.20000000001062532,0.5608345796994421,0.2,-0.3608345796888167,False,0.3608345796888167,0.0,INIT
2025-12-04T20:52:15.696506,1468.912447936,0.20000000001124424,0.5602934717842833,0.2,-0.3602934717730391,False,0.3602934717730391,0.0,INIT
2025-12-04T20:52:15.702938,1468.918871824,0.2000000000106253,0.5602934717842833,0.2,-0.36029347177365806,False,0.36029347177365806,0.0,INIT
2025-12-04T20:52:15.704256,1468.920186679,0.2000000000106253,0.5597685779400661,0.2,-0.3597685779294408,False,0.3597685779294408,0.0,INIT
2025-12-04T20:52:15.704899,1468.920826947,0.2000000000106253,0.5597685779400661,0.2,-0.3597685779294408,False,0.3597685779294408,0.0,INIT
2025-12-04T20:52:15.705902,1468.921830994,0.2000000000106253,0.5597685779400661,0.2,-0.3597685779294408,False,0.3597685779294408,0.0,INIT
2025-12-04T20:52:15.718465,1468.9344089,0.2000000000106253,0.5592601754526592,0.2,-0.35926017544203387,False,0.35926017544203387,0.0,INIT
2025-12-04T20:52:15.736483,1468.952417916,0.20000000001124424,0.5592601754526592,0.2,-0.3592601754414149,False,0.3592601754414149,0.0,INIT
2025-12-04T20:52:15.738502,1468.954433967,0.20000000001124424,0.5587685478159741,0.2,-0.35876854780472983,False,0.35876854780472983,0.0,INIT
2025-12-04T20:52:15.747336,1468.963267908,0.2000000000106253,0.5587685478159741,0.2,-0.3587685478053488,False,0.3587685478053488,0.0,INIT
2025-12-04T20:52:15.759651,1468.975580619,0.2000000000106253,0.5582939849025292,0.2,-0.35829398489190395,False,0.35829398489190395,0.0,INIT
2025-12-04T20:52:15.769140,1468.985074769,0.20000000001124424,0.5582939849025292,0.2,-0.358293984891285,False,0.358293984891285,0.0,INIT
2025-12-04T20:52:15.790649,1469.006587458,0.20000000001124424,0.5578367831393916,0.2,-0.3578367831281473,False,0.3578367831281473,0.0,INIT
2025-12-04T20:52:15.801695,1469.017627144,0.2000000000106253,0.5578367831393916,0.2,-0.35783678312876627,False,0.35783678312876627,0.0,INIT
2025-12-04T20:52:15.803950,1469.019891761,0.2000000000106253,0.5573972456898995,0.2,-0.35739724567927417,False,0.35739724567927417,0.0,INIT
2025-12-04T20:52:15.813523,1469.029452382,0.20000000001124424,0.5573972456898995,0.2,-0.3573972456786552,False,0.3573972456786552,0.0,INIT
2025-12-04T20:52:15.824373,1469.040312913,0.20000000001124424,0.5573972456898995,0.2,-0.3573972456786552,False,0.3573972456786552,0.0,INIT
2025-12-04T20:52:15.835010,1469.050938225,0.2000000000106253,0.5569756826411965,0.2,-0.35697568263057117,False,0.35697568263057117,0.0,INIT
2025-12-04T20:52:15.851692,1469.067622728,0.2000000000106253,0.5565724111979717,0.2,-0.35657241118734645,False,0.35657241118734645,0.0,INIT
2025-12-04T20:52:15.860420,1469.076354553,0.2000000000106253,0.5565724111979717,0.2,-0.35657241118734645,False,0.35657241118734645,0.0,INIT
2025-12-04T20:52:15.868056,1469.08398923,0.2000000000106253,0.5561877558824673,0.2,-0.356187755871842,False,0.356187755871842,0.0,INIT
2025-12-04T20:52:15.892529,1469.108478953,0.2000000000106253,0.5561877558824673,0.2,-0.356187755871842,False,0.356187755871842,0.0,INIT
2025-12-04T20:52:15.894856,1469.110791053,0.2000000000106253,0.5558220487411076,0.2,-0.35582204873048234,False,0.35582204873048234,0.0,INIT
2025-12-04T20:52:15.899493,1469.115422768,0.2000000000106253,0.5558220487411076,0.2,-0.35582204873048234,False,0.35582204873048234,0.0,INIT
2025-12-04T20:52:15.909814,1469.125744681,0.2000000000106253,0.5558220487411076,0.2,-0.35582204873048234,False,0.35582204873048234,0.0,INIT
2025-12-04T20:52:15.920862,1469.136791263,0.2000000000106253,0.5554756295579653,0.2,-0.35547562954733997,False,0.35547562954733997,0.0,INIT
2025-12-04T20:52:15.967101,1469.183035035,0.20000000001124424,0.5554756295579653,0.2,-0.355475629546721,False,0.355475629546721,0.0,INIT
2025-12-04T20:52:15.968731,1469.184656808,0.20000000001124424,0.5551488460752254,0.2,-0.35514884606398117,False,0.35514884606398117,0.0,INIT
2025-12-04T20:52:15.969542,1469.185469821,0.20000000001124424,0.5551488460752254,0.2,-0.35514884606398117,False,0.35514884606398117,0.0,INIT
2025-12-04T20:52:15.970630,1469.186560976,0.20000000001124424,0.5548420542210835,0.2,-0.3548420542098392,False,0.3548420542098392,0.0,INIT
2025-12-04T20:52:15.997244,1469.21318233,0.2000000000106253,0.5548420542210835,0.2,-0.35484205421045817,False,0.35484205421045817,0.0,INIT
2025-12-04T20:52:16.009261,1469.225196135,0.2000000000106253,0.5545556183452058,0.2,-0.35455561833458055,False,0.35455561833458055,0.0,INIT
2025-12-04T20:52:16.010884,1469.226817025,0.2000000000106253,0.5545556183452058,0.2,-0.35455561833458055,False,0.35455561833458055,0.0,INIT
2025-12-04T20:52:16.012734,1469.228666771,0.2000000000106253,0.5542899114621025,0.2,-0.3542899114514772,False,0.3542899114514772,0.0,INIT
2025-12-04T20:52:16.020939,1469.236876699,0.2000000000106253,0.5542899114621025,0.2,-0.3542899114514772,False,0.3542899114514772,0.0,INIT
2025-12-04T20:52:16.037673,1469.253623455,0.2000000000106253,0.5540453155027025,0.2,-0.35404531549207724,False,0.35404531549207724,0.0,INIT
2025-12-04T20:52:16.041248,1469.257178491,0.2000000000106253,0.5540453155027025,0.2,-0.35404531549207724,False,0.35404531549207724,0.0,INIT
2025-12-04T20:52:16.052400,1469.268342604,0.2000000000106253,0.5538222215744577,0.2,-0.3538222215638324,False,0.3538222215638324,0.0,INIT
2025-12-04T20:52:16.066824,1469.282753975,0.2000000000106253,0.5538222215744577,0.2,-0.3538222215638324,False,0.3538222215638324,0.0,INIT
2025-12-04T20:52:16.072567,1469.288498855,0.2000000000106253,0.5536210302302429,0.2,-0.3536210302196176,False,0.3536210302196176,0.0,INIT
2025-12-04T20:52:16.089671,1469.305616162,0.2000000000106253,0.5536210302302429,0.2,-0.3536210302196176,False,0.3536210302196176,0.0,INIT
2025-12-04T20:52:16.094812,1469.310746838,0.2000000000106253,0.553442151746482,0.2,-0.35344215173585675,False,0.35344215173585675,0.0,INIT
2025-12-04T20:52:16.107829,1469.323761406,0.2000000000106253,0.553442151746482,0.2,-0.35344215173585675,False,0.35344215173585675,0.0,INIT
2025-12-04T20:52:16.128818,1469.344757038,0.2000000000106253,0.5532860064107465,0.2,-0.35328600640012126,False,0.35328600640012126,0.0,INIT
2025-12-04T20:52:16.131812,1469.347746431,0.20000000001062532,0.5532860064107465,0.2,-0.3532860064001212,False,0.3532860064001212,0.0,INIT
2025-12-04T20:52:16.162910,1469.378847829,0.20000000001062532,0.5531530248192849,0.2,-0.3531530248086595,False,0.3531530248086595,0.0,INIT
2025-12-04T20:52:16.167280,1469.383216497,0.2000000000112442,0.5531530248192849,0.2,-0.35315302480804067,False,0.35315302480804067,0.0,INIT
2025-12-04T20:52:16.167899,1469.383827879,0.2000000000112442,0.5531530248192849,0.2,-0.35315302480804067,False,0.35315302480804067,0.0,INIT
2025-12-04T20:52:16.192076,1469.408988847,0.2000000000106253,0.5530436481847705,0.2,-0.3530436481741452,False,0.3530436481741452,0.0,INIT
2025-12-04T20:52:16.196790,1469.412723933,0.20000000001124424,0.5529583286547761,0.2,-0.3529583286435319,False,0.3529583286435319,0.0,INIT
2025-12-04T20:52:16.198657,1469.414591479,0.20000000001124424,0.5529583286547761,0.2,-0.3529583286435319,False,0.3529583286435319,0.0,INIT
2025-12-04T20:52:16.205168,1469.421098712,0.20000000001124424,0.5529583286547761,0.2,-0.3529583286435319,False,0.3529583286435319,0.0,INIT
2025-12-04T20:52:16.215895,1469.431826518,0.20000000001124424,0.5528975296412728,0.2,-0.3528975296300286,False,0.3528975296300286,0.0,INIT
2025-12-04T20:52:16.232379,1469.448312589,0.20000000001062532,0.5528975296412728,0.2,-0.35289752963064747,False,0.35289752963064747,0.0,INIT
2025-12-04T20:52:16.237748,1469.453680689,0.20000000001062532,0.5528617261616704,0.2,-0.35286172615104505,False,0.35286172615104505,0.0,INIT
2025-12-04T20:52:16.248771,1469.464702829,0.20000000001124424,0.5528617261616704,0.2,-0.35286172615042616,False,0.35286172615042616,0.0,INIT
2025-12-04T20:52:16.259871,1469.475801601,0.20000000001124424,0.5528514051917659,0.2,-0.35285140518052166,False,0.35285140518052166,0.0,INIT
2025-12-04T20:52:16.272124,1469.488058757,0.2000000000106253,0.5528514051917659,0.2,-0.3528514051811406,False,0.3528514051811406,0.0,INIT
2025-12-04T20:52:16.281841,1469.497769698,0.2000000000106253,0.5528670660312107,0.2,-0.35286706602058543,False,0.35286706602058543,0.0,INIT
2025-12-04T20:52:16.298360,1469.51429403,0.20000000001124424,0.5528670660312107,0.2,-0.3528670660199665,False,0.3528670660199665,0.0,INIT
2025-12-04T20:52:16.304775,1469.520707066,0.20000000001124424,0.5529092206817321,0.2,-0.35290922067048786,False,0.35290922067048786,0.0,INIT
2025-12-04T20:52:16.316233,1469.532168614,0.2000000000106253,0.5529092206817321,0.2,-0.3529092206711068,False,0.3529092206711068,0.0,INIT
2025-12-04T20:52:16.355405,1469.571344745,0.2000000000106253,0.5529783942389148,0.2,-0.3529783942282895,False,0.3529783942282895,0.0,INIT
2025-12-04T20:52:16.357877,1469.573815129,0.2000000000106253,0.5529783942389148,0.2,-0.3529783942282895,False,0.3529783942282895,0.0,INIT
2025-12-04T20:52:16.359370,1469.575300021,0.2000000000106253,0.5530751252978119,0.2,-0.3530751252871866,False,0.3530751252871866,0.0,INIT
2025-12-04T20:52:16.364774,1469.580714743,0.2000000000106253,0.5531999663731195,0.2,-0.35319996636249423,False,0.35319996636249423,0.0,INIT
2025-12-04T20:52:16.386215,1469.602148797,0.20000000001124424,0.5531999663731195,0.2,-0.3531999663618753,False,0.3531999663618753,0.0,INIT
2025-12-04T20:52:16.388721,1469.60465738,0.20000000001124424,0.5533534843343366,0.2,-0.3533534843230924,False,0.3533534843230924,0.0,INIT
2025-12-04T20:52:16.395637,1469.611570646,0.2000000000106253,0.5533534843343366,0.2,-0.35335348432371133,False,0.35335348432371133,0.0,INIT
2025-12-04T20:52:16.404695,1469.620625546,0.2000000000106253,0.5535362608566468,0.2,-0.35353626084602147,False,0.35353626084602147,0.0,INIT
2025-12-04T20:52:16.417417,1469.633352255,0.2000000000106253,0.5535362608566468,0.2,-0.35353626084602147,False,0.35353626084602147,0.0,INIT
2025-12-04T20:52:16.425757,1469.641690639,0.2000000000106253,0.5537488928879979,0.2,-0.3537488928773726,False,0.3537488928773726,0.0,INIT
2025-12-04T20:52:16.442965,1469.658896733,0.2000000000106253,0.5537488928879979,0.2,-0.3537488928773726,False,0.3537488928773726,0.0,INIT
2025-12-04T20:52:16.452357,1469.668287208,0.2000000000106253,0.5539919931331414,0.2,-0.3539919931225161,False,0.3539919931225161,0.0,INIT
2025-12-04T20:52:16.458625,1469.674576448,0.2000000000106253,0.5539919931331414,0.2,-0.3539919931225161,False,0.3539919931225161,0.0,INIT
2025-12-04T20:52:16.468948,1469.684876993,0.2000000000106253,0.5542661905552757,0.2,-0.3542661905446504,False,0.3542661905446504,0.0,INIT
2025-12-04T20:52:16.491366,1469.707304322,0.2000000000106253,0.5542661905552757,0.2,-0.3542661905446504,False,0.3542661905446504,0.0,INIT
2025-12-04T20:52:16.493534,1469.709468433,0.2000000000106253,0.5545721308959073,0.2,-0.354572130885282,False,0.354572130885282,0.0,INIT
2025-12-04T20:52:16.504629,1469.72056512,0.20000000001124424,0.5545721308959073,0.2,-0.35457213088466305,False,0.35457213088466305,0.0,INIT
2025-12-04T20:52:16.540485,1469.756424264,0.20000000001124424,0.554910477213773,0.2,-0.3549104772025287,False,0.3549104772025287,0.0,INIT
2025-12-04T20:52:16.575590,1469.79152413,0.2000000000106253,0.554910477213773,0.2,-0.35491047720314767,False,0.35491047720314767,0.0,INIT
2025-12-04T20:52:16.578296,1469.794222822,0.2000000000106253,0.5552819104435418,0.2,-0.3552819104329165,False,0.3552819104329165,0.0,INIT
2025-12-04T20:52:16.579254,1469.795184625,0.2000000000106253,0.5552819104435418,0.2,-0.3552819104329165,False,0.3552819104329165,0.0,INIT
2025-12-04T20:52:16.579691,1469.795615301,0.2000000000106253,0.5556871299750172,0.2,-0.35568712996439195,False,0.35568712996439195,0.0,INIT
2025-12-04T20:52:16.580422,1469.796345807,0.2000000000106253,0.5556871299750172,0.2,-0.35568712996439195,False,0.35568712996439195,0.0,INIT
2025-12-04T20:52:16.593170,1469.809117287,0.2000000000106253,0.5561268542537547,0.2,-0.35612685424312945,False,0.35612685424312945,0.0,INIT
2025-12-04T20:52:16.596567,1469.812500708,0.2000000000106253,0.5561268542537547,0.2,-0.35612685424312945,False,0.35612685424312945,0.0,INIT
2025-12-04T20:52:16.600212,1469.816143533,0.2000000000106253,0.5566018214039206,0.2,-0.35660182139329527,False,0.35660182139329527,0.0,INIT
2025-12-04T20:52:16.626645,1469.842581782,0.2000000000106253,0.5566018214039206,0.2,-0.35660182139329527,False,0.35660182139329527,0.0,INIT
2025-12-04T20:52:16.693156,1469.90910027,0.2000000000106253,0.5571127898742145,0.2,-0.35711278986358924,False,0.35711278986358924,0.0,INIT
2025-12-04T20:52:16.698394,1469.914320811,0.2000000000106253,0.5571127898742145,0.2,-0.35711278986358924,False,0.35711278986358924,0.0,INIT
2025-12-04T20:52:16.699414,1469.915347071,0.2000000000106253,0.5576605391079026,0.2,-0.3576605390972773,False,0.3576605390972773,0.0,INIT
2025-12-04T20:52:16.700862,1469.916796307,0.2000000000106253,0.5576605391079026,0.2,-0.3576605390972773,False,0.3576605390972773,0.0,INIT
2025-12-04T20:52:16.701686,1469.917613667,0.2000000000106253,0.5582458702377338,0.2,-0.35824587022710846,False,0.35824587022710846,0.0,INIT
2025-12-04T20:52:16.702292,1469.918221647,0.2000000000106253,0.5582458702377338,0.2,-0.35824587022710846,False,0.35824587022710846,0.0,INIT
2025-12-04T20:52:16.703387,1469.919322958,0.2000000000106253,0.5588696068069883,0.2,-0.358869606796363,False,0.358869606796363,0.0,INIT
2025-12-04T20:52:16.704445,1469.920372702,0.2000000000106253,0.5588696068069883,0.2,-0.358869606796363,False,0.358869606796363,0.0,INIT
2025-12-04T20:52:16.719748,1469.935685153,0.2000000000106253,0.5595325955174095,0.2,-0.35953259550678424,False,0.35953259550678424,0.0,INIT
2025-12-04T20:52:16.723025,1469.938957287,0.2000000000106253,0.5595325955174095,0.2,-0.35953259550678424,False,0.35953259550678424,0.0,INIT
2025-12-04T20:52:16.729742,1469.945676,0.2000000000106253,0.5602357070053543,0.2,-0.360235706994729,False,0.360235706994729,0.0,INIT
2025-12-04T20:52:16.740648,1469.956582745,0.20000000001124424,0.5602357070053543,0.2,-0.36023570699411006,False,0.36023570699411006,0.0,INIT
2025-12-04T20:52:16.757728,1469.973664806,0.20000000001124424,0.5609798366470553,0.2,-0.36097983663581107,False,0.36097983663581107,0.0,INIT
2025-12-04T20:52:16.768277,1469.984210852,0.20000000001062532,0.5609798366470553,0.2,-0.36097983663642996,False,0.36097983663642996,0.0,INIT
2025-12-04T20:52:16.815435,1470.031369029,0.20000000001062532,0.5617659053943376,0.2,-0.3617659053837122,False,0.3617659053837122,0.0,INIT
2025-12-04T20:52:16.829114,1470.045050164,0.20000000001062532,0.5617659053943376,0.2,-0.3617659053837122,False,0.3617659053837122,0.0,INIT
2025-12-04T20:52:16.831555,1470.047486245,0.20000000001124424,0.5625948606418043,0.2,-0.36259486063056007,False,0.36259486063056007,0.0,INIT
2025-12-04T20:52:16.832916,1470.048845916,0.20000000001124424,0.5625948606418043,0.2,-0.36259486063056007,False,0.36259486063056007,0.0,INIT
2025-12-04T20:52:16.834301,1470.050227653,0.20000000001124424,0.5634676771269786,0.2,-0.3634676771157344,False,0.3634676771157344,0.0,INIT
2025-12-04T20:52:16.835245,1470.051175192,0.20000000001124424,0.5634676771269786,0.2,-0.3634676771157344,False,0.3634676771157344,0.0,INIT
2025-12-04T20:52:16.839047,1470.054978566,0.20000000001124424,0.5643853578643627,0.2,-0.3643853578531185,False,0.3643853578531185,0.0,INIT
2025-12-04T20:52:16.868553,1470.084486903,0.20000000001124424,0.5643853578643627,0.2,-0.3643853578531185,False,0.3643853578531185,0.0,INIT
2025-12-04T20:52:16.890499,1470.10643023,0.20000000001124424,0.5653489351150771,0.2,-0.3653489351038329,False,0.3653489351038329,0.0,INIT
2025-12-04T20:52:16.925324,1470.141261419,0.20000000001124424,0.5663594713932314,0.2,-0.36635947138198716,False,0.36635947138198716,0.0,INIT
2025-12-04T20:52:16.921348,1470.137286877,0.20000000001124424,0.5653489351150771,0.2,-0.3653489351038329,False,0.3653489351038329,0.0,INIT
2025-12-04T20:52:16.927709,1470.143646577,0.20000000001124424,0.5663594713932314,0.2,-0.36635947138198716,False,0.36635947138198716,0.0,INIT
2025-12-04T20:52:16.929125,1470.145060523,0.20000000001124424,0.5674180605105392,0.2,-0.367418060499295,False,0.367418060499295,0.0,INIT
2025-12-04T20:52:16.929842,1470.145769364,0.20000000001124424,0.5674180605105392,0.2,-0.367418060499295,False,0.367418060499295,0.0,INIT
2025-12-04T20:52:16.930684,1470.146611153,0.20000000001124424,0.5685258286606212,0.2,-0.36852582864937694,False,0.36852582864937694,0.0,INIT
2025-12-04T20:52:16.938578,1470.154515299,0.2000000000106253,0.5685258286606212,0.2,-0.3685258286499959,False,0.3685258286499959,0.0,INIT
2025-12-04T20:52:16.947767,1470.163699166,0.2000000000106253,0.5696839355445622,0.2,-0.3696839355339369,False,0.3696839355339369,0.0,INIT
2025-12-04T20:52:16.961524,1470.17746238,0.20000000001124424,0.5696839355445622,0.2,-0.36968393553331796,False,0.36968393553331796,0.0,INIT
2025-12-04T20:52:16.969652,1470.185586164,0.20000000001124424,0.5708935755391877,0.2,-0.3708935755279435,False,0.3708935755279435,0.0,INIT
2025-12-04T20:52:16.981183,1470.197109967,0.2000000000106253,0.5708935755391877,0.2,-0.37089357552856245,False,0.37089357552856245,0.0,INIT
2025-12-04T20:52:16.992132,1470.208097339,0.2000000000106253,0.5721559789097626,0.2,-0.37215597889913726,False,0.37215597889913726,0.0,INIT
2025-12-04T20:52:17.033514,1470.249448968,0.2000000000106253,0.5721559789097626,0.2,-0.37215597889913726,False,0.37215597889913726,0.0,INIT
2025-12-04T20:52:17.039182,1470.255119325,0.2000000000106253,0.573472413068707,0.2,-0.3734724130580817,False,0.3734724130580817,0.0,INIT
2025-12-04T20:52:17.040043,1470.255972898,0.2000000000106253,0.573472413068707,0.2,-0.3734724130580817,False,0.3734724130580817,0.0,INIT
2025-12-04T20:52:17.041389,1470.257315792,0.2000000000106253,0.573472413068707,0.2,-0.3734724130580817,False,0.3734724130580817,0.0,INIT
2025-12-04T20:52:17.046127,1470.262055781,0.2000000000106253,0.5748441838820386,0.2,-0.37484418387141333,False,0.37484418387141333,0.0,INIT
2025-12-04T20:52:17.070476,1470.28643256,0.20000000001124424,0.5748441838820386,0.2,-0.3748441838707944,False,0.3748441838707944,0.0,INIT
2025-12-04T20:52:17.071915,1470.28784428,0.20000000001124424,0.5762726370252564,0.2,-0.3762726370140122,False,0.3762726370140122,0.0,INIT
2025-12-04T20:52:17.079273,1470.295204351,0.2000000000106253,0.5762726370252564,0.2,-0.37627263701463115,False,0.37627263701463115,0.0,INIT
2025-12-04T20:52:17.090479,1470.306409951,0.2000000000106253,0.5777591593904958,0.2,-0.37775915937987053,False,0.37775915937987053,0.0,INIT
2025-12-04T20:52:17.101316,1470.31724592,0.2000000000106253,0.5777591593904958,0.2,-0.37775915937987053,False,0.37775915937987053,0.0,INIT
2025-12-04T20:52:17.111812,1470.327740519,0.2000000000106253,0.5793051805466658,0.2,-0.3793051805360405,False,0.3793051805360405,0.0,INIT
2025-12-04T20:52:17.133235,1470.349164435,0.2000000000106253,0.5793051805466658,0.2,-0.3793051805360405,False,0.3793051805360405,0.0,INIT
2025-12-04T20:52:17.134406,1470.350334514,0.2000000000106253,0.5809121742544843,0.2,-0.380912174243859,False,0.380912174243859,0.0,INIT
2025-12-04T20:52:17.148649,1470.364581468,0.2000000000106253,0.5809121742544843,0.2,-0.380912174243859,False,0.380912174243859,0.0,INIT
2025-12-04T20:52:17.155831,1470.371763598,0.2000000000106253,0.5825816600382803,0.2,-0.382581660027655,False,0.382581660027655,0.0,INIT
2025-12-04T20:52:17.173259,1470.389204482,0.2000000000106253,0.5825816600382803,0.2,-0.382581660027655,False,0.382581660027655,0.0,INIT
2025-12-04T20:52:17.176779,1470.392705077,0.2000000000106253,0.5843152048163383,0.2,-0.38431520480571296,False,0.38431520480571296,0.0,INIT
2025-12-04T20:52:17.188847,1470.404777863,0.2000000000106253,0.5843152048163383,0.2,-0.38431520480571296,False,0.38431520480571296,0.0,INIT
2025-12-04T20:52:17.199575,1470.415505083,0.2000000000106253,0.5861144245918899,0.2,-0.3861144245812646,False,0.3861144245812646,0.0,INIT
2025-12-04T20:52:17.210860,1470.426793131,0.2000000000106253,0.5861144245918899,0.2,-0.3861144245812646,False,0.3861144245812646,0.0,INIT
2025-12-04T20:52:17.221863,1470.43779929,0.2000000000106253,0.5879809862064009,0.2,-0.38798098619577565,False,0.38798098619577565,0.0,INIT
2025-12-04T20:52:17.253493,1470.46943124,0.20000000001062532,0.5879809862064009,0.2,-0.3879809861957756,False,0.3879809861957756,0.0,INIT
2025-12-04T20:52:17.257359,1470.473296258,0.2000000000106253,0.5899166091573171,0.2,-0.38991660914669185,False,0.38991660914669185,0.0,INIT
2025-12-04T20:52:17.258236,1470.47416695,0.2000000000106253,0.5899166091573171,0.2,-0.38991660914669185,False,0.38991660914669185,0.0,INIT
2025-12-04T20:52:17.266865,1470.482797708,0.2000000000106253,0.5899166091573171,0.2,-0.38991660914669185,False,0.38991660914669185,0.0,INIT
2025-12-04T20:52:17.277408,1470.493339338,0.2000000000106253,0.5919230674819174,0.2,-0.3919230674712921,False,0.3919230674712921,0.0,INIT
2025-12-04T20:52:17.288252,1470.504190058,0.2000000000106253,0.5940021917093512,0.2,-0.3940021916987259,False,0.3940021916987259,0.0,INIT
2025-12-04T20:52:17.307896,1470.523829591,0.2000000000106253,0.5940021917093512,0.2,-0.3940021916987259,False,0.3940021916987259,0.0,INIT
2025-12-04T20:52:17.316899,1470.532830541,0.20000000001124424,0.5940021917093512,0.2,-0.39400219169810696,False,0.39400219169810696,0.0,INIT
2025-12-04T20:52:17.363351,1470.57928109,0.20000000001124424,0.5961558708825283,0.2,-0.39615587087128407,False,0.39615587087128407,0.0,INIT
2025-12-04T20:52:17.368605,1470.584537716,0.20000000001124424,0.5983860546516979,0.2,-0.3983860546404537,False,0.3983860546404537,0.0,INIT
2025-12-04T20:52:17.369537,1470.58547009,0.20000000001124424,0.5983860546516979,0.2,-0.3983860546404537,False,0.3983860546404537,0.0,INIT
2025-12-04T20:52:17.370827,1470.586766435,0.20000000001124424,0.6006947554413591,0.2,-0.40069475543011485,False,0.40069475543011485,0.0,INIT
2025-12-04T20:52:17.432112,1470.648048375,0.20000000001124424,0.6006947554413591,0.2,-0.40069475543011485,False,0.40069475543011485,0.0,INIT
2025-12-04T20:52:17.576518,1470.792451318,0.2000000000106253,0.6107573020899579,0.2,-0.41075730207933264,False,0.41075730207933264,0.0,INIT
2025-12-04T20:52:17.598458,1470.814403484,0.2000000000106253,0.6134911326948997,0.2,-0.41349113268427445,False,0.41349113268427445,0.0,INIT
2025-12-04T20:52:17.601739,1470.81766942,0.2000000000106253,0.6163170040884696,0.2,-0.4163170040778443,False,0.4163170040778443,0.0,INIT
2025-12-04T20:52:17.603073,1470.819020591,0.2000000000106253,0.6163170040884696,0.2,-0.4163170040778443,False,0.4163170040778443,0.0,INIT
2025-12-04T20:52:17.607401,1470.823339887,0.2000000000106253,0.6192374352462542,0.2,-0.4192374352356289,False,0.4192374352356289,0.0,INIT
2025-12-04T20:52:17.609174,1470.825109726,0.2000000000106253,0.6192374352462542,0.2,-0.4192374352356289,False,0.4192374352356289,0.0,INIT
2025-12-04T20:52:17.610576,1470.826505327,0.2000000000106253,0.6222550280501715,0.2,-0.42225502803954623,False,0.42225502803954623,0.0,INIT
2025-12-04T20:52:17.612010,1470.827945969,0.2000000000106253,0.6222550280501715,0.2,-0.42225502803954623,False,0.42225502803954623,0.0,INIT
2025-12-04T20:52:17.613136,1470.829064581,0.2000000000106253,0.6253724701647183,0.2,-0.425372470154093,False,0.425372470154093,0.0,INIT
2025-12-04T20:52:17.614695,1470.830624128,0.2000000000106253,0.6253724701647183,0.2,-0.425372470154093,False,0.425372470154093,0.0,INIT
2025-12-04T20:52:17.616684,1470.832608869,0.2000000000106253,0.6285925379921826,0.2,-0.42859253798155733,False,0.42859253798155733,0.0,INIT
2025-12-04T20:52:17.617543,1470.833469903,0.2000000000106253,0.6285925379921826,0.2,-0.42859253798155733,False,0.42859253798155733,0.0,INIT
2025-12-04T20:52:17.618684,1470.834611242,0.2000000000106253,0.6319180997054161,0.2,-0.43191809969479084,False,0.43191809969479084,0.0,INIT
2025-12-04T20:52:17.627548,1470.843480525,0.20000000001062532,0.6319180997054161,0.2,-0.4319180996947908,False,0.4319180996947908,0.0,INIT
2025-12-04T20:52:17.641675,1470.857608888,0.20000000001062532,0.6353521183557671,0.2,-0.43535211834514176,False,0.43535211834514176,0.0,INIT
2025-12-04T20:52:17.679183,1470.895118191,0.2000000000106253,0.6353521183557671,0.2,-0.4353521183451418,False,0.4353521183451418,0.0,INIT
2025-12-04T20:52:17.680794,1470.896726794,0.2000000000106253,0.638897655053186,0.2,-0.4388976550425607,False,0.4388976550425607,0.0,INIT
2025-12-04T20:52:17.689957,1470.905889532,0.2000000000106253,0.638897655053186,0.2,-0.4388976550425607,False,0.4388976550425607,0.0,INIT
2025-12-04T20:52:17.694549,1470.910490937,0.2000000000106253,0.6425578722146885,0.2,-0.44255787220406323,False,0.44255787220406323,0.0,INIT
2025-12-04T20:52:17.696753,1470.912683623,0.2000000000106253,0.6425578722146885,0.2,-0.44255787220406323,False,0.44255787220406323,0.0,INIT
2025-12-04T20:52:17.702755,1470.918689276,0.2000000000106253,0.6463360368759776,0.2,-0.44633603686535234,False,0.44633603686535234,0.0,INIT
2025-12-04T20:52:17.713259,1470.929187956,0.2000000000106253,0.6463360368759776,0.2,-0.44633603686535234,False,0.44633603686535234,0.0,INIT
2025-12-04T20:52:17.723866,1470.939796713,0.2000000000106253,0.6463360368759776,0.2,-0.44633603686535234,False,0.44633603686535234,0.0,INIT
2025-12-04T20:52:17.753887,1470.969841754,0.2000000000106253,0.650235524060478,0.2,-0.45023552404985273,False,0.45023552404985273,0.0,INIT
2025-12-04T20:52:17.777782,1470.993714158,0.2000000000106253,0.650235524060478,0.2,-0.45023552404985273,False,0.45023552404985273,0.0,INIT
2025-12-04T20:52:17.787562,1471.003508697,0.2000000000106253,0.6542598201981584,0.2,-0.45425982018753314,False,0.45425982018753314,0.0,INIT
2025-12-04T20:52:17.789404,1471.00533799,0.2000000000106253,0.6542598201981584,0.2,-0.45425982018753314,False,0.45425982018753314,0.0,INIT
2025-12-04T20:52:17.789989,1471.005916907,0.2000000000106253,0.6584125265854817,0.2,-0.45841252657485637,False,0.45841252657485637,0.0,INIT
2025-12-04T20:52:17.790850,1471.0067833,0.2000000000106253,0.6584125265854817,0.2,-0.45841252657485637,False,0.45841252657485637,0.0,INIT
2025-12-04T20:52:17.799861,1471.015794472,0.2000000000106253,0.6626973628757611,0.2,-0.4626973628651358,False,0.4626973628651358,0.0,INIT
2025-12-04T20:52:17.810715,1471.026645008,0.20000000001062532,0.6626973628757611,0.2,-0.46269736286513574,False,0.46269736286513574,0.0,INIT
2025-12-04T20:52:17.821763,1471.037692442,0.20000000001062532,0.6671181705877576,0.2,-0.46711817057713223,False,0.46711817057713223,0.0,INIT
2025-12-04T20:52:17.832751,1471.048681829,0.20000000001062532,0.6671181705877576,0.2,-0.46711817057713223,False,0.46711817057713223,0.0,INIT
2025-12-04T20:52:17.862777,1471.078713008,0.2000000000106253,0.6671181705877576,0.2,-0.4671181705771323,False,0.4671181705771323,0.0,INIT
2025-12-04T20:52:17.873148,1471.089106654,0.2000000000106253,0.671678916617791,0.2,-0.4716789166071657,False,0.4716789166071657,0.0,INIT
2025-12-04T20:52:17.875576,1471.091506702,0.2000000000106253,0.671678916617791,0.2,-0.4716789166071657,False,0.4716789166071657,0.0,INIT
2025-12-04T20:52:17.894647,1471.110581681,0.20000000001124424,0.6763836967387395,0.2,-0.4763836967274953,False,0.4763836967274953,0.0,INIT
2025-12-04T20:52:17.898184,1471.114117036,0.20000000001124424,0.6812367390660858,0.2,-0.4812367390548416,False,0.4812367390548416,0.0,INIT
2025-12-04T20:52:17.900172,1471.116101827,0.20000000001062532,0.6812367390660858,0.2,-0.4812367390554605,False,0.4812367390554605,0.0,INIT
2025-12-04T20:52:17.941434,1471.157368107,0.20000000001062532,0.6862424074687783,0.2,-0.48624240745815295,False,0.48624240745815295,0.0,INIT
2025-12-04T20:52:17.944193,1471.160123754,0.2000000000118632,0.6862424074687783,0.2,-0.4862424074569151,False,0.4862424074569151,0.0,INIT
2025-12-04T20:52:17.945151,1471.161078603,0.2000000000118632,0.6914052048988575,0.2,-0.4914052048869943,False,0.4914052048869943,0.0,INIT
2025-12-04T20:52:17.953373,1471.169303433,0.2000000000118632,0.6914052048988575,0.2,-0.4914052048869943,False,0.4914052048869943,0.0,INIT
2025-12-04T20:52:17.956528,1471.172461597,0.2000000000106253,0.6914052048988575,0.2,-0.4914052048882322,False,0.4914052048882322,0.0,INIT
2025-12-04T20:52:17.966234,1471.182167577,0.2000000000106253,0.6967297766105287,0.2,-0.4967297765999034,False,0.4967297765999034,0.0,INIT
2025-12-04T20:52:18.022331,1471.238261152,0.20000000001124424,0.6967297766105287,0.2,-0.49672977659928447,False,0.49672977659928447,0.0,INIT
2025-12-04T20:52:18.026243,1471.242181948,0.20000000001124424,0.7022209132347803,0.2,-0.502220913223536,False,0.502220913223536,0.0,INIT
2025-12-04T20:52:18.027128,1471.243061854,0.20000000001124424,0.7022209132347803,0.2,-0.502220913223536,False,0.502220913223536,0.0,INIT
2025-12-04T20:52:18.028487,1471.244419674,0.20000000001124424,0.7078835536716381,0.2,-0.5078835536603938,False,0.5078835536603938,0.0,INIT
2025-12-04T20:52:18.029175,1471.245100774,0.20000000001124424,0.7078835536716381,0.2,-0.5078835536603938,False,0.5078835536603938,0.0,INIT
2025-12-04T20:52:18.033643,1471.249582444,0.20000000001124424,0.7137227877566339,0.2,-0.5137227877453896,False,0.5137227877453896,0.0,INIT
2025-12-04T20:52:18.043798,1471.259727908,0.2000000000106253,0.7137227877566339,0.2,-0.5137227877460087,False,0.5137227877460087,0.0,INIT
2025-12-04T20:52:18.055157,1471.271085788,0.2000000000106253,0.7197438586527989,0.2,-0.5197438586421737,False,0.5197438586421737,0.0,INIT
2025-12-04T20:52:18.072138,1471.288109136,0.2000000000106253,0.7197438586527989,0.2,-0.5197438586421737,False,0.5197438586421737,0.0,INIT
2025-12-04T20:52:18.076651,1471.292598951,0.20000000001124424,0.7197438586527989,0.2,-0.5197438586415546,False,0.5197438586415546,0.0,INIT
2025-12-04T20:52:18.087749,1471.30368278,0.20000000001124424,0.7259521649132772,0.2,-0.5259521649020329,False,0.5259521649020329,0.0,INIT
2025-12-04T20:52:18.098147,1471.314078677,0.2000000000106253,0.7259521649132772,0.2,-0.525952164902652,False,0.525952164902652,0.0,INIT
2025-12-04T20:52:18.108720,1471.324650052,0.2000000000106253,0.732353262153028,0.2,-0.5323532621424028,False,0.5323532621424028,0.0,INIT
2025-12-04T20:52:18.119528,1471.335463193,0.20000000001124424,0.732353262153028,0.2,-0.5323532621417837,False,0.5323532621417837,0.0,INIT
2025-12-04T20:52:18.239543,1471.455477161,0.20000000001124424,0.7389528642605754,0.2,-0.5389528642493311,False,0.5389528642493311,0.0,INIT
2025-12-04T20:52:18.262928,1471.478864064,0.2000000000106253,0.7457568440732043,0.2,-0.5457568440625791,False,0.5457568440625791,0.0,INIT
2025-12-04T20:52:18.264820,1471.480755662,0.2000000000106253,0.7457568440732043,0.2,-0.5457568440625791,False,0.5457568440625791,0.0,INIT
2025-12-04T20:52:18.265837,1471.481763384,0.2000000000106253,0.7527712334297454,0.2,-0.5527712334191202,False,0.5527712334191202,0.0,INIT
2025-12-04T20:52:18.266826,1471.482752997,0.2000000000106253,0.7527712334297454,0.2,-0.5527712334191202,False,0.5527712334191202,0.0,INIT
2025-12-04T20:52:18.291696,1471.50762638,0.2000000000106253,0.7600022225063991,0.2,-0.5600022224957739,False,0.5600022224957739,0.0,INIT
2025-12-04T20:52:18.294027,1471.509958414,0.2000000000106253,0.767456158330595,0.2,-0.5674561583199698,False,0.5674561583199698,0.0,INIT
2025-12-04T20:52:18.297400,1471.51333106,0.2000000000106253,0.767456158330595,0.2,-0.5674561583199698,False,0.5674561583199698,0.0,INIT
2025-12-04T20:52:18.298790,1471.514718562,0.2000000000106253,0.7751395423571199,0.2,-0.5751395423464947,False,0.5751395423464947,0.0,INIT
2025-12-04T20:52:18.300102,1471.516033253,0.2000000000106253,0.7751395423571199,0.2,-0.5751395423464947,False,0.5751395423464947,0.0,INIT
2025-12-04T20:52:18.301467,1471.517393359,0.2000000000106253,0.7830590269798083,0.2,-0.5830590269691831,False,0.5830590269691831,0.0,INIT
2025-12-04T20:52:18.302464,1471.518394398,0.2000000000106253,0.7830590269798083,0.2,-0.5830590269691831,False,0.5830590269691831,0.0,INIT
2025-12-04T20:52:18.304290,1471.520232654,0.2000000000106253,0.7912214108394506,0.2,-0.5912214108288254,False,0.5912214108288254,0.0,INIT
2025-12-04T20:52:18.365356,1471.581297385,0.2000000000106253,0.7912214108394506,0.2,-0.5912214108288254,False,0.5912214108288254,0.0,INIT
2025-12-04T20:52:18.434968,1471.650900308,0.2000000000106253,0.8083027642638743,0.2,-0.608302764253249,False,0.608302764253249,0.0,INIT
2025-12-04T20:52:18.442319,1471.6582497,0.2000000000106253,0.8083027642638743,0.2,-0.608302764253249,False,0.608302764253249,0.0,INIT
2025-12-04T20:52:18.443523,1471.659452976,0.2000000000106253,0.8172360001421537,0.2,-0.6172360001315285,False,0.6172360001315285,0.0,INIT
2025-12-04T20:52:18.444668,1471.660593593,0.2000000000106253,0.8172360001421537,0.2,-0.6172360001315285,False,0.6172360001315285,0.0,INIT
2025-12-04T20:52:18.445589,1471.661510019,0.2000000000106253,0.8264406474653425,0.2,-0.6264406474547173,False,0.6264406474547173,0.0,INIT
2025-12-04T20:52:18.446935,1471.66286296,0.2000000000106253,0.8264406474653425,0.2,-0.6264406474547173,False,0.6264406474547173,0.0,INIT
2025-12-04T20:52:18.447854,1471.663783566,0.2000000000106253,0.8359241122531307,0.2,-0.6359241122425054,False,0.6359241122425054,0.0,INIT
2025-12-04T20:52:18.449049,1471.66497537,0.2000000000106253,0.8359241122531307,0.2,-0.6359241122425054,False,0.6359241122425054,0.0,INIT
2025-12-04T20:52:18.450095,1471.666023436,0.2000000000106253,0.8359241122531307,0.2,-0.6359241122425054,False,0.6359241122425054,0.0,INIT
2025-12-04T20:52:18.456153,1471.672086413,0.20000000001124424,0.8456938839318751,0.2,-0.6456938839206308,False,0.6456938839206308,0.0,INIT
2025-12-04T20:52:18.458083,1471.674025311,0.20000000001124424,0.8456938839318751,0.2,-0.6456938839206308,False,0.6456938839206308,0.0,INIT
2025-12-04T20:52:18.459229,1471.675155495,0.20000000001124424,0.8557575172350602,0.2,-0.6557575172238159,False,0.6557575172238159,0.0,INIT
2025-12-04T20:52:18.460694,1471.676624968,0.20000000001124424,0.8557575172350602,0.2,-0.6557575172238159,False,0.6557575172238159,0.0,INIT
2025-12-04T20:52:18.468547,1471.684477816,0.20000000001124424,0.8661226113229006,0.2,-0.6661226113116563,False,0.6661226113116563,0.0,INIT
2025-12-04T20:52:18.492909,1471.708844177,0.2000000000118632,0.8661226113229006,0.2,-0.6661226113110374,False,0.6661226113110374,0.0,INIT
2025-12-04T20:52:18.494544,1471.71047409,0.2000000000118632,0.8767967858725605,0.2,-0.6767967858606974,False,0.6767967858606974,0.0,INIT
2025-12-04T20:52:18.501303,1471.717239938,0.2000000000118632,0.8767967858725605,0.2,-0.6767967858606974,False,0.6767967858606974,0.0,INIT
2025-12-04T20:52:18.511857,1471.72778775,0.2000000000118632,0.887787653883489,0.2,-0.6877876538716259,False,0.6877876538716259,0.0,INIT
2025-12-04T20:52:18.522396,1471.738324854,0.2000000000118632,0.887787653883489,0.2,-0.6877876538716259,False,0.6877876538716259,0.0,INIT
2025-12-04T20:52:18.536600,1471.752540041,0.2000000000106253,0.887787653883489,0.2,-0.6877876538728638,False,0.6877876538728638,0.0,INIT
2025-12-04T20:52:18.544220,1471.760151804,0.2000000000106253,0.8991027909401268,0.2,-0.6991027909295016,False,0.6991027909295016,0.0,INIT
2025-12-04T20:52:18.555145,1471.771074474,0.20000000001124424,0.8991027909401268,0.2,-0.6991027909288825,False,0.6991027909288825,0.0,INIT
2025-12-04T20:52:18.568043,1471.783974877,0.20000000001124424,0.9107497006749581,0.2,-0.7107497006637138,False,0.7107497006637138,0.0,INIT
2025-12-04T20:52:18.594860,1471.810795707,0.2000000000106253,0.9107497006749581,0.2,-0.7107497006643329,False,0.7107497006643329,0.0,INIT
2025-12-04T20:52:18.596430,1471.812363499,0.20000000001124424,0.9227357761821091,0.2,-0.7227357761708648,False,0.7227357761708648,0.0,INIT
2025-12-04T20:52:18.604186,1471.820138067,0.20000000001124424,0.9227357761821091,0.2,-0.7227357761708648,False,0.7227357761708648,0.0,INIT
2025-12-04T20:52:18.608803,1471.824736951,0.20000000001124424,0.9350682571439553,0.2,-0.735068257132711,False,0.735068257132711,0.0,INIT
2025-12-04T20:52:18.636439,1471.852376532,0.2000000000106253,0.9350682571439553,0.2,-0.73506825713333,False,0.73506825713333,0.0,INIT
2025-12-04T20:52:18.638758,1471.85469288,0.2000000000106253,0.9477541824543616,0.2,-0.7477541824437364,False,0.7477541824437364,0.0,INIT
2025-12-04T20:52:18.644705,1471.860638586,0.2000000000106253,0.9477541824543616,0.2,-0.7477541824437364,False,0.7477541824437364,0.0,INIT
2025-12-04T20:52:18.654353,1471.870285735,0.20000000001124424,0.9477541824543616,0.2,-0.7477541824431173,False,0.7477541824431173,0.0,INIT
2025-12-04T20:52:18.664736,1471.880671715,0.20000000001124424,0.9608003381516168,0.2,-0.7608003381403725,False,0.7608003381403725,0.0,INIT
2025-12-04T20:52:18.675153,1471.89108142,0.2000000000106253,0.9608003381516168,0.2,-0.7608003381409916,False,0.7608003381409916,0.0,INIT
2025-12-04T20:52:18.686254,1471.902184618,0.2000000000106253,0.9742132005140975,0.2,-0.7742132005034723,False,0.7742132005034723,0.0,INIT
2025-12-04T20:52:18.696561,1471.912489793,0.20000000001124424,0.9742132005140975,0.2,-0.7742132005028532,False,0.7742132005028532,0.0,INIT
2025-12-04T20:52:18.707954,1471.923888426,0.20000000001124424,0.9879988742236172,0.2,-0.7879988742123729,False,0.7879988742123729,0.0,INIT
2025-12-04T20:52:18.738010,1471.953950183,0.2000000000106253,0.9879988742236172,0.2,-0.787998874212992,False,0.787998874212992,0.0,INIT
2025-12-04T20:52:18.758903,1471.974835148,0.2000000000106253,1.0021630255666496,0.2,-0.8021630255560244,False,0.8021630255560244,0.0,INIT
2025-12-04T20:52:18.760801,1471.976727355,0.2000000000106253,1.0021630255666496,0.2,-0.8021630255560244,False,0.8021630255560244,0.0,INIT
2025-12-04T20:52:18.761993,1471.977920482,0.2000000000106253,1.0167108107232607,0.2,-0.8167108107126355,False,0.8167108107126355,0.0,INIT
2025-12-04T20:52:18.763252,1471.97918171,0.2000000000106253,1.0167108107232607,0.2,-0.8167108107126355,False,0.8167108107126355,0.0,INIT
2025-12-04T20:52:18.773402,1471.989339084,0.2000000000106253,1.0167108107232607,0.2,-0.8167108107126355,False,0.8167108107126355,0.0,INIT
2025-12-04T20:52:18.789847,1472.0057886,0.2000000000106253,1.0316467992890672,0.2,-0.831646799278442,False,0.831646799278442,0.0,INIT
2025-12-04T20:52:18.795676,1472.011613551,0.20000000001062532,1.0316467992890672,0.2,-0.8316467992784419,False,0.8316467992784419,0.0,INIT
2025-12-04T20:52:18.804720,1472.020667315,0.20000000001062532,1.0469748932875866,0.2,-0.8469748932769613,False,0.8469748932769613,0.0,INIT
2025-12-04T20:52:18.859073,1472.075105884,0.2000000000106253,1.0469748932875866,0.2,-0.8469748932769614,False,0.8469748932769614,0.0,INIT
2025-12-04T20:52:18.861508,1472.077436987,0.2000000000106253,1.0626982420590538,0.2,-0.8626982420484286,False,0.8626982420484286,0.0,INIT
2025-12-04T20:52:18.863070,1472.079026546,0.2000000000106253,1.0626982420590538,0.2,-0.8626982420484286,False,0.8626982420484286,0.0,INIT
2025-12-04T20:52:18.864015,1472.079939259,0.2000000000106253,1.0788191535577862,0.2,-0.878819153547161,False,0.878819153547161,0.0,INIT
2025-12-04T20:52:18.864991,1472.080921561,0.2000000000106253,1.0788191535577862,0.2,-0.878819153547161,False,0.878819153547161,0.0,INIT
2025-12-04T20:52:18.906165,1472.122111379,0.2000000000106253,1.095339002751027,0.2,-0.8953390027404018,False,0.8953390027404018,0.0,INIT
2025-12-04T20:52:18.909605,1472.125537844,0.2000000000106253,1.095339002751027,0.2,-0.8953390027404018,False,0.8953390027404018,0.0,INIT
2025-12-04T20:52:18.910742,1472.126674869,0.2000000000106253,1.095339002751027,0.2,-0.8953390027404018,False,0.8953390027404018,0.0,INIT
2025-12-04T20:52:18.913361,1472.129291924,0.2000000000106253,1.1122581379885208,0.2,-0.9122581379778956,False,0.9122581379778956,0.0,INIT
2025-12-04T20:52:18.914491,1472.130420806,0.2000000000106253,1.1122581379885208,0.2,-0.9122581379778956,False,0.9122581379778956,0.0,INIT
2025-12-04T20:52:18.925201,1472.141132961,0.2000000000106253,1.1295757863976466,0.2,-0.9295757863870213,False,0.9295757863870213,0.0,INIT
2025-12-04T20:52:18.941126,1472.15707191,0.2000000000106253,1.1295757863976466,0.2,-0.9295757863870213,False,0.9295757863870213,0.0,INIT
2025-12-04T20:52:18.964682,1472.180621363,0.2000000000106253,1.1472899595532269,0.2,-0.9472899595426016,False,0.9472899595426016,0.0,INIT
2025-12-04T20:52:18.971402,1472.187356335,0.2000000000106253,1.1472899595532269,0.2,-0.9472899595426016,False,0.9472899595426016,0.0,INIT
2025-12-04T20:52:18.972677,1472.188605172,0.2000000000106253,1.165397360865752,0.2,-0.9653973608551267,False,0.9653973608551267,0.0,INIT
2025-12-04T20:52:18.983152,1472.199081166,0.20000000001062532,1.165397360865752,0.2,-0.9653973608551266,False,0.9653973608551266,0.0,INIT
2025-12-04T20:52:18.990763,1472.206696524,0.20000000001062532,1.1838932963218687,0.2,-0.9838932963112433,False,0.9838932963112433,0.0,INIT
2025-12-04T20:52:19.002016,1472.217958469,0.20000000001062532,1.1838932963218687,0.2,-0.9838932963112433,False,0.9838932963112433,0.0,INIT
2025-12-04T20:52:19.015010,1472.230946874,0.2000000000106253,1.1838932963218687,0.2,-0.9838932963112434,False,0.9838932963112434,0.0,INIT
2025-12-04T20:52:19.022162,1472.23809584,0.2000000000106253,1.2027715903874068,0.2,-1.0027715903767815,False,1.0027715903767815,0.0,INIT
2025-12-04T20:52:19.043601,1472.259533864,0.2000000000106253,1.2027715903874068,0.2,-1.0027715903767815,False,1.0027715903767815,0.0,INIT
2025-12-04T20:52:19.044967,1472.260898365,0.2000000000106253,1.2220245090371415,0.2,-1.0220245090265163,False,1.0220245090265163,0.0,INIT
2025-12-04T20:52:19.054505,1472.270437807,0.20000000001124424,1.2220245090371415,0.2,-1.0220245090258973,False,1.0220245090258973,0.0,INIT
2025-12-04T20:52:19.065281,1472.281214556,0.20000000001124424,1.2416426919961294,0.2,-1.0416426919848851,False,1.0416426919848851,0.0,INIT
2025-12-04T20:52:19.076106,1472.292039096,0.20000000001062532,1.2416426919961294,0.2,-1.0416426919855042,False,1.0416426919855042,0.0,INIT
2025-12-04T20:52:19.086776,1472.302718301,0.20000000001062532,1.2616150963548396,0.2,-1.0616150963442144,False,1.0616150963442144,0.0,INIT
2025-12-04T20:52:19.097900,1472.313829796,0.2000000000118632,1.2616150963548396,0.2,-1.0616150963429765,False,1.0616150963429765,0.0,INIT
2025-12-04T20:52:19.109753,1472.325689153,0.2000000000118632,1.281928953741839,0.2,-1.0819289537299759,False,1.0819289537299759,0.0,INIT
2025-12-04T20:52:19.138196,1472.354131533,0.2000000000118632,1.281928953741839,0.2,-1.0819289537299759,False,1.0819289537299759,0.0,INIT
2025-12-04T20:52:19.187949,1472.403880391,0.20000000001124424,1.281928953741839,0.2,-1.0819289537305947,False,1.0819289537305947,0.0,INIT
2025-12-04T20:52:19.192536,1472.408464684,0.20000000001124424,1.3025697431953578,0.2,-1.1025697431841135,False,1.1025697431841135,0.0,INIT
2025-12-04T20:52:19.193005,1472.408925082,0.20000000001124424,1.3025697431953578,0.2,-1.1025697431841135,False,1.1025697431841135,0.0,INIT
2025-12-04T20:52:19.201383,1472.417320015,0.20000000001124424,1.323521181757215,0.2,-1.1235211817459707,False,1.1235211817459707,0.0,INIT
2025-12-04T20:52:19.202356,1472.418278479,0.20000000001124424,1.323521181757215,0.2,-1.1235211817459707,False,1.1235211817459707,0.0,INIT
2025-12-04T20:52:19.204153,1472.420085769,0.20000000001124424,1.3447652346152026,0.2,-1.1447652346039583,False,1.1447652346039583,0.0,INIT
2025-12-04T20:52:19.214849,1472.430780281,0.20000000001124424,1.3447652346152026,0.2,-1.1447652346039583,False,1.1447652346039583,0.0,INIT
2025-12-04T20:52:19.216853,1472.43278661,0.2000000000106253,1.3662821463369248,0.2,-1.1662821463262996,False,1.1662821463262996,0.0,INIT
2025-12-04T20:52:19.218501,1472.43442915,0.2000000000106253,1.3662821463369248,0.2,-1.1662821463262996,False,1.1662821463262996,0.0,INIT
2025-12-04T20:52:19.236672,1472.452617567,0.2000000000106253,1.3880504943713934,0.2,-1.1880504943607682,False,1.1880504943607682,0.0,INIT
2025-12-04T20:52:19.272896,1472.488848325,0.2000000000106253,1.3880504943713934,0.2,-1.1880504943607682,False,1.1880504943607682,0.0,INIT
2025-12-04T20:52:19.277768,1472.493712923,0.2000000000106253,1.3880504943713934,0.2,-1.1880504943607682,False,1.1880504943607682,0.0,INIT
2025-12-04T20:52:19.279707,1472.495635508,0.2000000000106253,1.410047265548231,0.2,-1.2100472655376058,False,1.2100472655376058,0.0,INIT
2025-12-04T20:52:19.287570,1472.503512519,0.2000000000106253,1.410047265548231,0.2,-1.2100472655376058,False,1.2100472655376058,0.0,INIT
2025-12-04T20:52:19.289616,1472.505549143,0.20000000001124424,1.4322479557883359,0.2,-1.2322479557770916,False,1.2322479557770916,0.0,INIT
2025-12-04T20:52:19.301573,1472.517502861,0.20000000001124424,1.4322479557883359,0.2,-1.2322479557770916,False,1.2322479557770916,0.0,INIT
2025-12-04T20:52:19.303693,1472.519632757,0.2000000000106253,1.4546266926683957,0.2,-1.2546266926577705,False,1.2546266926577705,0.0,INIT
2025-12-04T20:52:19.311887,1472.527826732,0.2000000000106253,1.4546266926683957,0.2,-1.2546266926577705,False,1.2546266926577705,0.0,INIT
2025-12-04T20:52:19.322572,1472.538505073,0.2000000000106253,1.4771563798747724,0.2,-1.2771563798641472,False,1.2771563798641472,0.0,INIT
2025-12-04T20:52:19.334185,1472.550117164,0.2000000000106253,1.4771563798747724,0.2,-1.2771563798641472,False,1.2771563798641472,0.0,INIT
2025-12-04T20:52:19.344885,1472.560816973,0.2000000000106253,1.4998088619638477,0.2,-1.2998088619532224,False,1.2998088619532224,0.0,INIT
2025-12-04T20:52:19.380690,1472.596619858,0.20000000001062532,1.4998088619638477,0.2,-1.2998088619532224,False,1.2998088619532224,0.0,INIT
2025-12-04T20:52:19.381590,1472.597515015,0.20000000001062532,1.5225551072403931,0.2,-1.3225551072297679,False,1.3225551072297679,0.0,INIT
2025-12-04T20:52:19.383142,1472.59907269,0.20000000001062532,1.5225551072403931,0.2,-1.3225551072297679,False,1.3225551072297679,0.0,INIT
2025-12-04T20:52:19.386741,1472.602669778,0.20000000001062532,1.5225551072403931,0.2,-1.3225551072297679,False,1.3225551072297679,0.0,INIT
2025-12-04T20:52:19.400651,1472.616588781,0.2000000000106253,1.545365406003251,0.2,-1.3453654059926257,False,1.3453654059926257,0.0,INIT
2025-12-04T20:52:19.409228,1472.62516062,0.2000000000106253,1.5682095809139316,0.2,-1.3682095809033064,False,1.3682095809033064,0.0,INIT
2025-12-04T20:52:19.421334,1472.637272307,0.2000000000106253,1.5682095809139316,0.2,-1.3682095809033064,False,1.3682095809033064,0.0,INIT
2025-12-04T20:52:19.431234,1472.647165156,0.2000000000106253,1.5910572058432964,0.2,-1.3910572058326711,False,1.3910572058326711,0.0,INIT
2025-12-04T20:52:19.454363,1472.67030273,0.2000000000106253,1.5910572058432964,0.2,-1.3910572058326711,False,1.3910572058326711,0.0,INIT
2025-12-04T20:52:19.456146,1472.672076678,0.2000000000106253,1.6138778292676168,0.2,-1.4138778292569916,False,1.4138778292569916,0.0,INIT
2025-12-04T20:52:19.464628,1472.680559019,0.2000000000106253,1.6138778292676168,0.2,-1.4138778292569916,False,1.4138778292569916,0.0,INIT
2025-12-04T20:52:19.475237,1472.691172022,0.2000000000106253,1.6138778292676168,0.2,-1.4138778292569916,False,1.4138778292569916,0.0,INIT
2025-12-04T20:52:19.485386,1472.701315145,0.2000000000106253,1.6366411981306728,0.2,-1.4366411981200475,False,1.4366411981200475,0.0,INIT
2025-12-04T20:52:19.495681,1472.711611834,0.2000000000106253,1.6366411981306728,0.2,-1.4366411981200475,False,1.4366411981200475,0.0,INIT
2025-12-04T20:52:19.537765,1472.753712432,0.2000000000106253,1.6593174780721736,0.2,-1.4593174780615483,False,1.4593174780615483,0.0,INIT
2025-12-04T20:52:19.541513,1472.757447136,0.2000000000106253,1.681877466047017,0.2,-1.4818774660363918,False,1.4818774660363918,0.0,INIT
2025-12-04T20:52:19.542220,1472.758143678,0.2000000000106253,1.681877466047017,0.2,-1.4818774660363918,False,1.4818774660363918,0.0,INIT
2025-12-04T20:52:19.567395,1472.783325236,0.2000000000106253,1.7042927916156856,0.2,-1.5042927916050604,False,1.5042927916050604,0.0,INIT
2025-12-04T20:52:19.592239,1472.808172821,0.2000000000106253,1.7042927916156856,0.2,-1.5042927916050604,False,1.5042927916050604,0.0,INIT
2025-12-04T20:52:19.593938,1472.809866322,0.2000000000106253,1.7265361035616884,0.2,-1.5265361035510632,False,1.5265361035510632,0.0,INIT
2025-12-04T20:52:19.594951,1472.810879597,0.2000000000106253,1.7265361035616884,0.2,-1.5265361035510632,False,1.5265361035510632,0.0,INIT
2025-12-04T20:52:19.595555,1472.811479196,0.2000000000106253,1.7485812389664472,0.2,-1.548581238955822,False,1.548581238955822,0.0,INIT
2025-12-04T20:52:19.604380,1472.820315469,0.2000000000106253,1.7485812389664472,0.2,-1.548581238955822,False,1.548581238955822,0.0,INIT
2025-12-04T20:52:19.620655,1472.836613851,0.2000000000106253,1.7704033724212351,0.2,-1.57040337241061,False,1.57040337241061,0.0,INIT
2025-12-04T20:52:19.633161,1472.849091819,0.20000000001124424,1.7704033724212351,0.2,-1.5704033724099908,False,1.5704033724099908,0.0,INIT
2025-12-04T20:52:19.634696,1472.850626615,0.20000000001124424,1.7919791436540686,0.2,-1.5919791436428243,False,1.5919791436428243,0.0,INIT
2025-12-04T20:52:19.642963,1472.858892905,0.20000000001062532,1.7919791436540686,0.2,-1.5919791436434434,False,1.5919791436434434,0.0,INIT
2025-12-04T20:52:19.653734,1472.869668869,0.20000000001062532,1.8132867624671434,0.2,-1.6132867624565181,False,1.6132867624565181,0.0,INIT
2025-12-04T20:52:19.664016,1472.87994523,0.2000000000118632,1.8132867624671434,0.2,-1.6132867624552802,False,1.6132867624552802,0.0,INIT
2025-12-04T20:52:19.675029,1472.89095834,0.2000000000118632,1.8343060904919923,0.2,-1.6343060904801292,False,1.6343060904801292,0.0,INIT
2025-12-04T20:52:19.687756,1472.903688042,0.2000000000106253,1.8343060904919923,0.2,-1.634306090481367,False,1.634306090481367,0.0,INIT
2025-12-04T20:52:19.698046,1472.913976092,0.2000000000106253,1.8550186998514135,0.2,-1.6550186998407883,False,1.6550186998407883,0.0,INIT
2025-12-04T20:52:19.708531,1472.924460503,0.20000000001124424,1.8550186998514135,0.2,-1.6550186998401692,False,1.6550186998401692,0.0,INIT
2025-12-04T20:52:19.741647,1472.95757805,0.20000000001124424,1.8754079093463787,0.2,-1.6754079093351344,False,1.6754079093351344,0.0,INIT
2025-12-04T20:52:19.765804,1472.981738184,0.2000000000106253,1.8754079093463787,0.2,-1.6754079093357535,False,1.6754079093357535,0.0,INIT
2025-12-04T20:52:19.777574,1472.993526628,0.2000000000106253,1.8954587992502407,0.2,-1.6954587992396155,False,1.6954587992396155,0.0,INIT
2025-12-04T20:52:19.779600,1472.995535611,0.2000000000106253,1.8954587992502407,0.2,-1.6954587992396155,False,1.6954587992396155,0.0,INIT
2025-12-04T20:52:19.780720,1472.996645429,0.2000000000106253,1.9151582061773151,0.2,-1.71515820616669,False,1.71515820616669,0.0,INIT
2025-12-04T20:52:19.782079,1472.998018888,0.2000000000106253,1.9151582061773151,0.2,-1.71515820616669,False,1.71515820616669,0.0,INIT
2025-12-04T20:52:19.797188,1473.013121421,0.2000000000106253,1.934494699795339,0.2,-1.7344946997847137,False,1.7344946997847137,0.0,INIT
2025-12-04T20:52:19.812858,1473.028792155,0.20000000001124424,1.934494699795339,0.2,-1.7344946997840947,False,1.7344946997840947,0.0,INIT
2025-12-04T20:52:19.844948,1473.060883609,0.20000000001124424,1.9534585433678275,0.2,-1.7534585433565832,False,1.7534585433565832,0.0,INIT
2025-12-04T20:52:19.850413,1473.066345806,0.20000000001124424,1.9534585433678275,0.2,-1.7534585433565832,False,1.7534585433565832,0.0,INIT
2025-12-04T20:52:19.854812,1473.070747505,0.20000000001124424,1.972041640247844,0.2,-1.7720416402365997,False,1.7720416402365997,0.0,INIT
2025-12-04T20:52:19.857229,1473.073162477,0.20000000001124424,1.972041640247844,0.2,-1.7720416402365997,False,1.7720416402365997,0.0,INIT
2025-12-04T20:52:19.858660,1473.074592398,0.20000000001124424,1.9902374685032242,0.2,-1.79023746849198,False,1.79023746849198,0.0,INIT
2025-12-04T20:52:19.862950,1473.078879466,0.2000000000106253,1.9902374685032242,0.2,-1.790237468492599,False,1.790237468492599,0.0,INIT
2025-12-04T20:52:19.872817,1473.088752622,0.2000000000106253,2.008041005845831,0.2,-1.8080410058352057,False,1.8080410058352057,0.0,INIT
2025-12-04T20:52:19.897721,1473.113651928,0.2000000000106253,2.008041005845831,0.2,-1.8080410058352057,False,1.8080410058352057,0.0,INIT
2025-12-04T20:52:19.899132,1473.115062501,0.2000000000106253,2.025448646971067,0.2,-1.8254486469604416,False,1.8254486469604416,0.0,INIT
2025-12-04T20:52:19.909518,1473.125473674,0.2000000000106253,2.025448646971067,0.2,-1.8254486469604416,False,1.8254486469604416,0.0,INIT
2025-12-04T20:52:19.917224,1473.133156314,0.2000000000106253,2.0424581153027113,0.2,-1.842458115292086,False,1.842458115292086,0.0,INIT
2025-12-04T20:52:19.928596,1473.144532821,0.20000000001062532,2.0424581153027113,0.2,-1.842458115292086,False,1.842458115292086,0.0,INIT
2025-12-04T20:52:19.941567,1473.157501272,0.20000000001062532,2.0590683709904507,0.2,-1.8590683709798255,False,1.8590683709798255,0.0,INIT
2025-12-04T20:52:20.008560,1473.22452354,0.2000000000106253,2.0590683709904507,0.2,-1.8590683709798255,False,1.8590683709798255,0.0,INIT
2025-12-04T20:52:20.017475,1473.233409317,0.2000000000106253,2.0752795168353124,0.2,-1.8752795168246872,False,1.8752795168246872,0.0,INIT
2025-12-04T20:52:20.020236,1473.236181415,0.2000000000106253,2.0752795168353124,0.2,-1.8752795168246872,False,1.8752795168246872,0.0,INIT
2025-12-04T20:52:20.023401,1473.239336874,0.2000000000106253,2.0910927036307303,0.2,-1.891092703620105,False,1.891092703620105,0.0,INIT
2025-12-04T20:52:20.025544,1473.241476745,0.2000000000106253,2.0910927036307303,0.2,-1.891092703620105,False,1.891092703620105,0.0,INIT
2025-12-04T20:52:20.026688,1473.242616925,0.2000000000106253,2.1065100362120592,0.2,-1.906510036201434,False,1.906510036201434,0.0,INIT
2025-12-04T20:52:20.027721,1473.243647022,0.2000000000106253,2.1065100362120592,0.2,-1.906510036201434,False,1.906510036201434,0.0,INIT
2025-12-04T20:52:20.028907,1473.244835281,0.2000000000106253,2.1065100362120592,0.2,-1.906510036201434,False,1.906510036201434,0.0,INIT
2025-12-04T20:52:20.038606,1473.254539188,0.2000000000106253,2.1215344813135664,0.2,-1.9215344813029411,False,1.9215344813029411,0.0,INIT
2025-12-04T20:52:20.049317,1473.265253927,0.2000000000106253,2.1215344813135664,0.2,-1.9215344813029411,False,1.9215344813029411,0.0,INIT
2025-12-04T20:52:20.060629,1473.276561632,0.2000000000106253,2.1361697781426656,0.2,-1.9361697781320404,False,1.9361697781320404,0.0,INIT
2025-12-04T20:52:20.075192,1473.291138048,0.2000000000106253,2.1361697781426656,0.2,-1.9361697781320404,False,1.9361697781320404,0.0,INIT
2025-12-04T20:52:20.082859,1473.298788223,0.2000000000106253,2.1504203524035965,0.2,-1.9504203523929713,False,1.9504203523929713,0.0,INIT
2025-12-04T20:52:20.093660,1473.309592954,0.2000000000106253,2.1504203524035965,0.2,-1.9504203523929713,False,1.9504203523929713,0.0,INIT
2025-12-04T20:52:20.104230,1473.3201661,0.2000000000106253,2.1642912343373792,0.2,-1.964291234326754,False,1.964291234326754,0.0,INIT
2025-12-04T20:52:20.115425,1473.331360814,0.20000000001062532,2.1642912343373792,0.2,-1.964291234326754,False,1.964291234326754,0.0,INIT
2025-12-04T20:52:20.126511,1473.342442285,0.20000000001062532,2.17778798119594,0.2,-1.9777879811853147,False,1.9777879811853147,0.0,INIT
2025-12-04T20:52:20.138684,1473.3546167,0.2000000000106253,2.17778798119594,0.2,-1.9777879811853147,False,1.9777879811853147,0.0,INIT
2025-12-04T20:52:20.149064,1473.364996119,0.2000000000106253,2.190916604435291,0.2,-1.9909166044246656,False,1.9909166044246656,0.0,INIT
2025-12-04T20:52:20.159183,1473.37511133,0.2000000000106253,2.190916604435291,0.2,-1.9909166044246656,False,1.9909166044246656,0.0,INIT
2025-12-04T20:52:20.171256,1473.387193707,0.2000000000106253,2.2036835017971788,0.2,-2.0036835017865533,False,2.0036835017865533,0.0,INIT
2025-12-04T20:52:20.181248,1473.39717954,0.20000000001124424,2.2036835017971788,0.2,-2.0036835017859347,False,2.0036835017859347,0.0,INIT
2025-12-04T20:52:20.192244,1473.40817272,0.20000000001124424,2.2160953943489297,0.2,-2.0160953943376856,False,2.0160953943376856,0.0,INIT
2025-12-04T20:52:20.225486,1473.441418281,0.2000000000118632,2.2160953943489297,0.2,-2.0160953943370665,False,2.0160953943370665,0.0,INIT
2025-12-04T20:52:20.227389,1473.443317541,0.2000000000118632,2.2281592684686595,0.2,-2.0281592684567964,False,2.0281592684567964,0.0,INIT
2025-12-04T20:52:20.228181,1473.444105645,0.2000000000118632,2.2281592684686595,0.2,-2.0281592684567964,False,2.0281592684567964,0.0,INIT
2025-12-04T20:52:20.236422,1473.452355416,0.2000000000106253,2.239882322694248,0.2,-2.0398823226836225,False,2.0398823226836225,0.0,INIT
2025-12-04T20:52:20.246337,1473.462271708,0.2000000000106253,2.2512719192998514,0.2,-2.051271919289226,False,2.051271919289226,0.0,INIT
2025-12-04T20:52:20.305199,1473.521130237,0.2000000000106253,2.2512719192998514,0.2,-2.051271919289226,False,2.051271919289226,0.0,INIT
2025-12-04T20:52:20.327374,1473.543308612,0.2000000000106253,2.2512719192998514,0.2,-2.051271919289226,False,2.051271919289226,0.0,INIT
2025-12-04T20:52:20.330701,1473.546631149,0.2000000000106253,2.2623355404209713,0.2,-2.062335540410346,False,2.062335540410346,0.0,INIT
2025-12-04T20:52:20.332157,1473.548082733,0.2000000000106253,2.2730807485176374,0.2,-2.073080748507012,False,2.073080748507012,0.0,INIT
2025-12-04T20:52:20.333388,1473.549318805,0.2000000000106253,2.2730807485176374,0.2,-2.073080748507012,False,2.073080748507012,0.0,INIT
2025-12-04T20:52:20.334345,1473.550270059,0.2000000000106253,2.283515150942228,0.2,-2.0835151509316026,False,2.0835151509316026,0.0,INIT
2025-12-04T20:52:20.335044,1473.550968792,0.2000000000106253,2.283515150942228,0.2,-2.0835151509316026,False,2.0835151509316026,0.0,INIT
2025-12-04T20:52:20.335675,1473.551600028,0.2000000000106253,2.2936463683642536,0.2,-2.093646368353628,False,2.093646368353628,0.0,INIT
2025-12-04T20:52:20.346422,1473.562354413,0.20000000001124424,2.2936463683642536,0.2,-2.0936463683530095,False,2.0936463683530095,0.0,INIT
2025-12-04T20:52:20.356688,1473.57261682,0.20000000001124424,2.3034820067963313,0.2,-2.1034820067850872,False,2.1034820067850872,0.0,INIT
2025-12-04T20:52:20.374657,1473.590598162,0.2000000000106253,2.3034820067963313,0.2,-2.103482006785706,False,2.103482006785706,0.0,INIT
2025-12-04T20:52:20.420825,1473.636764726,0.2000000000106253,2.3130296329631195,0.2,-2.113029632952494,False,2.113029632952494,0.0,INIT
2025-12-04T20:52:20.464734,1473.680664035,0.2000000000106253,2.3130296329631195,0.2,-2.113029632952494,False,2.113029632952494,0.0,INIT
2025-12-04T20:52:20.467630,1473.683558431,0.2000000000106253,2.3130296329631195,0.2,-2.113029632952494,False,2.113029632952494,0.0,INIT
2025-12-04T20:52:20.468403,1473.684327597,0.2000000000106253,2.3222967527571736,0.2,-2.122296752746548,False,2.122296752746548,0.0,INIT
2025-12-04T20:52:20.468945,1473.684869384,0.2000000000106253,2.3222967527571736,0.2,-2.122296752746548,False,2.122296752746548,0.0,INIT
2025-12-04T20:52:20.469782,1473.685707448,0.2000000000106253,2.331290792531213,0.2,-2.1312907925205877,False,2.1312907925205877,0.0,INIT
2025-12-04T20:52:20.470714,1473.68664401,0.2000000000106253,2.331290792531213,0.2,-2.1312907925205877,False,2.1312907925205877,0.0,INIT
2025-12-04T20:52:20.471725,1473.687650951,0.2000000000106253,2.3400190829844307,0.2,-2.1400190829738053,False,2.1400190829738053,0.0,INIT
2025-12-04T20:52:20.473277,1473.689208422,0.2000000000106253,2.3400190829844307,0.2,-2.1400190829738053,False,2.1400190829738053,0.0,INIT
2025-12-04T20:52:20.474943,1473.690874581,0.20000000001062532,2.348488845410868,0.2,-2.1484888454002427,False,2.1484888454002427,0.0,INIT
2025-12-04T20:52:20.485808,1473.701743982,0.20000000001062532,2.348488845410868,0.2,-2.1484888454002427,False,2.1484888454002427,0.0,INIT
2025-12-04T20:52:20.504072,1473.720031128,0.2000000000106253,2.356707180089762,0.2,-2.1567071800791364,False,2.1567071800791364,0.0,INIT
2025-12-04T20:52:20.515038,1473.730970148,0.2000000000106253,2.364681056610081,0.2,-2.1646810565994556,False,2.1646810565994556,0.0,INIT
2025-12-04T20:52:20.524487,1473.740434145,0.2000000000106253,2.364681056610081,0.2,-2.1646810565994556,False,2.1646810565994556,0.0,INIT
2025-12-04T20:52:20.544816,1473.760766081,0.2000000000106253,2.3724173059351132,0.2,-2.172417305924488,False,2.172417305924488,0.0,INIT
2025-12-04T20:52:20.546513,1473.762439806,0.2000000000106253,2.3724173059351132,0.2,-2.172417305924488,False,2.172417305924488,0.0,INIT
2025-12-04T20:52:20.558411,1473.774354012,0.2000000000106253,2.379922614025883,0.2,-2.1799226140152577,False,2.1799226140152577,0.0,INIT
2025-12-04T20:52:20.572210,1473.788149529,0.2000000000106253,2.379922614025883,0.2,-2.1799226140152577,False,2.1799226140152577,0.0,INIT
2025-12-04T20:52:20.573819,1473.789753377,0.2000000000106253,2.3872035168560686,0.2,-2.187203516845443,False,2.187203516845443,0.0,INIT
2025-12-04T20:52:20.592059,1473.808011046,0.2000000000106253,2.3872035168560686,0.2,-2.187203516845443,False,2.187203516845443,0.0,INIT
2025-12-04T20:52:20.622123,1473.838053547,0.2000000000106253,2.3942663966637205,0.2,-2.194266396653095,False,2.194266396653095,0.0,INIT
2025-12-04T20:52:20.625905,1473.8418379,0.2000000000106253,2.3942663966637205,0.2,-2.194266396653095,False,2.194266396653095,0.0,INIT
2025-12-04T20:52:20.638819,1473.854759355,0.2000000000106253,2.401117479297958,0.2,-2.2011174792873325,False,2.2011174792873325,0.0,INIT
2025-12-04T20:52:20.640744,1473.856683957,0.2000000000106253,2.401117479297958,0.2,-2.2011174792873325,False,2.2011174792873325,0.0,INIT
2025-12-04T20:52:20.642139,1473.858070124,0.2000000000106253,2.4077628325310574,0.2,-2.207762832520432,False,2.207762832520432,0.0,INIT
2025-12-04T20:52:20.655353,1473.871285111,0.20000000001062532,2.4077628325310574,0.2,-2.207762832520432,False,2.207762832520432,0.0,INIT
2025-12-04T20:52:20.662850,1473.878780269,0.20000000001062532,2.414208365217723,0.2,-2.2142083652070976,False,2.2142083652070976,0.0,INIT
2025-12-04T20:52:20.673677,1473.88961573,0.2000000000106253,2.414208365217723,0.2,-2.2142083652070976,False,2.2142083652070976,0.0,INIT
2025-12-04T20:52:20.690069,1473.906014763,0.2000000000106253,2.4204598271942057,0.2,-2.2204598271835803,False,2.2204598271835803,0.0,INIT
2025-12-04T20:52:20.714917,1473.930850521,0.20000000001124424,2.4204598271942057,0.2,-2.2204598271829616,False,2.2204598271829616,0.0,INIT
2025-12-04T20:52:20.717678,1473.933628383,0.20000000001124424,2.4265228098204243,0.2,-2.2265228098091803,False,2.2265228098091803,0.0,INIT
2025-12-04T20:52:20.719800,1473.935738058,0.20000000001124424,2.4265228098204243,0.2,-2.2265228098091803,False,2.2265228098091803,0.0,INIT
2025-12-04T20:52:20.749233,1473.965174605,0.20000000001124424,2.4324027470772407,0.2,-2.2324027470659966,False,2.2324027470659966,0.0,INIT
2025-12-04T20:52:20.756433,1473.972370133,0.20000000001062532,2.4324027470772407,0.2,-2.2324027470666152,False,2.2324027470666152,0.0,INIT
2025-12-04T20:52:20.773039,1473.988972161,0.2000000000118632,2.438104917140346,0.2,-2.238104917128483,False,2.238104917128483,0.0,INIT
2025-12-04T20:52:20.775296,1473.991227389,0.2000000000118632,2.438104917140346,0.2,-2.238104917128483,False,2.238104917128483,0.0,INIT
2025-12-04T20:52:20.777235,1473.993163533,0.2000000000118632,2.4436344443600184,0.2,-2.2436344443481553,False,2.2436344443481553,0.0,INIT
2025-12-04T20:52:20.785966,1474.00190293,0.2000000000106253,2.4436344443600184,0.2,-2.243634444349393,False,2.243634444349393,0.0,INIT
2025-12-04T20:52:20.793505,1474.009437257,0.2000000000106253,2.44899630158361,0.2,-2.2489963015729844,False,2.2489963015729844,0.0,INIT
2025-12-04T20:52:20.805206,1474.021141898,0.20000000001124424,2.44899630158361,0.2,-2.2489963015723657,False,2.2489963015723657,0.0,INIT
2025-12-04T20:52:20.814913,1474.030843975,0.20000000001124424,2.454195312764286,0.2,-2.254195312753042,False,2.254195312753042,0.0,INIT
2025-12-04T20:52:20.827141,1474.043074331,0.2000000000106253,2.454195312764286,0.2,-2.2541953127536605,False,2.2541953127536605,0.0,INIT
2025-12-04T20:52:20.836804,1474.052736386,0.2000000000106253,2.454195312764286,0.2,-2.2541953127536605,False,2.2541953127536605,0.0,INIT
2025-12-04T20:52:20.847910,1474.063841082,0.20000000001124424,2.4592361558061935,0.2,-2.2592361557949494,False,2.2592361557949494,0.0,INIT
2025-12-04T20:52:20.982435,1474.198371399,0.20000000001124424,2.4688613372188453,0.2,-2.268861337207601,False,2.268861337207601,0.0,INIT
2025-12-04T20:52:20.988600,1474.204536235,0.2000000000106253,2.4688613372188453,0.2,-2.26886133720822,False,2.26886133720822,0.0,INIT
2025-12-04T20:52:20.989942,1474.205878038,0.2000000000106253,2.4688613372188453,0.2,-2.26886133720822,False,2.26886133720822,0.0,INIT
2025-12-04T20:52:20.990915,1474.206846403,0.2000000000106253,2.473454329212677,0.2,-2.2734543292020515,False,2.2734543292020515,0.0,INIT
2025-12-04T20:52:20.992149,1474.208076739,0.2000000000106253,2.477906467016102,0.2,-2.2779064670054767,False,2.2779064670054767,0.0,INIT
2025-12-04T20:52:20.993377,1474.209303306,0.2000000000106253,2.477906467016102,0.2,-2.2779064670054767,False,2.2779064670054767,0.0,INIT
2025-12-04T20:52:20.994554,1474.210487846,0.2000000000106253,2.477906467016102,0.2,-2.2779064670054767,False,2.2779064670054767,0.0,INIT
2025-12-04T20:52:20.996704,1474.21263619,0.2000000000106253,2.4822217463975473,0.2,-2.282221746386922,False,2.282221746386922,0.0,INIT
2025-12-04T20:52:20.997748,1474.213675264,0.2000000000106253,2.4822217463975473,0.2,-2.282221746386922,False,2.282221746386922,0.0,INIT
2025-12-04T20:52:20.999588,1474.21551795,0.2000000000106253,2.486404036953875,0.2,-2.2864040369432495,False,2.2864040369432495,0.0,INIT
2025-12-04T20:52:21.003376,1474.219308038,0.2000000000106253,2.486404036953875,0.2,-2.2864040369432495,False,2.2864040369432495,0.0,INIT
2025-12-04T20:52:21.004697,1474.220629679,0.2000000000106253,2.490457085621105,0.2,-2.2904570856104796,False,2.2904570856104796,0.0,INIT
2025-12-04T20:52:21.043227,1474.259162028,0.20000000001062532,2.490457085621105,0.2,-2.2904570856104796,False,2.2904570856104796,0.0,INIT
2025-12-04T20:52:21.046900,1474.262833511,0.20000000001062532,2.4943845201851698,0.2,-2.2943845201745443,False,2.2943845201745443,0.0,INIT
2025-12-04T20:52:21.048018,1474.26394707,0.20000000001062532,2.4943845201851698,0.2,-2.2943845201745443,False,2.2943845201745443,0.0,INIT
2025-12-04T20:52:21.055466,1474.271418889,0.20000000001062532,2.498189852777559,0.2,-2.2981898527669333,False,2.2981898527669333,0.0,INIT
2025-12-04T20:52:21.058125,1474.274054427,0.2000000000106253,2.498189852777559,0.2,-2.2981898527669333,False,2.2981898527669333,0.0,INIT
2025-12-04T20:52:21.064764,1474.280694519,0.2000000000106253,2.5018764833431106,0.2,-2.301876483332485,False,2.301876483332485,0.0,INIT
2025-12-04T20:52:21.076061,1474.291994351,0.2000000000106253,2.5018764833431106,0.2,-2.301876483332485,False,2.301876483332485,0.0,INIT
2025-12-04T20:52:21.087729,1474.303675357,0.2000000000106253,2.505447703069045,0.2,-2.3054477030584195,False,2.3054477030584195,0.0,INIT
2025-12-04T20:52:21.098032,1474.313959037,0.2000000000106253,2.505447703069045,0.2,-2.3054477030584195,False,2.3054477030584195,0.0,INIT
2025-12-04T20:52:21.108612,1474.324545127,0.2000000000106253,2.5089066977658554,0.2,-2.30890669775523,False,2.30890669775523,0.0,INIT
2025-12-04T20:52:21.124826,1474.340760865,0.2000000000106253,2.5089066977658554,0.2,-2.30890669775523,False,2.30890669775523,0.0,INIT
2025-12-04T20:52:21.159946,1474.375880426,0.2000000000106253,2.5122565511925963,0.2,-2.312256551181971,False,2.312256551181971,0.0,INIT
2025-12-04T20:52:21.162059,1474.377991524,0.2000000000106253,2.5122565511925963,0.2,-2.312256551181971,False,2.312256551181971,0.0,INIT
2025-12-04T20:52:21.163345,1474.379272533,0.2000000000106253,2.515500248320083,0.2,-2.3155002483094576,False,2.3155002483094576,0.0,INIT
2025-12-04T20:52:21.164207,1474.38013251,0.2000000000106253,2.515500248320083,0.2,-2.3155002483094576,False,2.3155002483094576,0.0,INIT
2025-12-04T20:52:21.178627,1474.394564373,0.2000000000106253,2.5186406785268636,0.2,-2.318640678516238,False,2.318640678516238,0.0,INIT
2025-12-04T20:52:21.184997,1474.400942367,0.2000000000106253,2.5186406785268636,0.2,-2.318640678516238,False,2.318640678516238,0.0,INIT
2025-12-04T20:52:21.199666,1474.41559585,0.2000000000106253,2.52168063872376,0.2,-2.3216806387131346,False,2.3216806387131346,0.0,INIT
2025-12-04T20:52:21.232146,1474.448077111,0.20000000001062532,2.52168063872376,0.2,-2.3216806387131346,False,2.3216806387131346,0.0,INIT
2025-12-04T20:52:21.239119,1474.455050868,0.2000000000106253,2.5246228364039025,0.2,-2.324622836393277,False,2.324622836393277,0.0,INIT
2025-12-04T20:52:21.281829,1474.49776626,0.2000000000106253,2.5246228364039025,0.2,-2.324622836393277,False,2.324622836393277,0.0,INIT
2025-12-04T20:52:21.294561,1474.510491998,0.20000000001062532,2.5246228364039025,0.2,-2.324622836393277,False,2.324622836393277,0.0,INIT
2025-12-04T20:52:21.297073,1474.513014269,0.20000000001062532,2.5274698926156693,0.2,-2.327469892605044,False,2.327469892605044,0.0,INIT
2025-12-04T20:52:21.298485,1474.514411906,0.20000000001062532,2.530224344856906,0.2,-2.3302243448462807,False,2.3302243448462807,0.0,INIT
2025-12-04T20:52:21.299517,1474.515443513,0.20000000001062532,2.530224344856906,0.2,-2.3302243448462807,False,2.3302243448462807,0.0,INIT
2025-12-04T20:52:21.300773,1474.516700354,0.20000000001062532,2.5328886498892107,0.2,-2.3328886498785852,False,2.3328886498785852,0.0,INIT
2025-12-04T20:52:21.301740,1474.51766756,0.20000000001062532,2.5328886498892107,0.2,-2.3328886498785852,False,2.3328886498785852,0.0,INIT
2025-12-04T20:52:21.305601,1474.52152837,0.20000000001062532,2.535465186471752,0.2,-2.3354651864611267,False,2.3354651864611267,0.0,INIT
2025-12-04T20:52:21.320423,1474.53635525,0.2000000000118632,2.535465186471752,0.2,-2.335465186459889,False,2.335465186459889,0.0,INIT
2025-12-04T20:52:21.327446,1474.543374567,0.2000000000118632,2.5379562580143915,0.2,-2.3379562580025284,False,2.3379562580025284,0.0,INIT
2025-12-04T20:52:21.338587,1474.554520922,0.2000000000118632,2.5379562580143915,0.2,-2.3379562580025284,False,2.3379562580025284,0.0,INIT
2025-12-04T20:52:21.349328,1474.565260963,0.2000000000106253,2.5379562580143915,0.2,-2.337956258003766,False,2.337956258003766,0.0,INIT
2025-12-04T20:52:21.360496,1474.576427317,0.2000000000106253,2.5403640951504016,0.2,-2.340364095139776,False,2.340364095139776,0.0,INIT
2025-12-04T20:52:21.371919,1474.58784875,0.20000000001124424,2.5403640951504016,0.2,-2.3403640951391576,False,2.3403640951391576,0.0,INIT
2025-12-04T20:52:21.382707,1474.598638126,0.20000000001124424,2.542690858229233,0.2,-2.342690858217989,False,2.342690858217989,0.0,INIT
2025-12-04T20:52:21.404042,1474.619994376,0.2000000000106253,2.542690858229233,0.2,-2.3426908582186075,False,2.3426908582186075,0.0,INIT
2025-12-04T20:52:21.406327,1474.622259147,0.20000000001124424,2.5449386397303044,0.2,-2.3449386397190604,False,2.3449386397190604,0.0,INIT
2025-12-04T20:52:21.417893,1474.633823689,0.20000000001124424,2.5471094665987355,0.2,-2.3471094665874914,False,2.3471094665874914,0.0,INIT
2025-12-04T20:52:21.451920,1474.667855399,0.2000000000106253,2.5471094665987355,0.2,-2.34710946658811,False,2.34710946658811,0.0,INIT
2025-12-04T20:52:21.459403,1474.675349221,0.20000000001124424,2.54920530250448,0.2,-2.349205302493236,False,2.349205302493236,0.0,INIT
2025-12-04T20:52:21.461003,1474.676934853,0.20000000001124424,2.54920530250448,0.2,-2.349205302493236,False,2.349205302493236,0.0,INIT
2025-12-04T20:52:21.462403,1474.67832749,0.20000000001124424,2.54920530250448,0.2,-2.349205302493236,False,2.349205302493236,0.0,INIT
2025-12-04T20:52:21.581858,1474.797796313,0.20000000001124424,2.5512280500259834,0.2,-2.3512280500147393,False,2.3512280500147393,0.0,INIT
2025-12-04T20:52:21.588737,1474.804669389,0.2000000000106253,2.5531795527603176,0.2,-2.353179552749692,False,2.353179552749692,0.0,INIT
2025-12-04T20:52:21.589551,1474.805479708,0.2000000000106253,2.5531795527603176,0.2,-2.353179552749692,False,2.353179552749692,0.0,INIT
2025-12-04T20:52:21.597696,1474.813625047,0.20000000001062532,2.5550615973611066,0.2,-2.355061597350481,False,2.355061597350481,0.0,INIT
2025-12-04T20:52:21.598912,1474.814836535,0.20000000001062532,2.5550615973611066,0.2,-2.355061597350481,False,2.355061597350481,0.0,INIT
2025-12-04T20:52:21.599787,1474.815715412,0.20000000001062532,2.5568759155062315,0.2,-2.356875915495606,False,2.356875915495606,0.0,INIT
2025-12-04T20:52:21.600230,1474.816154652,0.20000000001062532,2.5568759155062315,0.2,-2.356875915495606,False,2.356875915495606,0.0,INIT
2025-12-04T20:52:21.600805,1474.816732209,0.20000000001062532,2.55862418579696,0.2,-2.3586241857863346,False,2.3586241857863346,0.0,INIT
2025-12-04T20:52:21.601314,1474.817240164,0.20000000001062532,2.55862418579696,0.2,-2.3586241857863346,False,2.3586241857863346,0.0,INIT
2025-12-04T20:52:21.602025,1474.817951498,0.20000000001062532,2.5603080355904755,0.2,-2.36030803557985,False,2.36030803557985,0.0,INIT
2025-12-04T20:52:21.602779,1474.81870322,0.20000000001062532,2.5603080355904755,0.2,-2.36030803557985,False,2.36030803557985,0.0,INIT
2025-12-04T20:52:21.603857,1474.819784246,0.20000000001062532,2.5603080355904755,0.2,-2.36030803557985,False,2.36030803557985,0.0,INIT
2025-12-04T20:52:21.612101,1474.828031767,0.2000000000106253,2.561929042767619,0.2,-2.3619290427569934,False,2.3619290427569934,0.0,INIT
2025-12-04T20:52:21.623593,1474.839529002,0.2000000000106253,2.5634887374377993,0.2,-2.363488737427174,False,2.363488737427174,0.0,INIT
2025-12-04T20:52:21.636848,1474.852792921,0.2000000000106253,2.5634887374377993,0.2,-2.363488737427174,False,2.363488737427174,0.0,INIT
2025-12-04T20:52:21.650599,1474.866537777,0.2000000000106253,2.564988603582915,0.2,-2.3649886035722893,False,2.3649886035722893,0.0,INIT
2025-12-04T20:52:21.657942,1474.873887636,0.2000000000106253,2.564988603582915,0.2,-2.3649886035722893,False,2.3649886035722893,0.0,INIT
2025-12-04T20:52:21.687140,1474.903104854,0.2000000000106253,2.564988603582915,0.2,-2.3649886035722893,False,2.3649886035722893,0.0,INIT
2025-12-04T20:52:21.690136,1474.906064894,0.2000000000106253,2.5664300806422125,0.2,-2.366430080631587,False,2.366430080631587,0.0,INIT
2025-12-04T20:52:21.691153,1474.907086899,0.2000000000106253,2.5664300806422125,0.2,-2.366430080631587,False,2.366430080631587,0.0,INIT
2025-12-04T20:52:21.701414,1474.917343024,0.2000000000106253,2.5664300806422125,0.2,-2.366430080631587,False,2.366430080631587,0.0,INIT
2025-12-04T20:52:21.711895,1474.927828243,0.2000000000106253,2.5678145650400506,0.2,-2.367814565029425,False,2.367814565029425,0.0,INIT
2025-12-04T20:52:21.761244,1474.977179314,0.2000000000106253,2.5678145650400506,0.2,-2.367814565029425,False,2.367814565029425,0.0,INIT
2025-12-04T20:52:21.766839,1474.982774758,0.2000000000106253,2.569143411658274,0.2,-2.3691434116476486,False,2.3691434116476486,0.0,INIT
2025-12-04T20:52:21.768715,1474.984649499,0.2000000000106253,2.570417935255226,0.2,-2.3704179352446006,False,2.3704179352446006,0.0,INIT
2025-12-04T20:52:21.769495,1474.985424071,0.2000000000106253,2.570417935255226,0.2,-2.3704179352446006,False,2.3704179352446006,0.0,INIT
2025-12-04T20:52:21.770412,1474.986339625,0.2000000000106253,2.570417935255226,0.2,-2.3704179352446006,False,2.3704179352446006,0.0,INIT
2025-12-04T20:52:21.776102,1474.992033701,0.2000000000106253,2.57163941183307,0.2,-2.3716394118224446,False,2.3716394118224446,0.0,INIT
2025-12-04T20:52:21.790189,1475.006121613,0.20000000001062532,2.57163941183307,0.2,-2.3716394118224446,False,2.3716394118224446,0.0,INIT
2025-12-04T20:52:21.820951,1475.036913841,0.20000000001062532,2.572809079955282,0.2,-2.3728090799446564,False,2.3728090799446564,0.0,INIT
2025-12-04T20:52:21.824739,1475.040680637,0.2000000000106253,2.572809079955282,0.2,-2.3728090799446564,False,2.3728090799446564,0.0,INIT
2025-12-04T20:52:21.826313,1475.042242575,0.2000000000106253,2.572809079955282,0.2,-2.3728090799446564,False,2.3728090799446564,0.0,INIT
2025-12-04T20:52:21.830224,1475.046151222,0.2000000000106253,2.5739281420160154,0.2,-2.37392814200539,False,2.37392814200539,0.0,INIT
2025-12-04T20:52:21.840371,1475.056315415,0.2000000000106253,2.5739281420160154,0.2,-2.37392814200539,False,2.37392814200539,0.0,INIT
2025-12-04T20:52:21.853257,1475.069207821,0.2000000000106253,2.574997765463074,0.2,-2.3749977654524486,False,2.3749977654524486,0.0,INIT
2025-12-04T20:52:21.904625,1475.120558116,0.20000000001124424,2.574997765463074,0.2,-2.37499776545183,False,2.37499776545183,0.0,INIT
2025-12-04T20:52:21.907886,1475.123821894,0.2000000000118632,2.57601908397608,0.2,-2.376019083964217,False,2.376019083964217,0.0,INIT
2025-12-04T20:52:21.909357,1475.125283064,0.2000000000118632,2.57601908397608,0.2,-2.376019083964217,False,2.376019083964217,0.0,INIT
2025-12-04T20:52:21.910470,1475.126408369,0.2000000000118632,2.576993198601625,0.2,-2.3769931985897617,False,2.3769931985897617,0.0,INIT
2025-12-04T20:52:21.911569,1475.127494506,0.2000000000118632,2.576993198601625,0.2,-2.3769931985897617,False,2.3769931985897617,0.0,INIT
2025-12-04T20:52:21.914367,1475.130296945,0.2000000000118632,2.5779211788466974,0.2,-2.3779211788348342,False,2.3779211788348342,0.0,INIT
2025-12-04T20:52:21.945883,1475.161816197,0.20000000001124424,2.5779211788466974,0.2,-2.3779211788354533,False,2.3779211788354533,0.0,INIT
2025-12-04T20:52:21.958049,1475.174019665,0.20000000001124424,2.578804063732247,0.2,-2.378804063721003,False,2.378804063721003,0.0,INIT
2025-12-04T20:52:21.962304,1475.178232252,0.20000000001124424,2.578804063732247,0.2,-2.378804063721003,False,2.378804063721003,0.0,INIT
2025-12-04T20:52:21.964261,1475.180189216,0.2000000000106253,2.5796428628079937,0.2,-2.3796428627973683,False,2.3796428627973683,0.0,INIT
2025-12-04T20:52:21.969789,1475.185725161,0.2000000000106253,2.5796428628079937,0.2,-2.3796428627973683,False,2.3796428627973683,0.0,INIT
2025-12-04T20:52:21.980291,1475.196225079,0.2000000000106253,2.5804385571303126,0.2,-2.380438557119687,False,2.380438557119687,0.0,INIT
2025-12-04T20:52:21.991677,1475.207617218,0.20000000001124424,2.5804385571303126,0.2,-2.3804385571190685,False,2.3804385571190685,0.0,INIT
2025-12-04T20:52:22.003775,1475.219708685,0.20000000001124424,2.581192100204227,0.2,-2.3811921001929828,False,2.3811921001929828,0.0,INIT
2025-12-04T20:52:22.013198,1475.22913,0.2000000000106253,2.581192100204227,0.2,-2.3811921001936014,False,2.3811921001936014,0.0,INIT
2025-12-04T20:52:22.024180,1475.240112919,0.2000000000106253,2.5819044188911224,0.2,-2.381904418880497,False,2.381904418880497,0.0,INIT
2025-12-04T20:52:22.052600,1475.268537533,0.20000000001124424,2.5819044188911224,0.2,-2.3819044188798784,False,2.3819044188798784,0.0,INIT
2025-12-04T20:52:22.055925,1475.271861309,0.2000000000106253,2.582576414283235,0.2,-2.3825764142726094,False,2.3825764142726094,0.0,INIT
2025-12-04T20:52:22.057180,1475.273119036,0.2000000000106253,2.582576414283235,0.2,-2.3825764142726094,False,2.3825764142726094,0.0,INIT
2025-12-04T20:52:22.067513,1475.28344499,0.2000000000106253,2.58320896254644,0.2,-2.3832089625358144,False,2.3832089625358144,0.0,INIT
2025-12-04T20:52:22.087864,1475.303818519,0.20000000001124424,2.58320896254644,0.2,-2.3832089625351958,False,2.3832089625351958,0.0,INIT
2025-12-04T20:52:22.141071,1475.357013394,0.20000000001124424,2.583802915732292,0.2,-2.383802915721048,False,2.383802915721048,0.0,INIT
2025-12-04T20:52:22.148575,1475.364507074,0.2000000000106253,2.583802915732292,0.2,-2.3838029157216667,False,2.3838029157216667,0.0,INIT
2025-12-04T20:52:22.150111,1475.366041924,0.2000000000106253,2.5843591025606525,0.2,-2.384359102550027,False,2.384359102550027,0.0,INIT
2025-12-04T20:52:22.151797,1475.367726951,0.2000000000106253,2.5843591025606525,0.2,-2.384359102550027,False,2.384359102550027,0.0,INIT
2025-12-04T20:52:22.153142,1475.369070471,0.2000000000106253,2.584878329173943,0.2,-2.3848783291633175,False,2.3848783291633175,0.0,INIT
2025-12-04T20:52:22.153983,1475.369915558,0.2000000000106253,2.584878329173943,0.2,-2.3848783291633175,False,2.3848783291633175,0.0,INIT
2025-12-04T20:52:22.156479,1475.372409317,0.2000000000106253,2.584878329173943,0.2,-2.3848783291633175,False,2.3848783291633175,0.0,INIT
2025-12-04T20:52:22.170389,1475.386330938,0.2000000000106253,2.585361379864125,0.2,-2.3853613798534994,False,2.3853613798534994,0.0,INIT
2025-12-04T20:52:22.181305,1475.397240005,0.20000000001062532,2.585361379864125,0.2,-2.3853613798534994,False,2.3853613798534994,0.0,INIT
2025-12-04T20:52:22.192869,1475.408815308,0.20000000001062532,2.5858090177735455,0.2,-2.38580901776292,False,2.38580901776292,0.0,INIT
2025-12-04T20:52:22.217286,1475.433217783,0.2000000000106253,2.5858090177735455,0.2,-2.38580901776292,False,2.38580901776292,0.0,INIT
2025-12-04T20:52:22.219287,1475.435217157,0.2000000000106253,2.5862219855704023,0.2,-2.386221985559777,False,2.386221985559777,0.0,INIT
2025-12-04T20:52:22.224695,1475.440630178,0.2000000000106253,2.5862219855704023,0.2,-2.386221985559777,False,2.386221985559777,0.0,INIT
2025-12-04T20:52:22.236873,1475.452815473,0.2000000000106253,2.5866010061001603,0.2,-2.386601006089535,False,2.386601006089535,0.0,INIT
2025-12-04T20:52:22.251023,1475.466959823,0.2000000000106253,2.5866010061001603,0.2,-2.386601006089535,False,2.386601006089535,0.0,INIT
2025-12-04T20:52:22.257921,1475.473863213,0.2000000000106253,2.5869467830134614,0.2,-2.386946783002836,False,2.386946783002836,0.0,INIT
2025-12-04T20:52:22.267975,1475.483905371,0.2000000000106253,2.5869467830134614,0.2,-2.386946783002836,False,2.386946783002836,0.0,INIT
2025-12-04T20:52:22.278514,1475.494442563,0.2000000000106253,2.5869467830134614,0.2,-2.386946783002836,False,2.386946783002836,0.0,INIT
2025-12-04T20:52:22.290149,1475.506097737,0.2000000000106253,2.587260001371739,0.2,-2.3872600013611134,False,2.3872600013611134,0.0,INIT
2025-12-04T20:52:22.369151,1475.585089817,0.2000000000106253,2.587260001371739,0.2,-2.3872600013611134,False,2.3872600013611134,0.0,INIT
2025-12-04T20:52:22.375839,1475.591771135,0.2000000000106253,2.587541328231177,0.2,-2.3875413282205518,False,2.3875413282205518,0.0,INIT
2025-12-04T20:52:22.396490,1475.612425214,0.20000000001062532,2.5877914132060464,0.2,-2.387791413195421,False,2.387791413195421,0.0,INIT
2025-12-04T20:52:22.398763,1475.614690114,0.2000000000106253,2.5877914132060464,0.2,-2.387791413195421,False,2.387791413195421,0.0,INIT
2025-12-04T20:52:22.400650,1475.616575569,0.2000000000106253,2.588010889011924,0.2,-2.3880108890012988,False,2.3880108890012988,0.0,INIT
2025-12-04T20:52:22.401356,1475.617281048,0.2000000000106253,2.588010889011924,0.2,-2.3880108890012988,False,2.3880108890012988,0.0,INIT
2025-12-04T20:52:22.402440,1475.618367556,0.2000000000106253,2.5882003719899247,0.2,-2.3882003719792992,False,2.3882003719792992,0.0,INIT
2025-12-04T20:52:22.404047,1475.619981069,0.2000000000106253,2.5882003719899247,0.2,-2.3882003719792992,False,2.3882003719792992,0.0,INIT
2025-12-04T20:52:22.405016,1475.620946222,0.2000000000106253,2.5882003719899247,0.2,-2.3882003719792992,False,2.3882003719792992,0.0,INIT
2025-12-04T20:52:22.411828,1475.627760526,0.2000000000106253,2.5883604626123233,0.2,-2.388360462601698,False,2.388360462601698,0.0,INIT
2025-12-04T20:52:22.413013,1475.628949833,0.2000000000106253,2.5883604626123233,0.2,-2.388360462601698,False,2.388360462601698,0.0,INIT
2025-12-04T20:52:22.421120,1475.637052491,0.2000000000106253,2.588491745970563,0.2,-2.3884917459599375,False,2.3884917459599375,0.0,INIT
2025-12-04T20:52:22.433654,1475.649586639,0.20000000001124424,2.588491745970563,0.2,-2.388491745959319,False,2.388491745959319,0.0,INIT
2025-12-04T20:52:22.442883,1475.658814181,0.20000000001124424,2.5885947922460826,0.2,-2.3885947922348385,False,2.3885947922348385,0.0,INIT
2025-12-04T20:52:22.462827,1475.67875774,0.20000000001062532,2.5885947922460826,0.2,-2.388594792235457,False,2.388594792235457,0.0,INIT
2025-12-04T20:52:22.476062,1475.692013429,0.20000000001062532,2.5886701571648594,0.2,-2.388670157154234,False,2.388670157154234,0.0,INIT
2025-12-04T20:52:22.493906,1475.709839431,0.2000000000118632,2.5886701571648594,0.2,-2.3886701571529962,False,2.3886701571529962,0.0,INIT
2025-12-04T20:52:22.495262,1475.71118996,0.2000000000118632,2.5887183824360154,0.2,-2.3887183824241522,False,2.3887183824241522,0.0,INIT
2025-12-04T20:52:22.500233,1475.716166006,0.2000000000118632,2.5887183824360154,0.2,-2.3887183824241522,False,2.3887183824241522,0.0,INIT
2025-12-04T20:52:22.508548,1475.724478234,0.2000000000106253,2.5887183824360154,0.2,-2.38871838242539,False,2.38871838242539,0.0,INIT
2025-12-04T20:52:22.557703,1475.773669191,0.2000000000106253,2.5887399961753985,0.2,-2.388739996164773,False,2.388739996164773,0.0,INIT
2025-12-04T20:52:22.603805,1475.819760494,0.2000000000106253,2.5887399961753985,0.2,-2.388739996164773,False,2.388739996164773,0.0,INIT
2025-12-04T20:52:22.628570,1475.844501597,0.2000000000106253,2.588735513314388,0.2,-2.3887355133037627,False,2.3887355133037627,0.0,INIT
2025-12-04T20:52:22.630953,1475.846888367,0.20000000001124424,2.588735513314388,0.2,-2.388735513303144,False,2.388735513303144,0.0,INIT
2025-12-04T20:52:22.632572,1475.848501846,0.20000000001124424,2.5887054359947825,0.2,-2.3887054359835385,False,2.3887054359835385,0.0,INIT
2025-12-04T20:52:22.633395,1475.84932022,0.20000000001124424,2.5887054359947825,0.2,-2.3887054359835385,False,2.3887054359835385,0.0,INIT
2025-12-04T20:52:22.634054,1475.849980921,0.20000000001124424,2.5886502539500427,0.2,-2.3886502539387986,False,2.3886502539387986,0.0,INIT
2025-12-04T20:52:22.635099,1475.85102393,0.20000000001124424,2.5886502539500427,0.2,-2.3886502539387986,False,2.3886502539387986,0.0,INIT
2025-12-04T20:52:22.635768,1475.851692929,0.20000000001124424,2.5885704448736186,0.2,-2.3885704448623746,False,2.3885704448623746,0.0,INIT
2025-12-04T20:52:22.640258,1475.856192028,0.2000000000106253,2.5885704448736186,0.2,-2.388570444862993,False,2.388570444862993,0.0,INIT
2025-12-04T20:52:22.641536,1475.857466371,0.2000000000106253,2.5884664747746555,0.2,-2.38846647476403,False,2.38846647476403,0.0,INIT
2025-12-04T20:52:22.643138,1475.859066652,0.2000000000106253,2.5884664747746555,0.2,-2.38846647476403,False,2.38846647476403,0.0,INIT
2025-12-04T20:52:22.651106,1475.867038553,0.2000000000106253,2.5883387983217325,0.2,-2.388338798311107,False,2.388338798311107,0.0,INIT
2025-12-04T20:52:22.663675,1475.879608908,0.20000000001124424,2.5883387983217325,0.2,-2.3883387983104885,False,2.3883387983104885,0.0,INIT
2025-12-04T20:52:22.677202,1475.893133588,0.20000000001124424,2.588187859174907,0.2,-2.3881878591636627,False,2.3881878591636627,0.0,INIT
2025-12-04T20:52:22.682318,1475.898246046,0.2000000000106253,2.588187859174907,0.2,-2.3881878591642813,False,2.3881878591642813,0.0,INIT
2025-12-04T20:52:22.693843,1475.909775978,0.2000000000106253,2.5880140903066646,0.2,-2.388014090296039,False,2.388014090296039,0.0,INIT
2025-12-04T20:52:22.716073,1475.932012886,0.2000000000106253,2.5880140903066646,0.2,-2.388014090296039,False,2.388014090296039,0.0,INIT
2025-12-04T20:52:22.717467,1475.933398473,0.2000000000106253,2.5878179143120406,0.2,-2.387817914301415,False,2.387817914301415,0.0,INIT
2025-12-04T20:52:22.727066,1475.942999816,0.2000000000106253,2.5878179143120406,0.2,-2.387817914301415,False,2.387817914301415,0.0,INIT
2025-12-04T20:52:22.756211,1475.972148056,0.2000000000106253,2.5878179143120406,0.2,-2.387817914301415,False,2.387817914301415,0.0,INIT
2025-12-04T20:52:22.759043,1475.97497818,0.20000000001062532,2.5875997437084424,0.2,-2.387599743697817,False,2.387599743697817,0.0,INIT
2025-12-04T20:52:22.761198,1475.977130262,0.20000000001062532,2.5875997437084424,0.2,-2.387599743697817,False,2.387599743697817,0.0,INIT
2025-12-04T20:52:22.773752,1475.98969415,0.20000000001062532,2.5873599812254735,0.2,-2.387359981214848,False,2.387359981214848,0.0,INIT
2025-12-04T20:52:22.780629,1475.996568378,0.2000000000106253,2.5873599812254735,0.2,-2.387359981214848,False,2.387359981214848,0.0,INIT
2025-12-04T20:52:22.792696,1476.008634308,0.2000000000106253,2.587099020085141,0.2,-2.3870990200745155,False,2.3870990200745155,0.0,INIT
2025-12-04T20:52:22.808620,1476.024557052,0.2000000000106253,2.587099020085141,0.2,-2.3870990200745155,False,2.3870990200745155,0.0,INIT
2025-12-04T20:52:22.815940,1476.031868512,0.2000000000106253,2.5868172442728845,0.2,-2.386817244262259,False,2.386817244262259,0.0,INIT
2025-12-04T20:52:22.834569,1476.050502739,0.2000000000106253,2.5865150287995355,0.2,-2.38651502878891,False,2.38651502878891,0.0,INIT
2025-12-04T20:52:22.839653,1476.055595654,0.2000000000106253,2.5865150287995355,0.2,-2.38651502878891,False,2.38651502878891,0.0,INIT
2025-12-04T20:52:22.862561,1476.0784983,0.2000000000106253,2.5865150287995355,0.2,-2.38651502878891,False,2.38651502878891,0.0,INIT
2025-12-04T20:52:22.865172,1476.081121914,0.2000000000106253,2.5865150287995355,0.2,-2.38651502878891,False,2.38651502878891,0.0,INIT
2025-12-04T20:52:22.869677,1476.085617514,0.2000000000106253,2.586192739954889,0.2,-2.3861927399442635,False,2.3861927399442635,0.0,INIT
2025-12-04T20:52:22.943729,1476.15965853,0.20000000001062532,2.586192739954889,0.2,-2.3861927399442635,False,2.3861927399442635,0.0,INIT
2025-12-04T20:52:22.947684,1476.163617674,0.20000000001062532,2.585850735552853,0.2,-2.3858507355422276,False,2.3858507355422276,0.0,INIT
2025-12-04T20:52:22.949173,1476.165108795,0.20000000001062532,2.585850735552853,0.2,-2.3858507355422276,False,2.3858507355422276,0.0,INIT
2025-12-04T20:52:22.949968,1476.165902201,0.20000000001062532,2.585489365168721,0.2,-2.3854893651580955,False,2.3854893651580955,0.0,INIT
2025-12-04T20:52:22.950494,1476.166418421,0.20000000001062532,2.5851089703686982,0.2,-2.385108970358073,False,2.385108970358073,0.0,INIT
2025-12-04T20:52:22.951391,1476.167318065,0.20000000001062532,2.5851089703686982,0.2,-2.385108970358073,False,2.385108970358073,0.0,INIT
2025-12-04T20:52:22.951938,1476.16786332,0.20000000001062532,2.584709884932076,0.2,-2.3847098849214508,False,2.3847098849214508,0.0,INIT
2025-12-04T20:52:22.953783,1476.169709288,0.20000000001062532,2.584709884932076,0.2,-2.3847098849214508,False,2.3847098849214508,0.0,INIT
2025-12-04T20:52:22.965321,1476.181254248,0.2000000000106253,2.584709884932076,0.2,-2.3847098849214508,False,2.3847098849214508,0.0,INIT
2025-12-04T20:52:22.991994,1476.207939812,0.2000000000106253,2.5842924350662315,0.2,-2.384292435055606,False,2.384292435055606,0.0,INIT
2025-12-04T20:52:22.994772,1476.210705464,0.2000000000106253,2.5842924350662315,0.2,-2.384292435055606,False,2.384292435055606,0.0,INIT
2025-12-04T20:52:23.024535,1476.240483617,0.2000000000106253,2.583856939614809,0.2,-2.3838569396041835,False,2.3838569396041835,0.0,INIT
2025-12-04T20:52:23.029180,1476.245111175,0.20000000001062532,2.583856939614809,0.2,-2.3838569396041835,False,2.3838569396041835,0.0,INIT
2025-12-04T20:52:23.030262,1476.246189467,0.20000000001062532,2.583403710259172,0.2,-2.3834037102485466,False,2.3834037102485466,0.0,INIT
2025-12-04T20:52:23.031073,1476.247019401,0.20000000001062532,2.583403710259172,0.2,-2.3834037102485466,False,2.3834037102485466,0.0,INIT
2025-12-04T20:52:23.058188,1476.27412837,0.20000000001062532,2.582933051713572,0.2,-2.3829330517029463,False,2.3829330517029463,0.0,INIT
2025-12-04T20:52:23.063702,1476.279636469,0.2000000000118632,2.582933051713572,0.2,-2.3829330517017087,False,2.3829330517017087,0.0,INIT
2025-12-04T20:52:23.064874,1476.2808033,0.2000000000118632,2.5824452619140326,0.2,-2.3824452619021694,False,2.3824452619021694,0.0,INIT
2025-12-04T20:52:23.078998,1476.294930601,0.2000000000118632,2.5824452619140326,0.2,-2.3824452619021694,False,2.3824452619021694,0.0,INIT
2025-12-04T20:52:23.085326,1476.301259459,0.2000000000106253,2.5824452619140326,0.2,-2.382445261903407,False,2.382445261903407,0.0,INIT
2025-12-04T20:52:23.097815,1476.313751329,0.2000000000106253,2.5819406322014364,0.2,-2.381940632190811,False,2.381940632190811,0.0,INIT
2025-12-04T20:52:23.110048,1476.325977612,0.20000000001124424,2.5819406322014364,0.2,-2.3819406321901924,False,2.3819406321901924,0.0,INIT
2025-12-04T20:52:23.119005,1476.334944704,0.20000000001124424,2.581419447498675,0.2,-2.381419447487431,False,2.381419447487431,0.0,INIT
2025-12-04T20:52:23.128418,1476.34435292,0.2000000000106253,2.581419447498675,0.2,-2.3814194474880495,False,2.3814194474880495,0.0,INIT
2025-12-04T20:52:23.139364,1476.355294148,0.2000000000106253,2.580881986482461,0.2,-2.3808819864718354,False,2.3808819864718354,0.0,INIT
2025-12-04T20:52:23.158655,1476.374586993,0.20000000001124424,2.580881986482461,0.2,-2.3808819864712167,False,2.3808819864712167,0.0,INIT
2025-12-04T20:52:23.170719,1476.386667817,0.20000000001124424,2.5803285217496628,0.2,-2.3803285217384187,False,2.3803285217384187,0.0,INIT
2025-12-04T20:52:23.173736,1476.389668435,0.2000000000106253,2.5803285217496628,0.2,-2.3803285217390373,False,2.3803285217390373,0.0,INIT
2025-12-04T20:52:23.182730,1476.398657404,0.2000000000106253,2.5797593199785585,0.2,-2.379759319967933,False,2.379759319967933,0.0,INIT
2025-12-04T20:52:23.194553,1476.410485574,0.20000000001124424,2.5797593199785585,0.2,-2.3797593199673144,False,2.3797593199673144,0.0,INIT
2025-12-04T20:52:23.206580,1476.422528437,0.20000000001124424,2.5791746420850634,0.2,-2.3791746420738193,False,2.3791746420738193,0.0,INIT
2025-12-04T20:52:23.256487,1476.472421374,0.2000000000106253,2.5791746420850634,0.2,-2.379174642074438,False,2.379174642074438,0.0,INIT
2025-12-04T20:52:23.261217,1476.47715018,0.2000000000106253,2.5785747433742134,0.2,-2.378574743363588,False,2.378574743363588,0.0,INIT
2025-12-04T20:52:23.262850,1476.478781305,0.2000000000106253,2.5785747433742134,0.2,-2.378574743363588,False,2.378574743363588,0.0,INIT
2025-12-04T20:52:23.263558,1476.479485553,0.2000000000106253,2.577959873686944,0.2,-2.3779598736763186,False,2.3779598736763186,0.0,INIT
2025-12-04T20:52:23.264426,1476.480352149,0.2000000000106253,2.577959873686944,0.2,-2.3779598736763186,False,2.3779598736763186,0.0,INIT
2025-12-04T20:52:23.272654,1476.488600045,0.2000000000106253,2.5773302775424742,0.2,-2.377330277531849,False,2.377330277531849,0.0,INIT
2025-12-04T20:52:23.362065,1476.577999204,0.2000000000106253,2.5773302775424742,0.2,-2.377330277531849,False,2.377330277531849,0.0,INIT
2025-12-04T20:52:23.369718,1476.585653981,0.2000000000106253,2.5766861942762915,0.2,-2.376686194265666,False,2.376686194265666,0.0,INIT
2025-12-04T20:52:23.371376,1476.587316764,0.2000000000106253,2.5766861942762915,0.2,-2.376686194265666,False,2.376686194265666,0.0,INIT
2025-12-04T20:52:23.372375,1476.588303928,0.2000000000106253,2.576027858174003,0.2,-2.3760278581633774,False,2.3760278581633774,0.0,INIT
2025-12-04T20:52:23.373031,1476.588955559,0.2000000000106253,2.576027858174003,0.2,-2.3760278581633774,False,2.3760278581633774,0.0,INIT
2025-12-04T20:52:23.373981,1476.589909237,0.2000000000106253,2.576027858174003,0.2,-2.3760278581633774,False,2.3760278581633774,0.0,INIT
2025-12-04T20:52:23.374924,1476.590849298,0.2000000000106253,2.575355498601189,0.2,-2.3753554985905634,False,2.3753554985905634,0.0,INIT
2025-12-04T20:52:23.375934,1476.591861836,0.2000000000106253,2.575355498601189,0.2,-2.3753554985905634,False,2.3753554985905634,0.0,INIT
2025-12-04T20:52:23.376982,1476.592910477,0.2000000000106253,2.5746693401292564,0.2,-2.374669340118631,False,2.374669340118631,0.0,INIT
2025-12-04T20:52:23.389107,1476.605041595,0.2000000000106253,2.573969602657691,0.2,-2.3739696026470654,False,2.3739696026470654,0.0,INIT
2025-12-04T20:52:23.391463,1476.60740367,0.2000000000106253,2.573969602657691,0.2,-2.3739696026470654,False,2.3739696026470654,0.0,INIT
2025-12-04T20:52:23.401614,1476.617546351,0.2000000000106253,2.5732565015324855,0.2,-2.37325650152186,False,2.37325650152186,0.0,INIT
2025-12-04T20:52:23.413283,1476.629212412,0.2000000000106253,2.5732565015324855,0.2,-2.37325650152186,False,2.37325650152186,0.0,INIT
2025-12-04T20:52:23.425930,1476.641868907,0.2000000000106253,2.5732565015324855,0.2,-2.37325650152186,False,2.37325650152186,0.0,INIT
2025-12-04T20:52:23.434746,1476.650680369,0.2000000000106253,2.5725302476612466,0.2,-2.372530247650621,False,2.372530247650621,0.0,INIT
2025-12-04T20:52:23.473185,1476.6891207,0.2000000000106253,2.5725302476612466,0.2,-2.372530247650621,False,2.372530247650621,0.0,INIT
2025-12-04T20:52:23.494233,1476.710163459,0.2000000000106253,2.5717910476247416,0.2,-2.371791047614116,False,2.371791047614116,0.0,INIT
2025-12-04T20:52:23.496043,1476.711973126,0.2000000000106253,2.5717910476247416,0.2,-2.371791047614116,False,2.371791047614116,0.0,INIT
2025-12-04T20:52:23.496891,1476.712821313,0.2000000000106253,2.5710391037852993,0.2,-2.371039103774674,False,2.371039103774674,0.0,INIT
2025-12-04T20:52:23.498279,1476.714214878,0.2000000000106253,2.5710391037852993,0.2,-2.371039103774674,False,2.371039103774674,0.0,INIT
2025-12-04T20:52:23.503403,1476.719338909,0.2000000000106253,2.5702746143919297,0.2,-2.3702746143813043,False,2.3702746143813043,0.0,INIT
2025-12-04T20:52:23.510346,1476.726274708,0.20000000001062532,2.5702746143919297,0.2,-2.3702746143813043,False,2.3702746143813043,0.0,INIT
2025-12-04T20:52:23.528907,1476.744844051,0.20000000001062532,2.5694977736824676,0.2,-2.369497773671842,False,2.369497773671842,0.0,INIT
2025-12-04T20:52:23.532079,1476.748024328,0.2000000000106253,2.5694977736824676,0.2,-2.369497773671842,False,2.369497773671842,0.0,INIT
2025-12-04T20:52:23.542971,1476.758901646,0.2000000000106253,2.5687087719826858,0.2,-2.3687087719720603,False,2.3687087719720603,0.0,INIT
2025-12-04T20:52:23.554121,1476.770064477,0.2000000000106253,2.5687087719826858,0.2,-2.3687087719720603,False,2.3687087719720603,0.0,INIT
2025-12-04T20:52:23.563703,1476.779635903,0.2000000000106253,2.567907795802581,0.2,-2.3679077957919556,False,2.3679077957919556,0.0,INIT
2025-12-04T20:52:23.588199,1476.80412994,0.20000000001124424,2.567907795802581,0.2,-2.367907795791337,False,2.367907795791337,0.0,INIT
2025-12-04T20:52:23.590065,1476.805997856,0.20000000001124424,2.5670950279298506,0.2,-2.3670950279186065,False,2.3670950279186065,0.0,INIT
2025-12-04T20:52:23.597963,1476.813906543,0.20000000001062532,2.5670950279298506,0.2,-2.367095027919225,False,2.367095027919225,0.0,INIT
2025-12-04T20:52:23.606667,1476.822598607,0.20000000001062532,2.5662706475207484,0.2,-2.366270647510123,False,2.366270647510123,0.0,INIT
2025-12-04T20:52:23.617789,1476.833717657,0.2000000000118632,2.5662706475207484,0.2,-2.3662706475088853,False,2.3662706475088853,0.0,INIT
2025-12-04T20:52:23.629121,1476.845048381,0.2000000000118632,2.565434830188254,0.2,-2.365434830176391,False,2.365434830176391,0.0,INIT
2025-12-04T20:52:23.639706,1476.855635167,0.2000000000106253,2.565434830188254,0.2,-2.3654348301776285,False,2.3654348301776285,0.0,INIT
2025-12-04T20:52:23.650215,1476.86614553,0.2000000000106253,2.5645877480878507,0.2,-2.3645877480772253,False,2.3645877480772253,0.0,INIT
2025-12-04T20:52:23.663631,1476.879565698,0.20000000001124424,2.5645877480878507,0.2,-2.3645877480766067,False,2.3645877480766067,0.0,INIT
2025-12-04T20:52:23.681860,1476.897796178,0.20000000001124424,2.563729570000734,0.2,-2.36372956998949,False,2.36372956998949,0.0,INIT
2025-12-04T20:52:23.696705,1476.912641473,0.2000000000106253,2.563729570000734,0.2,-2.3637295699901086,False,2.3637295699901086,0.0,INIT
2025-12-04T20:52:23.697820,1476.913748811,0.2000000000106253,2.562860461414795,0.2,-2.3628604614041695,False,2.3628604614041695,0.0,INIT
2025-12-04T20:52:23.705300,1476.921231539,0.20000000001124424,2.562860461414795,0.2,-2.362860461403551,False,2.362860461403551,0.0,INIT
2025-12-04T20:52:23.717184,1476.933113979,0.20000000001124424,2.5619805846032477,0.2,-2.3619805845920037,False,2.3619805845920037,0.0,INIT
2025-12-04T20:52:23.741006,1476.956936711,0.2000000000106253,2.5619805846032477,0.2,-2.3619805845926223,False,2.3619805845926223,0.0,INIT
2025-12-04T20:52:23.742133,1476.958061852,0.2000000000106253,2.5610900987010954,0.2,-2.36109009869047,False,2.36109009869047,0.0,INIT
2025-12-04T20:52:23.753414,1476.969365816,0.20000000001124424,2.5610900987010954,0.2,-2.3610900986898513,False,2.3610900986898513,0.0,INIT
2025-12-04T20:52:23.797179,1477.013109479,0.20000000001124424,2.560189159779438,0.2,-2.360189159768194,False,2.360189159768194,0.0,INIT
2025-12-04T20:52:23.800305,1477.016239826,0.20000000001124424,2.560189159779438,0.2,-2.360189159768194,False,2.360189159768194,0.0,INIT
2025-12-04T20:52:23.801292,1477.017224295,0.20000000001124424,2.559277920917742,0.2,-2.359277920906498,False,2.359277920906498,0.0,INIT
2025-12-04T20:52:23.802383,1477.018310795,0.20000000001124424,2.559277920917742,0.2,-2.359277920906498,False,2.359277920906498,0.0,INIT
2025-12-04T20:52:23.829372,1477.045305223,0.20000000001124424,2.5583565322740727,0.2,-2.3583565322628286,False,2.3583565322628286,0.0,INIT
2025-12-04T20:52:23.832421,1477.048353406,0.2000000000106253,2.5583565322740727,0.2,-2.358356532263447,False,2.358356532263447,0.0,INIT
2025-12-04T20:52:23.833239,1477.049166981,0.2000000000106253,2.5574251411534368,0.2,-2.3574251411428113,False,2.3574251411428113,0.0,INIT
2025-12-04T20:52:23.838759,1477.054692644,0.2000000000106253,2.5574251411534368,0.2,-2.3574251411428113,False,2.3574251411428113,0.0,INIT
2025-12-04T20:52:23.848305,1477.064233903,0.2000000000106253,2.5564838920742137,0.2,-2.356483892063588,False,2.356483892063588,0.0,INIT
2025-12-04T20:52:23.860376,1477.076311582,0.2000000000106253,2.5564838920742137,0.2,-2.356483892063588,False,2.356483892063588,0.0,INIT
2025-12-04T20:52:23.871398,1477.087338082,0.2000000000106253,2.5555329268327593,0.2,-2.355532926822134,False,2.355532926822134,0.0,INIT
2025-12-04T20:52:23.884420,1477.100353471,0.20000000001062532,2.5555329268327593,0.2,-2.355532926822134,False,2.355532926822134,0.0,INIT
2025-12-04T20:52:23.895655,1477.111592089,0.20000000001062532,2.5545723845663213,0.2,-2.354572384555696,False,2.354572384555696,0.0,INIT
2025-12-04T20:52:23.903744,1477.119682878,0.2000000000106253,2.5545723845663213,0.2,-2.354572384555696,False,2.354572384555696,0.0,INIT
2025-12-04T20:52:23.918604,1477.134538983,0.2000000000106253,2.5536024018141417,0.2,-2.353602401803516,False,2.353602401803516,0.0,INIT
2025-12-04T20:52:23.925764,1477.141694309,0.2000000000106253,2.5536024018141417,0.2,-2.353602401803516,False,2.353602401803516,0.0,INIT
2025-12-04T20:52:23.936676,1477.152624006,0.2000000000106253,2.552623112577022,0.2,-2.3526231125663966,False,2.3526231125663966,0.0,INIT
2025-12-04T20:52:23.948497,1477.164431791,0.2000000000106253,2.552623112577022,0.2,-2.3526231125663966,False,2.3526231125663966,0.0,INIT
2025-12-04T20:52:23.957623,1477.173551415,0.2000000000106253,2.551634648375159,0.2,-2.3516346483645334,False,2.3516346483645334,0.0,INIT
2025-12-04T20:52:23.972200,1477.188140957,0.2000000000106253,2.551634648375159,0.2,-2.3516346483645334,False,2.3516346483645334,0.0,INIT
2025-12-04T20:52:23.979506,1477.195438036,0.2000000000106253,2.5506371383045607,0.2,-2.3506371382939353,False,2.3506371382939353,0.0,INIT
2025-12-04T20:52:23.990537,1477.206476214,0.2000000000106253,2.5506371383045607,0.2,-2.3506371382939353,False,2.3506371382939353,0.0,INIT
2025-12-04T20:52:24.001349,1477.217279231,0.2000000000106253,2.5506371383045607,0.2,-2.3506371382939353,False,2.3506371382939353,0.0,INIT
2025-12-04T20:52:24.012135,1477.22806428,0.2000000000106253,2.54963070909184,0.2,-2.3496307090812145,False,2.3496307090812145,0.0,INIT
2025-12-04T20:52:24.023502,1477.239433558,0.2000000000106253,2.54963070909184,0.2,-2.3496307090812145,False,2.3496307090812145,0.0,INIT
2025-12-04T20:52:24.034148,1477.250079894,0.2000000000106253,2.5486154851476517,0.2,-2.3486154851370262,False,2.3486154851370262,0.0,INIT
2025-12-04T20:52:24.045974,1477.26190566,0.2000000000106253,2.5486154851476517,0.2,-2.3486154851370262,False,2.3486154851370262,0.0,INIT
2025-12-04T20:52:24.074418,1477.290372704,0.2000000000106253,2.5475915886186176,0.2,-2.347591588607992,False,2.347591588607992,0.0,INIT
2025-12-04T20:52:24.079486,1477.295415603,0.2000000000106253,2.5475915886186176,0.2,-2.347591588607992,False,2.347591588607992,0.0,INIT
2025-12-04T20:52:24.080777,1477.296701399,0.2000000000106253,2.546559139437962,0.2,-2.3465591394273364,False,2.3465591394273364,0.0,INIT
2025-12-04T20:52:24.091035,1477.306970648,0.2000000000106253,2.546559139437962,0.2,-2.3465591394273364,False,2.3465591394273364,0.0,INIT
2025-12-04T20:52:24.103017,1477.318962401,0.2000000000106253,2.546559139437962,0.2,-2.3465591394273364,False,2.3465591394273364,0.0,INIT
2025-12-04T20:52:24.109345,1477.32527626,0.2000000000106253,2.545518255374753,0.2,-2.3455182553641274,False,2.3455182553641274,0.0,INIT
2025-12-04T20:52:24.132285,1477.348219608,0.2000000000106253,2.545518255374753,0.2,-2.3455182553641274,False,2.3455182553641274,0.0,INIT
2025-12-04T20:52:24.133518,1477.349448314,0.2000000000106253,2.544469052081908,0.2,-2.3444690520712825,False,2.3444690520712825,0.0,INIT
2025-12-04T20:52:24.144945,1477.360880129,0.2000000000106253,2.544469052081908,0.2,-2.3444690520712825,False,2.3444690520712825,0.0,INIT
2025-12-04T20:52:24.153063,1477.368992338,0.2000000000106253,2.54341164314289,0.2,-2.3434116431322645,False,2.3434116431322645,0.0,INIT
2025-12-04T20:52:24.172082,1477.388027727,0.20000000001062532,2.54341164314289,0.2,-2.3434116431322645,False,2.3434116431322645,0.0,INIT
2025-12-04T20:52:24.175366,1477.391299143,0.20000000001062532,2.542346140117254,0.2,-2.3423461401066286,False,2.3423461401066286,0.0,INIT
2025-12-04T20:52:24.187945,1477.403876605,0.2000000000118632,2.542346140117254,0.2,-2.342346140105391,False,2.342346140105391,0.0,INIT
2025-12-04T20:52:24.196394,1477.412328692,0.2000000000118632,2.541272652584923,0.2,-2.34127265257306,False,2.34127265257306,0.0,INIT
2025-12-04T20:52:24.210503,1477.426438046,0.2000000000106253,2.541272652584923,0.2,-2.3412726525742977,False,2.3412726525742977,0.0,INIT
2025-12-04T20:52:24.218861,1477.434791632,0.2000000000106253,2.5401912881894724,0.2,-2.340191288178847,False,2.340191288178847,0.0,INIT
2025-12-04T20:52:24.241781,1477.457712033,0.20000000001124424,2.5401912881894724,0.2,-2.3401912881782283,False,2.3401912881782283,0.0,INIT
2025-12-04T20:52:24.242961,1477.458890296,0.20000000001124424,2.5391021526800994,0.2,-2.3391021526688554,False,2.3391021526688554,0.0,INIT
2025-12-04T20:52:24.271463,1477.487396881,0.2000000000106253,2.5391021526800994,0.2,-2.339102152669474,False,2.339102152669474,0.0,INIT
2025-12-04T20:52:24.274945,1477.490877724,0.20000000001124424,2.5380053499527016,0.2,-2.3380053499414575,False,2.3380053499414575,0.0,INIT
2025-12-04T20:52:24.276065,1477.491998395,0.20000000001124424,2.5380053499527016,0.2,-2.3380053499414575,False,2.3380053499414575,0.0,INIT
2025-12-04T20:52:24.282748,1477.498679505,0.20000000001124424,2.5369009820897936,0.2,-2.3369009820785496,False,2.3369009820785496,0.0,INIT
2025-12-04T20:52:24.298064,1477.51399694,0.2000000000106253,2.5369009820897936,0.2,-2.336900982079168,False,2.336900982079168,0.0,INIT
2025-12-04T20:52:24.304304,1477.520235593,0.2000000000106253,2.535789149399478,0.2,-2.3357891493888525,False,2.3357891493888525,0.0,INIT
2025-12-04T20:52:24.316681,1477.53262166,0.20000000001124424,2.535789149399478,0.2,-2.335789149388234,False,2.335789149388234,0.0,INIT
2025-12-04T20:52:24.326708,1477.542641879,0.20000000001124424,2.5346699504533596,0.2,-2.3346699504421156,False,2.3346699504421156,0.0,INIT
2025-12-04T20:52:24.338208,1477.554140059,0.2000000000106253,2.5346699504533596,0.2,-2.334669950442734,False,2.334669950442734,0.0,INIT
2025-12-04T20:52:24.348803,1477.564733107,0.2000000000106253,2.5335434821235987,0.2,-2.3335434821129732,False,2.3335434821129732,0.0,INIT
2025-12-04T20:52:24.361477,1477.577408613,0.20000000001124424,2.5335434821235987,0.2,-2.3335434821123546,False,2.3335434821123546,0.0,INIT
2025-12-04T20:52:24.392527,1477.608469936,0.2000000000106253,2.532409839618916,0.2,-2.3324098396082906,False,2.3324098396082906,0.0,INIT
2025-12-04T20:52:24.399541,1477.615482696,0.2000000000106253,2.532409839618916,0.2,-2.3324098396082906,False,2.3324098396082906,0.0,INIT
2025-12-04T20:52:24.401283,1477.617216934,0.20000000001124424,2.5312691165198133,0.2,-2.3312691165085693,False,2.3312691165085693,0.0,INIT
2025-12-04T20:52:24.404929,1477.620882876,0.20000000001124424,2.5312691165198133,0.2,-2.3312691165085693,False,2.3312691165085693,0.0,INIT
2025-12-04T20:52:24.420130,1477.636072855,0.20000000001124424,2.530121404812828,0.2,-2.330121404801584,False,2.330121404801584,0.0,INIT
2025-12-04T20:52:24.432689,1477.648630495,0.2000000000106253,2.530121404812828,0.2,-2.3301214048022025,False,2.3301214048022025,0.0,INIT
2025-12-04T20:52:24.435920,1477.651851826,0.2000000000106253,2.5289667949239902,0.2,-2.328966794913365,False,2.328966794913365,0.0,INIT
2025-12-04T20:52:24.450542,1477.666473614,0.20000000001062532,2.5289667949239902,0.2,-2.328966794913365,False,2.328966794913365,0.0,INIT
2025-12-04T20:52:24.494830,1477.710763089,0.20000000001062532,2.5278053757514147,0.2,-2.3278053757407893,False,2.3278053757407893,0.0,INIT
2025-12-04T20:52:24.499678,1477.715611029,0.2000000000106253,2.5278053757514147,0.2,-2.3278053757407893,False,2.3278053757407893,0.0,INIT
2025-12-04T20:52:24.500782,1477.716707827,0.2000000000106253,2.5266372346971036,0.2,-2.326637234686478,False,2.326637234686478,0.0,INIT
2025-12-04T20:52:24.501614,1477.717541705,0.2000000000106253,2.5266372346971036,0.2,-2.326637234686478,False,2.326637234686478,0.0,INIT
2025-12-04T20:52:24.502981,1477.718912009,0.2000000000106253,2.525462457698021,0.2,-2.3254624576873955,False,2.3254624576873955,0.0,INIT
2025-12-04T20:52:24.512152,1477.728084116,0.2000000000106253,2.525462457698021,0.2,-2.3254624576873955,False,2.3254624576873955,0.0,INIT
2025-12-04T20:52:24.530850,1477.746788568,0.2000000000106253,2.5242811292562743,0.2,-2.324281129245649,False,2.324281129245649,0.0,INIT
2025-12-04T20:52:24.537535,1477.753500037,0.2000000000106253,2.5242811292562743,0.2,-2.324281129245649,False,2.324281129245649,0.0,INIT
2025-12-04T20:52:24.555255,1477.771188639,0.2000000000106253,2.5230933324687133,0.2,-2.323093332458088,False,2.323093332458088,0.0,INIT
2025-12-04T20:52:24.557471,1477.773410875,0.2000000000106253,2.5230933324687133,0.2,-2.323093332458088,False,2.323093332458088,0.0,INIT
2025-12-04T20:52:24.565685,1477.781623127,0.2000000000106253,2.5218991490556846,0.2,-2.321899149045059,False,2.321899149045059,0.0,INIT
2025-12-04T20:52:24.576043,1477.791976752,0.2000000000106253,2.5218991490556846,0.2,-2.321899149045059,False,2.321899149045059,0.0,INIT
2025-12-04T20:52:24.587631,1477.80356927,0.2000000000106253,2.5206986593892005,0.2,-2.320698659378575,False,2.320698659378575,0.0,INIT
2025-12-04T20:52:24.599565,1477.815499598,0.2000000000106253,2.5206986593892005,0.2,-2.320698659378575,False,2.320698659378575,0.0,INIT
2025-12-04T20:52:24.610628,1477.82656107,0.2000000000106253,2.5194919425203137,0.2,-2.3194919425096883,False,2.3194919425096883,0.0,INIT
2025-12-04T20:52:24.622719,1477.838657457,0.2000000000106253,2.5194919425203137,0.2,-2.3194919425096883,False,2.3194919425096883,0.0,INIT
2025-12-04T20:52:24.644246,1477.860185242,0.2000000000106253,2.5182790762059435,0.2,-2.318279076195318,False,2.318279076195318,0.0,INIT
2025-12-04T20:52:24.646812,1477.862744477,0.2000000000106253,2.5182790762059435,0.2,-2.318279076195318,False,2.318279076195318,0.0,INIT
2025-12-04T20:52:24.658167,1477.874098469,0.2000000000106253,2.5170601369349592,0.2,-2.3170601369243338,False,2.3170601369243338,0.0,INIT
2025-12-04T20:52:24.675221,1477.891171104,0.2000000000106253,2.5170601369349592,0.2,-2.3170601369243338,False,2.3170601369243338,0.0,INIT
2025-12-04T20:52:24.678127,1477.89405964,0.2000000000106253,2.5158351999537443,0.2,-2.315835199943119,False,2.315835199943119,0.0,INIT
2025-12-04T20:52:24.700666,1477.916604108,0.2000000000106253,2.5158351999537443,0.2,-2.315835199943119,False,2.315835199943119,0.0,INIT
2025-12-04T20:52:24.754553,1477.970498109,0.2000000000106253,2.5146043392910506,0.2,-2.314604339280425,False,2.314604339280425,0.0,INIT
2025-12-04T20:52:24.758410,1477.974341032,0.2000000000106253,2.5146043392910506,0.2,-2.314604339280425,False,2.314604339280425,0.0,INIT
2025-12-04T20:52:24.759184,1477.975110849,0.2000000000106253,2.5133676277823556,0.2,-2.31336762777173,False,2.31336762777173,0.0,INIT
2025-12-04T20:52:24.759999,1477.975927228,0.2000000000106253,2.5133676277823556,0.2,-2.31336762777173,False,2.31336762777173,0.0,INIT
2025-12-04T20:52:24.760605,1477.976533269,0.2000000000106253,2.5121251370935473,0.2,-2.312125137082922,False,2.312125137082922,0.0,INIT
2025-12-04T20:52:24.761413,1477.977339523,0.2000000000106253,2.5121251370935473,0.2,-2.312125137082922,False,2.312125137082922,0.0,INIT
2025-12-04T20:52:24.766606,1477.982543172,0.2000000000106253,2.5108769377441913,0.2,-2.310876937733566,False,2.310876937733566,0.0,INIT
2025-12-04T20:52:24.774396,1477.990328791,0.20000000001124424,2.5108769377441913,0.2,-2.3108769377329472,False,2.3108769377329472,0.0,INIT
2025-12-04T20:52:24.798060,1478.013998621,0.20000000001124424,2.50962309913007,0.2,-2.309623099118826,False,2.309623099118826,0.0,INIT
2025-12-04T20:52:24.800386,1478.016316988,0.2000000000106253,2.50962309913007,0.2,-2.3096230991194444,False,2.3096230991194444,0.0,INIT
2025-12-04T20:52:24.811693,1478.027623825,0.2000000000106253,2.508363689545366,0.2,-2.3083636895347404,False,2.3083636895347404,0.0,INIT
2025-12-04T20:52:24.818557,1478.034489039,0.20000000001124424,2.508363689545366,0.2,-2.3083636895341217,False,2.3083636895341217,0.0,INIT
2025-12-04T20:52:24.829557,1478.04549117,0.20000000001124424,2.50709877620422,0.2,-2.307098776192976,False,2.307098776192976,0.0,INIT
2025-12-04T20:52:24.840020,1478.055957365,0.2000000000106253,2.50709877620422,0.2,-2.3070987761935946,False,2.3070987761935946,0.0,INIT
2025-12-04T20:52:24.850979,1478.066911346,0.2000000000106253,2.5058284252618606,0.2,-2.305828425251235,False,2.305828425251235,0.0,INIT
2025-12-04T20:52:24.869054,1478.084992089,0.20000000001124424,2.5058284252618606,0.2,-2.3058284252506165,False,2.3058284252506165,0.0,INIT
2025-12-04T20:52:24.875272,1478.091221614,0.20000000001124424,2.5058284252618606,0.2,-2.3058284252506165,False,2.3058284252506165,0.0,INIT
2025-12-04T20:52:24.914954,1478.130886437,0.2000000000106253,2.504552701835159,0.2,-2.3045527018245338,False,2.3045527018245338,0.0,INIT
2025-12-04T20:52:24.917472,1478.133398623,0.20000000001124424,2.5032716700228272,0.2,-2.303271670011583,False,2.303271670011583,0.0,INIT
2025-12-04T20:52:24.917963,1478.13388819,0.20000000001124424,2.5032716700228272,0.2,-2.303271670011583,False,2.303271670011583,0.0,INIT
2025-12-04T20:52:24.918422,1478.134348131,0.20000000001124424,2.5019853929250235,0.2,-2.3019853929137795,False,2.3019853929137795,0.0,INIT
2025-12-04T20:52:24.934725,1478.150660097,0.2000000000106253,2.5019853929250235,0.2,-2.301985392914398,False,2.301985392914398,0.0,INIT
2025-12-04T20:52:24.938907,1478.154838753,0.2000000000106253,2.5006939326626387,0.2,-2.3006939326520133,False,2.3006939326520133,0.0,INIT
2025-12-04T20:52:24.977007,1478.192950447,0.20000000001124424,2.5006939326626387,0.2,-2.3006939326513947,False,2.3006939326513947,0.0,INIT
2025-12-04T20:52:24.979211,1478.195142187,0.2000000000106253,2.4993973503960305,0.2,-2.299397350385405,False,2.299397350385405,0.0,INIT
2025-12-04T20:52:24.980037,1478.195960698,0.2000000000106253,2.4993973503960305,0.2,-2.299397350385405,False,2.299397350385405,0.0,INIT
2025-12-04T20:52:25.002689,1478.218620278,0.2000000000106253,2.4993973503960305,0.2,-2.299397350385405,False,2.299397350385405,0.0,INIT
2025-12-04T20:52:25.006081,1478.222032294,0.20000000001062532,2.4980957063434177,0.2,-2.2980957063327923,False,2.2980957063327923,0.0,INIT
2025-12-04T20:52:25.007842,1478.223769102,0.20000000001062532,2.4980957063434177,0.2,-2.2980957063327923,False,2.2980957063327923,0.0,INIT
2025-12-04T20:52:25.013361,1478.229288247,0.20000000001062532,2.4967890597987914,0.2,-2.296789059788166,False,2.296789059788166,0.0,INIT
2025-12-04T20:52:25.037871,1478.25382655,0.2000000000106253,2.4967890597987914,0.2,-2.296789059788166,False,2.296789059788166,0.0,INIT
2025-12-04T20:52:25.040718,1478.256652059,0.2000000000106253,2.4954774691494643,0.2,-2.295477469138839,False,2.295477469138839,0.0,INIT
2025-12-04T20:52:25.045996,1478.261924864,0.2000000000106253,2.4954774691494643,0.2,-2.295477469138839,False,2.295477469138839,0.0,INIT
2025-12-04T20:52:25.057390,1478.273327115,0.2000000000106253,2.494160991893259,0.2,-2.2941609918826336,False,2.2941609918826336,0.0,INIT
2025-12-04T20:52:25.068888,1478.284820352,0.2000000000106253,2.494160991893259,0.2,-2.2941609918826336,False,2.2941609918826336,0.0,INIT
2025-12-04T20:52:25.079010,1478.294938653,0.2000000000106253,2.4928396846551824,0.2,-2.292839684644557,False,2.292839684644557,0.0,INIT
2025-12-04T20:52:25.107683,1478.32361642,0.2000000000106253,2.4928396846551824,0.2,-2.292839684644557,False,2.292839684644557,0.0,INIT
2025-12-04T20:52:25.112218,1478.328147302,0.2000000000106253,2.49151360320389,0.2,-2.2915136031932644,False,2.2915136031932644,0.0,INIT
2025-12-04T20:52:25.113410,1478.32933808,0.2000000000106253,2.49151360320389,0.2,-2.2915136031932644,False,2.2915136031932644,0.0,INIT
2025-12-04T20:52:25.124228,1478.340168623,0.2000000000106253,2.490182802467662,0.2,-2.2901828024570365,False,2.2901828024570365,0.0,INIT
2025-12-04T20:52:25.136119,1478.352047659,0.2000000000106253,2.490182802467662,0.2,-2.2901828024570365,False,2.2901828024570365,0.0,INIT
2025-12-04T20:52:25.145774,1478.361702595,0.2000000000106253,2.4888473365501094,0.2,-2.288847336539484,False,2.288847336539484,0.0,INIT
2025-12-04T20:52:25.171300,1478.387238329,0.2000000000106253,2.4888473365501094,0.2,-2.288847336539484,False,2.288847336539484,0.0,INIT
2025-12-04T20:52:25.173380,1478.389315525,0.2000000000106253,2.4875072587454516,0.2,-2.287507258734826,False,2.287507258734826,0.0,INIT
2025-12-04T20:52:25.179018,1478.394947938,0.2000000000106253,2.4875072587454516,0.2,-2.287507258734826,False,2.287507258734826,0.0,INIT
2025-12-04T20:52:25.190016,1478.405948292,0.2000000000106253,2.4861626215535466,0.2,-2.286162621542921,False,2.286162621542921,0.0,INIT
2025-12-04T20:52:25.212357,1478.428288447,0.2000000000106253,2.4861626215535466,0.2,-2.286162621542921,False,2.286162621542921,0.0,INIT
2025-12-04T20:52:25.214217,1478.430147233,0.2000000000106253,2.484813476694507,0.2,-2.2848134766838815,False,2.2848134766838815,0.0,INIT
2025-12-04T20:52:25.224568,1478.440499093,0.2000000000106253,2.484813476694507,0.2,-2.2848134766838815,False,2.2848134766838815,0.0,INIT
2025-12-04T20:52:25.234022,1478.449954662,0.2000000000106253,2.483459875123075,0.2,-2.2834598751124497,False,2.2834598751124497,0.0,INIT
2025-12-04T20:52:25.245013,1478.460940613,0.2000000000106253,2.483459875123075,0.2,-2.2834598751124497,False,2.2834598751124497,0.0,INIT
2025-12-04T20:52:25.291702,1478.507634142,0.2000000000106253,2.4821018670426085,0.2,-2.282101867031983,False,2.282101867031983,0.0,INIT
2025-12-04T20:52:25.293930,1478.50986021,0.2000000000118632,2.4821018670426085,0.2,-2.2821018670307454,False,2.2821018670307454,0.0,INIT
2025-12-04T20:52:25.295021,1478.510945667,0.2000000000118632,2.4807395019188343,0.2,-2.280739501906971,False,2.280739501906971,0.0,INIT
2025-12-04T20:52:25.295642,1478.511566718,0.2000000000118632,2.4807395019188343,0.2,-2.280739501906971,False,2.280739501906971,0.0,INIT
2025-12-04T20:52:25.299843,1478.515774989,0.2000000000118632,2.479372828493233,0.2,-2.2793728284813697,False,2.2793728284813697,0.0,INIT
2025-12-04T20:52:25.311211,1478.527156024,0.2000000000118632,2.479372828493233,0.2,-2.2793728284813697,False,2.2793728284813697,0.0,INIT
2025-12-04T20:52:25.321775,1478.537706495,0.2000000000118632,2.479372828493233,0.2,-2.2793728284813697,False,2.2793728284813697,0.0,INIT
2025-12-04T20:52:25.339070,1478.555039069,0.2000000000106253,2.479372828493233,0.2,-2.2793728284826074,False,2.2793728284826074,0.0,INIT
2025-12-04T20:52:25.345119,1478.561067142,0.20000000001124424,2.478001894796231,0.2,-2.2780018947849867,False,2.2780018947849867,0.0,INIT
2025-12-04T20:52:25.370263,1478.586214229,0.20000000001124424,2.476626748159978,0.2,-2.276626748148734,False,2.276626748148734,0.0,INIT
2025-12-04T20:52:25.372826,1478.588762172,0.2000000000106253,2.476626748159978,0.2,-2.2766267481493525,False,2.2766267481493525,0.0,INIT
2025-12-04T20:52:25.377045,1478.59297453,0.2000000000106253,2.4752474352309903,0.2,-2.275247435220365,False,2.275247435220365,0.0,INIT
2025-12-04T20:52:25.388376,1478.604307242,0.20000000001124424,2.4752474352309903,0.2,-2.2752474352197463,False,2.2752474352197463,0.0,INIT
2025-12-04T20:52:25.398247,1478.61418088,0.20000000001124424,2.4738640019824025,0.2,-2.2738640019711585,False,2.2738640019711585,0.0,INIT
2025-12-04T20:52:25.409736,1478.625669153,0.2000000000106253,2.4738640019824025,0.2,-2.273864001971777,False,2.273864001971777,0.0,INIT
2025-12-04T20:52:25.437575,1478.653541808,0.2000000000106253,2.472476493726072,0.2,-2.2724764937154465,False,2.2724764937154465,0.0,INIT
2025-12-04T20:52:25.439813,1478.655738756,0.2000000000106253,2.472476493726072,0.2,-2.2724764937154465,False,2.2724764937154465,0.0,INIT
2025-12-04T20:52:25.453806,1478.669738023,0.20000000001124424,2.472476493726072,0.2,-2.272476493714828,False,2.272476493714828,0.0,INIT
2025-12-04T20:52:25.455583,1478.671510275,0.20000000001124424,2.471084955124301,0.2,-2.2710849551130567,False,2.2710849551130567,0.0,INIT
2025-12-04T20:52:25.498658,1478.714609839,0.20000000001124424,2.471084955124301,0.2,-2.2710849551130567,False,2.2710849551130567,0.0,INIT
2025-12-04T20:52:25.503271,1478.71921603,0.20000000001124424,2.469689430201445,0.2,-2.269689430190201,False,2.269689430190201,0.0,INIT
2025-12-04T20:52:25.571833,1478.787785205,0.2000000000106253,2.469689430201445,0.2,-2.2696894301908195,False,2.2696894301908195,0.0,INIT
2025-12-04T20:52:25.576693,1478.792627743,0.2000000000106253,2.4682899623551604,0.2,-2.268289962344535,False,2.268289962344535,0.0,INIT
2025-12-04T20:52:25.581702,1478.797633979,0.20000000001062532,2.4682899623551604,0.2,-2.268289962344535,False,2.268289962344535,0.0,INIT
2025-12-04T20:52:25.582789,1478.79871593,0.20000000001062532,2.466886594367498,0.2,-2.2668865943568726,False,2.2668865943568726,0.0,INIT
2025-12-04T20:52:25.589060,1478.804991792,0.20000000001062532,2.466886594367498,0.2,-2.2668865943568726,False,2.2668865943568726,0.0,INIT
2025-12-04T20:52:25.590263,1478.806194702,0.20000000001062532,2.465479368415715,0.2,-2.2654793684050896,False,2.2654793684050896,0.0,INIT
2025-12-04T20:52:25.590821,1478.806746387,0.20000000001062532,2.465479368415715,0.2,-2.2654793684050896,False,2.2654793684050896,0.0,INIT
2025-12-04T20:52:25.592042,1478.807971351,0.20000000001062532,2.465479368415715,0.2,-2.2654793684050896,False,2.2654793684050896,0.0,INIT
2025-12-04T20:52:25.593469,1478.809400543,0.20000000001062532,2.464068326082886,0.2,-2.2640683260722607,False,2.2640683260722607,0.0,INIT
2025-12-04T20:52:25.595815,1478.811743411,0.20000000001062532,2.464068326082886,0.2,-2.2640683260722607,False,2.2640683260722607,0.0,INIT
2025-12-04T20:52:25.597417,1478.813345678,0.2000000000106253,2.462653508368283,0.2,-2.2626535083576576,False,2.2626535083576576,0.0,INIT
2025-12-04T20:52:25.605825,1478.821759628,0.2000000000106253,2.462653508368283,0.2,-2.2626535083576576,False,2.2626535083576576,0.0,INIT
2025-12-04T20:52:25.616467,1478.832398335,0.2000000000106253,2.461234955697532,0.2,-2.2612349556869065,False,2.2612349556869065,0.0,INIT
2025-12-04T20:52:25.639018,1478.854951795,0.2000000000106253,2.461234955697532,0.2,-2.2612349556869065,False,2.2612349556869065,0.0,INIT
2025-12-04T20:52:25.639831,1478.855758515,0.2000000000106253,2.459812707932624,0.2,-2.2598127079219985,False,2.2598127079219985,0.0,INIT
2025-12-04T20:52:25.648043,1478.863974425,0.2000000000106253,2.459812707932624,0.2,-2.2598127079219985,False,2.2598127079219985,0.0,INIT
2025-12-04T20:52:25.659819,1478.875750241,0.2000000000106253,2.458386804381586,0.2,-2.2583868043709607,False,2.2583868043709607,0.0,INIT
2025-12-04T20:52:25.672016,1478.887957149,0.2000000000106253,2.458386804381586,0.2,-2.2583868043709607,False,2.2583868043709607,0.0,INIT
2025-12-04T20:52:25.684979,1478.900909161,0.2000000000106253,2.4569572838080997,0.2,-2.2569572837974743,False,2.2569572837974743,0.0,INIT
2025-12-04T20:52:25.690987,1478.906919417,0.2000000000106253,2.4569572838080997,0.2,-2.2569572837974743,False,2.2569572837974743,0.0,INIT
2025-12-04T20:52:25.711539,1478.927498238,0.2000000000106253,2.455524184440823,0.2,-2.2555241844301976,False,2.2555241844301976,0.0,INIT
2025-12-04T20:52:25.716353,1478.932283945,0.2000000000106253,2.455524184440823,0.2,-2.2555241844301976,False,2.2555241844301976,0.0,INIT
2025-12-04T20:52:25.725920,1478.941855077,0.2000000000106253,2.4540875439825873,0.2,-2.254087543971962,False,2.254087543971962,0.0,INIT
2025-12-04T20:52:25.751258,1478.967188936,0.2000000000106253,2.4540875439825873,0.2,-2.254087543971962,False,2.254087543971962,0.0,INIT
2025-12-04T20:52:25.753766,1478.969695767,0.2000000000106253,2.4526473996193427,0.2,-2.2526473996087173,False,2.2526473996087173,0.0,INIT
2025-12-04T20:52:25.757481,1478.973413005,0.2000000000106253,2.4526473996193427,0.2,-2.2526473996087173,False,2.2526473996087173,0.0,INIT
2025-12-04T20:52:25.779582,1478.995524243,0.2000000000106253,2.4512037880289945,0.2,-2.251203788018369,False,2.251203788018369,0.0,INIT
2025-12-04T20:52:25.788031,1479.003964718,0.2000000000106253,2.4512037880289945,0.2,-2.251203788018369,False,2.251203788018369,0.0,INIT
2025-12-04T20:52:25.789453,1479.005380592,0.2000000000106253,2.449756745389978,0.2,-2.2497567453793526,False,2.2497567453793526,0.0,INIT
2025-12-04T20:52:25.799481,1479.015410506,0.2000000000106253,2.449756745389978,0.2,-2.2497567453793526,False,2.2497567453793526,0.0,INIT
2025-12-04T20:52:25.813446,1479.029390312,0.2000000000106253,2.4483063073897657,0.2,-2.2483063073791403,False,2.2483063073791403,0.0,INIT
2025-12-04T20:52:25.868158,1479.084092137,0.2000000000106253,2.4483063073897657,0.2,-2.2483063073791403,False,2.2483063073791403,0.0,INIT
2025-12-04T20:52:25.879144,1479.095086397,0.2000000000118632,2.446852509233082,0.2,-2.246852509221219,False,2.246852509221219,0.0,INIT
2025-12-04T20:52:25.881501,1479.09743249,0.2000000000118632,2.445395385650074,0.2,-2.245395385638211,False,2.245395385638211,0.0,INIT
2025-12-04T20:52:25.882320,1479.098247115,0.2000000000118632,2.445395385650074,0.2,-2.245395385638211,False,2.245395385638211,0.0,INIT
2025-12-04T20:52:25.883121,1479.099049753,0.2000000000118632,2.445395385650074,0.2,-2.245395385638211,False,2.245395385638211,0.0,INIT
2025-12-04T20:52:25.883953,1479.099880741,0.2000000000118632,2.443934970904203,0.2,-2.2439349708923397,False,2.2439349708923397,0.0,INIT
2025-12-04T20:52:25.906410,1479.122353484,0.2000000000118632,2.443934970904203,0.2,-2.2439349708923397,False,2.2439349708923397,0.0,INIT
2025-12-04T20:52:25.911599,1479.127543311,0.2000000000106253,2.443934970904203,0.2,-2.2439349708935774,False,2.2439349708935774,0.0,INIT
2025-12-04T20:52:25.913232,1479.129169576,0.2000000000106253,2.4424712988001103,0.2,-2.242471298789485,False,2.242471298789485,0.0,INIT
2025-12-04T20:52:25.920599,1479.136541872,0.20000000001124424,2.4424712988001103,0.2,-2.242471298788866,False,2.242471298788866,0.0,INIT
2025-12-04T20:52:25.948165,1479.164102576,0.20000000001124424,2.4410044026911724,0.2,-2.2410044026799283,False,2.2410044026799283,0.0,INIT
2025-12-04T20:52:25.951366,1479.167294242,0.2000000000106253,2.4410044026911724,0.2,-2.241004402680547,False,2.241004402680547,0.0,INIT
2025-12-04T20:52:25.963022,1479.178958615,0.2000000000106253,2.4395343154870552,0.2,-2.23953431547643,False,2.23953431547643,0.0,INIT
2025-12-04T20:52:25.979386,1479.195321894,0.20000000001124424,2.4395343154870552,0.2,-2.239534315475811,False,2.239534315475811,0.0,INIT
2025-12-04T20:52:25.981861,1479.197790864,0.2000000000106253,2.4380610696610105,0.2,-2.238061069650385,False,2.238061069650385,0.0,INIT
2025-12-04T20:52:25.987492,1479.203430122,0.2000000000106253,2.4380610696610105,0.2,-2.238061069650385,False,2.238061069650385,0.0,INIT
2025-12-04T20:52:25.997072,1479.213009,0.2000000000106253,2.4365846972571132,0.2,-2.236584697246488,False,2.236584697246488,0.0,INIT
2025-12-04T20:52:26.008832,1479.224769143,0.2000000000106253,2.4365846972571132,0.2,-2.236584697246488,False,2.236584697246488,0.0,INIT
2025-12-04T20:52:26.040664,1479.25662927,0.2000000000106253,2.4365846972571132,0.2,-2.236584697246488,False,2.236584697246488,0.0,INIT
2025-12-04T20:52:26.046653,1479.262591429,0.2000000000106253,2.4351052298972684,0.2,-2.235105229886643,False,2.235105229886643,0.0,INIT
2025-12-04T20:52:26.048325,1479.264258229,0.2000000000106253,2.4351052298972684,0.2,-2.235105229886643,False,2.235105229886643,0.0,INIT
2025-12-04T20:52:26.055230,1479.271162874,0.2000000000106253,2.433622698788178,0.2,-2.2336226987775527,False,2.2336226987775527,0.0,INIT
2025-12-04T20:52:26.121680,1479.33762507,0.20000000001124424,2.433622698788178,0.2,-2.233622698776934,False,2.233622698776934,0.0,INIT
2025-12-04T20:52:26.128652,1479.344578016,0.20000000001124424,2.4321371347280705,0.2,-2.2321371347168264,False,2.2321371347168264,0.0,INIT
2025-12-04T20:52:26.129855,1479.345784907,0.20000000001124424,2.4321371347280705,0.2,-2.2321371347168264,False,2.2321371347168264,0.0,INIT
2025-12-04T20:52:26.130967,1479.346894221,0.20000000001124424,2.430648568113412,0.2,-2.230648568102168,False,2.230648568102168,0.0,INIT
2025-12-04T20:52:26.131709,1479.347634772,0.20000000001124424,2.430648568113412,0.2,-2.230648568102168,False,2.230648568102168,0.0,INIT
2025-12-04T20:52:26.133041,1479.348969282,0.20000000001124424,2.4291570289453652,0.2,-2.229157028934121,False,2.229157028934121,0.0,INIT
2025-12-04T20:52:26.133876,1479.3498009,0.20000000001124424,2.4291570289453652,0.2,-2.229157028934121,False,2.229157028934121,0.0,INIT
2025-12-04T20:52:26.144187,1479.360126709,0.2000000000106253,2.4291570289453652,0.2,-2.2291570289347398,False,2.2291570289347398,0.0,INIT
2025-12-04T20:52:26.173695,1479.389642896,0.2000000000106253,2.4276625468362516,0.2,-2.227662546825626,False,2.227662546825626,0.0,INIT
2025-12-04T20:52:26.177551,1479.393483365,0.2000000000106253,2.4276625468362516,0.2,-2.227662546825626,False,2.227662546825626,0.0,INIT
2025-12-04T20:52:26.178850,1479.394778453,0.20000000001062532,2.4261651510157707,0.2,-2.2261651510051452,False,2.2261651510051452,0.0,INIT
2025-12-04T20:52:26.187073,1479.403029811,0.2000000000106253,2.4261651510157707,0.2,-2.2261651510051452,False,2.2261651510051452,0.0,INIT
2025-12-04T20:52:26.197750,1479.413681919,0.2000000000106253,2.424664870337172,0.2,-2.2246648703265466,False,2.2246648703265466,0.0,INIT
2025-12-04T20:52:26.208315,1479.424248273,0.2000000000106253,2.424664870337172,0.2,-2.2246648703265466,False,2.2246648703265466,0.0,INIT
2025-12-04T20:52:26.234718,1479.450651097,0.2000000000106253,2.4231617332833357,0.2,-2.2231617332727103,False,2.2231617332727103,0.0,INIT
2025-12-04T20:52:26.236893,1479.45282485,0.2000000000106253,2.4231617332833357,0.2,-2.2231617332727103,False,2.2231617332727103,0.0,INIT
2025-12-04T20:52:26.240949,1479.456882016,0.2000000000106253,2.421655767972604,0.2,-2.2216557679619786,False,2.2216557679619786,0.0,INIT
2025-12-04T20:52:26.272020,1479.487951009,0.2000000000106253,2.421655767972604,0.2,-2.2216557679619786,False,2.2216557679619786,0.0,INIT
2025-12-04T20:52:26.277509,1479.493448709,0.2000000000106253,2.421655767972604,0.2,-2.2216557679619786,False,2.2216557679619786,0.0,INIT
2025-12-04T20:52:26.280269,1479.49620292,0.2000000000106253,2.420147002164682,0.2,-2.2201470021540564,False,2.2201470021540564,0.0,INIT
2025-12-04T20:52:26.287018,1479.502953992,0.2000000000106253,2.420147002164682,0.2,-2.2201470021540564,False,2.2201470021540564,0.0,INIT
2025-12-04T20:52:26.294935,1479.510867796,0.2000000000106253,2.4186354632662663,0.2,-2.218635463255641,False,2.218635463255641,0.0,INIT
2025-12-04T20:52:26.304940,1479.520870345,0.2000000000106253,2.4186354632662663,0.2,-2.218635463255641,False,2.218635463255641,0.0,INIT
2025-12-04T20:52:26.316458,1479.532388857,0.2000000000106253,2.417121178336693,0.2,-2.2171211783260674,False,2.2171211783260674,0.0,INIT
2025-12-04T20:52:26.327435,1479.543367745,0.2000000000106253,2.417121178336693,0.2,-2.2171211783260674,False,2.2171211783260674,0.0,INIT
2025-12-04T20:52:26.337479,1479.553413092,0.2000000000106253,2.415604174093371,0.2,-2.2156041740827455,False,2.2156041740827455,0.0,INIT
2025-12-04T20:52:26.357351,1479.573290271,0.2000000000106253,2.415604174093371,0.2,-2.2156041740827455,False,2.2156041740827455,0.0,INIT
2025-12-04T20:52:26.359734,1479.575665649,0.2000000000106253,2.4140844769172203,0.2,-2.214084476906595,False,2.214084476906595,0.0,INIT
2025-12-04T20:52:26.370401,1479.586331872,0.2000000000106253,2.4140844769172203,0.2,-2.214084476906595,False,2.214084476906595,0.0,INIT
2025-12-04T20:52:26.381418,1479.5973609,0.2000000000106253,2.4140844769172203,0.2,-2.214084476906595,False,2.214084476906595,0.0,INIT
2025-12-04T20:52:26.443522,1479.659459266,0.20000000001062532,2.4125621128579073,0.2,-2.212562112847282,False,2.212562112847282,0.0,INIT
2025-12-04T20:52:26.450991,1479.666924808,0.20000000001062532,2.4125621128579073,0.2,-2.212562112847282,False,2.212562112847282,0.0,INIT
2025-12-04T20:52:26.454797,1479.670737387,0.20000000001062532,2.411037107639048,0.2,-2.2110371076284228,False,2.2110371076284228,0.0,INIT
2025-12-04T20:52:26.457346,1479.673278336,0.20000000001124424,2.411037107639048,0.2,-2.211037107627804,False,2.211037107627804,0.0,INIT
2025-12-04T20:52:26.458189,1479.674110663,0.20000000001124424,2.409509486663331,0.2,-2.209509486652087,False,2.209509486652087,0.0,INIT
2025-12-04T20:52:26.471010,1479.686952829,0.20000000001124424,2.4079792750174436,0.2,-2.2079792750061995,False,2.2079792750061995,0.0,INIT
2025-12-04T20:52:26.472285,1479.688219564,0.20000000001124424,2.4079792750174436,0.2,-2.2079792750061995,False,2.2079792750061995,0.0,INIT
2025-12-04T20:52:26.473539,1479.689471101,0.20000000001124424,2.4064464974770132,0.2,-2.206446497465769,False,2.206446497465769,0.0,INIT
2025-12-04T20:52:26.481436,1479.69737627,0.20000000001124424,2.4064464974770132,0.2,-2.206446497465769,False,2.206446497465769,0.0,INIT
2025-12-04T20:52:26.492945,1479.708873746,0.20000000001186322,2.4064464974770132,0.2,-2.20644649746515,False,2.20644649746515,0.0,INIT
2025-12-04T20:52:26.543529,1479.759469587,0.20000000001186322,2.4049111785114237,0.2,-2.2049111784995605,False,2.2049111784995605,0.0,INIT
2025-12-04T20:52:26.548609,1479.764556159,0.20000000001062532,2.4049111785114237,0.2,-2.204911178500798,False,2.204911178500798,0.0,INIT
2025-12-04T20:52:26.551599,1479.767533738,0.20000000001062532,2.4033733422885426,0.2,-2.203373342277917,False,2.203373342277917,0.0,INIT
2025-12-04T20:52:26.552992,1479.768922593,0.20000000001062532,2.4033733422885426,0.2,-2.203373342277917,False,2.203373342277917,0.0,INIT
2025-12-04T20:52:26.554119,1479.77004796,0.20000000001062532,2.4018330126793144,0.2,-2.201833012668689,False,2.201833012668689,0.0,INIT
2025-12-04T20:52:26.556729,1479.77265776,0.20000000001062532,2.4018330126793144,0.2,-2.201833012668689,False,2.201833012668689,0.0,INIT
2025-12-04T20:52:26.567897,1479.7838278,0.20000000001062532,2.4002902132623545,0.2,-2.200290213251729,False,2.200290213251729,0.0,INIT
2025-12-04T20:52:26.659622,1479.875558048,0.2000000000106253,2.4002902132623545,0.2,-2.200290213251729,False,2.200290213251729,0.0,INIT
2025-12-04T20:52:26.664082,1479.880020224,0.2000000000106253,2.3987449673283976,0.2,-2.198744967317772,False,2.198744967317772,0.0,INIT
2025-12-04T20:52:26.674640,1479.890578006,0.2000000000106253,2.3987449673283976,0.2,-2.198744967317772,False,2.198744967317772,0.0,INIT
2025-12-04T20:52:26.676854,1479.892786827,0.2000000000118632,2.3987449673283976,0.2,-2.1987449673165345,False,2.1987449673165345,0.0,INIT
2025-12-04T20:52:26.677947,1479.893885387,0.2000000000118632,2.3971972978847234,0.2,-2.1971972978728602,False,2.1971972978728602,0.0,INIT
2025-12-04T20:52:26.679840,1479.89576968,0.2000000000118632,2.3971972978847234,0.2,-2.1971972978728602,False,2.1971972978728602,0.0,INIT
2025-12-04T20:52:26.681015,1479.896946725,0.2000000000118632,2.395647227659402,0.2,-2.1956472276475387,False,2.1956472276475387,0.0,INIT
2025-12-04T20:52:26.682554,1479.898482782,0.2000000000118632,2.395647227659402,0.2,-2.1956472276475387,False,2.1956472276475387,0.0,INIT
2025-12-04T20:52:26.683781,1479.89971467,0.2000000000118632,2.3940947791055702,0.2,-2.194094779093707,False,2.194094779093707,0.0,INIT
2025-12-04T20:52:26.685341,1479.90127374,0.2000000000118632,2.3940947791055702,0.2,-2.194094779093707,False,2.194094779093707,0.0,INIT
2025-12-04T20:52:26.709307,1479.925251952,0.2000000000118632,2.392539974405559,0.2,-2.192539974393696,False,2.192539974393696,0.0,INIT
2025-12-04T20:52:26.715904,1479.931838127,0.2000000000106253,2.392539974405559,0.2,-2.1925399743949336,False,2.1925399743949336,0.0,INIT
2025-12-04T20:52:26.717379,1479.933308305,0.2000000000106253,2.390982835475026,0.2,-2.1909828354644008,False,2.1909828354644008,0.0,INIT
2025-12-04T20:52:26.720761,1479.936690182,0.2000000000106253,2.390982835475026,0.2,-2.1909828354644008,False,2.1909828354644008,0.0,INIT
2025-12-04T20:52:26.739452,1479.955396952,0.2000000000106253,2.390982835475026,0.2,-2.1909828354644008,False,2.1909828354644008,0.0,INIT
2025-12-04T20:52:26.743433,1479.95937011,0.2000000000106253,2.389423383966891,0.2,-2.1894233839562656,False,2.1894233839562656,0.0,INIT
2025-12-04T20:52:26.759576,1479.975519874,0.20000000001062532,2.389423383966891,0.2,-2.1894233839562656,False,2.1894233839562656,0.0,INIT
2025-12-04T20:52:26.773078,1479.989032387,0.20000000001062532,2.38786164127531,0.2,-2.1878616412646847,False,2.1878616412646847,0.0,INIT
2025-12-04T20:52:26.779736,1479.99567195,0.20000000001062532,2.38786164127531,0.2,-2.1878616412646847,False,2.1878616412646847,0.0,INIT
2025-12-04T20:52:26.788831,1480.004762804,0.20000000001062532,2.386297628539535,0.2,-2.1862976285289095,False,2.1862976285289095,0.0,INIT
2025-12-04T20:52:26.813944,1480.029880116,0.20000000001062532,2.3847313666477206,0.2,-2.184731366637095,False,2.184731366637095,0.0,INIT
2025-12-04T20:52:26.832783,1480.04871045,0.20000000001062532,2.3847313666477206,0.2,-2.184731366637095,False,2.184731366637095,0.0,INIT
2025-12-04T20:52:26.833754,1480.049681854,0.20000000001062532,2.3831628762406547,0.2,-2.1831628762300292,False,2.1831628762300292,0.0,INIT
2025-12-04T20:52:26.834297,1480.050221067,0.20000000001062532,2.3831628762406547,0.2,-2.1831628762300292,False,2.1831628762300292,0.0,INIT
2025-12-04T20:52:26.838736,1480.054667798,0.20000000001062532,2.3831628762406547,0.2,-2.1831628762300292,False,2.1831628762300292,0.0,INIT
2025-12-04T20:52:26.849634,1480.065563735,0.20000000001062532,2.381592177715386,0.2,-2.1815921777047604,False,2.1815921777047604,0.0,INIT
2025-12-04T20:52:26.910478,1480.126426167,0.20000000001062532,2.381592177715386,0.2,-2.1815921777047604,False,2.1815921777047604,0.0,INIT
2025-12-04T20:52:26.917959,1480.133892278,0.2000000000106253,2.3800192912288667,0.2,-2.1800192912182412,False,2.1800192912182412,0.0,INIT
2025-12-04T20:52:26.919165,1480.135096367,0.2000000000106253,2.3800192912288667,0.2,-2.1800192912182412,False,2.1800192912182412,0.0,INIT
2025-12-04T20:52:26.921245,1480.137178479,0.2000000000106253,2.3784442367014504,0.2,-2.178444236690825,False,2.178444236690825,0.0,INIT
2025-12-04T20:52:26.923185,1480.139131921,0.2000000000106253,2.3784442367014504,0.2,-2.178444236690825,False,2.178444236690825,0.0,INIT
2025-12-04T20:52:26.924145,1480.140073552,0.2000000000106253,2.3768670338204307,0.2,-2.1768670338098053,False,2.1768670338098053,0.0,INIT
2025-12-04T20:52:26.925282,1480.141210463,0.2000000000106253,2.3768670338204307,0.2,-2.1768670338098053,False,2.1768670338098053,0.0,INIT
2025-12-04T20:52:26.950318,1480.166249166,0.2000000000106253,2.375287702043374,0.2,-2.1752877020327483,False,2.1752877020327483,0.0,INIT
2025-12-04T20:52:26.951597,1480.167528884,0.2000000000106253,2.375287702043374,0.2,-2.1752877020327483,False,2.1752877020327483,0.0,INIT
2025-12-04T20:52:26.958435,1480.174365941,0.2000000000106253,2.375287702043374,0.2,-2.1752877020327483,False,2.1752877020327483,0.0,INIT
2025-12-04T20:52:26.968572,1480.184503496,0.2000000000106253,2.373706260601523,0.2,-2.1737062605908974,False,2.1737062605908974,0.0,INIT
2025-12-04T20:52:26.990532,1480.206471628,0.2000000000106253,2.373706260601523,0.2,-2.1737062605908974,False,2.1737062605908974,0.0,INIT
2025-12-04T20:52:27.024757,1480.240702897,0.2000000000106253,2.3721227285030757,0.2,-2.1721227284924502,False,2.1721227284924502,0.0,INIT
2025-12-04T20:52:27.027544,1480.243472959,0.20000000001062532,2.3721227285030757,0.2,-2.1721227284924502,False,2.1721227284924502,0.0,INIT
2025-12-04T20:52:27.028849,1480.244780852,0.20000000001062532,2.3705371245364635,0.2,-2.170537124525838,False,2.170537124525838,0.0,INIT
2025-12-04T20:52:27.029637,1480.245564345,0.20000000001062532,2.3705371245364635,0.2,-2.170537124525838,False,2.170537124525838,0.0,INIT
2025-12-04T20:52:27.038242,1480.254181523,0.20000000001062532,2.368949467273465,0.2,-2.1689494672628395,False,2.1689494672628395,0.0,INIT
2025-12-04T20:52:27.049705,1480.265637545,0.20000000001124424,2.368949467273465,0.2,-2.168949467262221,False,2.168949467262221,0.0,INIT
2025-12-04T20:52:27.061648,1480.277581844,0.20000000001124424,2.367359775072382,0.2,-2.1673597750611377,False,2.1673597750611377,0.0,INIT
2025-12-04T20:52:27.070485,1480.286428449,0.20000000001186322,2.367359775072382,0.2,-2.1673597750605187,False,2.1673597750605187,0.0,INIT
2025-12-04T20:52:27.081455,1480.29738695,0.20000000001186322,2.3657680660811096,0.2,-2.1657680660692464,False,2.1657680660692464,0.0,INIT
2025-12-04T20:52:27.111958,1480.327896016,0.20000000001062532,2.3657680660811096,0.2,-2.165768066070484,False,2.165768066070484,0.0,INIT
2025-12-04T20:52:27.115716,1480.331648298,0.20000000001062532,2.364174358240171,0.2,-2.1641743582295456,False,2.1641743582295456,0.0,INIT
2025-12-04T20:52:27.117548,1480.333476998,0.20000000001062532,2.364174358240171,0.2,-2.1641743582295456,False,2.1641743582295456,0.0,INIT
2025-12-04T20:52:27.138030,1480.353961802,0.20000000001062532,2.362578669285643,0.2,-2.1625786692750175,False,2.1625786692750175,0.0,INIT
2025-12-04T20:52:27.139986,1480.355914407,0.20000000001062532,2.362578669285643,0.2,-2.1625786692750175,False,2.1625786692750175,0.0,INIT
2025-12-04T20:52:27.165726,1480.381659266,0.20000000001186322,2.3609810167521097,0.2,-2.1609810167402466,False,2.1609810167402466,0.0,INIT
2025-12-04T20:52:27.167586,1480.383515661,0.20000000001186322,2.3609810167521097,0.2,-2.1609810167402466,False,2.1609810167402466,0.0,INIT
2025-12-04T20:52:27.168919,1480.384847541,0.20000000001186322,2.3593814179755253,0.2,-2.159381417963662,False,2.159381417963662,0.0,INIT
2025-12-04T20:52:27.181076,1480.397020877,0.2000000000106253,2.3593814179755253,0.2,-2.1593814179649,False,2.1593814179649,0.0,INIT
2025-12-04T20:52:27.221526,1480.437478277,0.2000000000106253,2.357779890096068,0.2,-2.1577798900854424,False,2.1577798900854424,0.0,INIT
2025-12-04T20:52:27.242845,1480.45877771,0.2000000000118632,2.357779890096068,0.2,-2.1577798900842047,False,2.1577798900842047,0.0,INIT
2025-12-04T20:52:27.248574,1480.464505325,0.2000000000118632,2.356176450060853,0.2,-2.15617645004899,False,2.15617645004899,0.0,INIT
2025-12-04T20:52:27.249842,1480.46577481,0.2000000000118632,2.354571114626702,0.2,-2.1545711146148387,False,2.1545711146148387,0.0,INIT
2025-12-04T20:52:27.250760,1480.466687399,0.2000000000118632,2.354571114626702,0.2,-2.1545711146148387,False,2.1545711146148387,0.0,INIT
2025-12-04T20:52:27.251285,1480.467211612,0.2000000000118632,2.3529639003628073,0.2,-2.152963900350944,False,2.152963900350944,0.0,INIT
2025-12-04T20:52:27.257066,1480.472998209,0.2000000000106253,2.3529639003628073,0.2,-2.152963900352182,False,2.152963900352182,0.0,INIT
2025-12-04T20:52:27.267238,1480.483166937,0.2000000000106253,2.35135482365341,0.2,-2.1513548236427846,False,2.1513548236427846,0.0,INIT
2025-12-04T20:52:27.280646,1480.496582261,0.2000000000106253,2.35135482365341,0.2,-2.1513548236427846,False,2.1513548236427846,0.0,INIT
2025-12-04T20:52:27.327192,1480.543124366,0.2000000000106253,2.35135482365341,0.2,-2.1513548236427846,False,2.1513548236427846,0.0,INIT
2025-12-04T20:52:27.330205,1480.546139234,0.20000000001062532,2.3497439007003287,0.2,-2.1497439006897032,False,2.1497439006897032,0.0,INIT
2025-12-04T20:52:27.331702,1480.547629219,0.20000000001062532,2.3497439007003287,0.2,-2.1497439006897032,False,2.1497439006897032,0.0,INIT
2025-12-04T20:52:27.332602,1480.548526229,0.20000000001062532,2.348131147525547,0.2,-2.1481311475149214,False,2.1481311475149214,0.0,INIT
2025-12-04T20:52:27.339440,1480.555374136,0.20000000001062532,2.348131147525547,0.2,-2.1481311475149214,False,2.1481311475149214,0.0,INIT
2025-12-04T20:52:27.344000,1480.559933314,0.20000000001062532,2.34651657997372,0.2,-2.1465165799630945,False,2.1465165799630945,0.0,INIT
2025-12-04T20:52:27.364935,1480.580865881,0.20000000001062532,2.34651657997372,0.2,-2.1465165799630945,False,2.1465165799630945,0.0,INIT
2025-12-04T20:52:27.366270,1480.582196344,0.20000000001062532,2.344900213714639,0.2,-2.1449002137040134,False,2.1449002137040134,0.0,INIT
2025-12-04T20:52:27.382335,1480.598267221,0.20000000001062532,2.344900213714639,0.2,-2.1449002137040134,False,2.1449002137040134,0.0,INIT
2025-12-04T20:52:27.389069,1480.605008738,0.20000000001062532,2.343282064245666,0.2,-2.1432820642350405,False,2.1432820642350405,0.0,INIT
2025-12-04T20:52:27.399146,1480.615074882,0.20000000001062532,2.343282064245666,0.2,-2.1432820642350405,False,2.1432820642350405,0.0,INIT
2025-12-04T20:52:27.411940,1480.627882775,0.20000000001062532,2.341662146894084,0.2,-2.1416621468834585,False,2.1416621468834585,0.0,INIT
2025-12-04T20:52:27.421703,1480.637632411,0.20000000001062532,2.3400404768194756,0.2,-2.14004047680885,False,2.14004047680885,0.0,INIT
2025-12-04T20:52:27.433550,1480.649481781,0.2000000000106253,2.3400404768194756,0.2,-2.14004047680885,False,2.14004047680885,0.0,INIT
2025-12-04T20:52:27.444282,1480.660213321,0.2000000000106253,2.3384170690160175,0.2,-2.138417069005392,False,2.138417069005392,0.0,INIT
2025-12-04T20:52:27.458576,1480.674510479,0.2000000000106253,2.3384170690160175,0.2,-2.138417069005392,False,2.138417069005392,0.0,INIT
2025-12-04T20:52:27.466058,1480.68198945,0.2000000000106253,2.3367919383147804,0.2,-2.136791938304155,False,2.136791938304155,0.0,INIT
2025-12-04T20:52:27.480509,1480.696443155,0.2000000000106253,2.3367919383147804,0.2,-2.136791938304155,False,2.136791938304155,0.0,INIT
2025-12-04T20:52:27.488451,1480.704383514,0.2000000000106253,2.335165099385911,0.2,-2.1351650993752855,False,2.1351650993752855,0.0,INIT
2025-12-04T20:52:27.501502,1480.717431281,0.2000000000106253,2.335165099385911,0.2,-2.1351650993752855,False,2.1351650993752855,0.0,INIT
2025-12-04T20:52:27.510288,1480.726221896,0.2000000000106253,2.3335365667408574,0.2,-2.133536566730232,False,2.133536566730232,0.0,INIT
2025-12-04T20:52:27.571801,1480.787732879,0.20000000001062532,2.3335365667408574,0.2,-2.133536566730232,False,2.133536566730232,0.0,INIT
2025-12-04T20:52:27.576530,1480.792467655,0.20000000001062532,2.3319063547345262,0.2,-2.1319063547239008,False,2.1319063547239008,0.0,INIT
2025-12-04T20:52:27.578333,1480.794266574,0.20000000001062532,2.3319063547345262,0.2,-2.1319063547239008,False,2.1319063547239008,0.0,INIT
2025-12-04T20:52:27.579855,1480.795793037,0.20000000001062532,2.3302744775674427,0.2,-2.130274477556817,False,2.130274477556817,0.0,INIT
2025-12-04T20:52:27.581097,1480.797027508,0.20000000001062532,2.3302744775674427,0.2,-2.130274477556817,False,2.130274477556817,0.0,INIT
2025-12-04T20:52:27.613386,1480.829318507,0.20000000001186322,2.3286409492877755,0.2,-2.1286409492759124,False,2.1286409492759124,0.0,INIT
2025-12-04T20:52:27.618506,1480.834441307,0.20000000001186322,2.3286409492877755,0.2,-2.1286409492759124,False,2.1286409492759124,0.0,INIT
2025-12-04T20:52:27.621040,1480.836977078,0.20000000001186322,2.327005783793439,0.2,-2.1270057837815757,False,2.1270057837815757,0.0,INIT
2025-12-04T20:52:27.623270,1480.839202565,0.20000000001062532,2.327005783793439,0.2,-2.1270057837828134,False,2.1270057837828134,0.0,INIT
2025-12-04T20:52:27.624652,1480.840582764,0.20000000001062532,2.325368994834096,0.2,-2.1253689948234706,False,2.1253689948234706,0.0,INIT
2025-12-04T20:52:27.649217,1480.865152916,0.20000000001062532,2.325368994834096,0.2,-2.1253689948234706,False,2.1253689948234706,0.0,INIT
2025-12-04T20:52:27.651176,1480.867104846,0.20000000001062532,2.323730596013222,0.2,-2.1237305960025967,False,2.1237305960025967,0.0,INIT
2025-12-04T20:52:27.653623,1480.869552418,0.20000000001062532,2.323730596013222,0.2,-2.1237305960025967,False,2.1237305960025967,0.0,INIT
2025-12-04T20:52:27.666401,1480.882334711,0.20000000001062532,2.3220906007899504,0.2,-2.122090600779325,False,2.122090600779325,0.0,INIT
2025-12-04T20:52:27.681413,1480.897379255,0.20000000001062532,2.3220906007899504,0.2,-2.122090600779325,False,2.122090600779325,0.0,INIT
2025-12-04T20:52:27.686603,1480.902540449,0.20000000001186322,2.32044902248108,0.2,-2.120449022469217,False,2.120449022469217,0.0,INIT
2025-12-04T20:52:27.697423,1480.913355023,0.20000000001186322,2.318805874262945,0.2,-2.118805874251082,False,2.118805874251082,0.0,INIT
2025-12-04T20:52:27.714579,1480.930517049,0.20000000001186322,2.318805874262945,0.2,-2.118805874251082,False,2.118805874251082,0.0,INIT
2025-12-04T20:52:27.728351,1480.944282494,0.2000000000106253,2.318805874262945,0.2,-2.1188058742523195,False,2.1188058742523195,0.0,INIT
2025-12-04T20:52:27.753055,1480.968993927,0.2000000000106253,2.3171611691733354,0.2,-2.11716116916271,False,2.11716116916271,0.0,INIT
2025-12-04T20:52:27.810148,1481.026084401,0.2000000000106253,2.3171611691733354,0.2,-2.11716116916271,False,2.11716116916271,0.0,INIT
2025-12-04T20:52:27.814882,1481.030813797,0.2000000000106253,2.315514920113258,0.2,-2.1155149201026324,False,2.1155149201026324,0.0,INIT
2025-12-04T20:52:27.815930,1481.031861068,0.2000000000106253,2.315514920113258,0.2,-2.1155149201026324,False,2.1155149201026324,0.0,INIT
2025-12-04T20:52:27.873436,1481.0893759,0.2000000000106253,2.313867139848794,0.2,-2.1138671398381685,False,2.1138671398381685,0.0,INIT
2025-12-04T20:52:27.886655,1481.102598219,0.20000000001062532,2.313867139848794,0.2,-2.1138671398381685,False,2.1138671398381685,0.0,INIT
2025-12-04T20:52:27.890285,1481.106219797,0.20000000001062532,2.3122178410128695,0.2,-2.112217841002244,False,2.112217841002244,0.0,INIT
2025-12-04T20:52:27.891796,1481.107732682,0.20000000001062532,2.3122178410128695,0.2,-2.112217841002244,False,2.112217841002244,0.0,INIT
2025-12-04T20:52:27.893023,1481.108952611,0.20000000001062532,2.3105670361070416,0.2,-2.110567036096416,False,2.110567036096416,0.0,INIT
2025-12-04T20:52:27.893738,1481.109662133,0.20000000001062532,2.3105670361070416,0.2,-2.110567036096416,False,2.110567036096416,0.0,INIT
2025-12-04T20:52:27.895128,1481.111053075,0.20000000001062532,2.3089147375031702,0.2,-2.1089147374925448,False,2.1089147374925448,0.0,INIT
2025-12-04T20:52:27.896118,1481.112043628,0.20000000001062532,2.3072609574451475,0.2,-2.107260957434522,False,2.107260957434522,0.0,INIT
2025-12-04T20:52:27.896913,1481.112841786,0.20000000001062532,2.3072609574451475,0.2,-2.107260957434522,False,2.107260957434522,0.0,INIT
2025-12-04T20:52:27.897537,1481.11346228,0.20000000001062532,2.3056057080505736,0.2,-2.105605708039948,False,2.105605708039948,0.0,INIT
2025-12-04T20:52:27.898439,1481.11436399,0.20000000001062532,2.3056057080505736,0.2,-2.105605708039948,False,2.105605708039948,0.0,INIT
2025-12-04T20:52:27.899627,1481.115550521,0.20000000001062532,2.303949001312401,0.2,-2.1039490013017756,False,2.1039490013017756,0.0,INIT
2025-12-04T20:52:27.906915,1481.12284946,0.20000000001062532,2.303949001312401,0.2,-2.1039490013017756,False,2.1039490013017756,0.0,INIT
2025-12-04T20:52:27.918245,1481.134184932,0.20000000001062532,2.302290849100574,0.2,-2.1022908490899486,False,2.1022908490899486,0.0,INIT
2025-12-04T20:52:27.947081,1481.163030681,0.20000000001062532,2.302290849100574,0.2,-2.1022908490899486,False,2.1022908490899486,0.0,INIT
2025-12-04T20:52:27.951114,1481.167047979,0.20000000001062532,2.3006312631635826,0.2,-2.100631263152957,False,2.100631263152957,0.0,INIT
2025-12-04T20:52:27.951823,1481.167748895,0.20000000001062532,2.3006312631635826,0.2,-2.100631263152957,False,2.100631263152957,0.0,INIT
2025-12-04T20:52:27.962345,1481.178275897,0.20000000001062532,2.298970255130066,0.2,-2.0989702551194407,False,2.0989702551194407,0.0,INIT
2025-12-04T20:52:27.974644,1481.190575806,0.2000000000106253,2.298970255130066,0.2,-2.0989702551194407,False,2.0989702551194407,0.0,INIT
2025-12-04T20:52:28.006239,1481.222175249,0.2000000000106253,2.2973078365103525,0.2,-2.097307836499727,False,2.097307836499727,0.0,INIT
2025-12-04T20:52:28.018452,1481.234387457,0.2000000000106253,2.2973078365103525,0.2,-2.097307836499727,False,2.097307836499727,0.0,INIT
2025-12-04T20:52:28.028379,1481.244309225,0.2000000000106253,2.2956440186980114,0.2,-2.095644018687386,False,2.095644018687386,0.0,INIT
2025-12-04T20:52:28.029688,1481.245618161,0.2000000000106253,2.2956440186980114,0.2,-2.095644018687386,False,2.095644018687386,0.0,INIT
2025-12-04T20:52:28.030706,1481.246638372,0.2000000000106253,2.2939788129713072,0.2,-2.093978812960682,False,2.093978812960682,0.0,INIT
2025-12-04T20:52:28.050363,1481.266305348,0.2000000000106253,2.2939788129713072,0.2,-2.093978812960682,False,2.093978812960682,0.0,INIT
2025-12-04T20:52:28.054028,1481.269985231,0.2000000000106253,2.2923122304947032,0.2,-2.0923122304840778,False,2.0923122304840778,0.0,INIT
2025-12-04T20:52:28.090588,1481.306524028,0.2000000000106253,2.2923122304947032,0.2,-2.0923122304840778,False,2.0923122304840778,0.0,INIT
2025-12-04T20:52:28.095204,1481.311132038,0.2000000000106253,2.2906442823203133,0.2,-2.090644282309688,False,2.090644282309688,0.0,INIT
2025-12-04T20:52:28.096473,1481.312402234,0.2000000000106253,2.2906442823203133,0.2,-2.090644282309688,False,2.090644282309688,0.0,INIT
2025-12-04T20:52:28.097677,1481.313604844,0.2000000000106253,2.288974979389364,0.2,-2.0889749793787384,False,2.0889749793787384,0.0,INIT
2025-12-04T20:52:28.106821,1481.322749397,0.20000000001062532,2.288974979389364,0.2,-2.0889749793787384,False,2.0889749793787384,0.0,INIT
2025-12-04T20:52:28.121667,1481.337623959,0.20000000001062532,2.2873043325335525,0.2,-2.087304332522927,False,2.087304332522927,0.0,INIT
2025-12-04T20:52:28.152401,1481.368343926,0.20000000001186322,2.2873043325335525,0.2,-2.0873043325216893,False,2.0873043325216893,0.0,INIT
2025-12-04T20:52:28.155726,1481.371682152,0.20000000001186322,2.285632352476479,0.2,-2.0856323524646156,False,2.0856323524646156,0.0,INIT
2025-12-04T20:52:28.157541,1481.373472187,0.20000000001186322,2.285632352476479,0.2,-2.0856323524646156,False,2.0856323524646156,0.0,INIT
2025-12-04T20:52:28.175258,1481.391189406,0.20000000001186322,2.28395904983498,0.2,-2.083959049823117,False,2.083959049823117,0.0,INIT
2025-12-04T20:52:28.194760,1481.410701301,0.20000000001062532,2.28395904983498,0.2,-2.0839590498243545,False,2.0839590498243545,0.0,INIT
2025-12-04T20:52:28.197370,1481.413302649,0.20000000001062532,2.2822844351205624,0.2,-2.082284435109937,False,2.082284435109937,0.0,INIT
2025-12-04T20:52:28.198458,1481.414389229,0.20000000001062532,2.2822844351205624,0.2,-2.082284435109937,False,2.082284435109937,0.0,INIT
2025-12-04T20:52:28.207758,1481.423688913,0.20000000001062532,2.2806085187406158,0.2,-2.0806085187299903,False,2.0806085187299903,0.0,INIT
2025-12-04T20:52:28.232010,1481.447945995,0.20000000001062532,2.2806085187406158,0.2,-2.0806085187299903,False,2.0806085187299903,0.0,INIT
2025-12-04T20:52:28.234058,1481.449990248,0.20000000001186322,2.2789313109997984,0.2,-2.0789313109879353,False,2.0789313109879353,0.0,INIT
2025-12-04T20:52:28.304567,1481.520527224,0.20000000001186322,2.2789313109997984,0.2,-2.0789313109879353,False,2.0789313109879353,0.0,INIT
2025-12-04T20:52:28.308966,1481.524900078,0.2000000000106253,2.277252822101291,0.2,-2.0772528220906654,False,2.0772528220906654,0.0,INIT
2025-12-04T20:52:28.310282,1481.526206608,0.2000000000106253,2.277252822101291,0.2,-2.0772528220906654,False,2.0772528220906654,0.0,INIT
2025-12-04T20:52:28.311492,1481.527424881,0.2000000000106253,2.2755730621481245,0.2,-2.075573062137499,False,2.075573062137499,0.0,INIT
2025-12-04T20:52:28.312697,1481.528626241,0.2000000000106253,2.2755730621481245,0.2,-2.075573062137499,False,2.075573062137499,0.0,INIT
2025-12-04T20:52:28.313908,1481.529834395,0.2000000000106253,2.27389204114435,0.2,-2.0738920411337247,False,2.0738920411337247,0.0,INIT
2025-12-04T20:52:28.314962,1481.530900838,0.2000000000106253,2.27389204114435,0.2,-2.0738920411337247,False,2.0738920411337247,0.0,INIT
2025-12-04T20:52:28.342412,1481.558347164,0.2000000000106253,2.2722097689963316,0.2,-2.072209768985706,False,2.072209768985706,0.0,INIT
2025-12-04T20:52:28.355748,1481.571683318,0.2000000000106253,2.2722097689963316,0.2,-2.072209768985706,False,2.072209768985706,0.0,INIT
2025-12-04T20:52:28.358451,1481.574398291,0.2000000000106253,2.2705262555139267,0.2,-2.0705262555033013,False,2.0705262555033013,0.0,INIT
2025-12-04T20:52:28.360092,1481.576022914,0.2000000000106253,2.2705262555139267,0.2,-2.0705262555033013,False,2.0705262555033013,0.0,INIT
2025-12-04T20:52:28.361463,1481.577403424,0.2000000000106253,2.268841510411736,0.2,-2.0688415104011106,False,2.0688415104011106,0.0,INIT
2025-12-04T20:52:28.372151,1481.588109256,0.2000000000106253,2.268841510411736,0.2,-2.0688415104011106,False,2.0688415104011106,0.0,INIT
2025-12-04T20:52:28.381689,1481.597618561,0.2000000000106253,2.267155543310216,0.2,-2.0671555432995907,False,2.0671555432995907,0.0,INIT
2025-12-04T20:52:28.393191,1481.609119882,0.20000000001062532,2.267155543310216,0.2,-2.0671555432995907,False,2.0671555432995907,0.0,INIT
2025-12-04T20:52:28.403299,1481.61923264,0.20000000001062532,2.265468363736879,0.2,-2.0654683637262536,False,2.0654683637262536,0.0,INIT
2025-12-04T20:52:28.413876,1481.62980356,0.20000000001124424,2.265468363736879,0.2,-2.065468363725635,False,2.065468363725635,0.0,INIT
2025-12-04T20:52:28.425449,1481.641394898,0.20000000001124424,2.2637799811274277,0.2,-2.0637799811161837,False,2.0637799811161837,0.0,INIT
2025-12-04T20:52:28.436300,1481.652239731,0.20000000001062532,2.2637799811274277,0.2,-2.0637799811168023,False,2.0637799811168023,0.0,INIT
2025-12-04T20:52:28.447007,1481.662938684,0.20000000001062532,2.262090404826898,0.2,-2.0620904048162725,False,2.0620904048162725,0.0,INIT
2025-12-04T20:52:28.457781,1481.673712265,0.20000000001062532,2.262090404826898,0.2,-2.0620904048162725,False,2.0620904048162725,0.0,INIT
2025-12-04T20:52:28.468435,1481.68436562,0.20000000001062532,2.260399644090776,0.2,-2.0603996440801504,False,2.0603996440801504,0.0,INIT
2025-12-04T20:52:28.479746,1481.695677466,0.20000000001062532,2.260399644090776,0.2,-2.0603996440801504,False,2.0603996440801504,0.0,INIT
2025-12-04T20:52:28.491775,1481.707708391,0.20000000001062532,2.2587077080860496,0.2,-2.058707708075424,False,2.058707708075424,0.0,INIT
2025-12-04T20:52:28.504743,1481.720673588,0.20000000001062532,2.2587077080860496,0.2,-2.058707708075424,False,2.058707708075424,0.0,INIT
2025-12-04T20:52:28.513271,1481.729201253,0.2000000000106253,2.2570146058923326,0.2,-2.057014605881707,False,2.057014605881707,0.0,INIT
2025-12-04T20:52:28.525421,1481.74135387,0.2000000000106253,2.2553203465029066,0.2,-2.055320346492281,False,2.055320346492281,0.0,INIT
2025-12-04T20:52:28.559202,1481.775138325,0.2000000000106253,2.2553203465029066,0.2,-2.055320346492281,False,2.055320346492281,0.0,INIT
2025-12-04T20:52:28.561115,1481.777049157,0.2000000000106253,2.253624938825811,0.2,-2.0536249388151857,False,2.0536249388151857,0.0,INIT
2025-12-04T20:52:28.562623,1481.778556481,0.2000000000106253,2.253624938825811,0.2,-2.0536249388151857,False,2.0536249388151857,0.0,INIT
2025-12-04T20:52:28.581386,1481.797317293,0.2000000000106253,2.251928391684812,0.2,-2.0519283916741866,False,2.0519283916741866,0.0,INIT
2025-12-04T20:52:28.633327,1481.849263118,0.2000000000106253,2.251928391684812,0.2,-2.0519283916741866,False,2.0519283916741866,0.0,INIT
2025-12-04T20:52:28.637685,1481.853614859,0.2000000000106253,2.251928391684812,0.2,-2.0519283916741866,False,2.0519283916741866,0.0,INIT
2025-12-04T20:52:28.638673,1481.854600158,0.2000000000106253,2.2502307138204687,0.2,-2.0502307138098432,False,2.0502307138098432,0.0,INIT
2025-12-04T20:52:28.639374,1481.855297077,0.2000000000106253,2.2502307138204687,0.2,-2.0502307138098432,False,2.0502307138098432,0.0,INIT
2025-12-04T20:52:28.640770,1481.856696604,0.2000000000106253,2.248531913891112,0.2,-2.0485319138804865,False,2.0485319138804865,0.0,INIT
2025-12-04T20:52:28.641442,1481.857370328,0.2000000000106253,2.248531913891112,0.2,-2.0485319138804865,False,2.0485319138804865,0.0,INIT
2025-12-04T20:52:28.646136,1481.862065635,0.2000000000106253,2.246832000473888,0.2,-2.0468320004632625,False,2.0468320004632625,0.0,INIT
2025-12-04T20:52:28.658495,1481.874429651,0.20000000001062532,2.246832000473888,0.2,-2.0468320004632625,False,2.0468320004632625,0.0,INIT
2025-12-04T20:52:28.671237,1481.887170157,0.20000000001062532,2.245130982065656,0.2,-2.0451309820550305,False,2.0451309820550305,0.0,INIT
2025-12-04T20:52:28.679317,1481.895246438,0.20000000001062532,2.245130982065656,0.2,-2.0451309820550305,False,2.0451309820550305,0.0,INIT
2025-12-04T20:52:28.703250,1481.919181151,0.20000000001062532,2.2434288670840035,0.2,-2.043428867073378,False,2.043428867073378,0.0,INIT
2025-12-04T20:52:28.705577,1481.921508053,0.20000000001186322,2.2434288670840035,0.2,-2.0434288670721403,False,2.0434288670721403,0.0,INIT
2025-12-04T20:52:28.724646,1481.940578792,0.20000000001186322,2.241725663868163,0.2,-2.0417256638562997,False,2.0417256638562997,0.0,INIT
2025-12-04T20:52:28.745765,1481.961698518,0.20000000001062532,2.241725663868163,0.2,-2.0417256638575374,False,2.0417256638575374,0.0,INIT
2025-12-04T20:52:28.747834,1481.96376411,0.20000000001062532,2.2400213806800213,0.2,-2.040021380669396,False,2.040021380669396,0.0,INIT
2025-12-04T20:52:28.748774,1481.964701673,0.20000000001062532,2.2400213806800213,0.2,-2.040021380669396,False,2.040021380669396,0.0,INIT
2025-12-04T20:52:28.760686,1481.976622123,0.20000000001062532,2.238316025704931,0.2,-2.0383160256943054,False,2.0383160256943054,0.0,INIT
2025-12-04T20:52:28.766493,1481.982429338,0.20000000001062532,2.238316025704931,0.2,-2.0383160256943054,False,2.0383160256943054,0.0,INIT
2025-12-04T20:52:28.776322,1481.992251979,0.20000000001062532,2.2366096070526993,0.2,-2.036609607042074,False,2.036609607042074,0.0,INIT
2025-12-04T20:52:28.788740,1482.004677298,0.20000000001186322,2.2366096070526993,0.2,-2.036609607040836,False,2.036609607040836,0.0,INIT
2025-12-04T20:52:28.797256,1482.01318706,0.20000000001186322,2.2349021327584424,0.2,-2.0349021327465793,False,2.0349021327465793,0.0,INIT
2025-12-04T20:52:28.813746,1482.029676902,0.2000000000106253,2.2349021327584424,0.2,-2.034902132747817,False,2.034902132747817,0.0,INIT
2025-12-04T20:52:28.818956,1482.034887154,0.2000000000106253,2.2331936107835304,0.2,-2.033193610772905,False,2.033193610772905,0.0,INIT
2025-12-04T20:52:28.829837,1482.045775144,0.2000000000106253,2.2331936107835304,0.2,-2.033193610772905,False,2.033193610772905,0.0,INIT
2025-12-04T20:52:28.840927,1482.056855774,0.2000000000106253,2.231484049016375,0.2,-2.0314840490057495,False,2.0314840490057495,0.0,INIT
2025-12-04T20:52:28.851386,1482.067315462,0.2000000000106253,2.231484049016375,0.2,-2.0314840490057495,False,2.0314840490057495,0.0,INIT
2025-12-04T20:52:28.862448,1482.078382566,0.2000000000106253,2.2297734552733495,0.2,-2.029773455262724,False,2.029773455262724,0.0,INIT
2025-12-04T20:52:28.879249,1482.095179528,0.2000000000118632,2.2297734552733495,0.2,-2.0297734552614863,False,2.0297734552614863,0.0,INIT
2025-12-04T20:52:28.886313,1482.102248757,0.2000000000118632,2.228061837299604,0.2,-2.028061837287741,False,2.028061837287741,0.0,INIT
2025-12-04T20:52:28.959263,1482.175206422,0.2000000000118632,2.228061837299604,0.2,-2.028061837287741,False,2.028061837287741,0.0,INIT
2025-12-04T20:52:28.965799,1482.181732316,0.20000000001124424,2.2263492027699474,0.2,-2.0263492027587033,False,2.0263492027587033,0.0,INIT
2025-12-04T20:52:28.966903,1482.182834214,0.20000000001124424,2.2263492027699474,0.2,-2.0263492027587033,False,2.0263492027587033,0.0,INIT
2025-12-04T20:52:28.968504,1482.184436588,0.20000000001124424,2.2246355592896077,0.2,-2.0246355592783636,False,2.0246355592783636,0.0,INIT
2025-12-04T20:52:28.969503,1482.185434329,0.20000000001124424,2.2246355592896077,0.2,-2.0246355592783636,False,2.0246355592783636,0.0,INIT
2025-12-04T20:52:28.971731,1482.187663169,0.20000000001124424,2.222920914395087,0.2,-2.022920914383843,False,2.022920914383843,0.0,INIT
2025-12-04T20:52:28.972444,1482.188371237,0.20000000001124424,2.222920914395087,0.2,-2.022920914383843,False,2.022920914383843,0.0,INIT
2025-12-04T20:52:28.973571,1482.189499804,0.20000000001124424,2.221205275554949,0.2,-2.021205275543705,False,2.021205275543705,0.0,INIT
2025-12-04T20:52:28.981808,1482.197737738,0.20000000001062532,2.221205275554949,0.2,-2.0212052755443235,False,2.0212052755443235,0.0,INIT
2025-12-04T20:52:28.993976,1482.209907007,0.20000000001062532,2.2194886501706206,0.2,-2.019488650159995,False,2.019488650159995,0.0,INIT
2025-12-04T20:52:29.004980,1482.220913145,0.20000000001062532,2.2194886501706206,0.2,-2.019488650159995,False,2.019488650159995,0.0,INIT
2025-12-04T20:52:29.060144,1482.276092023,0.20000000001062532,2.21777104557718,0.2,-2.0177710455665547,False,2.0177710455665547,0.0,INIT
2025-12-04T20:52:29.064249,1482.280181695,0.20000000001062532,2.21777104557718,0.2,-2.0177710455665547,False,2.0177710455665547,0.0,INIT
2025-12-04T20:52:29.065395,1482.281324451,0.20000000001062532,2.21777104557718,0.2,-2.0177710455665547,False,2.0177710455665547,0.0,INIT
2025-12-04T20:52:29.066510,1482.282435817,0.20000000001062532,2.2160524690440813,0.2,-2.016052469033456,False,2.016052469033456,0.0,INIT
2025-12-04T20:52:29.067496,1482.283438073,0.20000000001062532,2.2160524690440813,0.2,-2.016052469033456,False,2.016052469033456,0.0,INIT
2025-12-04T20:52:29.070136,1482.286080984,0.20000000001062532,2.2143329277759563,0.2,-2.014332927765331,False,2.014332927765331,0.0,INIT
2025-12-04T20:52:29.080361,1482.296292186,0.2000000000106253,2.2143329277759563,0.2,-2.014332927765331,False,2.014332927765331,0.0,INIT
2025-12-04T20:52:29.104751,1482.320700449,0.2000000000106253,2.2126124289133378,0.2,-2.0126124289027123,False,2.0126124289027123,0.0,INIT
2025-12-04T20:52:29.132198,1482.34813538,0.2000000000106253,2.2126124289133378,0.2,-2.0126124289027123,False,2.0126124289027123,0.0,INIT
2025-12-04T20:52:29.138169,1482.354101155,0.2000000000106253,2.2126124289133378,0.2,-2.0126124289027123,False,2.0126124289027123,0.0,INIT
2025-12-04T20:52:29.139414,1482.355345738,0.2000000000106253,2.210890979533443,0.2,-2.0108909795228174,False,2.0108909795228174,0.0,INIT
2025-12-04T20:52:29.140586,1482.356515585,0.2000000000106253,2.2091685866508337,0.2,-2.0091685866402083,False,2.0091685866402083,0.0,INIT
2025-12-04T20:52:29.145490,1482.361420962,0.2000000000106253,2.2091685866508337,0.2,-2.0091685866402083,False,2.0091685866402083,0.0,INIT
2025-12-04T20:52:29.156039,1482.371974165,0.2000000000106253,2.2091685866508337,0.2,-2.0091685866402083,False,2.0091685866402083,0.0,INIT
2025-12-04T20:52:29.167609,1482.383541744,0.2000000000106253,2.2074452572181844,0.2,-2.007445257207559,False,2.007445257207559,0.0,INIT
2025-12-04T20:52:29.193471,1482.40940771,0.2000000000106253,2.2074452572181844,0.2,-2.007445257207559,False,2.007445257207559,0.0,INIT
2025-12-04T20:52:29.195700,1482.411635207,0.2000000000106253,2.2057209981269574,0.2,-2.005720998116332,False,2.005720998116332,0.0,INIT
2025-12-04T20:52:29.225323,1482.441263739,0.2000000000106253,2.2057209981269574,0.2,-2.005720998116332,False,2.005720998116332,0.0,INIT
2025-12-04T20:52:29.227978,1482.44391298,0.20000000001062532,2.2039958162081588,0.2,-2.0039958161975333,False,2.0039958161975333,0.0,INIT
2025-12-04T20:52:29.229118,1482.445044326,0.20000000001062532,2.2039958162081588,0.2,-2.0039958161975333,False,2.0039958161975333,0.0,INIT
2025-12-04T20:52:29.231609,1482.447538785,0.20000000001062532,2.202269718232955,0.2,-2.0022697182223297,False,2.0022697182223297,0.0,INIT
2025-12-04T20:52:29.245844,1482.46177994,0.20000000001062532,2.202269718232955,0.2,-2.0022697182223297,False,2.0022697182223297,0.0,INIT
2025-12-04T20:52:29.260889,1482.476826851,0.20000000001062532,2.2005427109134015,0.2,-2.000542710902776,False,2.000542710902776,0.0,INIT
2025-12-04T20:52:29.267977,1482.483934239,0.20000000001062532,2.2005427109134015,0.2,-2.000542710902776,False,2.000542710902776,0.0,INIT
2025-12-04T20:52:29.276720,1482.492651806,0.20000000001186322,2.2005427109134015,0.2,-2.0005427109015383,False,2.0005427109015383,0.0,INIT
2025-12-04T20:52:29.288647,1482.504582615,0.20000000001186322,2.1988148009030777,0.2,-1.9988148008912145,False,1.9988148008912145,0.0,INIT
2025-12-04T20:52:29.337668,1482.553629641,0.20000000001062532,2.1988148009030777,0.2,-1.9988148008924524,False,1.9988148008924524,0.0,INIT
2025-12-04T20:52:29.397692,1482.613626496,0.20000000001062532,2.197085994797831,0.2,-1.997085994787206,False,1.997085994787206,0.0,INIT
2025-12-04T20:52:29.435213,1482.651143631,0.2000000000106253,2.193625720400715,0.2,-1.9936257203900898,False,1.9936257203900898,0.0,INIT
2025-12-04T20:52:29.427554,1482.643504773,0.2000000000106253,2.195356299136318,0.2,-1.9953562991256926,False,1.9953562991256926,0.0,INIT
2025-12-04T20:52:29.432114,1482.648051199,0.2000000000106253,2.195356299136318,0.2,-1.9953562991256926,False,1.9953562991256926,0.0,INIT
2025-12-04T20:52:29.411866,1482.627798733,0.2000000000106253,2.197085994797831,0.2,-1.997085994787206,False,1.997085994787206,0.0,INIT
2025-12-04T20:52:29.439343,1482.655280669,0.2000000000106253,2.193625720400715,0.2,-1.9936257203900898,False,1.9936257203900898,0.0,INIT
2025-12-04T20:52:29.461517,1482.677449851,0.2000000000106253,2.19189426501734,0.2,-1.9918942650067148,False,1.9918942650067148,0.0,INIT
2025-12-04T20:52:29.464943,1482.680889006,0.2000000000106253,2.19189426501734,0.2,-1.9918942650067148,False,1.9918942650067148,0.0,INIT
2025-12-04T20:52:29.466528,1482.682460193,0.2000000000106253,2.190161939357308,0.2,-1.990161939346683,False,1.990161939346683,0.0,INIT
2025-12-04T20:52:29.467750,1482.683680789,0.2000000000106253,2.190161939357308,0.2,-1.990161939346683,False,1.990161939346683,0.0,INIT
2025-12-04T20:52:29.469788,1482.685717174,0.2000000000106253,2.1884287497371027,0.2,-1.9884287497264774,False,1.9884287497264774,0.0,INIT
2025-12-04T20:52:29.470739,1482.686670644,0.2000000000106253,2.1866947024192145,0.2,-1.9866947024085893,False,1.9866947024085893,0.0,INIT
2025-12-04T20:52:29.471822,1482.687746608,0.2000000000106253,2.1866947024192145,0.2,-1.9866947024085893,False,1.9866947024085893,0.0,INIT
2025-12-04T20:52:29.472485,1482.688413485,0.2000000000106253,2.1866947024192145,0.2,-1.9866947024085893,False,1.9866947024085893,0.0,INIT
2025-12-04T20:52:29.473341,1482.689270976,0.2000000000106253,2.184959803612733,0.2,-1.9849598036021077,False,1.9849598036021077,0.0,INIT
2025-12-04T20:52:29.474986,1482.690918401,0.2000000000106253,2.184959803612733,0.2,-1.9849598036021077,False,1.9849598036021077,0.0,INIT
2025-12-04T20:52:29.484351,1482.700281934,0.2000000000106253,2.183224059473986,0.2,-1.9832240594633606,False,1.9832240594633606,0.0,INIT
2025-12-04T20:52:29.494159,1482.710092259,0.2000000000106253,2.1814874761070575,0.2,-1.9814874760964323,False,1.9814874760964323,0.0,INIT
2025-12-04T20:52:29.505675,1482.721607041,0.20000000001062532,2.1814874761070575,0.2,-1.9814874760964323,False,1.9814874760964323,0.0,INIT
2025-12-04T20:52:29.516157,1482.732084818,0.20000000001062532,2.1797500595644124,0.2,-1.9797500595537871,False,1.9797500595537871,0.0,INIT
2025-12-04T20:52:29.527435,1482.74337081,0.20000000001124424,2.1797500595644124,0.2,-1.979750059553168,False,1.979750059553168,0.0,INIT
2025-12-04T20:52:29.538665,1482.754596257,0.20000000001124424,2.1780118158474524,0.2,-1.978011815836208,False,1.978011815836208,0.0,INIT
2025-12-04T20:52:29.549442,1482.765371938,0.20000000001062532,2.1780118158474524,0.2,-1.9780118158368272,False,1.9780118158368272,0.0,INIT
2025-12-04T20:52:29.560988,1482.776923266,0.20000000001062532,2.176272750907102,0.2,-1.9762727508964766,False,1.9762727508964766,0.0,INIT
2025-12-04T20:52:29.584574,1482.800506159,0.20000000001062532,2.176272750907102,0.2,-1.9762727508964766,False,1.9762727508964766,0.0,INIT
2025-12-04T20:52:29.586704,1482.802642398,0.20000000001062532,2.1745328706443603,0.2,-1.974532870633735,False,1.974532870633735,0.0,INIT
2025-12-04T20:52:29.592620,1482.808559414,0.20000000001062532,2.1745328706443603,0.2,-1.974532870633735,False,1.974532870633735,0.0,INIT
2025-12-04T20:52:29.602698,1482.818629669,0.20000000001062532,2.1745328706443603,0.2,-1.974532870633735,False,1.974532870633735,0.0,INIT
2025-12-04T20:52:29.628975,1482.844912905,0.20000000001062532,2.1745328706443603,0.2,-1.974532870633735,False,1.974532870633735,0.0,INIT
2025-12-04T20:52:29.637761,1482.853709361,0.20000000001062532,2.172792180910818,0.2,-1.972792180900193,False,1.972792180900193,0.0,INIT
2025-12-04T20:52:29.639792,1482.855723164,0.20000000001062532,2.172792180910818,0.2,-1.972792180900193,False,1.972792180900193,0.0,INIT
2025-12-04T20:52:29.645690,1482.861624431,0.20000000001062532,2.171050687509238,0.2,-1.971050687498613,False,1.971050687498613,0.0,INIT
2025-12-04T20:52:29.662105,1482.878045685,0.2000000000106253,2.171050687509238,0.2,-1.971050687498613,False,1.971050687498613,0.0,INIT
2025-12-04T20:52:29.666987,1482.882916488,0.2000000000106253,2.1693083961940722,0.2,-1.969308396183447,False,1.969308396183447,0.0,INIT
2025-12-04T20:52:29.677947,1482.893875193,0.2000000000106253,2.1693083961940722,0.2,-1.969308396183447,False,1.969308396183447,0.0,INIT
2025-12-04T20:52:29.700810,1482.916754989,0.2000000000106253,2.167565312672034,0.2,-1.9675653126614085,False,1.9675653126614085,0.0,INIT
2025-12-04T20:52:29.748371,1482.964303558,0.2000000000106253,2.167565312672034,0.2,-1.9675653126614085,False,1.9675653126614085,0.0,INIT
2025-12-04T20:52:29.751948,1482.967882743,0.2000000000106253,2.1658214426025495,0.2,-1.9658214425919243,False,1.9658214425919243,0.0,INIT
2025-12-04T20:52:29.759011,1482.974940526,0.2000000000106253,2.164076791598326,0.2,-1.9640767915877009,False,1.9640767915877009,0.0,INIT
2025-12-04T20:52:29.755026,1482.970957776,0.2000000000106253,2.1658214426025495,0.2,-1.9658214425919243,False,1.9658214425919243,0.0,INIT
2025-12-04T20:52:29.753349,1482.969282877,0.2000000000106253,2.1658214426025495,0.2,-1.9658214425919243,False,1.9658214425919243,0.0,INIT
2025-12-04T20:52:29.760988,1482.976919842,0.2000000000106253,2.1623313652258327,0.2,-1.9623313652152075,False,1.9623313652152075,0.0,INIT
2025-12-04T20:52:29.768704,1482.984638994,0.2000000000106253,2.1623313652258327,0.2,-1.9623313652152075,False,1.9623313652152075,0.0,INIT
2025-12-04T20:52:29.780186,1482.996117175,0.2000000000106253,2.1605851690058557,0.2,-1.9605851689952305,False,1.9605851689952305,0.0,INIT
2025-12-04T20:52:29.788972,1483.004910141,0.20000000001062532,2.1605851690058557,0.2,-1.9605851689952305,False,1.9605851689952305,0.0,INIT
2025-12-04T20:52:29.799529,1483.015456693,0.20000000001062532,2.1588382084139237,0.2,-1.9588382084032985,False,1.9588382084032985,0.0,INIT
2025-12-04T20:52:29.810254,1483.026186752,0.20000000001062532,2.1588382084139237,0.2,-1.9588382084032985,False,1.9588382084032985,0.0,INIT
2025-12-04T20:52:29.822020,1483.037957726,0.20000000001062532,2.1570904888808373,0.2,-1.957090488870212,False,1.957090488870212,0.0,INIT
2025-12-04T20:52:29.832332,1483.048263575,0.20000000001062532,2.1570904888808373,0.2,-1.957090488870212,False,1.957090488870212,0.0,INIT
2025-12-04T20:52:29.845701,1483.061637178,0.20000000001186322,2.1570904888808373,0.2,-1.9570904888689742,False,1.9570904888689742,0.0,INIT
2025-12-04T20:52:29.861646,1483.077581408,0.20000000001186322,2.1553420157931367,0.2,-1.9553420157812735,False,1.9553420157812735,0.0,INIT
2025-12-04T20:52:29.878358,1483.094289445,0.20000000001062532,2.1553420157931367,0.2,-1.9553420157825114,False,1.9553420157825114,0.0,INIT
2025-12-04T20:52:29.879693,1483.095625477,0.20000000001062532,2.1553420157931367,0.2,-1.9553420157825114,False,1.9553420157825114,0.0,INIT
2025-12-04T20:52:29.908692,1483.124629998,0.20000000001062532,2.1535927944936457,0.2,-1.9535927944830205,False,1.9535927944830205,0.0,INIT
2025-12-04T20:52:29.929883,1483.145815014,0.20000000001186322,2.1518428302818284,0.2,-1.9518428302699653,False,1.9518428302699653,0.0,INIT
2025-12-04T20:52:29.933295,1483.149225705,0.20000000001186322,2.1518428302818284,0.2,-1.9518428302699653,False,1.9518428302699653,0.0,INIT
2025-12-04T20:52:29.934467,1483.150399091,0.20000000001186322,2.150092128414343,0.2,-1.95009212840248,False,1.95009212840248,0.0,INIT
2025-12-04T20:52:29.936431,1483.15236741,0.20000000001186322,2.150092128414343,0.2,-1.95009212840248,False,1.95009212840248,0.0,INIT
2025-12-04T20:52:29.949374,1483.165308071,0.20000000001186322,2.1483406941054586,0.2,-1.9483406940935954,False,1.9483406940935954,0.0,INIT
2025-12-04T20:52:29.956251,1483.172189625,0.20000000001186322,2.1483406941054586,0.2,-1.9483406940935954,False,1.9483406940935954,0.0,INIT
2025-12-04T20:52:29.966654,1483.182585787,0.2000000000106253,2.1483406941054586,0.2,-1.9483406940948333,False,1.9483406940948333,0.0,INIT
2025-12-04T20:52:29.976045,1483.191974606,0.2000000000106253,2.1483406941054586,0.2,-1.9483406940948333,False,1.9483406940948333,0.0,INIT
2025-12-04T20:52:30.049747,1483.265680062,0.2000000000106253,2.1465885325275638,0.2,-1.9465885325169385,False,1.9465885325169385,0.0,INIT
2025-12-04T20:52:30.053660,1483.269598622,0.2000000000106253,2.1448356488115454,0.2,-1.9448356488009202,False,1.9448356488009202,0.0,INIT
2025-12-04T20:52:30.054910,1483.270836277,0.2000000000106253,2.1448356488115454,0.2,-1.9448356488009202,False,1.9448356488009202,0.0,INIT
2025-12-04T20:52:30.056518,1483.272447684,0.2000000000106253,2.143082048047275,0.2,-1.94308204803665,False,1.94308204803665,0.0,INIT
2025-12-04T20:52:30.057312,1483.273239028,0.2000000000106253,2.143082048047275,0.2,-1.94308204803665,False,1.94308204803665,0.0,INIT
2025-12-04T20:52:30.058704,1483.274637786,0.2000000000106253,2.141327735284028,0.2,-1.9413277352734026,False,1.9413277352734026,0.0,INIT
2025-12-04T20:52:30.059658,1483.275590147,0.2000000000106253,2.141327735284028,0.2,-1.9413277352734026,False,1.9413277352734026,0.0,INIT
2025-12-04T20:52:30.063232,1483.279171854,0.2000000000106253,2.139572715530959,0.2,-1.939572715520334,False,1.939572715520334,0.0,INIT
2025-12-04T20:52:30.087334,1483.303291826,0.2000000000106253,2.139572715530959,0.2,-1.939572715520334,False,1.939572715520334,0.0,INIT
2025-12-04T20:52:30.089463,1483.305393612,0.2000000000106253,2.139572715530959,0.2,-1.939572715520334,False,1.939572715520334,0.0,INIT
2025-12-04T20:52:30.096553,1483.312483828,0.2000000000106253,2.1378169937574603,0.2,-1.937816993746835,False,1.937816993746835,0.0,INIT
2025-12-04T20:52:30.113790,1483.329730489,0.20000000001062532,2.1378169937574603,0.2,-1.937816993746835,False,1.937816993746835,0.0,INIT
2025-12-04T20:52:30.121313,1483.337249065,0.20000000001062532,2.136060574893631,0.2,-1.9360605748830058,False,1.9360605748830058,0.0,INIT
2025-12-04T20:52:30.129777,1483.345708817,0.20000000001124424,2.136060574893631,0.2,-1.9360605748823867,False,1.9360605748823867,0.0,INIT
2025-12-04T20:52:30.140723,1483.356669083,0.20000000001124424,2.1343034638306744,0.2,-1.93430346381943,False,1.93430346381943,0.0,INIT
2025-12-04T20:52:30.150835,1483.366762575,0.20000000001062532,2.1343034638306744,0.2,-1.9343034638200491,False,1.9343034638200491,0.0,INIT
2025-12-04T20:52:30.165427,1483.381369251,0.20000000001062532,2.1325456654213246,0.2,-1.9325456654106994,False,1.9325456654106994,0.0,INIT
2025-12-04T20:52:30.173670,1483.38960433,0.20000000001062532,2.130787184480263,0.2,-1.9307871844696376,False,1.9307871844696376,0.0,INIT
2025-12-04T20:52:30.183988,1483.399915696,0.20000000001062532,2.130787184480263,0.2,-1.9307871844696376,False,1.9307871844696376,0.0,INIT
2025-12-04T20:52:30.195136,1483.411072394,0.20000000001062532,2.130787184480263,0.2,-1.9307871844696376,False,1.9307871844696376,0.0,INIT
2025-12-04T20:52:30.206406,1483.422339831,0.20000000001062532,2.1290280257844687,0.2,-1.9290280257738435,False,1.9290280257738435,0.0,INIT
2025-12-04T20:52:30.224555,1483.44049041,0.20000000001062532,2.1290280257844687,0.2,-1.9290280257738435,False,1.9290280257738435,0.0,INIT
2025-12-04T20:52:30.227057,1483.442988409,0.20000000001062532,2.1272681940736646,0.2,-1.9272681940630394,False,1.9272681940630394,0.0,INIT
2025-12-04T20:52:30.238241,1483.454173767,0.2000000000106253,2.1272681940736646,0.2,-1.9272681940630394,False,1.9272681940630394,0.0,INIT
2025-12-04T20:52:30.247526,1483.463454979,0.2000000000106253,2.12550769405068,0.2,-1.9255076940400546,False,1.9255076940400546,0.0,INIT
2025-12-04T20:52:30.260779,1483.476713117,0.2000000000106253,2.12550769405068,0.2,-1.9255076940400546,False,1.9255076940400546,0.0,INIT
2025-12-04T20:52:30.270429,1483.486366696,0.2000000000106253,2.1237465303818848,0.2,-1.9237465303712595,False,1.9237465303712595,0.0,INIT
2025-12-04T20:52:30.289846,1483.505776865,0.2000000000106253,2.1237465303818848,0.2,-1.9237465303712595,False,1.9237465303712595,0.0,INIT
2025-12-04T20:52:30.292897,1483.508833337,0.2000000000106253,2.1219847076975036,0.2,-1.9219847076868783,False,1.9219847076868783,0.0,INIT
2025-12-04T20:52:30.304467,1483.52041548,0.2000000000106253,2.1219847076975036,0.2,-1.9219847076868783,False,1.9219847076868783,0.0,INIT
2025-12-04T20:52:30.312505,1483.528439631,0.2000000000106253,2.1219847076975036,0.2,-1.9219847076868783,False,1.9219847076868783,0.0,INIT
2025-12-04T20:52:30.324324,1483.540279958,0.2000000000106253,2.1202222305920415,0.2,-1.9202222305814163,False,1.9202222305814163,0.0,INIT
2025-12-04T20:52:30.334953,1483.550883407,0.2000000000106253,2.1202222305920415,0.2,-1.9202222305814163,False,1.9202222305814163,0.0,INIT
2025-12-04T20:52:30.345486,1483.561416187,0.2000000000106253,2.1184591036246276,0.2,-1.9184591036140024,False,1.9184591036140024,0.0,INIT
2025-12-04T20:52:30.356989,1483.572934691,0.2000000000106253,2.1184591036246276,0.2,-1.9184591036140024,False,1.9184591036140024,0.0,INIT
2025-12-04T20:52:30.398639,1483.614572897,0.2000000000106253,2.1166953313194368,0.2,-1.9166953313088115,False,1.9166953313088115,0.0,INIT
2025-12-04T20:52:30.401961,1483.617895139,0.20000000001062532,2.1166953313194368,0.2,-1.9166953313088115,False,1.9166953313088115,0.0,INIT
2025-12-04T20:52:30.402655,1483.618585997,0.20000000001062532,2.1149309181659817,0.2,-1.9149309181553564,False,1.9149309181553564,0.0,INIT
2025-12-04T20:52:30.405172,1483.621102735,0.20000000001062532,2.1149309181659817,0.2,-1.9149309181553564,False,1.9149309181553564,0.0,INIT
2025-12-04T20:52:30.411225,1483.62715414,0.20000000001062532,2.1131658686195207,0.2,-1.9131658686088955,False,1.9131658686088955,0.0,INIT
2025-12-04T20:52:30.422208,1483.638140144,0.20000000001186322,2.1131658686195207,0.2,-1.9131658686076576,False,1.9131658686076576,0.0,INIT
2025-12-04T20:52:30.432804,1483.648733503,0.20000000001186322,2.1114001871013777,0.2,-1.9114001870895145,False,1.9114001870895145,0.0,INIT
2025-12-04T20:52:30.495373,1483.711309299,0.20000000001062532,2.1114001871013777,0.2,-1.9114001870907524,False,1.9114001870907524,0.0,INIT
2025-12-04T20:52:30.500140,1483.716078368,0.20000000001062532,2.1096338779993804,0.2,-1.9096338779887552,False,1.9096338779887552,0.0,INIT
2025-12-04T20:52:30.513632,1483.729565207,0.20000000001186322,2.1096338779993804,0.2,-1.9096338779875173,False,1.9096338779875173,0.0,INIT
2025-12-04T20:52:30.516062,1483.732014968,0.20000000001186322,2.1078669456680803,0.2,-1.9078669456562172,False,1.9078669456562172,0.0,INIT
2025-12-04T20:52:30.517312,1483.733240948,0.20000000001186322,2.1078669456680803,0.2,-1.9078669456562172,False,1.9078669456562172,0.0,INIT
2025-12-04T20:52:30.518036,1483.733964056,0.20000000001186322,2.1060993944291813,0.2,-1.9060993944173181,False,1.9060993944173181,0.0,INIT
2025-12-04T20:52:30.526260,1483.742207764,0.20000000001186322,2.1060993944291813,0.2,-1.9060993944173181,False,1.9060993944173181,0.0,INIT
2025-12-04T20:52:30.528027,1483.743953602,0.2000000000106253,2.1043312285718425,0.2,-1.9043312285612173,False,1.9043312285612173,0.0,INIT
2025-12-04T20:52:30.532395,1483.748328294,0.2000000000106253,2.1043312285718425,0.2,-1.9043312285612173,False,1.9043312285612173,0.0,INIT
2025-12-04T20:52:30.550713,1483.766648073,0.2000000000106253,2.102562452353066,0.2,-1.9025624523424407,False,1.9025624523424407,0.0,INIT
2025-12-04T20:52:30.554541,1483.770481626,0.2000000000106253,2.102562452353066,0.2,-1.9025624523424407,False,1.9025624523424407,0.0,INIT
2025-12-04T20:52:30.563821,1483.779751676,0.2000000000106253,2.1007930699979473,0.2,-1.9007930699873221,False,1.9007930699873221,0.0,INIT
2025-12-04T20:52:30.583259,1483.799211039,0.2000000000106253,2.1007930699979473,0.2,-1.9007930699873221,False,1.9007930699873221,0.0,INIT
2025-12-04T20:52:30.586561,1483.802503495,0.2000000000106253,2.099023085700063,0.2,-1.8990230856894377,False,1.8990230856894377,0.0,INIT
2025-12-04T20:52:30.596542,1483.812476592,0.2000000000118632,2.099023085700063,0.2,-1.8990230856881998,False,1.8990230856881998,0.0,INIT
2025-12-04T20:52:30.607899,1483.823868984,0.2000000000118632,2.0972525036217586,0.2,-1.8972525036098955,False,1.8972525036098955,0.0,INIT
2025-12-04T20:52:30.618898,1483.834826725,0.2000000000106253,2.0972525036217586,0.2,-1.8972525036111334,False,1.8972525036111334,0.0,INIT
2025-12-04T20:52:30.630716,1483.846650286,0.2000000000106253,2.0954813278945235,0.2,-1.8954813278838982,False,1.8954813278838982,0.0,INIT
2025-12-04T20:52:30.640288,1483.856225033,0.2000000000106253,2.0954813278945235,0.2,-1.8954813278838982,False,1.8954813278838982,0.0,INIT
2025-12-04T20:52:30.651358,1483.867290845,0.2000000000106253,2.0954813278945235,0.2,-1.8954813278838982,False,1.8954813278838982,0.0,INIT
2025-12-04T20:52:30.662035,1483.877965817,0.2000000000106253,2.09370956261923,0.2,-1.8937095626086047,False,1.8937095626086047,0.0,INIT
2025-12-04T20:52:30.673468,1483.889406543,0.20000000001062532,2.09370956261923,0.2,-1.8937095626086047,False,1.8937095626086047,0.0,INIT
2025-12-04T20:52:30.684508,1483.900436124,0.20000000001062532,2.0919372118664974,0.2,-1.8919372118558722,False,1.8919372118558722,0.0,INIT
2025-12-04T20:52:30.696193,1483.91212974,0.20000000001124424,2.0919372118664974,0.2,-1.891937211855253,False,1.891937211855253,0.0,INIT
2025-12-04T20:52:30.710964,1483.926900394,0.20000000001062532,2.0901642796769755,0.2,-1.8901642796663503,False,1.8901642796663503,0.0,INIT
2025-12-04T20:52:30.718455,1483.934388193,0.20000000001062532,2.088390770061677,0.2,-1.8883907700510518,False,1.8883907700510518,0.0,INIT
2025-12-04T20:52:30.728929,1483.94485773,0.20000000001062532,2.088390770061677,0.2,-1.8883907700510518,False,1.8883907700510518,0.0,INIT
2025-12-04T20:52:30.740438,1483.956375016,0.20000000001062532,2.0866166870022695,0.2,-1.8866166869916443,False,1.8866166869916443,0.0,INIT
2025-12-04T20:52:30.753265,1483.969208678,0.20000000001062532,2.0866166870022695,0.2,-1.8866166869916443,False,1.8866166869916443,0.0,INIT
2025-12-04T20:52:30.770663,1483.986615445,0.20000000001062532,2.0866166870022695,0.2,-1.8866166869916443,False,1.8866166869916443,0.0,INIT
2025-12-04T20:52:30.773907,1483.989839484,0.20000000001062532,2.0848420344513414,0.2,-1.8848420344407162,False,1.8848420344407162,0.0,INIT
2025-12-04T20:52:30.786043,1484.001978317,0.20000000001062532,2.0848420344513414,0.2,-1.8848420344407162,False,1.8848420344407162,0.0,INIT
2025-12-04T20:52:30.805661,1484.021598517,0.20000000001062532,2.0830668163327326,0.2,-1.8830668163221074,False,1.8830668163221074,0.0,INIT
2025-12-04T20:52:30.808388,1484.024321527,0.2000000000106253,2.0830668163327326,0.2,-1.8830668163221074,False,1.8830668163221074,0.0,INIT
2025-12-04T20:52:30.815642,1484.031576132,0.2000000000106253,2.081291036541799,0.2,-1.881291036531174,False,1.881291036531174,0.0,INIT
2025-12-04T20:52:30.837633,1484.05356807,0.2000000000106253,2.081291036541799,0.2,-1.881291036531174,False,1.881291036531174,0.0,INIT
2025-12-04T20:52:30.842104,1484.058034777,0.2000000000106253,2.0795146989457542,0.2,-1.879514698935129,False,1.879514698935129,0.0,INIT
2025-12-04T20:52:30.850039,1484.065982005,0.2000000000106253,2.0795146989457542,0.2,-1.879514698935129,False,1.879514698935129,0.0,INIT
2025-12-04T20:52:30.868808,1484.084737825,0.2000000000106253,2.077737807383879,0.2,-1.8777378073732536,False,1.8777378073732536,0.0,INIT
2025-12-04T20:52:30.872609,1484.088537736,0.2000000000106253,2.077737807383879,0.2,-1.8777378073732536,False,1.8777378073732536,0.0,INIT
2025-12-04T20:52:30.882808,1484.098740744,0.2000000000106253,2.077737807383879,0.2,-1.8777378073732536,False,1.8777378073732536,0.0,INIT
2025-12-04T20:52:30.893667,1484.109603058,0.2000000000106253,2.0759603656678483,0.2,-1.875960365657223,False,1.875960365657223,0.0,INIT
2025-12-04T20:52:30.904531,1484.120462263,0.2000000000106253,2.0759603656678483,0.2,-1.875960365657223,False,1.875960365657223,0.0,INIT
2025-12-04T20:52:30.917036,1484.13297777,0.2000000000106253,2.07418237758199,0.2,-1.8741823775713649,False,1.8741823775713649,0.0,INIT
2025-12-04T20:52:30.926760,1484.142689432,0.2000000000106253,2.07418237758199,0.2,-1.8741823775713649,False,1.8741823775713649,0.0,INIT
2025-12-04T20:52:30.938446,1484.15437809,0.20000000001062532,2.0724038468836037,0.2,-1.8724038468729785,False,1.8724038468729785,0.0,INIT
2025-12-04T20:52:30.948868,1484.164803102,0.20000000001062532,2.0706247773031583,0.2,-1.870624777292533,False,1.870624777292533,0.0,INIT
2025-12-04T20:52:30.963660,1484.179591164,0.20000000001062532,2.0706247773031583,0.2,-1.870624777292533,False,1.870624777292533,0.0,INIT
2025-12-04T20:52:30.970959,1484.186895983,0.20000000001062532,2.0706247773031583,0.2,-1.870624777292533,False,1.870624777292533,0.0,INIT
2025-12-04T20:52:30.981615,1484.197554941,0.20000000001062532,2.0688451725446146,0.2,-1.8688451725339894,False,1.8688451725339894,0.0,INIT
2025-12-04T20:52:31.050832,1484.266770651,0.20000000001186322,2.0688451725446146,0.2,-1.8688451725327515,False,1.8688451725327515,0.0,INIT
2025-12-04T20:52:31.056823,1484.27275331,0.20000000001062532,2.0670650362856584,0.2,-1.8670650362750332,False,1.8670650362750332,0.0,INIT
2025-12-04T20:52:31.057822,1484.27375328,0.20000000001062532,2.0670650362856584,0.2,-1.8670650362750332,False,1.8670650362750332,0.0,INIT
2025-12-04T20:52:31.059491,1484.275425322,0.20000000001062532,2.065284372178035,0.2,-1.86528437216741,False,1.86528437216741,0.0,INIT
2025-12-04T20:52:31.060544,1484.276473649,0.20000000001062532,2.065284372178035,0.2,-1.86528437216741,False,1.86528437216741,0.0,INIT
2025-12-04T20:52:31.061773,1484.277702196,0.20000000001062532,2.0635031838477014,0.2,-1.8635031838370761,False,1.8635031838370761,0.0,INIT
2025-12-04T20:52:31.063247,1484.279176701,0.20000000001062532,2.0635031838477014,0.2,-1.8635031838370761,False,1.8635031838370761,0.0,INIT
2025-12-04T20:52:31.066948,1484.28287498,0.20000000001062532,2.0617214748951493,0.2,-1.861721474884524,False,1.861721474884524,0.0,INIT
2025-12-04T20:52:31.077703,1484.293636713,0.20000000001186322,2.0617214748951493,0.2,-1.8617214748832862,False,1.8617214748832862,0.0,INIT
2025-12-04T20:52:31.091698,1484.307630867,0.20000000001186322,2.0599392488956383,0.2,-1.8599392488837752,False,1.8599392488837752,0.0,INIT
2025-12-04T20:52:31.101268,1484.317200273,0.2000000000106253,2.0599392488956383,0.2,-1.859939248885013,False,1.859939248885013,0.0,INIT
2025-12-04T20:52:31.155540,1484.371475131,0.2000000000106253,2.0581565093994856,0.2,-1.8581565093888603,False,1.8581565093888603,0.0,INIT
2025-12-04T20:52:31.162753,1484.378681874,0.2000000000118632,2.0581565093994856,0.2,-1.8581565093876224,False,1.8581565093876224,0.0,INIT
2025-12-04T20:52:31.163614,1484.37954181,0.2000000000118632,2.056373259932249,0.2,-1.8563732599203857,False,1.8563732599203857,0.0,INIT
2025-12-04T20:52:31.174867,1484.390804502,0.2000000000118632,2.056373259932249,0.2,-1.8563732599203857,False,1.8563732599203857,0.0,INIT
2025-12-04T20:52:31.188650,1484.404609881,0.2000000000118632,2.054589503995019,0.2,-1.854589503983156,False,1.854589503983156,0.0,INIT
2025-12-04T20:52:31.243411,1484.45934092,0.20000000001062532,2.054589503995019,0.2,-1.8545895039843938,False,1.8545895039843938,0.0,INIT
2025-12-04T20:52:31.251940,1484.467877312,0.20000000001062532,2.0528052450646372,0.2,-1.852805245054012,False,1.852805245054012,0.0,INIT
2025-12-04T20:52:31.259374,1484.475311637,0.20000000001124424,2.0528052450646372,0.2,-1.852805245053393,False,1.852805245053393,0.0,INIT
2025-12-04T20:52:31.261495,1484.477430941,0.20000000001124424,2.051020486593977,0.2,-1.8510204865827327,False,1.8510204865827327,0.0,INIT
2025-12-04T20:52:31.262599,1484.478529665,0.20000000001124424,2.051020486593977,0.2,-1.8510204865827327,False,1.8510204865827327,0.0,INIT
2025-12-04T20:52:31.264102,1484.480031969,0.20000000001124424,2.049235232012121,0.2,-1.8492352320008767,False,1.8492352320008767,0.0,INIT
2025-12-04T20:52:31.265325,1484.481257421,0.20000000001124424,2.049235232012121,0.2,-1.8492352320008767,False,1.8492352320008767,0.0,INIT
2025-12-04T20:52:31.267079,1484.483021925,0.20000000001124424,2.0474494847246394,0.2,-1.847449484713395,False,1.847449484713395,0.0,INIT
2025-12-04T20:52:31.268146,1484.484074932,0.20000000001124424,2.0474494847246394,0.2,-1.847449484713395,False,1.847449484713395,0.0,INIT
2025-12-04T20:52:31.304530,1484.520464209,0.20000000001062532,2.0456632481137955,0.2,-1.8456632481031703,False,1.8456632481031703,0.0,INIT
2025-12-04T20:52:31.339490,1484.55543459,0.20000000001062532,2.0456632481137955,0.2,-1.8456632481031703,False,1.8456632481031703,0.0,INIT
2025-12-04T20:52:31.343804,1484.559737256,0.20000000001062532,2.0438765255388027,0.2,-1.8438765255281775,False,1.8438765255281775,0.0,INIT
2025-12-04T20:52:31.345684,1484.561612774,0.20000000001062532,2.0438765255388027,0.2,-1.8438765255281775,False,1.8438765255281775,0.0,INIT
2025-12-04T20:52:31.346535,1484.562461798,0.20000000001062532,2.042089320336048,0.2,-1.842089320325423,False,1.842089320325423,0.0,INIT
2025-12-04T20:52:31.347670,1484.563594166,0.20000000001062532,2.042089320336048,0.2,-1.842089320325423,False,1.842089320325423,0.0,INIT
2025-12-04T20:52:31.348870,1484.564804998,0.20000000001062532,2.040301635819281,0.2,-1.840301635808656,False,1.840301635808656,0.0,INIT
2025-12-04T20:52:31.349978,1484.565905783,0.20000000001062532,2.040301635819281,0.2,-1.840301635808656,False,1.840301635808656,0.0,INIT
2025-12-04T20:52:31.351230,1484.567157637,0.20000000001062532,2.038513475279869,0.2,-1.8385134752692436,False,1.8385134752692436,0.0,INIT
2025-12-04T20:52:31.361455,1484.577401344,0.2000000000106253,2.038513475279869,0.2,-1.8385134752692436,False,1.8385134752692436,0.0,INIT
2025-12-04T20:52:31.376638,1484.592568382,0.2000000000106253,2.0367248419869988,0.2,-1.8367248419763735,False,1.8367248419763735,0.0,INIT
2025-12-04T20:52:31.382884,1484.598813137,0.2000000000106253,2.0367248419869988,0.2,-1.8367248419763735,False,1.8367248419763735,0.0,INIT
2025-12-04T20:52:31.394314,1484.610267827,0.2000000000106253,2.034935739187942,0.2,-1.8349357391773167,False,1.8349357391773167,0.0,INIT
2025-12-04T20:52:31.436211,1484.652146641,0.2000000000106253,2.034935739187942,0.2,-1.8349357391773167,False,1.8349357391773167,0.0,INIT
2025-12-04T20:52:31.440181,1484.656124082,0.2000000000106253,2.033146170108189,0.2,-1.833146170097564,False,1.833146170097564,0.0,INIT
2025-12-04T20:52:31.441631,1484.65756785,0.2000000000106253,2.033146170108189,0.2,-1.833146170097564,False,1.833146170097564,0.0,INIT
2025-12-04T20:52:31.442427,1484.658354189,0.2000000000106253,2.031356137951721,0.2,-1.8313561379410956,False,1.8313561379410956,0.0,INIT
2025-12-04T20:52:31.459301,1484.675238089,0.2000000000106253,2.031356137951721,0.2,-1.8313561379410956,False,1.8313561379410956,0.0,INIT
2025-12-04T20:52:31.465784,1484.681713745,0.2000000000106253,2.029565645901192,0.2,-1.8295656458905667,False,1.8295656458905667,0.0,INIT
2025-12-04T20:52:31.496233,1484.712160256,0.20000000001062532,2.027774697118181,0.2,-1.8277746971075557,False,1.8277746971075557,0.0,INIT
2025-12-04T20:52:31.494397,1484.710330054,0.20000000001062532,2.027774697118181,0.2,-1.8277746971075557,False,1.8277746971075557,0.0,INIT
2025-12-04T20:52:31.488510,1484.704450166,0.2000000000106253,2.029565645901192,0.2,-1.8295656458905667,False,1.8295656458905667,0.0,INIT
2025-12-04T20:52:31.505377,1484.721336108,0.20000000001062532,2.025983294743331,0.2,-1.825983294732706,False,1.825983294732706,0.0,INIT
2025-12-04T20:52:31.521532,1484.737475468,0.20000000001062532,2.025983294743331,0.2,-1.825983294732706,False,1.825983294732706,0.0,INIT
2025-12-04T20:52:31.527297,1484.743233449,0.20000000001062532,2.0241914418965994,0.2,-1.8241914418859742,False,1.8241914418859742,0.0,INIT
2025-12-04T20:52:31.538660,1484.754590284,0.20000000001186322,2.0241914418965994,0.2,-1.8241914418847363,False,1.8241914418847363,0.0,INIT
2025-12-04T20:52:31.548876,1484.764807577,0.20000000001186322,2.0241914418965994,0.2,-1.8241914418847363,False,1.8241914418847363,0.0,INIT
2025-12-04T20:52:31.560495,1484.776426101,0.20000000001062532,2.022399141677429,0.2,-1.8223991416668037,False,1.8223991416668037,0.0,INIT
2025-12-04T20:52:31.571989,1484.787926075,0.20000000001062532,2.0206063971650163,0.2,-1.820606397154391,False,1.820606397154391,0.0,INIT
2025-12-04T20:52:31.582009,1484.797940724,0.20000000001062532,2.0206063971650163,0.2,-1.820606397154391,False,1.820606397154391,0.0,INIT
2025-12-04T20:52:31.593114,1484.809049589,0.20000000001062532,2.0188132114184096,0.2,-1.8188132114077844,False,1.8188132114077844,0.0,INIT
2025-12-04T20:52:31.604393,1484.8203269,0.20000000001062532,2.0188132114184096,0.2,-1.8188132114077844,False,1.8188132114077844,0.0,INIT
2025-12-04T20:52:31.616964,1484.832892766,0.20000000001062532,2.0170195874767654,0.2,-1.8170195874661401,False,1.8170195874661401,0.0,INIT
2025-12-04T20:52:31.627382,1484.843314863,0.20000000001186322,2.0170195874767654,0.2,-1.8170195874649022,False,1.8170195874649022,0.0,INIT
2025-12-04T20:52:31.659224,1484.875163316,0.20000000001186322,2.015225528359517,0.2,-1.815225528347654,False,1.815225528347654,0.0,INIT
2025-12-04T20:52:31.661889,1484.877823197,0.2000000000106253,2.015225528359517,0.2,-1.8152255283488918,False,1.8152255283488918,0.0,INIT
2025-12-04T20:52:31.663378,1484.879307846,0.2000000000106253,2.015225528359517,0.2,-1.8152255283488918,False,1.8152255283488918,0.0,INIT
2025-12-04T20:52:31.671295,1484.887227378,0.2000000000106253,2.0134310370666118,0.2,-1.8134310370559865,False,1.8134310370559865,0.0,INIT
2025-12-04T20:52:31.686157,1484.902099017,0.2000000000106253,2.0134310370666118,0.2,-1.8134310370559865,False,1.8134310370559865,0.0,INIT
2025-12-04T20:52:31.698777,1484.914716618,0.2000000000106253,2.011636116578633,0.2,-1.811636116568008,False,1.811636116568008,0.0,INIT
2025-12-04T20:52:31.704943,1484.920884476,0.2000000000106253,2.011636116578633,0.2,-1.811636116568008,False,1.811636116568008,0.0,INIT
2025-12-04T20:52:31.714397,1484.930324668,0.2000000000106253,2.009840769857024,0.2,-1.8098407698463987,False,1.8098407698463987,0.0,INIT
2025-12-04T20:52:31.726234,1484.942173498,0.2000000000118632,2.009840769857024,0.2,-1.8098407698451608,False,1.8098407698451608,0.0,INIT
2025-12-04T20:52:31.737609,1484.953551168,0.2000000000118632,2.0080449998442607,0.2,-1.8080449998323975,False,1.8080449998323975,0.0,INIT
2025-12-04T20:52:31.747681,1484.963611116,0.2000000000106253,2.0080449998442607,0.2,-1.8080449998336354,False,1.8080449998336354,0.0,INIT
2025-12-04T20:52:31.758449,1484.974380533,0.2000000000106253,2.0062488094640774,0.2,-1.8062488094534521,False,1.8062488094534521,0.0,INIT
2025-12-04T20:52:31.804020,1485.019967596,0.2000000000106253,2.0062488094640774,0.2,-1.8062488094534521,False,1.8062488094534521,0.0,INIT
2025-12-04T20:52:31.827371,1485.043307339,0.20000000001062532,2.004452201621578,0.2,-1.8044522016109525,False,1.8044522016109525,0.0,INIT
2025-12-04T20:52:31.829793,1485.04572925,0.20000000001062532,2.004452201621578,0.2,-1.8044522016109525,False,1.8044522016109525,0.0,INIT
2025-12-04T20:52:31.830866,1485.046798039,0.20000000001062532,2.002655179203458,0.2,-1.802655179192833,False,1.802655179192833,0.0,INIT
2025-12-04T20:52:31.831888,1485.047822091,0.20000000001062532,2.002655179203458,0.2,-1.802655179192833,False,1.802655179192833,0.0,INIT
2025-12-04T20:52:31.833082,1485.049029993,0.20000000001062532,2.0008577450781706,0.2,-1.8008577450675454,False,1.8008577450675454,0.0,INIT
2025-12-04T20:52:31.837097,1485.053032675,0.20000000001062532,1.9990599020961124,0.2,-1.7990599020854872,False,1.7990599020854872,0.0,INIT
2025-12-04T20:52:31.872649,1485.088583266,0.20000000001062532,1.9990599020961124,0.2,-1.7990599020854872,False,1.7990599020854872,0.0,INIT
2025-12-04T20:52:31.875873,1485.091803774,0.20000000001062532,1.9990599020961124,0.2,-1.7990599020854872,False,1.7990599020854872,0.0,INIT
2025-12-04T20:52:31.876681,1485.092605229,0.20000000001062532,1.9972616530898044,0.2,-1.7972616530791792,False,1.7972616530791792,0.0,INIT
2025-12-04T20:52:31.879182,1485.095115137,0.20000000001062532,1.9972616530898044,0.2,-1.7972616530791792,False,1.7972616530791792,0.0,INIT
2025-12-04T20:52:31.887981,1485.103910956,0.20000000001062532,1.9954630008740217,0.2,-1.7954630008633965,False,1.7954630008633965,0.0,INIT
2025-12-04T20:52:31.924765,1485.140700889,0.2000000000106253,1.9954630008740217,0.2,-1.7954630008633965,False,1.7954630008633965,0.0,INIT
2025-12-04T20:52:31.927841,1485.143772002,0.2000000000106253,1.9936639482460077,0.2,-1.7936639482353824,False,1.7936639482353824,0.0,INIT
2025-12-04T20:52:31.929328,1485.145256553,0.2000000000106253,1.9918644979856062,0.2,-1.791864497974981,False,1.791864497974981,0.0,INIT
2025-12-04T20:52:31.932849,1485.148779222,0.2000000000106253,1.9918644979856062,0.2,-1.791864497974981,False,1.791864497974981,0.0,INIT
2025-12-04T20:52:31.943326,1485.159254598,0.2000000000106253,1.9918644979856062,0.2,-1.791864497974981,False,1.791864497974981,0.0,INIT
2025-12-04T20:52:31.972224,1485.188157395,0.2000000000106253,1.9900646528554953,0.2,-1.79006465284487,False,1.79006465284487,0.0,INIT
2025-12-04T20:52:31.973631,1485.189566709,0.2000000000106253,1.988264415601261,0.2,-1.7882644155906358,False,1.7882644155906358,0.0,INIT
2025-12-04T20:52:31.977013,1485.19294041,0.2000000000106253,1.988264415601261,0.2,-1.7882644155906358,False,1.7882644155906358,0.0,INIT
2025-12-04T20:52:31.988197,1485.204130266,0.2000000000106253,1.988264415601261,0.2,-1.7882644155906358,False,1.7882644155906358,0.0,INIT
2025-12-04T20:52:31.999132,1485.215059893,0.2000000000106253,1.986463788951621,0.2,-1.7864637889409958,False,1.7864637889409958,0.0,INIT
2025-12-04T20:52:32.019754,1485.235685386,0.2000000000106253,1.986463788951621,0.2,-1.7864637889409958,False,1.7864637889409958,0.0,INIT
2025-12-04T20:52:32.021371,1485.237311259,0.2000000000106253,1.984662775618558,0.2,-1.7846627756079327,False,1.7846627756079327,0.0,INIT
2025-12-04T20:52:32.062649,1485.278583366,0.2000000000106253,1.984662775618558,0.2,-1.7846627756079327,False,1.7846627756079327,0.0,INIT
2025-12-04T20:52:32.082572,1485.298503743,0.20000000001062532,1.98286137829753,0.2,-1.7828613782869047,False,1.7828613782869047,0.0,INIT
2025-12-04T20:52:32.085331,1485.301265392,0.20000000001062532,1.98286137829753,0.2,-1.7828613782869047,False,1.7828613782869047,0.0,INIT
2025-12-04T20:52:32.086535,1485.30246929,0.20000000001062532,1.981059599667553,0.2,-1.7810595996569278,False,1.7810595996569278,0.0,INIT
2025-12-04T20:52:32.087811,1485.303744748,0.20000000001062532,1.981059599667553,0.2,-1.7810595996569278,False,1.7810595996569278,0.0,INIT
2025-12-04T20:52:32.088697,1485.304629663,0.20000000001062532,1.9792574423914102,0.2,-1.779257442380785,False,1.779257442380785,0.0,INIT
2025-12-04T20:52:32.098827,1485.314772962,0.20000000001186322,1.9792574423914102,0.2,-1.779257442379547,False,1.779257442379547,0.0,INIT
2025-12-04T20:52:32.107933,1485.323875272,0.20000000001186322,1.9774549091157754,0.2,-1.7774549091039122,False,1.7774549091039122,0.0,INIT
2025-12-04T20:52:32.122808,1485.338742468,0.20000000001062532,1.9774549091157754,0.2,-1.7774549091051501,False,1.7774549091051501,0.0,INIT
2025-12-04T20:52:32.129735,1485.345675471,0.20000000001062532,1.9756520024714375,0.2,-1.7756520024608122,False,1.7756520024608122,0.0,INIT
2025-12-04T20:52:32.140117,1485.356049991,0.20000000001062532,1.9756520024714375,0.2,-1.7756520024608122,False,1.7756520024608122,0.0,INIT
2025-12-04T20:52:32.152211,1485.368145314,0.20000000001062532,1.9738487250733447,0.2,-1.7738487250627195,False,1.7738487250627195,0.0,INIT
2025-12-04T20:52:32.164953,1485.3808857,0.20000000001062532,1.9738487250733447,0.2,-1.7738487250627195,False,1.7738487250627195,0.0,INIT
2025-12-04T20:52:32.173216,1485.389144802,0.20000000001062532,1.9738487250733447,0.2,-1.7738487250627195,False,1.7738487250627195,0.0,INIT
2025-12-04T20:52:32.205499,1485.421430058,0.2000000000106253,1.9720450795208304,0.2,-1.7720450795102052,False,1.7720450795102052,0.0,INIT
2025-12-04T20:52:32.207657,1485.423602596,0.2000000000106253,1.9702410683977263,0.2,-1.770241068387101,False,1.770241068387101,0.0,INIT
2025-12-04T20:52:32.208808,1485.424738921,0.2000000000106253,1.9702410683977263,0.2,-1.770241068387101,False,1.770241068387101,0.0,INIT
2025-12-04T20:52:32.227732,1485.443671455,0.2000000000106253,1.968436694272568,0.2,-1.7684366942619427,False,1.7684366942619427,0.0,INIT
2025-12-04T20:52:32.259794,1485.475748307,0.2000000000106253,1.968436694272568,0.2,-1.7684366942619427,False,1.7684366942619427,0.0,INIT
2025-12-04T20:52:32.263711,1485.479641611,0.2000000000106253,1.966631959698658,0.2,-1.7666319596880327,False,1.7666319596880327,0.0,INIT
2025-12-04T20:52:32.265337,1485.481273962,0.2000000000106253,1.966631959698658,0.2,-1.7666319596880327,False,1.7666319596880327,0.0,INIT
2025-12-04T20:52:32.266685,1485.482617033,0.2000000000106253,1.9648268672142661,0.2,-1.764826867203641,False,1.764826867203641,0.0,INIT
2025-12-04T20:52:32.272811,1485.488740046,0.2000000000118632,1.9648268672142661,0.2,-1.764826867202403,False,1.764826867202403,0.0,INIT
2025-12-04T20:52:32.283542,1485.49947362,0.2000000000118632,1.9630214193427458,0.2,-1.7630214193308826,False,1.7630214193308826,0.0,INIT
2025-12-04T20:52:32.296625,1485.512562295,0.2000000000106253,1.9630214193427458,0.2,-1.7630214193321205,False,1.7630214193321205,0.0,INIT
2025-12-04T20:52:32.305643,1485.521586599,0.2000000000106253,1.961215618592722,0.2,-1.7612156185820969,False,1.7612156185820969,0.0,INIT
2025-12-04T20:52:32.327979,1485.543916686,0.2000000000106253,1.961215618592722,0.2,-1.7612156185820969,False,1.7612156185820969,0.0,INIT
2025-12-04T20:52:32.346500,1485.56243058,0.2000000000106253,1.961215618592722,0.2,-1.7612156185820969,False,1.7612156185820969,0.0,INIT
2025-12-04T20:52:32.348072,1485.563997629,0.20000000001062532,1.959409467458169,0.2,-1.7594094674475438,False,1.7594094674475438,0.0,INIT
2025-12-04T20:52:32.351314,1485.567240953,0.20000000001062532,1.959409467458169,0.2,-1.7594094674475438,False,1.7594094674475438,0.0,INIT
2025-12-04T20:52:32.369011,1485.584974011,0.20000000001062532,1.9576029684185832,0.2,-1.757602968407958,False,1.757602968407958,0.0,INIT
2025-12-04T20:52:32.389117,1485.605053019,0.20000000001124424,1.9576029684185832,0.2,-1.7576029684073389,False,1.7576029684073389,0.0,INIT
2025-12-04T20:52:32.392507,1485.608438415,0.20000000001062532,1.9557961239391144,0.2,-1.7557961239284892,False,1.7557961239284892,0.0,INIT
2025-12-04T20:52:32.393998,1485.609935316,0.20000000001062532,1.9557961239391144,0.2,-1.7557961239284892,False,1.7557961239284892,0.0,INIT
2025-12-04T20:52:32.403703,1485.619634507,0.20000000001062532,1.9539889364707115,0.2,-1.7539889364600862,False,1.7539889364600862,0.0,INIT
2025-12-04T20:52:32.445969,1485.661901175,0.20000000001062532,1.9539889364707115,0.2,-1.7539889364600862,False,1.7539889364600862,0.0,INIT
2025-12-04T20:52:32.447623,1485.663550338,0.20000000001062532,1.9521814084502642,0.2,-1.752181408439639,False,1.752181408439639,0.0,INIT
2025-12-04T20:52:32.448346,1485.664270387,0.20000000001062532,1.9521814084502642,0.2,-1.752181408439639,False,1.752181408439639,0.0,INIT
2025-12-04T20:52:32.448849,1485.664774053,0.20000000001062532,1.9503735423006985,0.2,-1.7503735422900732,False,1.7503735422900732,0.0,INIT
2025-12-04T20:52:32.473295,1485.68923156,0.20000000001062532,1.9503735423006985,0.2,-1.7503735422900732,False,1.7503735422900732,0.0,INIT
2025-12-04T20:52:32.513451,1485.729383284,0.2000000000106253,1.9485653404311423,0.2,-1.748565340420517,False,1.748565340420517,0.0,INIT
2025-12-04T20:52:32.517527,1485.733458862,0.2000000000106253,1.9485653404311423,0.2,-1.748565340420517,False,1.748565340420517,0.0,INIT
2025-12-04T20:52:32.520166,1485.736097492,0.2000000000106253,1.9467568052370376,0.2,-1.7467568052264124,False,1.7467568052264124,0.0,INIT
2025-12-04T20:52:32.521458,1485.737391406,0.2000000000106253,1.9467568052370376,0.2,-1.7467568052264124,False,1.7467568052264124,0.0,INIT
2025-12-04T20:52:32.525169,1485.741105578,0.2000000000106253,1.9449479391003175,0.2,-1.7449479390896923,False,1.7449479390896923,0.0,INIT
2025-12-04T20:52:32.527575,1485.743517821,0.2000000000106253,1.9449479391003175,0.2,-1.7449479390896923,False,1.7449479390896923,0.0,INIT
2025-12-04T20:52:32.533256,1485.749185758,0.2000000000106253,1.9431387443894632,0.2,-1.743138744378838,False,1.743138744378838,0.0,INIT
2025-12-04T20:52:32.547502,1485.763435146,0.2000000000106253,1.9431387443894632,0.2,-1.743138744378838,False,1.743138744378838,0.0,INIT
2025-12-04T20:52:32.558792,1485.774737283,0.2000000000106253,1.9431387443894632,0.2,-1.743138744378838,False,1.743138744378838,0.0,INIT
2025-12-04T20:52:32.565963,1485.781892508,0.2000000000106253,1.9413292234596788,0.2,-1.7413292234490536,False,1.7413292234490536,0.0,INIT
2025-12-04T20:52:32.577008,1485.792937733,0.2000000000106253,1.9413292234596788,0.2,-1.7413292234490536,False,1.7413292234490536,0.0,INIT
2025-12-04T20:52:32.587268,1485.803213521,0.2000000000106253,1.939519378652994,0.2,-1.7395193786423688,False,1.7395193786423688,0.0,INIT
2025-12-04T20:52:32.597632,1485.813562886,0.2000000000106253,1.939519378652994,0.2,-1.7395193786423688,False,1.7395193786423688,0.0,INIT
2025-12-04T20:52:32.621290,1485.837244556,0.2000000000106253,1.9377092122984356,0.2,-1.7377092122878104,False,1.7377092122878104,0.0,INIT
2025-12-04T20:52:32.624161,1485.840096534,0.2000000000106253,1.9377092122984356,0.2,-1.7377092122878104,False,1.7377092122878104,0.0,INIT
2025-12-04T20:52:32.630965,1485.846903003,0.2000000000106253,1.9358987267120824,0.2,-1.7358987267014572,False,1.7358987267014572,0.0,INIT
2025-12-04T20:52:32.641149,1485.857089155,0.20000000001062532,1.9358987267120824,0.2,-1.7358987267014572,False,1.7358987267014572,0.0,INIT
2025-12-04T20:52:32.651291,1485.867221761,0.20000000001062532,1.9340879241972369,0.2,-1.7340879241866116,False,1.7340879241866116,0.0,INIT
2025-12-04T20:52:32.664584,1485.880521941,0.20000000001062532,1.9340879241972369,0.2,-1.7340879241866116,False,1.7340879241866116,0.0,INIT
2025-12-04T20:52:32.672701,1485.888630273,0.2000000000118632,1.9340879241972369,0.2,-1.7340879241853737,False,1.7340879241853737,0.0,INIT
2025-12-04T20:52:32.683955,1485.89988444,0.2000000000118632,1.9322768070445093,0.2,-1.7322768070326462,False,1.7322768070326462,0.0,INIT
2025-12-04T20:52:32.700227,1485.916161124,0.20000000001062532,1.9322768070445093,0.2,-1.732276807033884,False,1.732276807033884,0.0,INIT
2025-12-04T20:52:32.707614,1485.923555662,0.20000000001062532,1.9304653775320197,0.2,-1.7304653775213945,False,1.7304653775213945,0.0,INIT
2025-12-04T20:52:32.725947,1485.941886249,0.20000000001062532,1.9304653775320197,0.2,-1.7304653775213945,False,1.7304653775213945,0.0,INIT
2025-12-04T20:52:32.727970,1485.943901951,0.20000000001062532,1.9286536379254038,0.2,-1.7286536379147786,False,1.7286536379147786,0.0,INIT
2025-12-04T20:52:32.782329,1485.99826043,0.20000000001062532,1.9286536379254038,0.2,-1.7286536379147786,False,1.7286536379147786,0.0,INIT
2025-12-04T20:52:32.785570,1486.001499543,0.2000000000106253,1.926841590478002,0.2,-1.7268415904673768,False,1.7268415904673768,0.0,INIT
2025-12-04T20:52:32.786444,1486.002368508,0.2000000000106253,1.925029237430956,0.2,-1.7250292374203309,False,1.7250292374203309,0.0,INIT
2025-12-04T20:52:32.787244,1486.00317869,0.2000000000106253,1.925029237430956,0.2,-1.7250292374203309,False,1.7250292374203309,0.0,INIT
2025-12-04T20:52:32.787922,1486.003846842,0.2000000000106253,1.925029237430956,0.2,-1.7250292374203309,False,1.7250292374203309,0.0,INIT
2025-12-04T20:52:32.808309,1486.024242697,0.2000000000106253,1.9232165810133584,0.2,-1.7232165810027331,False,1.7232165810027331,0.0,INIT
2025-12-04T20:52:32.811095,1486.027030839,0.2000000000106253,1.9232165810133584,0.2,-1.7232165810027331,False,1.7232165810027331,0.0,INIT
2025-12-04T20:52:32.816349,1486.032282783,0.2000000000106253,1.9214036234423064,0.2,-1.7214036234316812,False,1.7214036234316812,0.0,INIT
2025-12-04T20:52:32.840069,1486.056025305,0.2000000000106253,1.9214036234423064,0.2,-1.7214036234316812,False,1.7214036234316812,0.0,INIT
2025-12-04T20:52:32.855250,1486.071186902,0.2000000000106253,1.9195903669230585,0.2,-1.7195903669124333,False,1.7195903669124333,0.0,INIT
2025-12-04T20:52:32.858630,1486.074565401,0.2000000000118632,1.9195903669230585,0.2,-1.7195903669111954,False,1.7195903669111954,0.0,INIT
2025-12-04T20:52:32.860077,1486.076524598,0.2000000000118632,1.9177768136491284,0.2,-1.7177768136372653,False,1.7177768136372653,0.0,INIT
2025-12-04T20:52:32.888257,1486.104197382,0.2000000000106253,1.9177768136491284,0.2,-1.7177768136385032,False,1.7177768136385032,0.0,INIT
2025-12-04T20:52:32.891125,1486.107058991,0.2000000000106253,1.9159629658024402,0.2,-1.715962965791815,False,1.715962965791815,0.0,INIT
2025-12-04T20:52:32.892231,1486.108161486,0.2000000000106253,1.9159629658024402,0.2,-1.715962965791815,False,1.715962965791815,0.0,INIT
2025-12-04T20:52:32.937452,1486.153393654,0.2000000000106253,1.9159629658024402,0.2,-1.715962965791815,False,1.715962965791815,0.0,INIT
2025-12-04T20:52:32.964850,1486.180785778,0.20000000001062532,1.9141488255533687,0.2,-1.7141488255427435,False,1.7141488255427435,0.0,INIT
2025-12-04T20:52:32.967749,1486.183677852,0.20000000001062532,1.9141488255533687,0.2,-1.7141488255427435,False,1.7141488255427435,0.0,INIT
2025-12-04T20:52:32.968375,1486.184300115,0.20000000001062532,1.9123343950608973,0.2,-1.712334395050272,False,1.712334395050272,0.0,INIT
2025-12-04T20:52:32.969177,1486.185105904,0.20000000001062532,1.910519676472708,0.2,-1.7105196764620827,False,1.7105196764620827,0.0,INIT
2025-12-04T20:52:32.970108,1486.186045653,0.20000000001062532,1.910519676472708,0.2,-1.7105196764620827,False,1.7105196764620827,0.0,INIT
2025-12-04T20:52:32.971100,1486.187024046,0.20000000001062532,1.9087046719253067,0.2,-1.7087046719146814,False,1.7087046719146814,0.0,INIT
2025-12-04T20:52:32.977559,1486.193494053,0.20000000001062532,1.9087046719253067,0.2,-1.7087046719146814,False,1.7087046719146814,0.0,INIT
2025-12-04T20:52:32.998979,1486.214915112,0.20000000001062532,1.9068893835441312,0.2,-1.706889383533506,False,1.706889383533506,0.0,INIT
2025-12-04T20:52:33.000484,1486.216421156,0.20000000001062532,1.9068893835441312,0.2,-1.706889383533506,False,1.706889383533506,0.0,INIT
2025-12-04T20:52:33.010930,1486.226865381,0.20000000001062532,1.9068893835441312,0.2,-1.706889383533506,False,1.706889383533506,0.0,INIT
2025-12-04T20:52:33.021894,1486.237828842,0.20000000001062532,1.905073813443618,0.2,-1.7050738134329928,False,1.7050738134329928,0.0,INIT
2025-12-04T20:52:33.045922,1486.261857968,0.20000000001062532,1.905073813443618,0.2,-1.7050738134329928,False,1.7050738134329928,0.0,INIT
2025-12-04T20:52:33.080302,1486.296238459,0.2000000000106253,1.9032579637273468,0.2,-1.7032579637167216,False,1.7032579637167216,0.0,INIT
2025-12-04T20:52:33.083660,1486.299594325,0.2000000000106253,1.9032579637273468,0.2,-1.7032579637167216,False,1.7032579637167216,0.0,INIT
2025-12-04T20:52:33.084662,1486.300589251,0.2000000000106253,1.9014418364881225,0.2,-1.7014418364774972,False,1.7014418364774972,0.0,INIT
2025-12-04T20:52:33.085365,1486.301292429,0.2000000000106253,1.9014418364881225,0.2,-1.7014418364774972,False,1.7014418364774972,0.0,INIT
2025-12-04T20:52:33.089419,1486.30535567,0.2000000000106253,1.8996254338081204,0.2,-1.6996254337974952,False,1.6996254337974952,0.0,INIT
2025-12-04T20:52:33.099770,1486.315703212,0.2000000000106253,1.8996254338081204,0.2,-1.6996254337974952,False,1.6996254337974952,0.0,INIT
2025-12-04T20:52:33.111062,1486.326991182,0.2000000000106253,1.8978087577589209,0.2,-1.6978087577482956,False,1.6978087577482956,0.0,INIT
2025-12-04T20:52:33.172656,1486.388592467,0.2000000000106253,1.8978087577589209,0.2,-1.6978087577482956,False,1.6978087577482956,0.0,INIT
2025-12-04T20:52:33.175867,1486.391806055,0.2000000000106253,1.895991810401659,0.2,-1.6959918103910339,False,1.6959918103910339,0.0,INIT
2025-12-04T20:52:33.178713,1486.394641704,0.2000000000106253,1.895991810401659,0.2,-1.6959918103910339,False,1.6959918103910339,0.0,INIT
2025-12-04T20:52:33.212384,1486.428315025,0.20000000001062532,1.8941745937871,0.2,-1.6941745937764747,False,1.6941745937764747,0.0,INIT
2025-12-04T20:52:33.215826,1486.431762064,0.20000000001062532,1.8941745937871,0.2,-1.6941745937764747,False,1.6941745937764747,0.0,INIT
2025-12-04T20:52:33.217357,1486.433287332,0.20000000001062532,1.8923571099557854,0.2,-1.6923571099451602,False,1.6923571099451602,0.0,INIT
2025-12-04T20:52:33.227350,1486.443285921,0.20000000001062532,1.8923571099557854,0.2,-1.6923571099451602,False,1.6923571099451602,0.0,INIT
2025-12-04T20:52:33.229713,1486.445656394,0.2000000000118632,1.890539360938063,0.2,-1.6905393609261998,False,1.6905393609261998,0.0,INIT
2025-12-04T20:52:33.231014,1486.446941291,0.2000000000118632,1.890539360938063,0.2,-1.6905393609261998,False,1.6905393609261998,0.0,INIT
2025-12-04T20:52:33.231783,1486.447709234,0.2000000000118632,1.8887213487542276,0.2,-1.6887213487423645,False,1.6887213487423645,0.0,INIT
2025-12-04T20:52:33.232680,1486.448605087,0.2000000000118632,1.8887213487542276,0.2,-1.6887213487423645,False,1.6887213487423645,0.0,INIT
2025-12-04T20:52:33.242409,1486.458341156,0.2000000000118632,1.8869030754145912,0.2,-1.686903075402728,False,1.686903075402728,0.0,INIT
2025-12-04T20:52:33.256984,1486.47292344,0.20000000001062532,1.8869030754145912,0.2,-1.686903075403966,False,1.686903075403966,0.0,INIT
2025-12-04T20:52:33.264790,1486.480820558,0.20000000001062532,1.885084542919655,0.2,-1.6850845429090298,False,1.6850845429090298,0.0,INIT
2025-12-04T20:52:33.274805,1486.490743472,0.20000000001062532,1.885084542919655,0.2,-1.6850845429090298,False,1.6850845429090298,0.0,INIT
2025-12-04T20:52:33.285338,1486.501271575,0.20000000001062532,1.883265753260086,0.2,-1.6832657532494608,False,1.6832657532494608,0.0,INIT
2025-12-04T20:52:33.298889,1486.514826967,0.20000000001062532,1.883265753260086,0.2,-1.6832657532494608,False,1.6832657532494608,0.0,INIT
2025-12-04T20:52:33.307747,1486.523683734,0.20000000001186322,1.8814467084168935,0.2,-1.6814467084050304,False,1.6814467084050304,0.0,INIT
2025-12-04T20:52:33.329364,1486.545295092,0.20000000001186322,1.8814467084168935,0.2,-1.6814467084050304,False,1.6814467084050304,0.0,INIT
2025-12-04T20:52:33.330672,1486.546602674,0.20000000001186322,1.8796274103614898,0.2,-1.6796274103496267,False,1.6796274103496267,0.0,INIT
2025-12-04T20:52:33.341043,1486.556971259,0.20000000001186322,1.8796274103614898,0.2,-1.6796274103496267,False,1.6796274103496267,0.0,INIT
2025-12-04T20:52:33.366125,1486.582057951,0.2000000000106253,1.8796274103614898,0.2,-1.6796274103508646,False,1.6796274103508646,0.0,INIT
2025-12-04T20:52:33.367811,1486.583743846,0.2000000000106253,1.8778078610558273,0.2,-1.677807861045202,False,1.677807861045202,0.0,INIT
2025-12-04T20:52:33.381742,1486.597673165,0.2000000000106253,1.8778078610558273,0.2,-1.677807861045202,False,1.677807861045202,0.0,INIT
2025-12-04T20:52:33.383523,1486.599452989,0.2000000000106253,1.8759880624524214,0.2,-1.6759880624417962,False,1.6759880624417962,0.0,INIT
2025-12-04T20:52:33.395870,1486.61180152,0.2000000000106253,1.8759880624524214,0.2,-1.6759880624417962,False,1.6759880624417962,0.0,INIT
2025-12-04T20:52:33.405607,1486.621535805,0.2000000000106253,1.874168016494492,0.2,-1.6741680164838668,False,1.6741680164838668,0.0,INIT
2025-12-04T20:52:33.431671,1486.647609537,0.2000000000118632,1.874168016494492,0.2,-1.674168016482629,False,1.674168016482629,0.0,INIT
2025-12-04T20:52:33.439419,1486.655355926,0.2000000000106253,1.8723477251160272,0.2,-1.672347725105402,False,1.672347725105402,0.0,INIT
2025-12-04T20:52:33.440675,1486.656605566,0.2000000000106253,1.8723477251160272,0.2,-1.672347725105402,False,1.672347725105402,0.0,INIT
2025-12-04T20:52:33.449397,1486.665326547,0.2000000000106253,1.8705271902419183,0.2,-1.670527190231293,False,1.670527190231293,0.0,INIT
2025-12-04T20:52:33.460454,1486.676388343,0.2000000000106253,1.8705271902419183,0.2,-1.670527190231293,False,1.670527190231293,0.0,INIT
2025-12-04T20:52:33.476592,1486.69252295,0.2000000000106253,1.8705271902419183,0.2,-1.670527190231293,False,1.670527190231293,0.0,INIT
2025-12-04T20:52:33.481102,1486.697031281,0.2000000000106253,1.8687064137879847,0.2,-1.6687064137773595,False,1.6687064137773595,0.0,INIT
2025-12-04T20:52:33.492217,1486.708151471,0.20000000001062532,1.8687064137879847,0.2,-1.6687064137773595,False,1.6687064137773595,0.0,INIT
2025-12-04T20:52:33.504349,1486.720303122,0.20000000001062532,1.866885397661104,0.2,-1.6668853976504787,False,1.6668853976504787,0.0,INIT
2025-12-04T20:52:33.554865,1486.770797893,0.20000000001124424,1.866885397661104,0.2,-1.6668853976498597,False,1.6668853976498597,0.0,INIT
2025-12-04T20:52:33.564978,1486.780911644,0.20000000001062532,1.8650641437592803,0.2,-1.665064143748655,False,1.665064143748655,0.0,INIT
2025-12-04T20:52:33.566686,1486.782622362,0.20000000001062532,1.8650641437592803,0.2,-1.665064143748655,False,1.665064143748655,0.0,INIT
2025-12-04T20:52:33.625031,1486.840964003,0.20000000001062532,1.8650641437592803,0.2,-1.665064143748655,False,1.665064143748655,0.0,INIT
2025-12-04T20:52:33.630531,1486.846458256,0.20000000001062532,1.8632426539717493,0.2,-1.663242653961124,False,1.663242653961124,0.0,INIT
2025-12-04T20:52:33.631371,1486.847295736,0.20000000001062532,1.8632426539717493,0.2,-1.663242653961124,False,1.663242653961124,0.0,INIT
2025-12-04T20:52:33.632333,1486.848260187,0.20000000001062532,1.8614209301790705,0.2,-1.6614209301684453,False,1.6614209301684453,0.0,INIT
2025-12-04T20:52:33.633500,1486.84942948,0.20000000001062532,1.8614209301790705,0.2,-1.6614209301684453,False,1.6614209301684453,0.0,INIT
2025-12-04T20:52:33.635500,1486.851429923,0.2000000000106253,1.8614209301790705,0.2,-1.6614209301684453,False,1.6614209301684453,0.0,INIT
2025-12-04T20:52:33.637210,1486.853142047,0.2000000000106253,1.8595989742531653,0.2,-1.65959897424254,False,1.65959897424254,0.0,INIT
2025-12-04T20:52:33.638747,1486.854676476,0.2000000000106253,1.8595989742531653,0.2,-1.65959897424254,False,1.65959897424254,0.0,INIT
2025-12-04T20:52:33.639625,1486.85555246,0.2000000000106253,1.8577767880574463,0.2,-1.657776788046821,False,1.657776788046821,0.0,INIT
2025-12-04T20:52:33.645691,1486.86162369,0.2000000000106253,1.8577767880574463,0.2,-1.657776788046821,False,1.657776788046821,0.0,INIT
2025-12-04T20:52:33.652802,1486.868731757,0.2000000000106253,1.8559543734468784,0.2,-1.6559543734362532,False,1.6559543734362532,0.0,INIT
2025-12-04T20:52:33.663349,1486.879280006,0.2000000000106253,1.8559543734468784,0.2,-1.6559543734362532,False,1.6559543734362532,0.0,INIT
2025-12-04T20:52:33.674554,1486.890493818,0.2000000000106253,1.854131732268101,0.2,-1.6541317322574758,False,1.6541317322574758,0.0,INIT
2025-12-04T20:52:33.684746,1486.900680001,0.2000000000106253,1.854131732268101,0.2,-1.6541317322574758,False,1.6541317322574758,0.0,INIT
2025-12-04T20:52:33.696254,1486.912185387,0.2000000000106253,1.8523088663594525,0.2,-1.6523088663488272,False,1.6523088663488272,0.0,INIT
2025-12-04T20:52:33.706968,1486.922906058,0.2000000000106253,1.8523088663594525,0.2,-1.6523088663488272,False,1.6523088663488272,0.0,INIT
2025-12-04T20:52:33.717886,1486.933815843,0.2000000000106253,1.8523088663594525,0.2,-1.6523088663488272,False,1.6523088663488272,0.0,INIT
2025-12-04T20:52:33.729466,1486.945396171,0.2000000000106253,1.8504857775510892,0.2,-1.650485777540464,False,1.650485777540464,0.0,INIT
2025-12-04T20:52:33.740305,1486.956240391,0.2000000000106253,1.8504857775510892,0.2,-1.650485777540464,False,1.650485777540464,0.0,INIT
2025-12-04T20:52:33.750396,1486.966325053,0.2000000000106253,1.8486624676650436,0.2,-1.6486624676544184,False,1.6486624676544184,0.0,INIT
2025-12-04T20:52:33.762069,1486.978008606,0.2000000000106253,1.8486624676650436,0.2,-1.6486624676544184,False,1.6486624676544184,0.0,INIT
2025-12-04T20:52:33.772494,1486.98844248,0.2000000000106253,1.8468389385153614,0.2,-1.6468389385047362,False,1.6468389385047362,0.0,INIT
2025-12-04T20:52:33.787457,1487.003407179,0.2000000000106253,1.8468389385153614,0.2,-1.6468389385047362,False,1.6468389385047362,0.0,INIT
2025-12-04T20:52:33.798812,1487.014745149,0.2000000000106253,1.8450151919080984,0.2,-1.6450151918974731,False,1.6450151918974731,0.0,INIT
2025-12-04T20:52:33.804889,1487.020822807,0.20000000001062532,1.8450151919080984,0.2,-1.6450151918974731,False,1.6450151918974731,0.0,INIT
2025-12-04T20:52:33.814564,1487.030498615,0.20000000001062532,1.843191229641456,0.2,-1.6431912296308309,False,1.6431912296308309,0.0,INIT
2025-12-04T20:52:33.825832,1487.041763464,0.20000000001062532,1.843191229641456,0.2,-1.6431912296308309,False,1.6431912296308309,0.0,INIT
2025-12-04T20:52:33.837541,1487.053515419,0.2000000000118632,1.843191229641456,0.2,-1.643191229629593,False,1.643191229629593,0.0,INIT
2025-12-04T20:52:33.847728,1487.063658189,0.2000000000118632,1.8413670535058246,0.2,-1.6413670534939615,False,1.6413670534939615,0.0,INIT
2025-12-04T20:52:33.864251,1487.080189194,0.20000000001062532,1.8413670535058246,0.2,-1.6413670534951994,False,1.6413670534951994,0.0,INIT
2025-12-04T20:52:33.872258,1487.088192808,0.20000000001062532,1.8395426652839388,0.2,-1.6395426652733136,False,1.6395426652733136,0.0,INIT
2025-12-04T20:52:33.887832,1487.103770663,0.20000000001062532,1.8395426652839388,0.2,-1.6395426652733136,False,1.6395426652733136,0.0,INIT
2025-12-04T20:52:33.893585,1487.109530306,0.20000000001062532,1.837718066750842,0.2,-1.6377180667402167,False,1.6377180667402167,0.0,INIT
2025-12-04T20:52:33.902251,1487.118180975,0.20000000001062532,1.837718066750842,0.2,-1.6377180667402167,False,1.6377180667402167,0.0,INIT
2025-12-04T20:52:33.918096,1487.134025233,0.20000000001062532,1.8358932596740383,0.2,-1.635893259663413,False,1.635893259663413,0.0,INIT
2025-12-04T20:52:33.924423,1487.140352129,0.20000000001186322,1.8358932596740383,0.2,-1.6358932596621751,False,1.6358932596621751,0.0,INIT
2025-12-04T20:52:33.973422,1487.189364262,0.20000000001186322,1.8340682458135378,0.2,-1.6340682458016746,False,1.6340682458016746,0.0,INIT
2025-12-04T20:52:33.991702,1487.207636878,0.2000000000106253,1.8340682458135378,0.2,-1.6340682458029125,False,1.6340682458029125,0.0,INIT
2025-12-04T20:52:33.993784,1487.209714268,0.2000000000106253,1.8340682458135378,0.2,-1.6340682458029125,False,1.6340682458029125,0.0,INIT
2025-12-04T20:52:34.006209,1487.222148969,0.2000000000106253,1.8322430269219794,0.2,-1.6322430269113541,False,1.6322430269113541,0.0,INIT
2025-12-04T20:52:34.008735,1487.224667125,0.2000000000106253,1.8322430269219794,0.2,-1.6322430269113541,False,1.6322430269113541,0.0,INIT
2025-12-04T20:52:34.010436,1487.226366738,0.2000000000106253,1.8304176047446354,0.2,-1.6304176047340102,False,1.6304176047340102,0.0,INIT
2025-12-04T20:52:34.011099,1487.227026428,0.2000000000106253,1.8304176047446354,0.2,-1.6304176047340102,False,1.6304176047340102,0.0,INIT
2025-12-04T20:52:34.011849,1487.227774413,0.2000000000106253,1.8285919810195326,0.2,-1.6285919810089073,False,1.6285919810089073,0.0,INIT
2025-12-04T20:52:34.022377,1487.238313948,0.2000000000118632,1.8285919810195326,0.2,-1.6285919810076694,False,1.6285919810076694,0.0,INIT
2025-12-04T20:52:34.032921,1487.24885246,0.2000000000118632,1.826766157477504,0.2,-1.626766157465641,False,1.626766157465641,0.0,INIT
2025-12-04T20:52:34.044938,1487.260871346,0.2000000000106253,1.826766157477504,0.2,-1.6267661574668788,False,1.6267661574668788,0.0,INIT
2025-12-04T20:52:34.058411,1487.274347703,0.2000000000106253,1.8249401358423079,0.2,-1.6249401358316826,False,1.6249401358316826,0.0,INIT
2025-12-04T20:52:34.067073,1487.283009568,0.2000000000106253,1.8249401358423079,0.2,-1.6249401358316826,False,1.6249401358316826,0.0,INIT
2025-12-04T20:52:34.087307,1487.303256082,0.2000000000106253,1.8249401358423079,0.2,-1.6249401358316826,False,1.6249401358316826,0.0,INIT
2025-12-04T20:52:34.089856,1487.305786918,0.2000000000106253,1.8231139178306321,0.2,-1.623113917820007,False,1.623113917820007,0.0,INIT
2025-12-04T20:52:34.099703,1487.315634687,0.20000000001062532,1.8231139178306321,0.2,-1.623113917820007,False,1.623113917820007,0.0,INIT
2025-12-04T20:52:34.110027,1487.325958221,0.20000000001062532,1.8212875051522106,0.2,-1.6212875051415854,False,1.6212875051415854,0.0,INIT
2025-12-04T20:52:34.125760,1487.341695104,0.20000000001124424,1.8212875051522106,0.2,-1.6212875051409663,False,1.6212875051409663,0.0,INIT
2025-12-04T20:52:34.132231,1487.34815919,0.20000000001124424,1.8194608995098784,0.2,-1.6194608994986341,False,1.6194608994986341,0.0,INIT
2025-12-04T20:52:34.143063,1487.358995213,0.20000000001062532,1.8194608995098784,0.2,-1.6194608994992532,False,1.6194608994992532,0.0,INIT
2025-12-04T20:52:34.165934,1487.381869514,0.20000000001062532,1.8176341025996567,0.2,-1.6176341025890315,False,1.6176341025890315,0.0,INIT
2025-12-04T20:52:34.168180,1487.384118077,0.20000000001062532,1.8176341025996567,0.2,-1.6176341025890315,False,1.6176341025890315,0.0,INIT
2025-12-04T20:52:34.182981,1487.398911785,0.20000000001062532,1.8158071161108333,0.2,-1.615807116100208,False,1.615807116100208,0.0,INIT
2025-12-04T20:52:34.195926,1487.411864252,0.20000000001062532,1.8158071161108333,0.2,-1.615807116100208,False,1.615807116100208,0.0,INIT
2025-12-04T20:52:34.204013,1487.419977667,0.20000000001062532,1.8139799417259859,0.2,-1.6139799417153606,False,1.6139799417153606,0.0,INIT
2025-12-04T20:52:34.209368,1487.425298161,0.20000000001062532,1.8139799417259859,0.2,-1.6139799417153606,False,1.6139799417153606,0.0,INIT
2025-12-04T20:52:34.219560,1487.435493812,0.20000000001062532,1.812152581121091,0.2,-1.6121525811104658,False,1.6121525811104658,0.0,INIT
2025-12-04T20:52:34.237877,1487.453815934,0.2000000000106253,1.812152581121091,0.2,-1.6121525811104658,False,1.6121525811104658,0.0,INIT
2025-12-04T20:52:34.241818,1487.457752052,0.2000000000106253,1.8103250359655743,0.2,-1.610325035954949,False,1.610325035954949,0.0,INIT
2025-12-04T20:52:34.252055,1487.467984402,0.2000000000106253,1.8103250359655743,0.2,-1.610325035954949,False,1.610325035954949,0.0,INIT
2025-12-04T20:52:34.272858,1487.488794939,0.2000000000106253,1.8084973079224236,0.2,-1.6084973079117983,False,1.6084973079117983,0.0,INIT
2025-12-04T20:52:34.291370,1487.507304234,0.2000000000106253,1.8084973079224236,0.2,-1.6084973079117983,False,1.6084973079117983,0.0,INIT
2025-12-04T20:52:34.293994,1487.509931969,0.2000000000106253,1.806669398648185,0.2,-1.6066693986375598,False,1.6066693986375598,0.0,INIT
2025-12-04T20:52:34.300846,1487.516779173,0.2000000000106253,1.806669398648185,0.2,-1.6066693986375598,False,1.6066693986375598,0.0,INIT
2025-12-04T20:52:34.311696,1487.527632981,0.2000000000106253,1.8048413097930789,0.2,-1.6048413097824537,False,1.6048413097824537,0.0,INIT
2025-12-04T20:52:34.343759,1487.559688912,0.2000000000106253,1.8048413097930789,0.2,-1.6048413097824537,False,1.6048413097824537,0.0,INIT
2025-12-04T20:52:34.346818,1487.562750158,0.2000000000106253,1.8048413097930789,0.2,-1.6048413097824537,False,1.6048413097824537,0.0,INIT
2025-12-04T20:52:34.347969,1487.563900195,0.2000000000106253,1.8030130430010463,0.2,-1.603013042990421,False,1.603013042990421,0.0,INIT
2025-12-04T20:52:34.358062,1487.573994057,0.2000000000106253,1.8030130430010463,0.2,-1.603013042990421,False,1.603013042990421,0.0,INIT
2025-12-04T20:52:34.365558,1487.581497282,0.2000000000106253,1.8011845999098552,0.2,-1.60118459989923,False,1.60118459989923,0.0,INIT
2025-12-04T20:52:34.381344,1487.59727587,0.2000000000106253,1.8011845999098552,0.2,-1.60118459989923,False,1.60118459989923,0.0,INIT
2025-12-04T20:52:34.384142,1487.600073769,0.2000000000106253,1.7993559821511065,0.2,-1.5993559821404812,False,1.5993559821404812,0.0,INIT
2025-12-04T20:52:34.394688,1487.610621535,0.20000000001062532,1.7993559821511065,0.2,-1.5993559821404812,False,1.5993559821404812,0.0,INIT
2025-12-04T20:52:34.408283,1487.624229822,0.20000000001062532,1.7975271913503388,0.2,-1.5975271913397135,False,1.5975271913397135,0.0,INIT
2025-12-04T20:52:34.421132,1487.637062859,0.20000000001062532,1.7975271913503388,0.2,-1.5975271913397135,False,1.5975271913397135,0.0,INIT
2025-12-04T20:52:34.428911,1487.644846816,0.2000000000118632,1.7975271913503388,0.2,-1.5975271913384756,False,1.5975271913384756,0.0,INIT
2025-12-04T20:52:34.441457,1487.657393834,0.2000000000118632,1.7956982291270656,0.2,-1.5956982291152024,False,1.5956982291152024,0.0,INIT
2025-12-04T20:52:34.484645,1487.700578434,0.20000000001062532,1.7956982291270656,0.2,-1.5956982291164403,False,1.5956982291164403,0.0,INIT
2025-12-04T20:52:34.487273,1487.703214174,0.20000000001062532,1.7938690970949134,0.2,-1.5938690970842881,False,1.5938690970842881,0.0,INIT
2025-12-04T20:52:34.507800,1487.723747792,0.20000000001062532,1.7938690970949134,0.2,-1.5938690970842881,False,1.5938690970842881,0.0,INIT
2025-12-04T20:52:34.511037,1487.726990585,0.20000000001062532,1.7920397968615802,0.2,-1.592039796850955,False,1.592039796850955,0.0,INIT
2025-12-04T20:52:34.512483,1487.728413336,0.20000000001186322,1.7920397968615802,0.2,-1.592039796849717,False,1.592039796849717,0.0,INIT
2025-12-04T20:52:34.513345,1487.729273274,0.20000000001186322,1.7902103300289678,0.2,-1.5902103300171047,False,1.5902103300171047,0.0,INIT
2025-12-04T20:52:34.516415,1487.732356352,0.20000000001186322,1.7902103300289678,0.2,-1.5902103300171047,False,1.5902103300171047,0.0,INIT
2025-12-04T20:52:34.578199,1487.794131548,0.20000000001186322,1.7883806981932135,0.2,-1.5883806981813504,False,1.5883806981813504,0.0,INIT
2025-12-04T20:52:34.582529,1487.79845426,0.2000000000106253,1.7883806981932135,0.2,-1.5883806981825883,False,1.5883806981825883,0.0,INIT
2025-12-04T20:52:34.591237,1487.807174765,0.2000000000106253,1.7883806981932135,0.2,-1.5883806981825883,False,1.5883806981825883,0.0,INIT
2025-12-04T20:52:34.593129,1487.809055342,0.2000000000106253,1.7865509029448061,0.2,-1.5865509029341809,False,1.5865509029341809,0.0,INIT
2025-12-04T20:52:34.594099,1487.810042215,0.2000000000106253,1.7865509029448061,0.2,-1.5865509029341809,False,1.5865509029341809,0.0,INIT
2025-12-04T20:52:34.595115,1487.81104387,0.2000000000106253,1.7847209458685747,0.2,-1.5847209458579494,False,1.5847209458579494,0.0,INIT
2025-12-04T20:52:34.595784,1487.811712797,0.2000000000106253,1.7847209458685747,0.2,-1.5847209458579494,False,1.5847209458579494,0.0,INIT
2025-12-04T20:52:34.601816,1487.817745076,0.2000000000106253,1.7828908285437999,0.2,-1.5828908285331746,False,1.5828908285331746,0.0,INIT
2025-12-04T20:52:34.612430,1487.828359423,0.2000000000118632,1.7828908285437999,0.2,-1.5828908285319367,False,1.5828908285319367,0.0,INIT
2025-12-04T20:52:34.628933,1487.844866616,0.2000000000118632,1.7810605525442487,0.2,-1.5810605525323855,False,1.5810605525323855,0.0,INIT
2025-12-04T20:52:34.635739,1487.851671194,0.2000000000106253,1.7810605525442487,0.2,-1.5810605525336234,False,1.5810605525336234,0.0,INIT
2025-12-04T20:52:34.645014,1487.860947523,0.2000000000106253,1.779230119438287,0.2,-1.5792301194276617,False,1.5792301194276617,0.0,INIT
2025-12-04T20:52:34.656370,1487.872299285,0.2000000000106253,1.779230119438287,0.2,-1.5792301194276617,False,1.5792301194276617,0.0,INIT
2025-12-04T20:52:34.666914,1487.882851473,0.2000000000106253,1.7773995307888661,0.2,-1.577399530778241,False,1.577399530778241,0.0,INIT
2025-12-04T20:52:34.686914,1487.902848966,0.20000000001062532,1.7773995307888661,0.2,-1.577399530778241,False,1.577399530778241,0.0,INIT
2025-12-04T20:52:34.699489,1487.915421167,0.20000000001062532,1.775568788153631,0.2,-1.5755687881430058,False,1.5755687881430058,0.0,INIT
2025-12-04T20:52:34.701377,1487.917330101,0.20000000001124424,1.775568788153631,0.2,-1.5755687881423868,False,1.5755687881423868,0.0,INIT
2025-12-04T20:52:34.711501,1487.927432254,0.20000000001124424,1.7737378930849665,0.2,-1.5737378930737222,False,1.5737378930737222,0.0,INIT
2025-12-04T20:52:34.734766,1487.950699824,0.20000000001062532,1.7737378930849665,0.2,-1.5737378930743413,False,1.5737378930743413,0.0,INIT
2025-12-04T20:52:34.737958,1487.953904397,0.20000000001062532,1.7719068471300705,0.2,-1.5719068471194453,False,1.5719068471194453,0.0,INIT
2025-12-04T20:52:34.744832,1487.960765542,0.20000000001062532,1.7700756518310126,0.2,-1.5700756518203873,False,1.5700756518203873,0.0,INIT
2025-12-04T20:52:34.772131,1487.988070384,0.20000000001062532,1.7700756518310126,0.2,-1.5700756518203873,False,1.5700756518203873,0.0,INIT
2025-12-04T20:52:34.776584,1487.992529935,0.20000000001062532,1.7700756518310126,0.2,-1.5700756518203873,False,1.5700756518203873,0.0,INIT
2025-12-04T20:52:34.778047,1487.993978809,0.20000000001062532,1.7682443087247588,0.2,-1.5682443087141336,False,1.5682443087141336,0.0,INIT
2025-12-04T20:52:34.793636,1488.009565105,0.20000000001062532,1.7682443087247588,0.2,-1.5682443087141336,False,1.5682443087141336,0.0,INIT
2025-12-04T20:52:34.828237,1488.04416902,0.2000000000106253,1.7664128193432704,0.2,-1.5664128193326452,False,1.5664128193326452,0.0,INIT
2025-12-04T20:52:34.830835,1488.046770306,0.2000000000106253,1.7664128193432704,0.2,-1.5664128193326452,False,1.5664128193326452,0.0,INIT
2025-12-04T20:52:34.833041,1488.048976283,0.2000000000106253,1.7645811852135296,0.2,-1.5645811852029043,False,1.5645811852029043,0.0,INIT
2025-12-04T20:52:34.834681,1488.050612208,0.2000000000106253,1.7645811852135296,0.2,-1.5645811852029043,False,1.5645811852029043,0.0,INIT
2025-12-04T20:52:34.844008,1488.059937982,0.2000000000106253,1.7627494078576547,0.2,-1.5627494078470294,False,1.5627494078470294,0.0,INIT
2025-12-04T20:52:34.855984,1488.071917495,0.2000000000106253,1.7627494078576547,0.2,-1.5627494078470294,False,1.5627494078470294,0.0,INIT
2025-12-04T20:52:34.866289,1488.082225057,0.2000000000106253,1.760917488792881,0.2,-1.5609174887822557,False,1.5609174887822557,0.0,INIT
2025-12-04T20:52:34.876612,1488.092545289,0.2000000000106253,1.760917488792881,0.2,-1.5609174887822557,False,1.5609174887822557,0.0,INIT
2025-12-04T20:52:34.887338,1488.103280409,0.2000000000106253,1.760917488792881,0.2,-1.5609174887822557,False,1.5609174887822557,0.0,INIT
2025-12-04T20:52:34.897919,1488.113850848,0.2000000000106253,1.7590854295316678,0.2,-1.5590854295210426,False,1.5590854295210426,0.0,INIT
2025-12-04T20:52:34.909146,1488.125079882,0.2000000000106253,1.7590854295316678,0.2,-1.5590854295210426,False,1.5590854295210426,0.0,INIT
2025-12-04T20:52:34.935638,1488.151578067,0.2000000000106253,1.7572532315817302,0.2,-1.557253231571105,False,1.557253231571105,0.0,INIT
2025-12-04T20:52:34.941656,1488.15760498,0.2000000000106253,1.7572532315817302,0.2,-1.557253231571105,False,1.557253231571105,0.0,INIT
2025-12-04T20:52:34.942913,1488.158843793,0.2000000000106253,1.755420896446143,0.2,-1.5554208964355178,False,1.5554208964355178,0.0,INIT
2025-12-04T20:52:34.956424,1488.172370402,0.2000000000106253,1.755420896446143,0.2,-1.5554208964355178,False,1.5554208964355178,0.0,INIT
2025-12-04T20:52:34.979307,1488.195237102,0.2000000000106253,1.7535884256233292,0.2,-1.553588425612704,False,1.553588425612704,0.0,INIT
2025-12-04T20:52:35.026221,1488.242159264,0.20000000001062532,1.7535884256233292,0.2,-1.553588425612704,False,1.553588425612704,0.0,INIT
2025-12-04T20:52:35.039421,1488.25536341,0.20000000001062532,1.7517558206071584,0.2,-1.5517558205965332,False,1.5517558205965332,0.0,INIT
2025-12-04T20:52:35.077531,1488.293464107,0.20000000001062532,1.7517558206071584,0.2,-1.5517558205965332,False,1.5517558205965332,0.0,INIT
2025-12-04T20:52:35.081008,1488.29693807,0.20000000001186322,1.7499230828869772,0.2,-1.549923082875114,False,1.549923082875114,0.0,INIT
2025-12-04T20:52:35.082100,1488.298026852,0.20000000001186322,1.7499230828869772,0.2,-1.549923082875114,False,1.549923082875114,0.0,INIT
2025-12-04T20:52:35.082938,1488.298862405,0.20000000001186322,1.7480902139477292,0.2,-1.548090213935866,False,1.548090213935866,0.0,INIT
2025-12-04T20:52:35.083581,1488.299507562,0.20000000001186322,1.7480902139477292,0.2,-1.548090213935866,False,1.548090213935866,0.0,INIT
2025-12-04T20:52:35.086123,1488.302054401,0.20000000001186322,1.7462572152699085,0.2,-1.5462572152580454,False,1.5462572152580454,0.0,INIT
2025-12-04T20:52:35.087281,1488.303207526,0.20000000001186322,1.7462572152699085,0.2,-1.5462572152580454,False,1.5462572152580454,0.0,INIT
2025-12-04T20:52:35.088450,1488.304377803,0.20000000001186322,1.744424088329687,0.2,-1.544424088317824,False,1.544424088317824,0.0,INIT
2025-12-04T20:52:35.089854,1488.305786855,0.20000000001186322,1.744424088329687,0.2,-1.544424088317824,False,1.544424088317824,0.0,INIT
2025-12-04T20:52:35.095367,1488.31129885,0.20000000001186322,1.7425908345989338,0.2,-1.5425908345870707,False,1.5425908345870707,0.0,INIT
2025-12-04T20:52:35.110673,1488.326603794,0.2000000000106253,1.7425908345989338,0.2,-1.5425908345883086,False,1.5425908345883086,0.0,INIT
2025-12-04T20:52:35.136583,1488.352519577,0.2000000000106253,1.7407574555453182,0.2,-1.540757455534693,False,1.540757455534693,0.0,INIT
2025-12-04T20:52:35.142890,1488.358835506,0.2000000000106253,1.7407574555453182,0.2,-1.540757455534693,False,1.540757455534693,0.0,INIT
2025-12-04T20:52:35.144042,1488.359970866,0.2000000000106253,1.7389239526322928,0.2,-1.5389239526216676,False,1.5389239526216676,0.0,INIT
2025-12-04T20:52:35.150153,1488.366086984,0.2000000000106253,1.7389239526322928,0.2,-1.5389239526216676,False,1.5389239526216676,0.0,INIT
2025-12-04T20:52:35.167230,1488.383165536,0.2000000000106253,1.737090327319196,0.2,-1.5370903273085708,False,1.5370903273085708,0.0,INIT
2025-12-04T20:52:35.172495,1488.388426812,0.2000000000118632,1.737090327319196,0.2,-1.5370903273073329,False,1.5370903273073329,0.0,INIT
2025-12-04T20:52:35.183173,1488.399102853,0.2000000000118632,1.735256581061278,0.2,-1.5352565810494148,False,1.5352565810494148,0.0,INIT
2025-12-04T20:52:35.193904,1488.409832634,0.2000000000106253,1.735256581061278,0.2,-1.5352565810506527,False,1.5352565810506527,0.0,INIT
2025-12-04T20:52:35.205069,1488.421009361,0.2000000000106253,1.7334227153098025,0.2,-1.5334227152991773,False,1.5334227152991773,0.0,INIT
2025-12-04T20:52:35.217448,1488.433379176,0.2000000000106253,1.7334227153098025,0.2,-1.5334227152991773,False,1.5334227152991773,0.0,INIT
2025-12-04T20:52:35.247747,1488.463679844,0.2000000000106253,1.73158873151203,0.2,-1.5315887315014047,False,1.5315887315014047,0.0,INIT
2025-12-04T20:52:35.250732,1488.466663522,0.2000000000124821,1.73158873151203,0.2,-1.5315887314995478,False,1.5315887314995478,0.0,INIT
2025-12-04T20:52:35.252394,1488.468328317,0.2000000000124821,1.7297546311113123,0.2,-1.5297546310988301,False,1.5297546310988301,0.0,INIT
2025-12-04T20:52:35.260228,1488.476158851,0.2000000000124821,1.7279204155471195,0.2,-1.5279204155346373,False,1.5279204155346373,0.0,INIT
2025-12-04T20:52:35.271757,1488.487690154,0.20000000001062532,1.7279204155471195,0.2,-1.5279204155364943,False,1.5279204155364943,0.0,INIT
2025-12-04T20:52:35.304100,1488.52003733,0.20000000001062532,1.7260860862551661,0.2,-1.526086086244541,False,1.526086086244541,0.0,INIT
2025-12-04T20:52:35.374261,1488.590197953,0.2000000000106253,1.7260860862551661,0.2,-1.526086086244541,False,1.526086086244541,0.0,INIT
2025-12-04T20:52:35.381676,1488.59760973,0.2000000000106253,1.7260860862551661,0.2,-1.526086086244541,False,1.526086086244541,0.0,INIT
2025-12-04T20:52:35.383123,1488.599056644,0.2000000000106253,1.7242516446673424,0.2,-1.5242516446567171,False,1.5242516446567171,0.0,INIT
2025-12-04T20:52:35.409006,1488.624946274,0.2000000000106253,1.7242516446673424,0.2,-1.5242516446567171,False,1.5242516446567171,0.0,INIT
2025-12-04T20:52:35.412552,1488.628494412,0.2000000000106253,1.722417092211849,0.2,-1.5224170922012237,False,1.5224170922012237,0.0,INIT
2025-12-04T20:52:35.415127,1488.631060029,0.2000000000106253,1.722417092211849,0.2,-1.5224170922012237,False,1.5224170922012237,0.0,INIT
2025-12-04T20:52:35.416806,1488.632739613,0.2000000000106253,1.7205824303132253,0.2,-1.5205824303026,False,1.5205824303026,0.0,INIT
2025-12-04T20:52:35.419231,1488.635168438,0.2000000000106253,1.7205824303132253,0.2,-1.5205824303026,False,1.5205824303026,0.0,INIT
2025-12-04T20:52:35.420411,1488.636342214,0.2000000000106253,1.718747660392392,0.2,-1.5187476603817667,False,1.5187476603817667,0.0,INIT
2025-12-04T20:52:35.421860,1488.637791049,0.2000000000106253,1.718747660392392,0.2,-1.5187476603817667,False,1.5187476603817667,0.0,INIT
2025-12-04T20:52:35.423420,1488.63935061,0.2000000000106253,1.716912783866741,0.2,-1.5169127838561158,False,1.5169127838561158,0.0,INIT
2025-12-04T20:52:35.424985,1488.640919556,0.2000000000106253,1.716912783866741,0.2,-1.5169127838561158,False,1.5169127838561158,0.0,INIT
2025-12-04T20:52:35.425953,1488.64188115,0.2000000000106253,1.716912783866741,0.2,-1.5169127838561158,False,1.5169127838561158,0.0,INIT
2025-12-04T20:52:35.436653,1488.6525903,0.2000000000106253,1.7150778021501196,0.2,-1.5150778021394944,False,1.5150778021394944,0.0,INIT
2025-12-04T20:52:35.451921,1488.667859243,0.2000000000106253,1.7150778021501196,0.2,-1.5150778021394944,False,1.5150778021394944,0.0,INIT
2025-12-04T20:52:35.458979,1488.674910842,0.2000000000106253,1.7132427166529274,0.2,-1.5132427166423021,False,1.5132427166423021,0.0,INIT
2025-12-04T20:52:35.517751,1488.733686682,0.2000000000106253,1.7132427166529274,0.2,-1.5132427166423021,False,1.5132427166423021,0.0,INIT
2025-12-04T20:52:35.521817,1488.737759458,0.2000000000106253,1.7114075287821464,0.2,-1.5114075287715212,False,1.5114075287715212,0.0,INIT
2025-12-04T20:52:35.523783,1488.739715041,0.2000000000106253,1.7114075287821464,0.2,-1.5114075287715212,False,1.5114075287715212,0.0,INIT
2025-12-04T20:52:35.526727,1488.742657724,0.2000000000106253,1.7095722399414264,0.2,-1.5095722399308011,False,1.5095722399308011,0.0,INIT
2025-12-04T20:52:35.528676,1488.744611073,0.20000000001062532,1.7077368515310756,0.2,-1.5077368515204503,False,1.5077368515204503,0.0,INIT
2025-12-04T20:52:35.531517,1488.747447678,0.20000000001062532,1.7077368515310756,0.2,-1.5077368515204503,False,1.5077368515204503,0.0,INIT
2025-12-04T20:52:35.548814,1488.764753099,0.20000000001062532,1.7077368515310756,0.2,-1.5077368515204503,False,1.5077368515204503,0.0,INIT
2025-12-04T20:52:35.575342,1488.791276225,0.20000000001062532,1.7059013649481454,0.2,-1.5059013649375201,False,1.5059013649375201,0.0,INIT
2025-12-04T20:52:35.578115,1488.794057834,0.20000000001062532,1.7059013649481454,0.2,-1.5059013649375201,False,1.5059013649375201,0.0,INIT
2025-12-04T20:52:35.613806,1488.82973916,0.20000000001062532,1.7040657815864586,0.2,-1.5040657815758334,False,1.5040657815758334,0.0,INIT
2025-12-04T20:52:35.638534,1488.854479673,0.20000000001186322,1.7022301028367242,0.2,-1.502230102824861,False,1.502230102824861,0.0,INIT
2025-12-04T20:52:35.642818,1488.858745598,0.20000000001186322,1.7022301028367242,0.2,-1.502230102824861,False,1.502230102824861,0.0,INIT
2025-12-04T20:52:35.643848,1488.859779623,0.20000000001186322,1.7003943300864783,0.2,-1.5003943300746152,False,1.5003943300746152,0.0,INIT
2025-12-04T20:52:35.644900,1488.860829344,0.20000000001186322,1.7003943300864783,0.2,-1.5003943300746152,False,1.5003943300746152,0.0,INIT
2025-12-04T20:52:35.645770,1488.861695585,0.20000000001186322,1.7003943300864783,0.2,-1.5003943300746152,False,1.5003943300746152,0.0,INIT
2025-12-04T20:52:35.646546,1488.862474065,0.20000000001186322,1.6985584647202083,0.2,-1.4985584647083452,False,1.4985584647083452,0.0,INIT
2025-12-04T20:52:35.647374,1488.863298805,0.20000000001186322,1.6985584647202083,0.2,-1.4985584647083452,False,1.4985584647083452,0.0,INIT
2025-12-04T20:52:35.674181,1488.890114722,0.20000000001186322,1.6967225081193664,0.2,-1.4967225081075033,False,1.4967225081075033,0.0,INIT
2025-12-04T20:52:35.739744,1488.955690942,0.2000000000118632,1.6967225081193664,0.2,-1.4967225081075033,False,1.4967225081075033,0.0,INIT
2025-12-04T20:52:35.744482,1488.960425203,0.2000000000118632,1.6948864616624633,0.2,-1.4948864616506001,False,1.4948864616506001,0.0,INIT
2025-12-04T20:52:35.747113,1488.963051254,0.2000000000118632,1.6948864616624633,0.2,-1.4948864616506001,False,1.4948864616506001,0.0,INIT
2025-12-04T20:52:35.748679,1488.964614406,0.2000000000118632,1.69305032672505,0.2,-1.493050326713187,False,1.493050326713187,0.0,INIT
2025-12-04T20:52:35.750965,1488.966908303,0.2000000000106253,1.69305032672505,0.2,-1.4930503267144248,False,1.4930503267144248,0.0,INIT
2025-12-04T20:52:35.752202,1488.96813395,0.2000000000106253,1.6912141046798084,0.2,-1.4912141046691831,False,1.4912141046691831,0.0,INIT
2025-12-04T20:52:35.757876,1488.973815032,0.2000000000106253,1.6912141046798084,0.2,-1.4912141046691831,False,1.4912141046691831,0.0,INIT
2025-12-04T20:52:35.759034,1488.974963783,0.2000000000106253,1.689377796896573,0.2,-1.4893777968859478,False,1.4893777968859478,0.0,INIT
2025-12-04T20:52:35.760542,1488.97647097,0.2000000000106253,1.689377796896573,0.2,-1.4893777968859478,False,1.4893777968859478,0.0,INIT
2025-12-04T20:52:35.771656,1488.987606633,0.2000000000106253,1.6875414047424293,0.2,-1.487541404731804,False,1.487541404731804,0.0,INIT
2025-12-04T20:52:35.791781,1489.007713887,0.2000000000106253,1.6875414047424293,0.2,-1.487541404731804,False,1.487541404731804,0.0,INIT
2025-12-04T20:52:35.814285,1489.030227062,0.20000000001062532,1.6857049295816866,0.2,-1.4857049295710614,False,1.4857049295710614,0.0,INIT
2025-12-04T20:52:35.818107,1489.03404221,0.2000000000124821,1.6857049295816866,0.2,-1.4857049295692044,False,1.4857049295692044,0.0,INIT
2025-12-04T20:52:35.820434,1489.03636554,0.2000000000124821,1.6838683727759731,0.2,-1.483868372763491,False,1.483868372763491,0.0,INIT
2025-12-04T20:52:35.821658,1489.037592128,0.2000000000124821,1.6838683727759731,0.2,-1.483868372763491,False,1.483868372763491,0.0,INIT
2025-12-04T20:52:35.834592,1489.050528973,0.2000000000124821,1.6820317356842498,0.2,-1.4820317356717676,False,1.4820317356717676,0.0,INIT
2025-12-04T20:52:35.843610,1489.059552824,0.2000000000124821,1.6820317356842498,0.2,-1.4820317356717676,False,1.4820317356717676,0.0,INIT
2025-12-04T20:52:35.851754,1489.067686434,0.20000000001062532,1.6820317356842498,0.2,-1.4820317356736246,False,1.4820317356736246,0.0,INIT
2025-12-04T20:52:35.864196,1489.080131579,0.20000000001062532,1.680195019662932,0.2,-1.4801950196523068,False,1.4801950196523068,0.0,INIT
2025-12-04T20:52:35.873493,1489.089426356,0.20000000001062532,1.680195019662932,0.2,-1.4801950196523068,False,1.4801950196523068,0.0,INIT
2025-12-04T20:52:35.883726,1489.099654378,0.20000000001062532,1.6783582260658232,0.2,-1.478358226055198,False,1.478358226055198,0.0,INIT
2025-12-04T20:52:35.905131,1489.121072431,0.20000000001062532,1.6783582260658232,0.2,-1.478358226055198,False,1.478358226055198,0.0,INIT
2025-12-04T20:52:35.917009,1489.132939117,0.20000000001062532,1.676521356244237,0.2,-1.4765213562336117,False,1.4765213562336117,0.0,INIT
2025-12-04T20:52:35.919522,1489.135449101,0.20000000001062532,1.676521356244237,0.2,-1.4765213562336117,False,1.4765213562336117,0.0,INIT
2025-12-04T20:52:35.928342,1489.144270505,0.20000000001062532,1.6746844115470214,0.2,-1.4746844115363962,False,1.4746844115363962,0.0,INIT
2025-12-04T20:52:35.954444,1489.170400249,0.2000000000106253,1.6746844115470214,0.2,-1.4746844115363962,False,1.4746844115363962,0.0,INIT
2025-12-04T20:52:35.956194,1489.172124448,0.2000000000106253,1.6728473933205912,0.2,-1.472847393309966,False,1.472847393309966,0.0,INIT
2025-12-04T20:52:35.961496,1489.177425428,0.2000000000106253,1.6728473933205912,0.2,-1.472847393309966,False,1.472847393309966,0.0,INIT
2025-12-04T20:52:35.972701,1489.188639547,0.2000000000106253,1.671010302909024,0.2,-1.4710103028983987,False,1.4710103028983987,0.0,INIT
2025-12-04T20:52:35.988073,1489.204022908,0.2000000000106253,1.671010302909024,0.2,-1.4710103028983987,False,1.4710103028983987,0.0,INIT
2025-12-04T20:52:35.993613,1489.209540362,0.2000000000106253,1.6691731416540332,0.2,-1.469173141643408,False,1.469173141643408,0.0,INIT
2025-12-04T20:52:36.004406,1489.220345176,0.2000000000106253,1.6691731416540332,0.2,-1.469173141643408,False,1.469173141643408,0.0,INIT
2025-12-04T20:52:36.015176,1489.231113776,0.2000000000106253,1.6691731416540332,0.2,-1.469173141643408,False,1.469173141643408,0.0,INIT
2025-12-04T20:52:36.084927,1489.300860506,0.2000000000106253,1.6673359108950585,0.2,-1.4673359108844333,False,1.4673359108844333,0.0,INIT
2025-12-04T20:52:36.111473,1489.327411451,0.20000000001062532,1.6673359108950585,0.2,-1.4673359108844333,False,1.4673359108844333,0.0,INIT
2025-12-04T20:52:36.115208,1489.331138515,0.20000000001062532,1.6654986119692872,0.2,-1.465498611958662,False,1.465498611958662,0.0,INIT
2025-12-04T20:52:36.116303,1489.332233446,0.20000000001062532,1.6654986119692872,0.2,-1.465498611958662,False,1.465498611958662,0.0,INIT
2025-12-04T20:52:36.117538,1489.333466491,0.20000000001062532,1.6636612462117473,0.2,-1.463661246201122,False,1.463661246201122,0.0,INIT
2025-12-04T20:52:36.118247,1489.334174817,0.20000000001062532,1.6636612462117473,0.2,-1.463661246201122,False,1.463661246201122,0.0,INIT
2025-12-04T20:52:36.118714,1489.334639683,0.20000000001062532,1.6618238149552793,0.2,-1.461823814944654,False,1.461823814944654,0.0,INIT
2025-12-04T20:52:36.156967,1489.372906284,0.20000000001062532,1.6618238149552793,0.2,-1.461823814944654,False,1.461823814944654,0.0,INIT
2025-12-04T20:52:36.165196,1489.381132504,0.20000000001062532,1.6599863195306286,0.2,-1.4599863195200034,False,1.4599863195200034,0.0,INIT
2025-12-04T20:52:36.167988,1489.383917762,0.20000000001062532,1.6599863195306286,0.2,-1.4599863195200034,False,1.4599863195200034,0.0,INIT
2025-12-04T20:52:36.169250,1489.385184876,0.20000000001062532,1.6581487612664594,0.2,-1.4581487612558341,False,1.4581487612558341,0.0,INIT
2025-12-04T20:52:36.170740,1489.386669481,0.20000000001062532,1.6581487612664594,0.2,-1.4581487612558341,False,1.4581487612558341,0.0,INIT
2025-12-04T20:52:36.172191,1489.388129038,0.20000000001062532,1.6563111414894731,0.2,-1.4563111414788479,False,1.4563111414788479,0.0,INIT
2025-12-04T20:52:36.176126,1489.392060158,0.20000000001062532,1.6563111414894731,0.2,-1.4563111414788479,False,1.4563111414788479,0.0,INIT
2025-12-04T20:52:36.182569,1489.398501294,0.20000000001062532,1.654473461524339,0.2,-1.4544734615137138,False,1.4544734615137138,0.0,INIT
2025-12-04T20:52:36.189686,1489.405612805,0.20000000001062532,1.654473461524339,0.2,-1.4544734615137138,False,1.4544734615137138,0.0,INIT
2025-12-04T20:52:36.200416,1489.416347782,0.20000000001062532,1.6526357226938142,0.2,-1.452635722683189,False,1.452635722683189,0.0,INIT
2025-12-04T20:52:36.236507,1489.452442464,0.2000000000106253,1.6526357226938142,0.2,-1.452635722683189,False,1.452635722683189,0.0,INIT
2025-12-04T20:52:36.238534,1489.454467905,0.2000000000106253,1.650797926318754,0.2,-1.4507979263081288,False,1.4507979263081288,0.0,INIT
2025-12-04T20:52:36.241586,1489.457532785,0.2000000000106253,1.650797926318754,0.2,-1.4507979263081288,False,1.4507979263081288,0.0,INIT
2025-12-04T20:52:36.249989,1489.465922495,0.2000000000106253,1.650797926318754,0.2,-1.4507979263081288,False,1.4507979263081288,0.0,INIT
2025-12-04T20:52:36.261547,1489.477497683,0.2000000000106253,1.648960073718202,0.2,-1.4489600737075767,False,1.4489600737075767,0.0,INIT
2025-12-04T20:52:36.274999,1489.490932188,0.2000000000106253,1.648960073718202,0.2,-1.4489600737075767,False,1.4489600737075767,0.0,INIT
2025-12-04T20:52:36.313560,1489.529494694,0.2000000000106253,1.6471221662093711,0.2,-1.447122166198746,False,1.447122166198746,0.0,INIT
2025-12-04T20:52:36.316956,1489.532889007,0.2000000000118632,1.6471221662093711,0.2,-1.447122166197508,False,1.447122166197508,0.0,INIT
2025-12-04T20:52:36.317575,1489.533501315,0.2000000000118632,1.645284205107722,0.2,-1.445284205095859,False,1.445284205095859,0.0,INIT
2025-12-04T20:52:36.327445,1489.543376733,0.2000000000118632,1.645284205107722,0.2,-1.445284205095859,False,1.445284205095859,0.0,INIT
2025-12-04T20:52:36.343300,1489.55923504,0.2000000000106253,1.6434461917269916,0.2,-1.4434461917163663,False,1.4434461917163663,0.0,INIT
2025-12-04T20:52:36.345385,1489.561318993,0.2000000000106253,1.6434461917269916,0.2,-1.4434461917163663,False,1.4434461917163663,0.0,INIT
2025-12-04T20:52:36.347133,1489.563070872,0.2000000000106253,1.6416081273792758,0.2,-1.4416081273686505,False,1.4416081273686505,0.0,INIT
2025-12-04T20:52:36.352247,1489.568174882,0.2000000000106253,1.6416081273792758,0.2,-1.4416081273686505,False,1.4416081273686505,0.0,INIT
2025-12-04T20:52:36.363412,1489.579340996,0.2000000000106253,1.6416081273792758,0.2,-1.4416081273686505,False,1.4416081273686505,0.0,INIT
2025-12-04T20:52:36.375644,1489.591576754,0.20000000001062532,1.6397700133750082,0.2,-1.439770013364383,False,1.439770013364383,0.0,INIT
2025-12-04T20:52:36.385487,1489.601422424,0.20000000001062532,1.637931851023044,0.2,-1.4379318510124188,False,1.4379318510124188,0.0,INIT
2025-12-04T20:52:36.396929,1489.612860591,0.2000000000124821,1.637931851023044,0.2,-1.4379318510105619,False,1.4379318510105619,0.0,INIT
2025-12-04T20:52:36.409800,1489.625734418,0.2000000000124821,1.6360936416306764,0.2,-1.4360936416181942,False,1.4360936416181942,0.0,INIT
2025-12-04T20:52:36.454932,1489.670861357,0.20000000001062532,1.6360936416306764,0.2,-1.4360936416200512,False,1.4360936416200512,0.0,INIT
2025-12-04T20:52:36.458242,1489.674176225,0.20000000001062532,1.6342553865037521,0.2,-1.434255386493127,False,1.434255386493127,0.0,INIT
2025-12-04T20:52:36.459331,1489.6752609,0.20000000001062532,1.6342553865037521,0.2,-1.434255386493127,False,1.434255386493127,0.0,INIT
2025-12-04T20:52:36.460781,1489.676714743,0.20000000001062532,1.6324170869466021,0.2,-1.432417086935977,False,1.432417086935977,0.0,INIT
2025-12-04T20:52:36.464202,1489.680131757,0.20000000001062532,1.6324170869466021,0.2,-1.432417086935977,False,1.432417086935977,0.0,INIT
2025-12-04T20:52:36.473707,1489.689638105,0.20000000001062532,1.6324170869466021,0.2,-1.432417086935977,False,1.432417086935977,0.0,INIT
2025-12-04T20:52:36.484055,1489.699982555,0.20000000001062532,1.6305787442621558,0.2,-1.4305787442515305,False,1.4305787442515305,0.0,INIT
2025-12-04T20:52:36.520285,1489.736224382,0.2000000000106253,1.6305787442621558,0.2,-1.4305787442515305,False,1.4305787442515305,0.0,INIT
2025-12-04T20:52:36.525180,1489.741111019,0.2000000000106253,1.628740359751971,0.2,-1.4287403597413457,False,1.4287403597413457,0.0,INIT
2025-12-04T20:52:36.526419,1489.742348079,0.2000000000106253,1.628740359751971,0.2,-1.4287403597413457,False,1.4287403597413457,0.0,INIT
2025-12-04T20:52:36.527146,1489.74307233,0.2000000000106253,1.6269019347162557,0.2,-1.4269019347056304,False,1.4269019347056304,0.0,INIT
2025-12-04T20:52:36.538336,1489.754271533,0.2000000000106253,1.6269019347162557,0.2,-1.4269019347056304,False,1.4269019347056304,0.0,INIT
2025-12-04T20:52:36.549073,1489.765016978,0.2000000000106253,1.6250634704539637,0.2,-1.4250634704433385,False,1.4250634704433385,0.0,INIT
2025-12-04T20:52:36.561122,1489.777057318,0.2000000000106253,1.6250634704539637,0.2,-1.4250634704433385,False,1.4250634704433385,0.0,INIT
2025-12-04T20:52:36.573723,1489.789674603,0.2000000000106253,1.6232249682627646,0.2,-1.4232249682521394,False,1.4232249682521394,0.0,INIT
2025-12-04T20:52:36.581242,1489.797171999,0.2000000000106253,1.6232249682627646,0.2,-1.4232249682521394,False,1.4232249682521394,0.0,INIT
2025-12-04T20:52:36.595418,1489.811348895,0.2000000000106253,1.6232249682627646,0.2,-1.4232249682521394,False,1.4232249682521394,0.0,INIT
2025-12-04T20:52:36.608003,1489.82393829,0.2000000000106253,1.6213864294391271,0.2,-1.421386429428502,False,1.421386429428502,0.0,INIT
2025-12-04T20:52:36.622683,1489.838616399,0.2000000000106253,1.6213864294391271,0.2,-1.421386429428502,False,1.421386429428502,0.0,INIT
2025-12-04T20:52:36.624980,1489.840906502,0.2000000000106253,1.6195478552783493,0.2,-1.419547855267724,False,1.419547855267724,0.0,INIT
2025-12-04T20:52:36.643620,1489.859555722,0.2000000000106253,1.6195478552783493,0.2,-1.419547855267724,False,1.419547855267724,0.0,INIT
2025-12-04T20:52:36.646620,1489.862553615,0.2000000000106253,1.6177092470746324,0.2,-1.4177092470640071,False,1.4177092470640071,0.0,INIT
2025-12-04T20:52:36.660037,1489.875974872,0.2000000000106253,1.6177092470746324,0.2,-1.4177092470640071,False,1.4177092470640071,0.0,INIT
2025-12-04T20:52:36.669293,1489.885235832,0.2000000000106253,1.6158706061210601,0.2,-1.415870606110435,False,1.415870606110435,0.0,INIT
2025-12-04T20:52:36.710011,1489.925945047,0.20000000001062532,1.6158706061210601,0.2,-1.415870606110435,False,1.415870606110435,0.0,INIT
2025-12-04T20:52:36.751131,1489.96706634,0.20000000001062532,1.6140319337096907,0.2,-1.4140319336990654,False,1.4140319336990654,0.0,INIT
2025-12-04T20:52:36.771117,1489.987053027,0.20000000001062532,1.6140319337096907,0.2,-1.4140319336990654,False,1.4140319336990654,0.0,INIT
2025-12-04T20:52:36.773330,1489.989296697,0.20000000001062532,1.6140319337096907,0.2,-1.4140319336990654,False,1.4140319336990654,0.0,INIT
2025-12-04T20:52:36.774453,1489.990383063,0.20000000001062532,1.6121932311315623,0.2,-1.412193231120937,False,1.412193231120937,0.0,INIT
2025-12-04T20:52:36.775473,1489.9913959,0.20000000001062532,1.6121932311315623,0.2,-1.412193231120937,False,1.412193231120937,0.0,INIT
2025-12-04T20:52:36.776285,1489.99220683,0.20000000001062532,1.6103544996768058,0.2,-1.4103544996661805,False,1.4103544996661805,0.0,INIT
2025-12-04T20:52:36.786962,1490.002902308,0.20000000001062532,1.6103544996768058,0.2,-1.4103544996661805,False,1.4103544996661805,0.0,INIT
2025-12-04T20:52:36.789738,1490.00567006,0.20000000001062532,1.6103544996768058,0.2,-1.4103544996661805,False,1.4103544996661805,0.0,INIT
2025-12-04T20:52:36.790295,1490.00622077,0.20000000001062532,1.60851574063458,0.2,-1.4085157406239548,False,1.4085157406239548,0.0,INIT
2025-12-04T20:52:36.791134,1490.007067209,0.20000000001062532,1.60851574063458,0.2,-1.4085157406239548,False,1.4085157406239548,0.0,INIT
2025-12-04T20:52:36.799281,1490.015210122,0.20000000001062532,1.6066769552931879,0.2,-1.4066769552825626,False,1.4066769552825626,0.0,INIT
2025-12-04T20:52:36.868616,1490.084551408,0.2000000000106253,1.6066769552931879,0.2,-1.4066769552825626,False,1.4066769552825626,0.0,INIT
2025-12-04T20:52:36.876993,1490.092944243,0.2000000000106253,1.604838144940084,0.2,-1.4048381449294587,False,1.4048381449294587,0.0,INIT
2025-12-04T20:52:36.878315,1490.094246321,0.2000000000106253,1.604838144940084,0.2,-1.4048381449294587,False,1.4048381449294587,0.0,INIT
2025-12-04T20:52:36.879047,1490.094976454,0.2000000000106253,1.604838144940084,0.2,-1.4048381449294587,False,1.4048381449294587,0.0,INIT
2025-12-04T20:52:36.907413,1490.123357506,0.2000000000118632,1.6029993108619616,0.2,-1.4029993108500984,False,1.4029993108500984,0.0,INIT
2025-12-04T20:52:36.912542,1490.128472892,0.2000000000118632,1.6029993108619616,0.2,-1.4029993108500984,False,1.4029993108500984,0.0,INIT
2025-12-04T20:52:36.913717,1490.129647932,0.2000000000118632,1.601160454344729,0.2,-1.401160454332866,False,1.401160454332866,0.0,INIT
2025-12-04T20:52:36.915577,1490.131509137,0.2000000000118632,1.601160454344729,0.2,-1.401160454332866,False,1.401160454332866,0.0,INIT
2025-12-04T20:52:36.916529,1490.132456443,0.2000000000118632,1.5993215766735922,0.2,-1.399321576661729,False,1.399321576661729,0.0,INIT
2025-12-04T20:52:36.917944,1490.133873435,0.2000000000118632,1.5993215766735922,0.2,-1.399321576661729,False,1.399321576661729,0.0,INIT
2025-12-04T20:52:36.932112,1490.148049484,0.2000000000118632,1.5974826791330727,0.2,-1.3974826791212096,False,1.3974826791212096,0.0,INIT
2025-12-04T20:52:36.937559,1490.153492106,0.2000000000106253,1.5956437630070983,0.2,-1.395643762996473,False,1.395643762996473,0.0,INIT
2025-12-04T20:52:36.948592,1490.164523378,0.2000000000106253,1.5956437630070983,0.2,-1.395643762996473,False,1.395643762996473,0.0,INIT
2025-12-04T20:52:36.959844,1490.175772887,0.2000000000106253,1.5956437630070983,0.2,-1.395643762996473,False,1.395643762996473,0.0,INIT
2025-12-04T20:52:36.970631,1490.1865632,0.20000000001062532,1.5938048295789713,0.2,-1.393804829568346,False,1.393804829568346,0.0,INIT
2025-12-04T20:52:36.981269,1490.197201047,0.20000000001062532,1.5919658801314585,0.2,-1.3919658801208332,False,1.3919658801208332,0.0,INIT
2025-12-04T20:52:36.995185,1490.211113905,0.2000000000124821,1.5919658801314585,0.2,-1.3919658801189763,False,1.3919658801189763,0.0,INIT
2025-12-04T20:52:37.010903,1490.226838587,0.2000000000124821,1.5919658801314585,0.2,-1.3919658801189763,False,1.3919658801189763,0.0,INIT
2025-12-04T20:52:37.021943,1490.237885013,0.20000000001062532,1.5901269159467972,0.2,-1.390126915936172,False,1.390126915936172,0.0,INIT
2025-12-04T20:52:37.025009,1490.240944764,0.20000000001062532,1.5882879383068156,0.2,-1.3882879382961903,False,1.3882879382961903,0.0,INIT
2025-12-04T20:52:37.035914,1490.25184608,0.20000000001062532,1.5882879383068156,0.2,-1.3882879382961903,False,1.3882879382961903,0.0,INIT
2025-12-04T20:52:37.047950,1490.263889062,0.20000000001062532,1.5864489484928574,0.2,-1.3864489484822322,False,1.3864489484822322,0.0,INIT
2025-12-04T20:52:37.078009,1490.293943544,0.20000000001062532,1.5864489484928574,0.2,-1.3864489484822322,False,1.3864489484822322,0.0,INIT
2025-12-04T20:52:37.091321,1490.307258934,0.20000000001062532,1.5846099477859,0.2,-1.3846099477752747,False,1.3846099477752747,0.0,INIT
2025-12-04T20:52:37.093673,1490.30960703,0.20000000001062532,1.5846099477859,0.2,-1.3846099477752747,False,1.3846099477752747,0.0,INIT
2025-12-04T20:52:37.094775,1490.310705933,0.20000000001062532,1.5827709374665755,0.2,-1.3827709374559503,False,1.3827709374559503,0.0,INIT
2025-12-04T20:52:37.106025,1490.321963068,0.2000000000106253,1.5827709374665755,0.2,-1.3827709374559503,False,1.3827709374559503,0.0,INIT
2025-12-04T20:52:37.113185,1490.329116176,0.2000000000106253,1.5809319188151996,0.2,-1.3809319188045743,False,1.3809319188045743,0.0,INIT
2025-12-04T20:52:37.133493,1490.349426077,0.2000000000106253,1.5809319188151996,0.2,-1.3809319188045743,False,1.3809319188045743,0.0,INIT
2025-12-04T20:52:37.138540,1490.354472518,0.2000000000106253,1.5790928931118584,0.2,-1.3790928931012332,False,1.3790928931012332,0.0,INIT
2025-12-04T20:52:37.151412,1490.367349092,0.2000000000106253,1.5790928931118584,0.2,-1.3790928931012332,False,1.3790928931012332,0.0,INIT
2025-12-04T20:52:37.158004,1490.373942906,0.2000000000106253,1.5772538616363798,0.2,-1.3772538616257546,False,1.3772538616257546,0.0,INIT
2025-12-04T20:52:37.168806,1490.384735889,0.2000000000106253,1.5772538616363798,0.2,-1.3772538616257546,False,1.3772538616257546,0.0,INIT
2025-12-04T20:52:37.188454,1490.404389549,0.2000000000106253,1.5772538616363798,0.2,-1.3772538616257546,False,1.3772538616257546,0.0,INIT
2025-12-04T20:52:37.191121,1490.407059835,0.2000000000106253,1.575414825668421,0.2,-1.3754148256577958,False,1.3754148256577958,0.0,INIT
2025-12-04T20:52:37.209117,1490.42506905,0.2000000000106253,1.575414825668421,0.2,-1.3754148256577958,False,1.3754148256577958,0.0,INIT
2025-12-04T20:52:37.213367,1490.429303983,0.2000000000106253,1.5735757864874849,0.2,-1.3735757864768596,False,1.3735757864768596,0.0,INIT
2025-12-04T20:52:37.241313,1490.457254404,0.2000000000106253,1.5735757864874849,0.2,-1.3735757864768596,False,1.3735757864768596,0.0,INIT
2025-12-04T20:52:37.244788,1490.460719867,0.2000000000106253,1.5735757864874849,0.2,-1.3735757864768596,False,1.3735757864768596,0.0,INIT
2025-12-04T20:52:37.248642,1490.464571255,0.2000000000106253,1.5717367453730056,0.2,-1.3717367453623803,False,1.3717367453623803,0.0,INIT
2025-12-04T20:52:37.258071,1490.474029604,0.2000000000106253,1.5717367453730056,0.2,-1.3717367453623803,False,1.3717367453623803,0.0,INIT
2025-12-04T20:52:37.265624,1490.481554884,0.2000000000106253,1.5698977036043242,0.2,-1.369897703593699,False,1.369897703593699,0.0,INIT
2025-12-04T20:52:37.276495,1490.492427796,0.20000000001062532,1.5698977036043242,0.2,-1.369897703593699,False,1.369897703593699,0.0,INIT
2025-12-04T20:52:37.287547,1490.503494281,0.20000000001062532,1.5680586624607686,0.2,-1.3680586624501434,False,1.3680586624501434,0.0,INIT
2025-12-04T20:52:37.298066,1490.513995525,0.20000000001062532,1.5680586624607686,0.2,-1.3680586624501434,False,1.3680586624501434,0.0,INIT
2025-12-04T20:52:37.327144,1490.543074985,0.20000000001062532,1.5680586624607686,0.2,-1.3680586624501434,False,1.3680586624501434,0.0,INIT
2025-12-04T20:52:37.329123,1490.545054872,0.20000000001062532,1.5662196232216736,0.2,-1.3662196232110484,False,1.3662196232110484,0.0,INIT
2025-12-04T20:52:37.333278,1490.54921063,0.20000000001062532,1.5662196232216736,0.2,-1.3662196232110484,False,1.3662196232110484,0.0,INIT
2025-12-04T20:52:37.341012,1490.556946877,0.20000000001062532,1.564380587166486,0.2,-1.3643805871558607,False,1.3643805871558607,0.0,INIT
2025-12-04T20:52:37.355699,1490.571631914,0.20000000001062532,1.564380587166486,0.2,-1.3643805871558607,False,1.3643805871558607,0.0,INIT
2025-12-04T20:52:37.362115,1490.578041234,0.20000000001062532,1.5625415555746986,0.2,-1.3625415555640734,False,1.3625415555640734,0.0,INIT
2025-12-04T20:52:37.374305,1490.590236931,0.20000000001062532,1.5625415555746986,0.2,-1.3625415555640734,False,1.3625415555640734,0.0,INIT
2025-12-04T20:52:37.383763,1490.599693519,0.20000000001062532,1.5607025297259645,0.2,-1.3607025297153392,False,1.3607025297153392,0.0,INIT
2025-12-04T20:52:37.399795,1490.615734569,0.20000000001186322,1.5607025297259645,0.2,-1.3607025297141013,False,1.3607025297141013,0.0,INIT
2025-12-04T20:52:37.411107,1490.627040979,0.20000000001186322,1.5588635109001059,0.2,-1.3588635108882428,False,1.3588635108882428,0.0,INIT
2025-12-04T20:52:37.416338,1490.632268242,0.20000000001186322,1.5588635109001059,0.2,-1.3588635108882428,False,1.3588635108882428,0.0,INIT
2025-12-04T20:52:37.430712,1490.646641039,0.2000000000106253,1.5588635109001059,0.2,-1.3588635108894807,False,1.3588635108894807,0.0,INIT
2025-12-04T20:52:37.439978,1490.655914488,0.2000000000106253,1.5570245003772047,0.2,-1.3570245003665795,False,1.3570245003665795,0.0,INIT
2025-12-04T20:52:37.450722,1490.66665886,0.2000000000106253,1.5570245003772047,0.2,-1.3570245003665795,False,1.3570245003665795,0.0,INIT
2025-12-04T20:52:37.459550,1490.675482673,0.2000000000106253,1.5551854994375693,0.2,-1.355185499426944,False,1.355185499426944,0.0,INIT
2025-12-04T20:52:37.472062,1490.68799591,0.2000000000106253,1.5551854994375693,0.2,-1.355185499426944,False,1.355185499426944,0.0,INIT
2025-12-04T20:52:37.482261,1490.698195551,0.2000000000106253,1.553346509361825,0.2,-1.3533465093511998,False,1.3533465093511998,0.0,INIT
2025-12-04T20:52:37.492760,1490.708691338,0.2000000000118632,1.553346509361825,0.2,-1.353346509349962,False,1.353346509349962,0.0,INIT
2025-12-04T20:52:37.513116,1490.729047786,0.2000000000118632,1.5515075314309303,0.2,-1.3515075314190672,False,1.3515075314190672,0.0,INIT
2025-12-04T20:52:37.515721,1490.731654592,0.2000000000106253,1.5515075314309303,0.2,-1.351507531420305,False,1.351507531420305,0.0,INIT
2025-12-04T20:52:37.526024,1490.741957633,0.2000000000106253,1.5496685669262593,0.2,-1.349668566915634,False,1.349668566915634,0.0,INIT
2025-12-04T20:52:37.535156,1490.751085785,0.2000000000106253,1.5496685669262593,0.2,-1.349668566915634,False,1.349668566915634,0.0,INIT
2025-12-04T20:52:37.553363,1490.7693105,0.2000000000106253,1.5496685669262593,0.2,-1.349668566915634,False,1.349668566915634,0.0,INIT
2025-12-04T20:52:37.570253,1490.786213805,0.2000000000106253,1.5478296171295804,0.2,-1.3478296171189552,False,1.3478296171189552,0.0,INIT
2025-12-04T20:52:37.574133,1490.79006691,0.20000000001062532,1.5478296171295804,0.2,-1.3478296171189552,False,1.3478296171189552,0.0,INIT
2025-12-04T20:52:37.582470,1490.798407029,0.20000000001062532,1.5459906833231418,0.2,-1.3459906833125166,False,1.3459906833125166,0.0,INIT
2025-12-04T20:52:37.592630,1490.80856537,0.2000000000124821,1.5459906833231418,0.2,-1.3459906833106596,False,1.3459906833106596,0.0,INIT
2025-12-04T20:52:37.603218,1490.819162642,0.2000000000124821,1.5441517667896782,0.2,-1.344151766777196,False,1.344151766777196,0.0,INIT
2025-12-04T20:52:37.618043,1490.83397726,0.20000000001062532,1.5441517667896782,0.2,-1.344151766779053,False,1.344151766779053,0.0,INIT
2025-12-04T20:52:37.623352,1490.839282876,0.20000000001062532,1.5423128688125276,0.2,-1.3423128688019024,False,1.3423128688019024,0.0,INIT
2025-12-04T20:52:37.633688,1490.849619996,0.20000000001062532,1.5423128688125276,0.2,-1.3423128688019024,False,1.3423128688019024,0.0,INIT
2025-12-04T20:52:37.645915,1490.861861069,0.20000000001062532,1.5404739906755616,0.2,-1.3404739906649363,False,1.3404739906649363,0.0,INIT
2025-12-04T20:52:37.656245,1490.872174197,0.20000000001062532,1.5404739906755616,0.2,-1.3404739906649363,False,1.3404739906649363,0.0,INIT
2025-12-04T20:52:37.682215,1490.898152281,0.20000000001062532,1.5404739906755616,0.2,-1.3404739906649363,False,1.3404739906649363,0.0,INIT
2025-12-04T20:52:37.687902,1490.903834406,0.20000000001062532,1.5386351336633002,0.2,-1.338635133652675,False,1.338635133652675,0.0,INIT
2025-12-04T20:52:37.689483,1490.90541227,0.20000000001062532,1.5386351336633002,0.2,-1.338635133652675,False,1.338635133652675,0.0,INIT
2025-12-04T20:52:37.702830,1490.91876483,0.20000000001062532,1.5367962990609323,0.2,-1.336796299050307,False,1.336796299050307,0.0,INIT
2025-12-04T20:52:37.713769,1490.929703579,0.2000000000106253,1.5367962990609323,0.2,-1.336796299050307,False,1.336796299050307,0.0,INIT
2025-12-04T20:52:37.728029,1490.943969758,0.2000000000106253,1.534957488154351,0.2,-1.3349574881437258,False,1.3349574881437258,0.0,INIT
2025-12-04T20:52:37.735671,1490.951600969,0.2000000000106253,1.534957488154351,0.2,-1.3349574881437258,False,1.3349574881437258,0.0,INIT
2025-12-04T20:52:37.746767,1490.962694894,0.2000000000106253,1.5331187022302304,0.2,-1.3331187022196052,False,1.3331187022196052,0.0,INIT
2025-12-04T20:52:37.774667,1490.990610828,0.2000000000106253,1.5331187022302304,0.2,-1.3331187022196052,False,1.3331187022196052,0.0,INIT
2025-12-04T20:52:37.777501,1490.993432352,0.2000000000106253,1.531279942576007,0.2,-1.3312799425653818,False,1.3312799425653818,0.0,INIT
2025-12-04T20:52:37.785955,1491.001888965,0.2000000000106253,1.531279942576007,0.2,-1.3312799425653818,False,1.3312799425653818,0.0,INIT
2025-12-04T20:52:37.828635,1491.044567263,0.2000000000106253,1.531279942576007,0.2,-1.3312799425653818,False,1.3312799425653818,0.0,INIT
2025-12-04T20:52:37.832962,1491.048893512,0.2000000000106253,1.5294412104799635,0.2,-1.3294412104693383,False,1.3294412104693383,0.0,INIT
2025-12-04T20:52:37.834110,1491.050040737,0.2000000000106253,1.5294412104799635,0.2,-1.3294412104693383,False,1.3294412104693383,0.0,INIT
2025-12-04T20:52:37.835733,1491.051664583,0.2000000000106253,1.527602507231248,0.2,-1.3276025072206228,False,1.3276025072206228,0.0,INIT
2025-12-04T20:52:37.836564,1491.052495218,0.2000000000106253,1.527602507231248,0.2,-1.3276025072206228,False,1.3276025072206228,0.0,INIT
2025-12-04T20:52:37.846123,1491.062059065,0.2000000000106253,1.5257638341199549,0.2,-1.3257638341093296,False,1.3257638341093296,0.0,INIT
2025-12-04T20:52:37.855943,1491.071880375,0.2000000000106253,1.5257638341199549,0.2,-1.3257638341093296,False,1.3257638341093296,0.0,INIT
2025-12-04T20:52:37.865987,1491.081914884,0.2000000000106253,1.5239251924371064,0.2,-1.3239251924264812,False,1.3239251924264812,0.0,INIT
2025-12-04T20:52:37.878965,1491.094895533,0.20000000001062532,1.5239251924371064,0.2,-1.3239251924264812,False,1.3239251924264812,0.0,INIT
2025-12-04T20:52:37.889310,1491.105254983,0.20000000001062532,1.522086583474735,0.2,-1.3220865834641098,False,1.3220865834641098,0.0,INIT
2025-12-04T20:52:37.899540,1491.115469235,0.20000000001062532,1.522086583474735,0.2,-1.3220865834641098,False,1.3220865834641098,0.0,INIT
2025-12-04T20:52:37.911007,1491.126938278,0.20000000001124424,1.522086583474735,0.2,-1.3220865834634907,False,1.3220865834634907,0.0,INIT
2025-12-04T20:52:37.922202,1491.138142758,0.20000000001124424,1.520248008525897,0.2,-1.3202480085146526,False,1.3202480085146526,0.0,INIT
2025-12-04T20:52:37.975818,1491.191756483,0.20000000001062532,1.520248008525897,0.2,-1.3202480085152717,False,1.3202480085152717,0.0,INIT
2025-12-04T20:52:37.981438,1491.197374614,0.20000000001062532,1.5184094688847836,0.2,-1.3184094688741583,False,1.3184094688741583,0.0,INIT
2025-12-04T20:52:37.983993,1491.19992665,0.20000000001062532,1.5165709658466557,0.2,-1.3165709658360305,False,1.3165709658360305,0.0,INIT
2025-12-04T20:52:37.986924,1491.202880459,0.20000000001186322,1.5165709658466557,0.2,-1.3165709658347926,False,1.3165709658347926,0.0,INIT
2025-12-04T20:52:37.988196,1491.204124196,0.20000000001186322,1.5165709658466557,0.2,-1.3165709658347926,False,1.3165709658347926,0.0,INIT
2025-12-04T20:52:37.990041,1491.205982667,0.20000000001186322,1.5147325007079564,0.2,-1.3147325006960933,False,1.3147325006960933,0.0,INIT
2025-12-04T20:52:38.010339,1491.226275439,0.20000000001186322,1.5128940747663293,0.2,-1.3128940747544662,False,1.3128940747544662,0.0,INIT
2025-12-04T20:52:38.012327,1491.228263047,0.20000000001186322,1.5128940747663293,0.2,-1.3128940747544662,False,1.3128940747544662,0.0,INIT
2025-12-04T20:52:38.026036,1491.241967275,0.2000000000106253,1.5128940747663293,0.2,-1.312894074755704,False,1.312894074755704,0.0,INIT
2025-12-04T20:52:38.032414,1491.24834303,0.2000000000106253,1.511055689320699,0.2,-1.3110556893100738,False,1.3110556893100738,0.0,INIT
2025-12-04T20:52:38.049339,1491.265273869,0.2000000000106253,1.511055689320699,0.2,-1.3110556893100738,False,1.3110556893100738,0.0,INIT
2025-12-04T20:52:38.055388,1491.271316444,0.2000000000106253,1.5092173456712423,0.2,-1.309217345660617,False,1.309217345660617,0.0,INIT
2025-12-04T20:52:38.072115,1491.288048453,0.2000000000106253,1.5092173456712423,0.2,-1.309217345660617,False,1.309217345660617,0.0,INIT
2025-12-04T20:52:38.087265,1491.303198804,0.2000000000106253,1.507379045119487,0.2,-1.3073790451088618,False,1.3073790451088618,0.0,INIT
2025-12-04T20:52:38.092482,1491.308413757,0.2000000000106253,1.507379045119487,0.2,-1.3073790451088618,False,1.3073790451088618,0.0,INIT
2025-12-04T20:52:38.100021,1491.31595183,0.2000000000118632,1.507379045119487,0.2,-1.307379045107624,False,1.307379045107624,0.0,INIT
2025-12-04T20:52:38.134385,1491.350316017,0.2000000000118632,1.505540788968319,0.2,-1.3055407889564559,False,1.3055407889564559,0.0,INIT
2025-12-04T20:52:38.137991,1491.353922886,0.2000000000106253,1.505540788968319,0.2,-1.3055407889576938,False,1.3055407889576938,0.0,INIT
2025-12-04T20:52:38.138884,1491.35481543,0.2000000000106253,1.505540788968319,0.2,-1.3055407889576938,False,1.3055407889576938,0.0,INIT
2025-12-04T20:52:38.144983,1491.360932794,0.2000000000106253,1.503702578522078,0.2,-1.3037025785114527,False,1.3037025785114527,0.0,INIT
2025-12-04T20:52:38.162667,1491.378598597,0.2000000000106253,1.503702578522078,0.2,-1.3037025785114527,False,1.3037025785114527,0.0,INIT
2025-12-04T20:52:38.171284,1491.387215883,0.2000000000106253,1.503702578522078,0.2,-1.3037025785114527,False,1.3037025785114527,0.0,INIT
2025-12-04T20:52:38.186738,1491.4026794,0.2000000000106253,1.503702578522078,0.2,-1.3037025785114527,False,1.3037025785114527,0.0,INIT
2025-12-04T20:52:38.192771,1491.408704359,0.2000000000106253,1.5018644150865281,0.2,-1.301864415075903,False,1.301864415075903,0.0,INIT
2025-12-04T20:52:38.202422,1491.418355434,0.20000000001062532,1.5018644150865281,0.2,-1.301864415075903,False,1.301864415075903,0.0,INIT
2025-12-04T20:52:38.213290,1491.429220069,0.20000000001062532,1.5000262999689458,0.2,-1.3000262999583205,False,1.3000262999583205,0.0,INIT
2025-12-04T20:52:38.224921,1491.440854963,0.2000000000118632,1.5000262999689458,0.2,-1.3000262999570826,False,1.3000262999570826,0.0,INIT
2025-12-04T20:52:38.234785,1491.450715298,0.2000000000118632,1.4981882344781425,0.2,-1.2981882344662794,False,1.2981882344662794,0.0,INIT
2025-12-04T20:52:38.247313,1491.463245035,0.20000000001062532,1.4981882344781425,0.2,-1.2981882344675173,False,1.2981882344675173,0.0,INIT
2025-12-04T20:52:38.257409,1491.473342959,0.20000000001062532,1.4963502199245395,0.2,-1.2963502199139143,False,1.2963502199139143,0.0,INIT
2025-12-04T20:52:38.268726,1491.484657433,0.20000000001062532,1.4963502199245395,0.2,-1.2963502199139143,False,1.2963502199139143,0.0,INIT
2025-12-04T20:52:38.278347,1491.494283898,0.20000000001062532,1.494512257620177,0.2,-1.2945122576095518,False,1.2945122576095518,0.0,INIT
2025-12-04T20:52:38.289152,1491.505101137,0.20000000001062532,1.494512257620177,0.2,-1.2945122576095518,False,1.2945122576095518,0.0,INIT
2025-12-04T20:52:38.366987,1491.582920256,0.20000000001062532,1.494512257620177,0.2,-1.2945122576095518,False,1.2945122576095518,0.0,INIT
2025-12-04T20:52:38.375528,1491.591461545,0.2000000000106253,1.4926743488787562,0.2,-1.292674348868131,False,1.292674348868131,0.0,INIT
2025-12-04T20:52:38.383971,1491.599902085,0.2000000000106253,1.4908364950157003,0.2,-1.290836495005075,False,1.290836495005075,0.0,INIT
2025-12-04T20:52:38.381636,1491.597571662,0.2000000000106253,1.4908364950157003,0.2,-1.290836495005075,False,1.290836495005075,0.0,INIT
2025-12-04T20:52:38.378684,1491.594616139,0.2000000000106253,1.4926743488787562,0.2,-1.292674348868131,False,1.292674348868131,0.0,INIT
2025-12-04T20:52:38.390952,1491.606890391,0.2000000000106253,1.488998697348177,0.2,-1.2889986973375518,False,1.2889986973375518,0.0,INIT
2025-12-04T20:52:38.392845,1491.608790463,0.2000000000106253,1.488998697348177,0.2,-1.2889986973375518,False,1.2889986973375518,0.0,INIT
2025-12-04T20:52:38.396980,1491.612911235,0.2000000000106253,1.4871609571951918,0.2,-1.2871609571845666,False,1.2871609571845666,0.0,INIT
2025-12-04T20:52:38.394068,1491.610013238,0.2000000000106253,1.4871609571951918,0.2,-1.2871609571845666,False,1.2871609571845666,0.0,INIT
2025-12-04T20:52:38.398070,1491.614008982,0.2000000000106253,1.4853232758775592,0.2,-1.285323275866934,False,1.285323275866934,0.0,INIT
2025-12-04T20:52:38.408340,1491.62427453,0.2000000000106253,1.4853232758775592,0.2,-1.285323275866934,False,1.285323275866934,0.0,INIT
2025-12-04T20:52:38.419183,1491.635117217,0.2000000000106253,1.4853232758775592,0.2,-1.285323275866934,False,1.285323275866934,0.0,INIT
2025-12-04T20:52:38.429750,1491.645680064,0.2000000000106253,1.48348565471799,0.2,-1.2834856547073648,False,1.2834856547073648,0.0,INIT
2025-12-04T20:52:38.440651,1491.656590155,0.2000000000106253,1.48348565471799,0.2,-1.2834856547073648,False,1.2834856547073648,0.0,INIT
2025-12-04T20:52:38.451549,1491.667663042,0.2000000000106253,1.481648095041117,0.2,-1.2816480950304918,False,1.2816480950304918,0.0,INIT
2025-12-04T20:52:38.481399,1491.697339079,0.2000000000106253,1.481648095041117,0.2,-1.2816480950304918,False,1.2816480950304918,0.0,INIT
2025-12-04T20:52:38.506129,1491.722065933,0.20000000001062532,1.479810598173584,0.2,-1.2798105981629588,False,1.2798105981629588,0.0,INIT
2025-12-04T20:52:38.510585,1491.726516228,0.20000000001062532,1.479810598173584,0.2,-1.2798105981629588,False,1.2798105981629588,0.0,INIT
2025-12-04T20:52:38.511953,1491.727879091,0.20000000001062532,1.4779731654440145,0.2,-1.2779731654333892,False,1.2779731654333892,0.0,INIT
2025-12-04T20:52:38.512994,1491.728921942,0.20000000001062532,1.4779731654440145,0.2,-1.2779731654333892,False,1.2779731654333892,0.0,INIT
2025-12-04T20:52:38.554635,1491.770570026,0.20000000001062532,1.4761357981831038,0.2,-1.2761357981724786,False,1.2761357981724786,0.0,INIT
2025-12-04T20:52:38.558208,1491.774145602,0.20000000001062532,1.4761357981831038,0.2,-1.2761357981724786,False,1.2761357981724786,0.0,INIT
2025-12-04T20:52:38.558744,1491.774669699,0.20000000001062532,1.4761357981831038,0.2,-1.2761357981724786,False,1.2761357981724786,0.0,INIT
2025-12-04T20:52:38.559305,1491.775230376,0.20000000001062532,1.4742984977236429,0.2,-1.2742984977130176,False,1.2742984977130176,0.0,INIT
2025-12-04T20:52:38.559958,1491.775882007,0.20000000001062532,1.472461265400618,0.2,-1.2724612653899927,False,1.2724612653899927,0.0,INIT
2025-12-04T20:52:38.570597,1491.78653168,0.20000000001062532,1.472461265400618,0.2,-1.2724612653899927,False,1.2724612653899927,0.0,INIT
2025-12-04T20:52:38.581485,1491.797414609,0.20000000001062532,1.472461265400618,0.2,-1.2724612653899927,False,1.2724612653899927,0.0,INIT
2025-12-04T20:52:38.601976,1491.817905912,0.20000000001062532,1.470624102551163,0.2,-1.2706241025405378,False,1.2706241025405378,0.0,INIT
2025-12-04T20:52:38.606595,1491.822530047,0.20000000001062532,1.470624102551163,0.2,-1.2706241025405378,False,1.2706241025405378,0.0,INIT
2025-12-04T20:52:38.613974,1491.829904609,0.20000000001062532,1.4687870105146663,0.2,-1.268787010504041,False,1.268787010504041,0.0,INIT
2025-12-04T20:52:38.624548,1491.840481019,0.20000000001186322,1.4687870105146663,0.2,-1.2687870105028032,False,1.2687870105028032,0.0,INIT
2025-12-04T20:52:38.635694,1491.851622123,0.2000000000106253,1.466949990632787,0.2,-1.2669499906221617,False,1.2669499906221617,0.0,INIT
2025-12-04T20:52:38.646197,1491.86212802,0.2000000000106253,1.4651130442495495,0.2,-1.2651130442389242,False,1.2651130442389242,0.0,INIT
2025-12-04T20:52:38.725726,1491.941667339,0.2000000000106253,1.4651130442495495,0.2,-1.2651130442389242,False,1.2651130442389242,0.0,INIT
2025-12-04T20:52:38.730912,1491.946847883,0.2000000000106253,1.4651130442495495,0.2,-1.2651130442389242,False,1.2651130442389242,0.0,INIT
2025-12-04T20:52:38.732257,1491.948197978,0.2000000000106253,1.463276172711316,0.2,-1.2632761727006907,False,1.2632761727006907,0.0,INIT
2025-12-04T20:52:38.733093,1491.949019532,0.2000000000106253,1.4614393773668786,0.2,-1.2614393773562533,False,1.2614393773562533,0.0,INIT
2025-12-04T20:52:38.733904,1491.949831717,0.2000000000106253,1.4614393773668786,0.2,-1.2614393773562533,False,1.2614393773562533,0.0,INIT
2025-12-04T20:52:38.735052,1491.950980068,0.2000000000106253,1.45960265956748,0.2,-1.2596026595568548,False,1.2596026595568548,0.0,INIT
2025-12-04T20:52:38.736077,1491.952021031,0.2000000000106253,1.45960265956748,0.2,-1.2596026595568548,False,1.2596026595568548,0.0,INIT
2025-12-04T20:52:38.737673,1491.953601292,0.2000000000106253,1.4577660206669094,0.2,-1.2577660206562842,False,1.2577660206562842,0.0,INIT
2025-12-04T20:52:38.758529,1491.974465517,0.2000000000106253,1.4577660206669094,0.2,-1.2577660206562842,False,1.2577660206562842,0.0,INIT
2025-12-04T20:52:38.761098,1491.97703202,0.2000000000106253,1.4577660206669094,0.2,-1.2577660206562842,False,1.2577660206562842,0.0,INIT
2025-12-04T20:52:38.768621,1491.984555078,0.2000000000106253,1.4559294620214764,0.2,-1.2559294620108512,False,1.2559294620108512,0.0,INIT
2025-12-04T20:52:38.793637,1492.009566751,0.20000000001062532,1.4559294620214764,0.2,-1.2559294620108512,False,1.2559294620108512,0.0,INIT
2025-12-04T20:52:38.797570,1492.013507129,0.2000000000118632,1.4540929849901012,0.2,-1.254092984978238,False,1.254092984978238,0.0,INIT
2025-12-04T20:52:38.805907,1492.021863232,0.2000000000118632,1.4540929849901012,0.2,-1.254092984978238,False,1.254092984978238,0.0,INIT
2025-12-04T20:52:38.812870,1492.028803081,0.2000000000118632,1.4522565909343363,0.2,-1.2522565909224732,False,1.2522565909224732,0.0,INIT
2025-12-04T20:52:38.827237,1492.043186785,0.20000000001062532,1.4522565909343363,0.2,-1.252256590923711,False,1.252256590923711,0.0,INIT
2025-12-04T20:52:38.833900,1492.049828103,0.20000000001062532,1.4504202812184603,0.2,-1.250420281207835,False,1.250420281207835,0.0,INIT
2025-12-04T20:52:38.844353,1492.060287893,0.20000000001062532,1.4504202812184603,0.2,-1.250420281207835,False,1.250420281207835,0.0,INIT
2025-12-04T20:52:38.860962,1492.076892424,0.20000000001062532,1.448584057209473,0.2,-1.2485840571988478,False,1.2485840571988478,0.0,INIT
2025-12-04T20:52:38.867546,1492.083475731,0.20000000001062532,1.448584057209473,0.2,-1.2485840571988478,False,1.2485840571988478,0.0,INIT
2025-12-04T20:52:38.877608,1492.093537526,0.20000000001062532,1.4467479202771525,0.2,-1.2467479202665273,False,1.2467479202665273,0.0,INIT
2025-12-04T20:52:38.908969,1492.12490042,0.2000000000106253,1.4467479202771525,0.2,-1.2467479202665273,False,1.2467479202665273,0.0,INIT
2025-12-04T20:52:38.919986,1492.13592865,0.2000000000106253,1.4449118717941136,0.2,-1.2449118717834884,False,1.2449118717834884,0.0,INIT
2025-12-04T20:52:38.922453,1492.138384699,0.2000000000106253,1.4449118717941136,0.2,-1.2449118717834884,False,1.2449118717834884,0.0,INIT
2025-12-04T20:52:38.924756,1492.140688431,0.2000000000106253,1.443075913135841,0.2,-1.2430759131252158,False,1.2430759131252158,0.0,INIT
2025-12-04T20:52:38.934512,1492.150446323,0.2000000000106253,1.443075913135841,0.2,-1.2430759131252158,False,1.2430759131252158,0.0,INIT
